synthetic_person_id,source_entity,source_customer_id,tier,activity_factor,pay_sensitivity,seasonal_sensitivity,night_preference,geo_stability,lifecycle_state,scenario_id,severity,difficulty,burst_window_count
P00001,ananse,AN-C000001,Very Low,0.982716,1.015318,1.045209,0.01759,0.80269,ACTIVE,,,,2
P00002,ananse,AN-C000002,Low,1.202825,0.975859,1.01272,0.131515,0.926384,INACTIVE,,,,2
P00003,ananse,AN-C000003,Very High,1.05781,0.880556,0.843432,0.440473,0.85982,ACTIVE,,,,1
P00004,ananse,AN-C000004,Moderate,1.093618,0.860141,1.111302,0.120076,0.902,ACTIVE,,,,1
P00005,ananse,AN-C000005,Low,1.299358,0.778833,1.117376,0.597623,0.810677,ACTIVE,,,,1
P00006,ananse,AN-C000006,High,1.586075,1.009643,0.971981,0.999413,0.902356,ACTIVE,,,,0
P00007,ananse,AN-C000007,Moderate,1.625134,0.967609,1.008792,0.718008,0.900154,RAMP_UP,,,,0
P00008,ananse,AN-C000008,Moderate,1.263128,1.211306,0.881071,0.621256,0.916576,ACTIVE,S03,Low,Contextual,0
P00009,ananse,AN-C000009,Low,0.927462,1.188869,1.004159,0.429325,0.9202,REDUCED_ACTIVITY,S08,Medium,Detectable,1
P00010,ananse,AN-C000010,Moderate,0.841077,1.152532,0.831402,0.372131,0.972154,ACTIVE,,,,0
P00011,ananse,AN-C000011,Low,1.041483,0.921553,0.96418,0.632343,0.864403,ACTIVE,,,,1
P00012,ananse,AN-C000012,Moderate,1.21806,1.233553,0.840474,0.047578,0.956908,ACTIVE,,,,0
P00013,ananse,AN-C000013,Low,1.230231,1.176363,1.188156,0.152325,0.824793,ACTIVE,,,,1
P00014,ananse,AN-C000014,Low,0.72114,1.069098,0.994131,0.053021,0.809446,INACTIVE,,,,0
P00015,ananse,AN-C000015,Low,1.326112,0.95848,0.895962,0.502459,0.835601,ACTIVE,,,,0
P00016,ananse,AN-C000016,Moderate,0.695471,1.234767,1.066101,0.786229,0.795346,ACTIVE,,,,0
P00017,ananse,AN-C000017,Moderate,1.278831,1.107116,1.178164,0.472954,0.937056,ACTIVE,,,,0
P00018,ananse,AN-C000018,Moderate,1.107846,1.063919,0.894864,0.678566,0.916519,ACTIVE,,,,0
P00019,ananse,AN-C000019,High,1.13778,0.956276,1.071881,0.803501,0.933421,ACTIVE,,,,1
P00020,ananse,AN-C000020,Low,1.261175,1.040066,1.070329,0.971645,0.813255,ACTIVE,,,,1
P00021,ananse,AN-C000021,Low,1.051358,1.194223,0.889194,0.203925,0.916657,ACTIVE,,,,1
P00022,ananse,AN-C000022,Moderate,1.01788,1.183414,0.862737,0.210032,0.831215,REDUCED_ACTIVITY,,,,0
P00023,ananse,AN-C000023,Low,1.178278,0.765212,1.197575,0.680221,0.894537,REDUCED_ACTIVITY,,,,0
P00024,ananse,AN-C000024,Moderate,0.760603,0.882209,0.996363,0.715386,0.988313,ACTIVE,,,,2
P00025,ananse,AN-C000025,Low,1.118348,1.101177,0.889224,0.484053,0.981977,ACTIVE,,,,0
P00026,ananse,AN-C000026,Very High,0.987926,1.172491,0.896819,0.15459,0.866888,ACTIVE,,,,1
P00027,ananse,AN-C000027,Very High,0.994643,0.816359,1.15906,0.798448,0.898035,ACTIVE,,,,0
P00028,ananse,AN-C000028,Very High,1.590087,1.09994,1.115358,0.90057,0.796515,ACTIVE,,,,1
P00029,ananse,AN-C000029,Low,1.05376,0.838175,1.175545,0.755566,0.872065,ACTIVE,S02,Low,Contextual,0
P00030,ananse,AN-C000030,Moderate,0.786251,0.793834,1.000573,0.957211,0.805553,ACTIVE,,,,0
P00031,ananse,AN-C000031,Moderate,1.726698,1.014914,0.833697,0.584541,0.824262,ACTIVE,,,,1
P00032,ananse,AN-C000032,Moderate,1.046557,1.015281,1.142924,0.950212,0.755463,INACTIVE,,,,0
P00033,ananse,AN-C000033,Very Low,0.633121,0.954316,0.908699,0.837418,0.785347,ACTIVE,,,,2
P00034,ananse,AN-C000034,Moderate,0.925378,0.813738,0.995081,0.044697,0.8482,ACTIVE,,,,1
P00035,ananse,AN-C000035,Very High,0.605266,1.148084,1.074876,0.956767,0.821069,ACTIVE,,,,2
P00036,ananse,AN-C000036,Low,0.932875,0.949088,1.186068,0.509767,0.934685,ACTIVE,,,,1
P00037,ananse,AN-C000037,High,1.263819,0.764668,1.103384,0.43704,0.86958,ACTIVE,,,,0
P00038,ananse,AN-C000038,Low,0.852091,1.060418,1.074784,0.964184,0.824311,REDUCED_ACTIVITY,,,,0
P00039,ananse,AN-C000039,Moderate,1.007635,1.176739,1.01747,0.340607,0.764073,RAMP_UP,,,,0
P00040,ananse,AN-C000040,Low,1.197533,0.800182,0.911979,0.769396,0.952763,ACTIVE,,,,0
P00041,ananse,AN-C000041,Moderate,0.583318,0.907447,1.085766,0.194955,0.779968,ACTIVE,,,,0
P00042,ananse,AN-C000042,High,0.922478,0.798932,1.097812,0.6153,0.982434,ACTIVE,,,,0
P00043,ananse,AN-C000043,Moderate,0.735184,1.118148,1.162631,0.260527,0.919623,REDUCED_ACTIVITY,,,,1
P00044,ananse,AN-C000044,Very High,1.105326,1.033857,1.175437,0.796131,0.981249,ACTIVE,,,,1
P00045,ananse,AN-C000045,Low,0.892841,0.797489,1.129148,0.863151,0.761533,ACTIVE,,,,0
P00046,ananse,AN-C000046,High,1.034864,0.826325,1.015025,0.868425,0.995831,ACTIVE,,,,1
P00047,ananse,AN-C000047,Moderate,1.209764,0.788437,0.990388,0.838984,0.873546,ACTIVE,,,,0
P00048,ananse,AN-C000048,Moderate,1.041196,0.788889,1.187328,0.322708,0.956142,ACTIVE,,,,1
P00049,ananse,AN-C000049,Low,0.787741,1.097851,0.813945,0.364554,0.780647,ACTIVE,,,,0
P00050,ananse,AN-C000050,Moderate,1.074114,0.980243,0.988491,0.781529,0.984799,ACTIVE,,,,0
P00051,ananse,AN-C000051,Very Low,0.826098,0.816273,0.932192,0.568276,0.923792,ACTIVE,,,,1
P00052,ananse,AN-C000052,Very Low,1.164991,0.993857,0.948804,0.159277,0.763274,ACTIVE,S05,Low,Contextual,1
P00053,ananse,AN-C000053,Low,1.057982,0.84664,0.927597,0.392336,0.90313,ACTIVE,,,,1
P00054,ananse,AN-C000054,High,0.653741,0.988801,0.997563,0.421119,0.787725,ACTIVE,,,,0
P00055,ananse,AN-C000055,Moderate,0.988028,0.849159,0.850245,0.382128,0.938691,REDUCED_ACTIVITY,,,,0
P00056,ananse,AN-C000056,Low,1.264557,1.087608,1.039975,0.088424,0.800196,RAMP_UP,,,,2
P00057,ananse,AN-C000057,Moderate,0.965276,0.858074,1.199713,0.415749,0.888111,ACTIVE,,,,1
P00058,ananse,AN-C000058,High,1.940151,1.140567,0.857241,0.183821,0.950076,RAMP_UP,,,,0
P00059,ananse,AN-C000059,Moderate,1.188967,0.89125,0.838531,0.547826,0.816571,ACTIVE,,,,2
P00060,ananse,AN-C000060,Very Low,0.607437,1.178681,1.067596,0.328729,0.877261,ACTIVE,,,,1
P00061,ananse,AN-C000061,Moderate,1.098125,0.88279,1.189204,0.800881,0.913559,ACTIVE,,,,2
P00062,ananse,AN-C000062,Moderate,1.071456,1.109967,0.994785,0.069406,0.8976,ACTIVE,,,,1
P00063,ananse,AN-C000063,Low,1.233478,1.149892,0.805175,0.796944,0.989813,REDUCED_ACTIVITY,,,,1
P00064,ananse,AN-C000064,Low,1.185285,0.917797,0.936106,0.086329,0.859306,ACTIVE,,,,1
P00065,ananse,AN-C000065,Moderate,1.17938,0.907228,0.909501,0.679089,0.913578,ACTIVE,,,,1
P00066,ananse,AN-C000066,Very Low,0.669503,0.930494,0.858956,0.024424,0.97834,INACTIVE,,,,0
P00067,ananse,AN-C000067,Moderate,0.734602,0.962879,0.955316,0.94698,0.932234,ACTIVE,,,,1
P00068,ananse,AN-C000068,Moderate,0.79979,1.239698,1.049784,0.962537,0.898846,REDUCED_ACTIVITY,,,,1
P00069,ananse,AN-C000069,Low,0.648617,1.162464,0.897546,0.442485,0.781424,REDUCED_ACTIVITY,,,,3
P00070,ananse,AN-C000070,Moderate,1.268864,1.093955,1.191079,0.580504,0.87554,REDUCED_ACTIVITY,,,,0
P00071,ananse,AN-C000071,Low,1.043483,0.97327,0.860319,0.128474,0.815441,ACTIVE,,,,1
P00072,ananse,AN-C000072,High,1.931749,1.079181,0.88962,0.923128,0.849157,ACTIVE,,,,0
P00073,ananse,AN-C000073,High,0.800959,1.073947,1.165223,0.533808,0.824333,ACTIVE,,,,0
P00074,ananse,AN-C000074,Moderate,1.261711,1.178875,1.167662,0.41136,0.806421,ACTIVE,,,,0
P00075,ananse,AN-C000075,Low,0.917761,1.223385,0.990541,0.732071,0.935419,INACTIVE,,,,2
P00076,ananse,AN-C000076,Moderate,0.830376,0.769281,1.036939,0.635122,0.81016,ACTIVE,,,,1
P00077,ananse,AN-C000077,High,0.683719,0.984636,0.953264,0.034586,0.883565,ACTIVE,,,,0
P00078,ananse,AN-C000078,Moderate,0.900038,0.873054,0.806875,0.176566,0.962194,ACTIVE,,,,1
P00079,ananse,AN-C000079,Low,1.022437,1.128089,1.100463,0.512336,0.761322,ACTIVE,,,,0
P00080,ananse,AN-C000080,Low,1.107271,1.140769,0.846856,0.169712,0.98484,REDUCED_ACTIVITY,,,,0
P00081,ananse,AN-C000081,Low,1.055554,0.929155,1.116594,0.93075,0.918473,RAMP_UP,,,,0
P00082,ananse,AN-C000082,Moderate,0.739097,1.096957,0.947211,0.751425,0.953922,ACTIVE,,,,0
P00083,ananse,AN-C000083,Moderate,1.004254,0.912197,1.00213,0.842537,0.988282,ACTIVE,,,,0
P00084,ananse,AN-C000084,High,1.334184,0.878032,1.131999,0.423254,0.797918,ACTIVE,,,,0
P00085,ananse,AN-C000085,Moderate,0.653343,1.129998,1.18628,0.431137,0.761571,ACTIVE,,,,0
P00086,ananse,AN-C000086,Low,1.114272,1.097535,1.089654,0.628473,0.98378,ACTIVE,,,,1
P00087,ananse,AN-C000087,Very Low,1.283646,0.878924,0.935587,0.771593,0.854937,REDUCED_ACTIVITY,,,,0
P00088,ananse,AN-C000088,Moderate,1.285683,1.212292,1.089673,0.414036,0.959872,ACTIVE,,,,1
P00089,ananse,AN-C000089,Low,0.924205,1.211735,0.824641,0.782456,0.926011,ACTIVE,,,,2
P00090,ananse,AN-C000090,Low,1.783379,0.893189,0.855298,0.458232,0.899311,ACTIVE,S11,Medium,Contextual,1
P00091,ananse,AN-C000091,High,1.947297,1.049838,1.135327,0.504122,0.75544,ACTIVE,,,,0
P00092,ananse,AN-C000092,Low,0.887873,1.10465,1.099017,0.201602,0.873435,ACTIVE,,,,0
P00093,ananse,AN-C000093,Very Low,0.648478,1.183435,0.844132,0.580008,0.783621,ACTIVE,,,,0
P00094,ananse,AN-C000094,Moderate,1.055941,0.890662,1.159765,0.730958,0.840811,ACTIVE,,,,1
P00095,ananse,AN-C000095,Moderate,0.659742,1.249261,0.910072,0.459997,0.973029,ACTIVE,,,,1
P00096,ananse,AN-C000096,Low,1.048403,1.193056,0.97746,0.62357,0.93674,ACTIVE,,,,1
P00097,ananse,AN-C000097,Very High,0.915145,1.035278,1.163546,0.050716,0.751637,ACTIVE,,,,0
P00098,ananse,AN-C000098,High,0.846863,1.066568,0.835193,0.521853,0.933217,INACTIVE,,,,0
P00099,ananse,AN-C000099,Low,1.708662,0.886262,1.188396,0.99833,0.996979,ACTIVE,,,,2
P00100,ananse,AN-C000100,Low,1.272782,1.07327,0.834295,0.41446,0.80548,RAMP_UP,,,,0
P00101,ananse,AN-C000101,Low,1.064006,1.233994,1.084779,0.80574,0.934121,ACTIVE,,,,0
P00102,ananse,AN-C000102,Very Low,1.032667,0.799669,1.147293,0.026077,0.932911,ACTIVE,,,,1
P00103,ananse,AN-C000103,High,1.127673,0.846265,1.178728,0.72247,0.914767,REDUCED_ACTIVITY,,,,1
P00104,ananse,AN-C000104,Very High,1.444923,0.792776,1.12826,0.792882,0.798343,ACTIVE,,,,0
P00105,ananse,AN-C000105,Moderate,0.878966,0.96417,0.871212,0.54339,0.923504,RAMP_UP,,,,0
P00106,ananse,AN-C000106,Moderate,0.947982,0.992886,1.006347,0.317433,0.941096,RAMP_UP,,,,0
P00107,ananse,AN-C000107,Moderate,1.527125,1.025501,0.876769,0.425163,0.949844,RAMP_UP,,,,0
P00108,ananse,AN-C000108,Moderate,1.01045,0.904288,1.021418,0.331602,0.848271,ACTIVE,,,,0
P00109,ananse,AN-C000109,Very Low,1.042986,1.041459,0.812338,0.192109,0.954643,INACTIVE,,,,1
P00110,ananse,AN-C000110,Moderate,1.188544,1.142535,0.868837,0.377545,0.845113,ACTIVE,S04,Medium,Contextual,0
P00111,ananse,AN-C000111,Low,1.375939,0.931663,0.835191,0.747568,0.880813,ACTIVE,,,,0
P00112,ananse,AN-C000112,Moderate,1.019691,1.107034,1.196405,0.199211,0.992266,REDUCED_ACTIVITY,,,,0
P00113,ananse,AN-C000113,High,0.832276,1.080872,0.815192,0.471475,0.896513,ACTIVE,,,,0
P00114,ananse,AN-C000114,High,1.069682,0.80116,0.800417,0.075176,0.786376,REDUCED_ACTIVITY,,,,1
P00115,ananse,AN-C000115,Moderate,0.948289,1.086678,0.94103,0.201604,0.91977,INACTIVE,S08,Low,Contextual,1
P00116,ananse,AN-C000116,Low,1.23351,1.054743,0.821769,0.058431,0.826842,INACTIVE,,,,0
P00117,ananse,AN-C000117,Moderate,1.951265,1.036894,1.022149,0.781374,0.951705,ACTIVE,,,,0
P00118,ananse,AN-C000118,Moderate,1.148742,1.005228,1.140998,0.344213,0.803105,ACTIVE,,,,0
P00119,ananse,AN-C000119,Moderate,1.602098,1.077073,0.869441,0.282411,0.964819,ACTIVE,,,,0
P00120,ananse,AN-C000120,Low,1.254299,1.215284,1.17899,0.259511,0.867308,REDUCED_ACTIVITY,,,,0
P00121,ananse,AN-C000121,Moderate,1.044838,1.236415,0.958357,0.606643,0.897057,ACTIVE,,,,0
P00122,ananse,AN-C000122,Very Low,0.932638,0.941034,0.978386,0.721342,0.997922,ACTIVE,,,,0
P00123,ananse,AN-C000123,Very Low,0.918648,1.182774,0.898675,0.110024,0.876186,ACTIVE,,,,0
P00124,ananse,AN-C000124,Very Low,1.138523,0.946645,1.139829,0.479224,0.938757,INACTIVE,,,,0
P00125,ananse,AN-C000125,Moderate,1.392974,0.956821,1.039028,0.737976,0.96243,ACTIVE,,,,0
P00126,ananse,AN-C000126,Very High,0.720306,1.147146,0.891997,0.732511,0.842277,ACTIVE,,,,0
P00127,ananse,AN-C000127,Moderate,1.071087,0.813044,0.995295,0.985174,0.92292,ACTIVE,,,,1
P00128,ananse,AN-C000128,Moderate,0.946406,0.931382,0.892321,0.145841,0.985247,ACTIVE,,,,0
P00129,ananse,AN-C000129,High,0.805158,1.065656,1.102612,0.694319,0.953834,REDUCED_ACTIVITY,,,,0
P00130,ananse,AN-C000130,High,1.808361,0.956286,1.169611,0.639685,0.983082,ACTIVE,,,,0
P00131,ananse,AN-C000131,Moderate,1.073835,0.887113,1.047532,0.753487,0.933874,RAMP_UP,,,,1
P00132,ananse,AN-C000132,High,1.331524,1.01972,0.885531,0.982274,0.934231,ACTIVE,,,,0
P00133,ananse,AN-C000133,Moderate,0.937666,0.787968,0.807514,0.623924,0.754543,ACTIVE,,,,0
P00134,ananse,AN-C000134,Moderate,1.019896,0.93695,0.882798,0.260625,0.877049,ACTIVE,S11,Low,Cross-institution,1
P00135,ananse,AN-C000135,Very Low,0.896074,1.054683,0.874909,0.917668,0.792075,ACTIVE,,,,0
P00136,ananse,AN-C000136,Moderate,1.753822,0.833914,0.908134,0.790443,0.970018,INACTIVE,,,,1
P00137,ananse,AN-C000137,Low,1.216794,1.142514,1.164668,0.437646,0.964799,ACTIVE,,,,0
P00138,ananse,AN-C000138,Moderate,0.798666,1.120909,0.989386,0.68677,0.938977,ACTIVE,,,,1
P00139,ananse,AN-C000139,Moderate,1.508629,0.837002,0.854672,0.423437,0.955151,INACTIVE,,,,0
P00140,ananse,AN-C000140,Low,1.321192,1.174604,0.99051,0.816522,0.884212,ACTIVE,,,,1
P00141,ananse,AN-C000141,Low,1.372047,1.204258,1.017409,0.915194,0.850201,INACTIVE,,,,0
P00142,ananse,AN-C000142,Moderate,1.13758,1.029416,0.956113,0.359486,0.904223,ACTIVE,,,,0
P00143,ananse,AN-C000143,Very Low,1.046161,1.142078,1.184848,0.37185,0.991517,ACTIVE,,,,0
P00144,ananse,AN-C000144,Low,1.043215,1.09293,0.916701,0.577006,0.911939,RAMP_UP,,,,0
P00145,ananse,AN-C000145,Low,0.999691,1.091245,1.090498,0.140037,0.868523,ACTIVE,,,,2
P00146,ananse,AN-C000146,High,0.985494,1.141304,1.087094,0.27674,0.957845,ACTIVE,S02,Low,Multi-event,0
P00147,ananse,AN-C000147,High,0.896932,1.235113,1.149493,0.950109,0.793418,ACTIVE,,,,4
P00148,ananse,AN-C000148,Low,1.226777,0.994458,1.13826,0.073596,0.845374,ACTIVE,,,,1
P00149,ananse,AN-C000149,Moderate,0.496028,1.048896,0.887474,0.02082,0.958121,INACTIVE,,,,1
P00150,ananse,AN-C000150,High,0.699524,0.988647,1.042639,0.563738,0.759774,RAMP_UP,,,,0
P00151,ananse,AN-C000151,Moderate,1.063843,1.135436,1.185643,0.964365,0.828175,REDUCED_ACTIVITY,,,,0
P00152,ananse,AN-C000152,Low,0.921415,1.011053,1.187143,0.725599,0.940427,ACTIVE,,,,1
P00153,ananse,AN-C000153,Very High,0.833806,0.787492,1.120165,0.123148,0.986641,ACTIVE,,,,0
P00154,ananse,AN-C000154,Moderate,0.979504,0.815437,0.938139,0.745487,0.828228,ACTIVE,,,,2
P00155,ananse,AN-C000155,Moderate,0.826018,1.033592,1.101328,0.891378,0.837686,INACTIVE,,,,2
P00156,ananse,AN-C000156,Low,0.95043,0.870082,0.821655,0.189739,0.92958,ACTIVE,,,,0
P00157,ananse,AN-C000157,Moderate,1.632594,1.212361,1.17548,0.132176,0.865328,REDUCED_ACTIVITY,,,,1
P00158,ananse,AN-C000158,Moderate,0.985576,0.950292,1.081053,0.602488,0.771249,REDUCED_ACTIVITY,,,,1
P00159,ananse,AN-C000159,Very Low,0.63173,0.787559,0.916895,0.660145,0.756122,INACTIVE,,,,0
P00160,ananse,AN-C000160,Low,0.764639,1.177878,0.939043,0.089034,0.994849,ACTIVE,,,,2
P00161,ananse,AN-C000161,Low,1.463298,0.907992,1.123365,0.999185,0.957294,ACTIVE,S11,High,Ambiguous,1
P00162,ananse,AN-C000162,Very Low,0.88514,0.887747,1.06068,0.076967,0.884875,ACTIVE,,,,1
P00163,ananse,AN-C000163,Low,1.707388,0.94112,1.089948,0.678311,0.789765,ACTIVE,,,,2
P00164,ananse,AN-C000164,Low,0.769121,0.798523,1.152075,0.295541,0.769798,ACTIVE,S05,High,Contextual,0
P00165,ananse,AN-C000165,Moderate,0.938654,1.079196,1.116758,0.134722,0.852727,INACTIVE,S10,Low,Contextual,2
P00166,ananse,AN-C000166,Moderate,1.12294,1.203272,1.005302,0.942442,0.760696,ACTIVE,,,,0
P00167,ananse,AN-C000167,Low,0.884669,1.015725,1.069721,0.773579,0.929466,REDUCED_ACTIVITY,,,,1
P00168,ananse,AN-C000168,Moderate,0.882555,0.962772,0.877626,0.525732,0.783195,INACTIVE,,,,0
P00169,ananse,AN-C000169,Very High,1.017969,1.043559,1.0701,0.011064,0.931641,RAMP_UP,,,,2
P00170,ananse,AN-C000170,Moderate,1.061827,1.105257,0.866514,0.032607,0.894568,ACTIVE,,,,0
P00171,ananse,AN-C000171,Moderate,1.584421,0.956802,1.008281,0.355548,0.842912,ACTIVE,,,,0
P00172,ananse,AN-C000172,Moderate,0.980891,1.076641,0.938279,0.816813,0.892916,ACTIVE,,,,0
P00173,ananse,AN-C000173,Moderate,1.275989,0.768818,0.833128,0.860981,0.990712,REDUCED_ACTIVITY,,,,0
P00174,ananse,AN-C000174,Moderate,0.929266,0.832357,0.889616,0.927648,0.869681,ACTIVE,,,,1
P00175,ananse,AN-C000175,Low,0.830411,1.201295,1.146806,0.173025,0.939494,ACTIVE,,,,0
P00176,ananse,AN-C000176,High,1.097815,1.233032,1.117694,0.168335,0.857658,ACTIVE,,,,0
P00177,ananse,AN-C000177,High,1.263328,0.914267,1.021942,0.209746,0.925792,ACTIVE,,,,1
P00178,ananse,AN-C000178,Low,1.161277,0.875625,0.975012,0.00105,0.795305,ACTIVE,,,,0
P00179,ananse,AN-C000179,Moderate,1.248154,1.103251,1.145783,0.725562,0.946627,INACTIVE,,,,0
P00180,ananse,AN-C000180,Moderate,0.834262,1.005586,1.046288,0.179339,0.993578,ACTIVE,,,,0
P00181,ananse,AN-C000181,Moderate,1.122853,1.024696,1.096694,0.717213,0.793067,ACTIVE,,,,1
P00182,ananse,AN-C000182,Moderate,1.396223,1.024269,1.037287,0.132921,0.863547,ACTIVE,,,,0
P00183,ananse,AN-C000183,Low,0.785892,0.97465,0.98746,0.572391,0.799626,ACTIVE,,,,0
P00184,ananse,AN-C000184,Low,1.968295,1.090088,0.923289,0.012047,0.856037,ACTIVE,,,,0
P00185,ananse,AN-C000185,Moderate,0.731074,1.120581,0.864585,0.867254,0.917367,ACTIVE,,,,1
P00186,ananse,AN-C000186,Moderate,0.941791,1.090303,1.095477,0.914767,0.844944,ACTIVE,,,,0
P00187,ananse,AN-C000187,High,0.706237,0.88295,0.861809,0.372523,0.819322,ACTIVE,,,,0
P00188,ananse,AN-C000188,Very Low,1.311344,1.145384,0.961882,0.528991,0.950257,REDUCED_ACTIVITY,,,,0
P00189,ananse,AN-C000189,Low,0.789739,1.073157,0.912015,0.380319,0.790397,ACTIVE,,,,1
P00190,ananse,AN-C000190,Moderate,1.510622,0.903965,1.061305,0.620735,0.921579,REDUCED_ACTIVITY,,,,2
P00191,ananse,AN-C000191,Low,1.296662,1.089344,1.09381,0.544176,0.984211,ACTIVE,,,,0
P00192,ananse,AN-C000192,High,0.672573,1.167056,0.904653,0.364132,0.831053,INACTIVE,,,,1
P00193,ananse,AN-C000193,Low,1.145496,0.785633,1.188933,0.292675,0.883042,ACTIVE,,,,0
P00194,ananse,AN-C000194,Moderate,1.091978,1.245961,0.943229,0.372076,0.854421,ACTIVE,,,,0
P00195,ananse,AN-C000195,Moderate,0.873796,1.052457,0.887142,0.836336,0.85048,ACTIVE,,,,2
P00196,ananse,AN-C000196,Moderate,0.808012,0.958452,1.150332,0.659256,0.754206,ACTIVE,,,,0
P00197,ananse,AN-C000197,Very Low,0.787521,1.012479,0.996522,0.858592,0.767538,ACTIVE,,,,0
P00198,ananse,AN-C000198,High,1.195843,0.834301,0.894675,0.904367,0.870766,ACTIVE,,,,3
P00199,ananse,AN-C000199,Very High,1.19886,0.794639,0.923385,0.81926,0.916757,ACTIVE,,,,1
P00200,ananse,AN-C000200,Very Low,0.793993,1.182317,1.075882,0.123175,0.830544,INACTIVE,,,,1
P00201,ananse,AN-C000201,Low,1.196835,0.760013,1.052907,0.882339,0.798523,ACTIVE,,,,1
P00202,ananse,AN-C000202,Moderate,0.855396,1.22696,0.988527,0.684044,0.971345,ACTIVE,,,,1
P00203,ananse,AN-C000203,Low,0.870662,0.8136,0.959456,0.342277,0.989778,REDUCED_ACTIVITY,S10,Medium,Detectable,0
P00204,ananse,AN-C000204,High,1.09315,0.927579,1.061493,0.800079,0.958819,ACTIVE,S01,Medium,Multi-event,0
P00205,ananse,AN-C000205,Low,1.381574,0.917962,1.127098,0.049671,0.851004,ACTIVE,,,,0
P00206,ananse,AN-C000206,Low,0.538969,1.071116,1.107362,0.078374,0.882538,ACTIVE,,,,0
P00207,ananse,AN-C000207,Low,0.86652,1.022443,0.869853,0.877475,0.960211,ACTIVE,,,,0
P00208,ananse,AN-C000208,Very High,1.075628,1.117776,1.171287,0.544876,0.798317,RAMP_UP,,,,1
P00209,ananse,AN-C000209,Low,0.562271,0.81577,0.959896,0.451026,0.93761,ACTIVE,,,,1
P00210,ananse,AN-C000210,Moderate,1.351433,0.973445,1.000181,0.027625,0.869093,ACTIVE,,,,0
P00211,ananse,AN-C000211,Moderate,1.017471,0.969734,1.006015,0.552448,0.808459,ACTIVE,,,,1
P00212,ananse,AN-C000212,Very Low,1.461913,0.750594,0.868534,0.138582,0.920987,ACTIVE,,,,1
P00213,ananse,AN-C000213,Moderate,1.05963,0.803241,0.929591,0.754125,0.814123,ACTIVE,,,,0
P00214,ananse,AN-C000214,Moderate,1.027445,1.191066,0.980532,0.233147,0.75522,ACTIVE,,,,1
P00215,ananse,AN-C000215,Low,1.015193,1.013257,1.041807,0.622803,0.971332,ACTIVE,,,,0
P00216,ananse,AN-C000216,High,0.97908,0.904961,0.895013,0.862412,0.879767,ACTIVE,S10,Medium,Contextual,1
P00217,ananse,AN-C000217,Moderate,1.261984,1.240623,0.868711,0.437608,0.799646,ACTIVE,,,,0
P00218,ananse,AN-C000218,Very Low,0.658573,1.109904,0.921093,0.15862,0.96086,ACTIVE,,,,0
P00219,ananse,AN-C000219,Moderate,1.019987,1.093561,0.901626,0.21553,0.848314,ACTIVE,,,,0
P00220,ananse,AN-C000220,Low,1.339514,1.098602,1.119632,0.888207,0.844692,ACTIVE,,,,0
P00221,ananse,AN-C000221,Low,0.953569,0.780791,1.047168,0.592058,0.824648,ACTIVE,,,,1
P00222,ananse,AN-C000222,Low,1.039018,0.97676,1.106947,0.288881,0.858217,ACTIVE,,,,0
P00223,ananse,AN-C000223,Very High,0.905093,0.867418,0.856639,0.349562,0.817439,INACTIVE,,,,0
P00224,ananse,AN-C000224,Moderate,1.055681,0.976238,1.073392,0.897121,0.832156,ACTIVE,,,,1
P00225,ananse,AN-C000225,Very High,1.303938,1.126587,1.136592,0.723689,0.863723,REDUCED_ACTIVITY,,,,0
P00226,ananse,AN-C000226,Low,1.133924,0.802636,1.066451,0.121034,0.813703,ACTIVE,,,,0
P00227,ananse,AN-C000227,Moderate,0.882512,1.200284,0.853507,0.812527,0.782039,ACTIVE,,,,2
P00228,ananse,AN-C000228,Low,0.942054,1.003929,1.103461,0.996043,0.934106,ACTIVE,,,,1
P00229,ananse,AN-C000229,Low,1.035838,0.985961,1.001873,0.583065,0.965626,ACTIVE,,,,0
P00230,ananse,AN-C000230,Low,1.399771,1.203861,1.103941,0.316466,0.891764,RAMP_UP,,,,0
P00231,ananse,AN-C000231,Very Low,0.894533,1.018577,0.983261,0.822228,0.952318,ACTIVE,,,,0
P00232,ananse,AN-C000232,Moderate,0.739157,1.133064,1.185263,0.045443,0.853671,ACTIVE,,,,0
P00233,ananse,AN-C000233,Low,0.716233,0.851684,0.891397,0.918407,0.867732,REDUCED_ACTIVITY,,,,1
P00234,ananse,AN-C000234,Moderate,1.354407,0.865164,0.833809,0.221656,0.953819,REDUCED_ACTIVITY,,,,1
P00235,ananse,AN-C000235,Low,1.387638,1.188519,1.083233,0.607597,0.954622,ACTIVE,,,,0
P00236,ananse,AN-C000236,Moderate,1.063111,0.784411,0.884908,0.016796,0.950789,REDUCED_ACTIVITY,,,,0
P00237,ananse,AN-C000237,High,1.46957,0.979959,0.901817,0.739151,0.93447,ACTIVE,,,,1
P00238,ananse,AN-C000238,Moderate,2.311031,0.780127,1.132923,0.350514,0.815524,RAMP_UP,,,,0
P00239,ananse,AN-C000239,Low,1.545802,0.78864,0.820736,0.817445,0.906372,ACTIVE,,,,0
P00240,ananse,AN-C000240,Moderate,1.537879,1.004282,1.069881,0.182149,0.76942,ACTIVE,,,,1
P00241,ananse,AN-C000241,Moderate,0.97536,0.959507,1.136853,0.194922,0.949518,ACTIVE,,,,2
P00242,ananse,AN-C000242,High,1.041128,1.120551,1.092871,0.06873,0.901686,ACTIVE,,,,1
P00243,ananse,AN-C000243,Moderate,1.055563,1.236309,1.05053,0.433625,0.875878,ACTIVE,,,,0
P00244,ananse,AN-C000244,Low,0.742221,1.230397,0.855688,0.659612,0.855054,ACTIVE,,,,1
P00245,ananse,AN-C000245,Moderate,1.107085,0.849641,1.141377,0.95321,0.840702,ACTIVE,,,,1
P00246,ananse,AN-C000246,Very Low,0.919217,0.934288,1.148257,0.472014,0.763459,ACTIVE,,,,0
P00247,ananse,AN-C000247,Moderate,0.752494,1.068308,1.044349,0.00026,0.92507,ACTIVE,,,,1
P00248,ananse,AN-C000248,High,0.94404,1.028715,1.022571,0.017883,0.933314,ACTIVE,,,,1
P00249,ananse,AN-C000249,Low,0.714554,0.812637,1.069059,0.804547,0.794087,ACTIVE,,,,0
P00250,ananse,AN-C000250,Low,1.414622,1.123172,0.814141,0.109101,0.936792,RAMP_UP,,,,1
P00251,ananse,AN-C000251,Moderate,0.621367,0.850592,1.064171,0.263505,0.930536,REDUCED_ACTIVITY,,,,0
P00252,ananse,AN-C000252,High,0.850544,1.06138,1.161626,0.844275,0.975708,ACTIVE,,,,0
P00253,ananse,AN-C000253,Very Low,1.095567,0.829826,0.862258,0.333412,0.781173,ACTIVE,,,,0
P00254,ananse,AN-C000254,Moderate,1.479635,1.00068,1.164412,0.742978,0.882369,RAMP_UP,,,,0
P00255,ananse,AN-C000255,Very Low,0.991567,0.860292,1.153391,0.204199,0.925313,REDUCED_ACTIVITY,,,,0
P00256,ananse,AN-C000256,Moderate,1.138685,1.220594,0.946348,0.961532,0.93258,ACTIVE,,,,0
P00257,ananse,AN-C000257,Low,0.944245,0.840083,0.812984,0.417814,0.789108,ACTIVE,,,,0
P00258,ananse,AN-C000258,Moderate,0.795839,1.10715,1.003254,0.380728,0.910023,ACTIVE,,,,0
P00259,ananse,AN-C000259,High,1.073974,0.864531,1.066792,0.753726,0.811027,ACTIVE,,,,1
P00260,ananse,AN-C000260,Moderate,1.173357,0.878111,1.092408,0.915361,0.902704,ACTIVE,,,,0
P00261,ananse,AN-C000261,Moderate,0.772297,1.213434,1.136849,0.397799,0.998211,REDUCED_ACTIVITY,,,,1
P00262,ananse,AN-C000262,Moderate,1.128867,0.781812,1.187109,0.554203,0.92552,ACTIVE,,,,1
P00263,ananse,AN-C000263,Low,1.124797,0.793491,0.803637,0.106775,0.917624,ACTIVE,,,,2
P00264,ananse,AN-C000264,Moderate,0.842582,0.940003,1.121857,0.114455,0.936948,ACTIVE,,,,1
P00265,ananse,AN-C000265,Moderate,0.915809,0.926278,0.877469,0.268548,0.878495,REDUCED_ACTIVITY,,,,0
P00266,ananse,AN-C000266,Low,0.985215,0.875254,1.12196,0.126964,0.945149,ACTIVE,,,,1
P00267,ananse,AN-C000267,Low,1.003957,0.909875,0.873584,0.379615,0.792316,REDUCED_ACTIVITY,,,,0
P00268,ananse,AN-C000268,Moderate,0.531571,1.028244,0.943277,0.320396,0.774875,ACTIVE,,,,0
P00269,ananse,AN-C000269,Low,0.995714,1.074012,0.977675,0.590873,0.788153,ACTIVE,,,,1
P00270,ananse,AN-C000270,High,0.799057,1.198714,1.113598,0.78381,0.992925,ACTIVE,,,,0
P00271,ananse,AN-C000271,Low,0.693833,1.083629,0.986884,0.178552,0.793901,ACTIVE,,,,0
P00272,ananse,AN-C000272,Very Low,0.806658,1.248223,1.038747,0.208525,0.995257,ACTIVE,,,,0
P00273,ananse,AN-C000273,Moderate,1.023829,0.831678,1.041776,0.310906,0.943826,ACTIVE,,,,1
P00274,ananse,AN-C000274,Moderate,1.198548,1.015148,0.978166,0.351126,0.791073,ACTIVE,,,,0
P00275,ananse,AN-C000275,Low,0.721117,1.137646,1.053897,0.465311,0.882635,RAMP_UP,,,,1
P00276,ananse,AN-C000276,Moderate,1.217071,0.774933,0.864949,0.736581,0.883275,ACTIVE,,,,0
P00277,ananse,AN-C000277,High,1.122577,1.226981,0.870735,0.928474,0.981919,ACTIVE,,,,1
P00278,ananse,AN-C000278,Low,1.267278,0.75549,1.088386,0.056233,0.796164,ACTIVE,,,,1
P00279,ananse,AN-C000279,Moderate,0.700526,0.94517,0.943156,0.128257,0.996756,ACTIVE,,,,1
P00280,ananse,AN-C000280,Low,1.773772,1.151831,0.98239,0.796955,0.752766,ACTIVE,,,,0
P00281,ananse,AN-C000281,High,0.755493,1.029728,0.875841,0.683912,0.90307,ACTIVE,,,,0
P00282,ananse,AN-C000282,Low,1.090154,0.894477,0.898092,0.903229,0.838425,REDUCED_ACTIVITY,,,,0
P00283,ananse,AN-C000283,Moderate,0.797995,1.028743,0.999102,0.084772,0.939326,REDUCED_ACTIVITY,,,,0
P00284,ananse,AN-C000284,Moderate,0.797954,1.017849,1.193317,0.396549,0.846713,ACTIVE,,,,0
P00285,ananse,AN-C000285,Moderate,0.926815,0.9236,0.909868,0.781954,0.822248,REDUCED_ACTIVITY,S10,Medium,Multi-event,1
P00286,ananse,AN-C000286,Moderate,1.296244,1.049236,0.957927,0.520046,0.99666,ACTIVE,,,,1
P00287,ananse,AN-C000287,Low,1.047295,1.082617,0.825723,0.811373,0.768498,ACTIVE,,,,0
P00288,ananse,AN-C000288,Low,0.674338,0.776549,1.12307,0.076508,0.865652,ACTIVE,,,,0
P00289,ananse,AN-C000289,Low,0.83606,0.831947,1.174307,0.82946,0.882375,REDUCED_ACTIVITY,,,,2
P00290,ananse,AN-C000290,Moderate,1.285977,0.906961,1.179386,0.755245,0.752033,ACTIVE,,,,2
P00291,ananse,AN-C000291,Moderate,0.759015,0.91104,0.917015,0.316417,0.860385,ACTIVE,,,,0
P00292,ananse,AN-C000292,Low,0.719225,0.968041,0.844997,0.150132,0.842392,INACTIVE,,,,1
P00293,ananse,AN-C000293,Low,1.010213,1.131075,1.168678,0.93434,0.957792,ACTIVE,,,,1
P00294,ananse,AN-C000294,Moderate,0.842581,1.011678,0.811651,0.403144,0.939713,ACTIVE,,,,0
P00295,ananse,AN-C000295,Very Low,0.92955,0.96114,0.922981,0.740434,0.870924,ACTIVE,,,,0
P00296,ananse,AN-C000296,Low,0.98316,1.22204,0.863161,0.99071,0.767066,ACTIVE,,,,1
P00297,ananse,AN-C000297,Low,1.166496,0.867067,0.881839,0.106104,0.985251,ACTIVE,,,,0
P00298,ananse,AN-C000298,Moderate,0.968852,1.078753,1.041353,0.922163,0.799124,REDUCED_ACTIVITY,,,,0
P00299,ananse,AN-C000299,Moderate,0.921122,1.069666,0.858613,0.795782,0.882835,ACTIVE,,,,1
P00300,ananse,AN-C000300,High,1.010166,1.207629,0.992188,0.437526,0.870534,REDUCED_ACTIVITY,,,,2
P00301,ananse,AN-C000301,Very High,0.939534,0.751621,0.983202,0.144166,0.921194,ACTIVE,,,,0
P00302,ananse,AN-C000302,Moderate,1.139445,0.820447,0.898551,0.179204,0.762727,ACTIVE,,,,0
P00303,ananse,AN-C000303,Very Low,1.209236,1.026167,1.180551,0.056393,0.895229,ACTIVE,,,,1
P00304,ananse,AN-C000304,Low,1.315429,1.1484,1.193326,0.052295,0.946176,ACTIVE,,,,1
P00305,ananse,AN-C000305,Very Low,1.601743,0.92493,0.929943,0.676827,0.867229,RAMP_UP,,,,2
P00306,ananse,AN-C000306,Very High,0.785612,1.197363,0.802821,0.960097,0.977406,ACTIVE,,,,0
P00307,ananse,AN-C000307,High,0.655107,1.001813,1.019487,0.274418,0.898329,REDUCED_ACTIVITY,,,,0
P00308,ananse,AN-C000308,Low,0.649745,0.983535,0.963313,0.887025,0.959621,ACTIVE,,,,0
P00309,ananse,AN-C000309,Moderate,0.771082,0.896708,0.910659,0.702182,0.834954,ACTIVE,,,,0
P00310,ananse,AN-C000310,Moderate,0.792476,1.149065,0.858705,0.525304,0.94706,ACTIVE,,,,0
P00311,ananse,AN-C000311,Very Low,1.50218,1.051965,0.824743,0.327903,0.759769,ACTIVE,,,,1
P00312,ananse,AN-C000312,Moderate,0.940836,1.177413,0.985447,0.671532,0.805364,REDUCED_ACTIVITY,,,,2
P00313,ananse,AN-C000313,High,0.992189,0.879912,0.895674,0.452686,0.878396,ACTIVE,,,,1
P00314,ananse,AN-C000314,Very Low,0.88179,0.811117,1.192228,0.766172,0.867921,ACTIVE,,,,0
P00315,ananse,AN-C000315,Low,0.785142,1.167666,0.831343,0.942017,0.872266,ACTIVE,,,,0
P00316,ananse,AN-C000316,Moderate,0.881285,1.019229,0.94684,0.439801,0.963533,ACTIVE,,,,1
P00317,ananse,AN-C000317,Low,0.957624,0.81449,1.072449,0.385892,0.870888,REDUCED_ACTIVITY,,,,1
P00318,ananse,AN-C000318,Moderate,0.873219,0.890214,1.148849,0.937144,0.847181,ACTIVE,,,,1
P00319,ananse,AN-C000319,Very Low,0.943553,0.918676,1.008887,0.46444,0.889197,ACTIVE,,,,0
P00320,ananse,AN-C000320,Moderate,1.350513,0.758795,0.930981,0.100339,0.774057,INACTIVE,,,,0
P00321,ananse,AN-C000321,Low,0.592661,0.985233,0.899467,0.131104,0.752389,ACTIVE,,,,0
P00322,ananse,AN-C000322,Low,0.595489,1.125161,1.011503,0.727972,0.936067,ACTIVE,,,,1
P00323,ananse,AN-C000323,Moderate,1.383792,0.761285,0.963192,0.560978,0.964593,INACTIVE,,,,1
P00324,ananse,AN-C000324,Moderate,1.581965,0.915384,0.819683,0.419082,0.925898,ACTIVE,,,,0
P00325,ananse,AN-C000325,Moderate,1.525596,0.849431,1.009803,0.078273,0.798276,ACTIVE,,,,0
P00326,ananse,AN-C000326,Moderate,0.8083,0.767269,1.135093,0.350245,0.873376,ACTIVE,,,,1
P00327,ananse,AN-C000327,Very Low,0.968508,1.105498,1.056877,0.361932,0.864781,REDUCED_ACTIVITY,S03,High,Contextual,0
P00328,ananse,AN-C000328,Moderate,1.089975,1.068183,0.912848,0.152081,0.943464,ACTIVE,,,,2
P00329,ananse,AN-C000329,Moderate,0.716968,0.98154,1.133663,0.373253,0.894682,ACTIVE,,,,0
P00330,ananse,AN-C000330,Very Low,1.209944,1.233298,1.040427,0.945052,0.84463,ACTIVE,,,,0
P00331,ananse,AN-C000331,Low,0.935715,0.802985,0.935622,0.914113,0.873011,ACTIVE,,,,1
P00332,ananse,AN-C000332,Low,1.05103,1.240615,1.092641,0.41774,0.996479,ACTIVE,,,,0
P00333,ananse,AN-C000333,Moderate,0.749832,1.134799,0.839607,0.488547,0.952772,ACTIVE,,,,2
P00334,ananse,AN-C000334,Moderate,1.027926,1.047248,0.821772,0.362516,0.828071,ACTIVE,,,,1
P00335,ananse,AN-C000335,Low,0.897755,1.009391,0.839435,0.880216,0.925618,INACTIVE,,,,0
P00336,ananse,AN-C000336,Low,1.07157,0.83356,0.813178,0.474637,0.791519,ACTIVE,,,,0
P00337,ananse,AN-C000337,High,1.071726,1.060734,0.961305,0.42545,0.830269,ACTIVE,,,,0
P00338,ananse,AN-C000338,Very Low,0.930683,1.229179,0.911342,0.053447,0.879005,ACTIVE,,,,0
P00339,ananse,AN-C000339,High,0.774321,1.134801,1.159678,0.674542,0.939064,ACTIVE,,,,2
P00340,ananse,AN-C000340,Very Low,1.061491,0.970547,1.068071,0.140608,0.802125,ACTIVE,,,,0
P00341,ananse,AN-C000341,Low,0.881113,1.074657,1.146384,0.176022,0.965129,ACTIVE,S14,Low,Multi-event,0
P00342,ananse,AN-C000342,High,0.746183,0.885073,0.874168,0.039409,0.853286,ACTIVE,,,,0
P00343,ananse,AN-C000343,Moderate,0.946927,1.06593,1.090718,0.634576,0.789392,ACTIVE,,,,1
P00344,ananse,AN-C000344,Low,1.080654,0.989109,0.871678,0.788858,0.942815,ACTIVE,,,,1
P00345,ananse,AN-C000345,Low,1.272258,0.991298,1.078324,0.475529,0.797834,INACTIVE,,,,1
P00346,ananse,AN-C000346,Moderate,1.428041,1.110556,1.138524,0.942966,0.832837,RAMP_UP,,,,1
P00347,ananse,AN-C000347,Very High,0.760641,1.048809,1.028919,0.668959,0.753784,ACTIVE,,,,1
P00348,ananse,AN-C000348,Very Low,1.146079,0.793265,1.126158,0.226153,0.972922,ACTIVE,,,,1
P00349,ananse,AN-C000349,Low,1.310883,0.988399,0.827693,0.515284,0.908556,ACTIVE,,,,0
P00350,ananse,AN-C000350,Moderate,0.689127,1.187217,1.146856,0.776585,0.763684,ACTIVE,,,,0
P00351,ananse,AN-C000351,Moderate,1.102552,1.0077,1.151762,0.910988,0.807631,REDUCED_ACTIVITY,,,,1
P00352,ananse,AN-C000352,Moderate,0.736015,0.9175,1.004946,0.22413,0.811542,ACTIVE,,,,1
P00353,ananse,AN-C000353,Moderate,1.035993,1.160932,0.896891,0.695043,0.985683,ACTIVE,,,,1
P00354,ananse,AN-C000354,Moderate,0.972833,0.768055,1.098296,0.703626,0.96933,ACTIVE,,,,1
P00355,ananse,AN-C000355,Moderate,1.05095,1.123506,0.986289,0.8727,0.955342,ACTIVE,,,,0
P00356,ananse,AN-C000356,Low,1.719357,1.231147,1.025184,0.705938,0.843786,REDUCED_ACTIVITY,,,,0
P00357,ananse,AN-C000357,High,1.082178,0.936808,0.938272,0.308864,0.816209,INACTIVE,S09,Medium,Multi-event,0
P00358,ananse,AN-C000358,High,1.11059,1.139989,0.956986,0.930028,0.932049,ACTIVE,,,,0
P00359,ananse,AN-C000359,Moderate,1.085352,0.90973,0.852668,0.038223,0.838153,ACTIVE,,,,0
P00360,ananse,AN-C000360,High,0.977551,1.083021,1.169355,0.974196,0.878822,ACTIVE,,,,1
P00361,ananse,AN-C000361,Low,1.482205,1.038389,0.982057,0.490732,0.886964,ACTIVE,,,,1
P00362,ananse,AN-C000362,Moderate,1.291986,1.163375,1.090244,0.578433,0.913115,ACTIVE,,,,1
P00363,ananse,AN-C000363,Very Low,0.880777,1.041676,1.124757,0.964394,0.750902,ACTIVE,,,,0
P00364,ananse,AN-C000364,Low,0.771305,1.147792,0.809543,0.595621,0.963903,REDUCED_ACTIVITY,,,,0
P00365,ananse,AN-C000365,Moderate,1.638248,1.167035,0.985769,0.83363,0.990164,ACTIVE,,,,3
P00366,ananse,AN-C000366,Low,0.606544,1.210437,1.147717,0.943368,0.782473,RAMP_UP,,,,0
P00367,ananse,AN-C000367,Low,0.696112,0.901437,1.026279,0.243376,0.884566,ACTIVE,,,,0
P00368,ananse,AN-C000368,Moderate,0.65803,1.163633,0.999923,0.12183,0.954737,ACTIVE,,,,1
P00369,ananse,AN-C000369,Moderate,1.066522,1.124392,0.941584,0.589232,0.818271,REDUCED_ACTIVITY,,,,1
P00370,ananse,AN-C000370,Low,1.481332,1.209082,0.988486,0.408281,0.793565,ACTIVE,,,,3
P00371,ananse,AN-C000371,Very Low,1.268397,1.033607,0.947163,0.582495,0.986917,ACTIVE,,,,0
P00372,ananse,AN-C000372,Moderate,1.17552,1.239959,0.838527,0.825746,0.867903,ACTIVE,,,,0
P00373,ananse,AN-C000373,Low,0.835733,1.109789,0.947665,0.116361,0.882739,REDUCED_ACTIVITY,,,,1
P00374,ananse,AN-C000374,Moderate,0.602131,1.103919,0.937116,0.200556,0.864176,ACTIVE,,,,2
P00375,ananse,AN-C000375,Low,0.667629,1.030423,1.019581,0.971364,0.753781,ACTIVE,,,,1
P00376,ananse,AN-C000376,High,1.242083,0.924019,1.057441,0.729423,0.843133,ACTIVE,,,,0
P00377,ananse,AN-C000377,Very Low,1.368627,1.214352,1.089855,0.177081,0.959859,ACTIVE,,,,0
P00378,ananse,AN-C000378,Low,1.089935,1.077727,0.908603,0.44375,0.915726,ACTIVE,,,,0
P00379,ananse,AN-C000379,High,1.039742,1.246524,1.041642,0.286737,0.912741,REDUCED_ACTIVITY,,,,1
P00380,ananse,AN-C000380,Very Low,1.002372,1.010315,0.998944,0.544234,0.987466,ACTIVE,,,,0
P00381,ananse,AN-C000381,Moderate,1.071571,0.990434,1.011062,0.114477,0.87167,RAMP_UP,,,,0
P00382,ananse,AN-C000382,High,0.886551,0.913355,1.112163,0.904712,0.857283,ACTIVE,,,,0
P00383,ananse,AN-C000383,High,0.717499,1.18181,0.908411,0.394865,0.797775,REDUCED_ACTIVITY,,,,0
P00384,ananse,AN-C000384,Low,1.320787,0.871611,0.959966,0.929331,0.838269,ACTIVE,,,,1
P00385,ananse,AN-C000385,Low,0.807581,0.999416,1.099673,0.801758,0.758038,ACTIVE,,,,0
P00386,ananse,AN-C000386,Low,1.039722,0.845584,1.193694,0.29581,0.918716,REDUCED_ACTIVITY,,,,1
P00387,ananse,AN-C000387,Low,0.891168,1.241042,0.906248,0.934198,0.805554,ACTIVE,,,,2
P00388,ananse,AN-C000388,Low,0.736603,1.129754,0.959652,0.011518,0.815319,REDUCED_ACTIVITY,,,,0
P00389,ananse,AN-C000389,High,1.21218,1.158592,1.178236,0.613661,0.868675,ACTIVE,,,,0
P00390,ananse,AN-C000390,Low,0.760171,0.995911,0.806075,0.13718,0.939997,ACTIVE,,,,1
P00391,ananse,AN-C000391,High,0.890703,0.777968,1.115505,0.632019,0.929517,ACTIVE,,,,2
P00392,ananse,AN-C000392,Low,0.864868,0.802017,1.083577,0.369117,0.979186,ACTIVE,,,,1
P00393,ananse,AN-C000393,Very Low,1.903854,0.760529,0.920482,0.602645,0.78611,ACTIVE,,,,1
P00394,ananse,AN-C000394,Low,0.805961,0.76219,0.836105,0.961194,0.956638,ACTIVE,,,,2
P00395,ananse,AN-C000395,Moderate,1.083987,0.788488,0.862895,0.698955,0.95656,RAMP_UP,,,,0
P00396,ananse,AN-C000396,Very Low,1.158297,1.222855,0.944146,0.665142,0.769894,ACTIVE,,,,0
P00397,ananse,AN-C000397,High,0.781557,1.007565,1.001367,0.547956,0.870842,INACTIVE,,,,0
P00398,ananse,AN-C000398,Low,1.333977,1.226558,1.187221,0.566784,0.799783,REDUCED_ACTIVITY,,,,0
P00399,ananse,AN-C000399,Low,0.982418,0.759012,0.907189,0.438912,0.842551,ACTIVE,,,,1
P00400,ananse,AN-C000400,High,1.045068,1.011519,0.862967,0.18176,0.926417,INACTIVE,,,,1
P00401,ananse,AN-C000401,Low,1.101456,1.174326,0.948968,0.911336,0.917803,ACTIVE,S11,Low,Cross-institution,1
P00402,ananse,AN-C000402,Moderate,0.980158,1.225333,0.855809,0.500531,0.934216,INACTIVE,,,,0
P00403,ananse,AN-C000403,Very Low,0.802536,0.83104,0.954181,0.052157,0.770489,ACTIVE,,,,1
P00404,ananse,AN-C000404,High,0.818951,0.822283,1.190223,0.338949,0.977905,ACTIVE,,,,0
P00405,ananse,AN-C000405,Low,0.788411,1.240005,0.953472,0.037715,0.947368,ACTIVE,,,,0
P00406,ananse,AN-C000406,High,1.176323,0.938274,0.984212,0.865349,0.892112,ACTIVE,,,,0
P00407,ananse,AN-C000407,Moderate,0.951339,0.982416,1.135023,0.852551,0.821272,ACTIVE,,,,0
P00408,ananse,AN-C000408,Moderate,1.140228,0.898984,1.092699,0.8579,0.951965,REDUCED_ACTIVITY,,,,0
P00409,ananse,AN-C000409,Very Low,0.858381,0.888802,0.954876,0.502261,0.960684,ACTIVE,S10,High,Detectable,0
P00410,ananse,AN-C000410,Very Low,1.130732,0.818527,1.196665,0.121977,0.851738,REDUCED_ACTIVITY,,,,0
P00411,ananse,AN-C000411,Very High,0.986855,1.064924,0.823874,0.256567,0.873961,RAMP_UP,,,,0
P00412,ananse,AN-C000412,Low,0.745449,1.186388,0.823099,0.28662,0.831464,ACTIVE,S05,Low,Detectable,1
P00413,ananse,AN-C000413,Moderate,0.946371,0.839198,0.86154,0.173945,0.77751,ACTIVE,,,,0
P00414,ananse,AN-C000414,Low,0.613582,1.073802,1.056345,0.628894,0.874349,REDUCED_ACTIVITY,,,,0
P00415,ananse,AN-C000415,High,0.788107,0.816958,0.88457,0.207783,0.756488,REDUCED_ACTIVITY,,,,1
P00416,ananse,AN-C000416,Very Low,0.764359,1.109365,0.976095,0.275247,0.92195,ACTIVE,,,,0
P00417,ananse,AN-C000417,High,1.460941,1.007999,0.904472,0.683193,0.897192,ACTIVE,,,,1
P00418,ananse,AN-C000418,Low,1.385824,1.154426,0.922638,0.336309,0.8348,ACTIVE,,,,2
P00419,ananse,AN-C000419,Moderate,0.846451,1.04516,0.919219,0.947351,0.798635,ACTIVE,S02,Medium,Contextual,0
P00420,ananse,AN-C000420,Low,0.77322,1.142211,0.89738,0.137805,0.758584,ACTIVE,,,,1
P00421,ananse,AN-C000421,Moderate,0.688582,0.789995,1.067796,0.539267,0.781468,REDUCED_ACTIVITY,,,,0
P00422,ananse,AN-C000422,Very Low,0.799603,1.003251,0.918253,0.245163,0.991256,ACTIVE,,,,0
P00423,ananse,AN-C000423,Very Low,0.913505,1.081131,0.846958,0.074684,0.851296,ACTIVE,,,,0
P00424,ananse,AN-C000424,Moderate,0.925723,1.10651,1.046058,0.126779,0.951625,ACTIVE,,,,0
P00425,ananse,AN-C000425,Very High,0.938183,1.057612,1.057602,0.480327,0.820631,ACTIVE,,,,0
P00426,ananse,AN-C000426,Moderate,1.219347,0.765286,0.970962,0.63668,0.882441,RAMP_UP,,,,0
P00427,ananse,AN-C000427,Moderate,0.928347,0.800326,0.848829,0.535287,0.87046,ACTIVE,,,,0
P00428,ananse,AN-C000428,Very Low,0.998363,0.886387,1.189094,0.083804,0.881332,ACTIVE,,,,0
P00429,ananse,AN-C000429,Low,1.093425,0.986634,0.996707,0.98344,0.783178,ACTIVE,,,,2
P00430,ananse,AN-C000430,Moderate,1.168139,1.014585,0.951932,0.04916,0.82296,ACTIVE,,,,0
P00431,ananse,AN-C000431,Very Low,0.688039,0.926115,1.150582,0.594518,0.998859,ACTIVE,,,,0
P00432,ananse,AN-C000432,Moderate,1.225868,0.855265,1.162138,0.394231,0.983277,ACTIVE,,,,0
P00433,ananse,AN-C000433,High,0.919443,0.994783,0.884094,0.142086,0.921717,INACTIVE,,,,1
P00434,ananse,AN-C000434,Moderate,0.912415,0.984342,1.015591,0.597049,0.858277,RAMP_UP,,,,0
P00435,ananse,AN-C000435,Moderate,1.320762,0.93443,0.870016,0.436997,0.757096,REDUCED_ACTIVITY,,,,0
P00436,ananse,AN-C000436,Very Low,1.324074,1.056701,1.095732,0.65154,0.922883,ACTIVE,,,,0
P00437,ananse,AN-C000437,Low,0.953263,0.873193,1.180959,0.38731,0.984555,ACTIVE,,,,2
P00438,ananse,AN-C000438,Very Low,0.710335,1.23422,0.918103,0.663056,0.842316,INACTIVE,,,,2
P00439,ananse,AN-C000439,High,1.248378,1.084542,1.022069,0.025333,0.971617,ACTIVE,,,,0
P00440,ananse,AN-C000440,High,0.797502,1.240369,0.867664,0.20905,0.914588,REDUCED_ACTIVITY,,,,1
P00441,ananse,AN-C000441,High,1.155918,0.884704,0.975254,0.217668,0.970537,ACTIVE,,,,0
P00442,ananse,AN-C000442,Moderate,0.911835,0.882085,1.020439,0.054037,0.94423,INACTIVE,,,,0
P00443,ananse,AN-C000443,High,0.719943,1.065353,0.866451,0.049768,0.997591,ACTIVE,,,,0
P00444,ananse,AN-C000444,Very Low,1.124891,0.888059,0.810935,0.2118,0.821553,ACTIVE,,,,0
P00445,ananse,AN-C000445,High,1.017567,1.216261,0.852506,0.887992,0.873457,ACTIVE,,,,1
P00446,ananse,AN-C000446,Moderate,0.814324,1.184809,1.170143,0.123102,0.921108,ACTIVE,,,,0
P00447,ananse,AN-C000447,Very High,1.093871,0.778265,0.924893,0.549133,0.949801,INACTIVE,,,,0
P00448,ananse,AN-C000448,Very High,1.036125,0.85852,1.169447,0.819161,0.790407,REDUCED_ACTIVITY,,,,1
P00449,ananse,AN-C000449,High,0.79156,0.922869,1.176763,0.090733,0.839819,INACTIVE,,,,1
P00450,ananse,AN-C000450,Low,0.892805,1.027738,0.965423,0.499567,0.976008,ACTIVE,,,,0
P00451,ananse,AN-C000451,Low,1.141489,0.96734,0.93844,0.337859,0.902291,ACTIVE,,,,1
P00452,ananse,AN-C000452,Moderate,1.555575,0.957985,1.060356,0.898714,0.807593,ACTIVE,,,,2
P00453,ananse,AN-C000453,Very Low,1.21677,0.801901,0.827443,0.233632,0.836572,REDUCED_ACTIVITY,,,,0
P00454,ananse,AN-C000454,Low,0.992719,0.89453,0.84474,0.732998,0.798468,ACTIVE,,,,1
P00455,ananse,AN-C000455,Low,1.048319,0.938574,1.191098,0.594441,0.914637,REDUCED_ACTIVITY,,,,1
P00456,ananse,AN-C000456,Moderate,1.326462,0.822054,0.968791,0.380286,0.979088,ACTIVE,,,,0
P00457,ananse,AN-C000457,Low,0.748264,0.899958,0.959828,0.401145,0.993301,ACTIVE,,,,0
P00458,ananse,AN-C000458,Moderate,0.941292,0.890037,0.900753,0.975203,0.977804,ACTIVE,,,,1
P00459,ananse,AN-C000459,Moderate,1.243973,0.793348,0.834734,0.836602,0.892682,ACTIVE,,,,0
P00460,ananse,AN-C000460,Moderate,0.746171,1.123819,0.961334,0.650901,0.809816,REDUCED_ACTIVITY,,,,1
P00461,ananse,AN-C000461,Low,0.918717,1.228358,0.837647,0.770116,0.885115,ACTIVE,,,,3
P00462,ananse,AN-C000462,Moderate,0.814207,0.902323,1.185846,0.274051,0.762059,ACTIVE,,,,1
P00463,ananse,AN-C000463,Moderate,1.418908,1.245196,0.931236,0.419574,0.913403,RAMP_UP,,,,1
P00464,ananse,AN-C000464,Moderate,1.098826,0.800783,0.807406,0.57867,0.762395,ACTIVE,,,,1
P00465,ananse,AN-C000465,Moderate,1.050947,1.057007,1.107627,0.667416,0.954553,ACTIVE,S11,Low,Contextual,0
P00466,ananse,AN-C000466,Low,1.350854,0.983366,1.065115,0.211716,0.967571,ACTIVE,,,,1
P00467,ananse,AN-C000467,Moderate,1.113874,0.969092,1.101479,0.692217,0.874448,REDUCED_ACTIVITY,,,,0
P00468,ananse,AN-C000468,Moderate,1.104525,0.913122,0.857362,0.769082,0.976323,ACTIVE,,,,1
P00469,ananse,AN-C000469,Very Low,1.3506,0.840106,1.172448,0.665986,0.991212,ACTIVE,,,,0
P00470,ananse,AN-C000470,Low,0.858645,0.897068,0.816355,0.31099,0.858463,ACTIVE,S15,Low,Multi-event,0
P00471,ananse,AN-C000471,Moderate,1.081938,1.030859,0.882003,0.181542,0.975437,ACTIVE,,,,3
P00472,ananse,AN-C000472,Very Low,1.302733,1.222602,0.821238,0.442397,0.790675,ACTIVE,,,,0
P00473,ananse,AN-C000473,Moderate,0.913649,0.78573,1.133147,0.586869,0.959682,ACTIVE,,,,0
P00474,ananse,AN-C000474,Very Low,0.969337,0.936636,0.927328,0.530856,0.919851,ACTIVE,,,,0
P00475,ananse,AN-C000475,Very Low,1.26592,1.105688,0.840279,0.456652,0.915955,ACTIVE,,,,1
P00476,ananse,AN-C000476,Moderate,0.726516,0.820283,1.165012,0.064897,0.864015,ACTIVE,,,,0
P00477,ananse,AN-C000477,High,1.318809,1.040012,0.940431,0.975315,0.96438,ACTIVE,,,,1
P00478,ananse,AN-C000478,Low,1.151512,1.039941,1.042426,0.27602,0.873107,ACTIVE,,,,0
P00479,ananse,AN-C000479,Low,1.393574,0.958525,0.836862,0.842978,0.834546,ACTIVE,,,,0
P00480,ananse,AN-C000480,Moderate,0.64255,0.889373,0.98393,0.649896,0.838848,ACTIVE,,,,0
P00481,ananse,AN-C000481,Moderate,1.328271,0.805832,0.887937,0.501355,0.869403,ACTIVE,,,,0
P00482,ananse,AN-C000482,Low,0.826363,1.097824,0.833115,0.696171,0.933578,ACTIVE,,,,0
P00483,ananse,AN-C000483,Moderate,1.030503,0.809533,1.177655,0.810433,0.918584,ACTIVE,,,,0
P00484,ananse,AN-C000484,Moderate,0.635071,0.914291,1.171322,0.220682,0.831006,ACTIVE,,,,1
P00485,ananse,AN-C000485,Moderate,0.880202,1.216645,1.19104,0.656049,0.793239,ACTIVE,S12,Medium,Contextual,1
P00486,ananse,AN-C000486,Low,0.974677,1.085478,1.169614,0.288312,0.937662,ACTIVE,,,,0
P00487,ananse,AN-C000487,Low,0.928029,1.036163,1.119299,0.027592,0.814727,ACTIVE,,,,1
P00488,ananse,AN-C000488,Moderate,0.54618,1.114545,1.129889,0.467175,0.762664,ACTIVE,S04,Low,Contextual,0
P00489,ananse,AN-C000489,Low,1.207376,1.10844,1.097373,0.982717,0.895661,ACTIVE,,,,1
P00490,ananse,AN-C000490,Low,0.940224,0.993146,0.82015,0.576987,0.820932,REDUCED_ACTIVITY,,,,0
P00491,ananse,AN-C000491,Very Low,1.025348,0.813932,1.100649,0.708161,0.913906,ACTIVE,,,,0
P00492,ananse,AN-C000492,Low,1.076419,1.110979,1.021094,0.642305,0.88701,RAMP_UP,,,,3
P00493,ananse,AN-C000493,Low,1.065582,0.994985,1.14261,0.663186,0.828572,ACTIVE,,,,1
P00494,ananse,AN-C000494,Moderate,1.387657,1.028677,1.057211,0.371397,0.802183,REDUCED_ACTIVITY,,,,0
P00495,ananse,AN-C000495,Low,0.741016,1.077951,1.159908,0.533653,0.912561,ACTIVE,,,,1
P00496,ananse,AN-C000496,Very Low,1.116696,1.205895,0.943381,0.880255,0.86855,ACTIVE,,,,0
P00497,ananse,AN-C000497,Moderate,1.197225,1.234064,1.09664,0.772551,0.958612,ACTIVE,,,,1
P00498,ananse,AN-C000498,High,0.815978,1.019104,1.026777,0.710327,0.913106,INACTIVE,,,,1
P00499,ananse,AN-C000499,Low,0.7826,1.120236,1.199026,0.230872,0.964808,ACTIVE,,,,0
P00500,ananse,AN-C000500,Moderate,1.569636,1.06323,1.114954,0.077789,0.933416,REDUCED_ACTIVITY,,,,1
P00501,ananse,AN-C000501,Moderate,1.271177,0.937755,0.915405,0.360825,0.775933,REDUCED_ACTIVITY,,,,0
P00502,ananse,AN-C000502,Very Low,0.873982,0.876183,0.997874,0.677973,0.942657,ACTIVE,,,,1
P00503,ananse,AN-C000503,Very Low,1.01385,0.980638,1.064183,0.272685,0.894741,INACTIVE,,,,0
P00504,ananse,AN-C000504,Low,1.040534,1.221682,1.033219,0.852519,0.798927,INACTIVE,,,,0
P00505,ananse,AN-C000505,Low,1.082444,1.134969,1.171441,0.94983,0.857769,ACTIVE,S12,Low,Cross-institution,0
P00506,ananse,AN-C000506,Very Low,1.315446,1.160544,1.054293,0.69362,0.904128,REDUCED_ACTIVITY,,,,0
P00507,ananse,AN-C000507,Moderate,0.62102,0.849776,0.829887,0.032295,0.962524,ACTIVE,,,,0
P00508,ananse,AN-C000508,High,1.327316,0.83173,1.002768,0.622567,0.909355,ACTIVE,,,,0
P00509,ananse,AN-C000509,Low,1.045282,1.180801,1.054685,0.035899,0.872594,RAMP_UP,S08,Medium,Contextual,1
P00510,ananse,AN-C000510,Moderate,1.141033,0.950785,0.861546,0.027516,0.969219,ACTIVE,,,,1
P00511,ananse,AN-C000511,Low,1.334425,0.897102,1.156744,0.414725,0.877581,ACTIVE,,,,1
P00512,ananse,AN-C000512,Moderate,1.070929,0.831642,1.003797,0.787012,0.894532,ACTIVE,,,,0
P00513,ananse,AN-C000513,High,1.234321,1.044695,0.907462,0.39717,0.823844,ACTIVE,,,,2
P00514,ananse,AN-C000514,High,0.770039,0.790154,1.007651,0.350931,0.949445,REDUCED_ACTIVITY,,,,0
P00515,ananse,AN-C000515,High,0.854022,1.137502,1.037577,0.489964,0.954509,ACTIVE,,,,0
P00516,ananse,AN-C000516,Low,1.022123,1.192835,0.862695,0.728908,0.758944,REDUCED_ACTIVITY,,,,0
P00517,ananse,AN-C000517,Very Low,0.734296,0.990031,0.879499,0.19386,0.924049,ACTIVE,,,,0
P00518,ananse,AN-C000518,Very Low,1.183576,0.809207,0.914428,0.958486,0.949154,REDUCED_ACTIVITY,,,,0
P00519,ananse,AN-C000519,Moderate,1.229482,0.816967,0.826521,0.007061,0.915865,ACTIVE,,,,1
P00520,ananse,AN-C000520,Low,1.366761,0.809044,0.992002,0.477214,0.795587,ACTIVE,,,,0
P00521,ananse,AN-C000521,Moderate,0.956669,1.165297,0.879546,0.756942,0.983923,ACTIVE,,,,0
P00522,ananse,AN-C000522,Very Low,1.051711,0.783252,1.018961,0.374529,0.86927,ACTIVE,,,,0
P00523,ananse,AN-C000523,Moderate,1.073611,0.793168,0.977996,0.304367,0.878712,ACTIVE,,,,0
P00524,ananse,AN-C000524,Low,1.255345,0.78274,1.098033,0.402936,0.982077,ACTIVE,,,,0
P00525,ananse,AN-C000525,Moderate,1.148342,0.951096,1.06086,0.717171,0.924517,INACTIVE,,,,0
P00526,ananse,AN-C000526,High,0.66801,0.926768,1.02674,0.264099,0.972086,ACTIVE,,,,0
P00527,ananse,AN-C000527,High,1.138723,1.157761,1.106155,0.757399,0.936162,ACTIVE,,,,1
P00528,ananse,AN-C000528,Moderate,1.447834,0.835241,0.903753,0.510632,0.998243,ACTIVE,,,,1
P00529,ananse,AN-C000529,Very High,0.845612,1.131103,0.831861,0.908114,0.868425,ACTIVE,,,,0
P00530,ananse,AN-C000530,Moderate,0.993873,1.175902,0.91725,0.609478,0.815514,ACTIVE,,,,0
P00531,ananse,AN-C000531,Very Low,0.987426,0.769404,0.820638,0.537807,0.981915,INACTIVE,S02,Medium,Ambiguous,0
P00532,ananse,AN-C000532,Very High,0.95722,1.017051,1.011332,0.377685,0.827688,ACTIVE,,,,0
P00533,ananse,AN-C000533,Very Low,1.398614,1.242333,1.083344,0.829085,0.765804,ACTIVE,,,,0
P00534,ananse,AN-C000534,Moderate,1.039657,0.810324,1.067398,0.008894,0.89591,ACTIVE,,,,1
P00535,ananse,AN-C000535,Moderate,0.651322,0.868273,0.938681,0.508069,0.988005,ACTIVE,,,,1
P00536,ananse,AN-C000536,High,1.093538,0.911679,1.161805,0.117944,0.763273,ACTIVE,,,,2
P00537,ananse,AN-C000537,Moderate,1.117942,0.956835,0.980657,0.970794,0.751431,ACTIVE,,,,0
P00538,ananse,AN-C000538,High,1.104049,0.927919,0.986431,0.028491,0.817284,RAMP_UP,,,,0
P00539,ananse,AN-C000539,Low,1.026453,0.94714,0.837727,0.625967,0.951945,ACTIVE,,,,0
P00540,ananse,AN-C000540,Moderate,1.583462,0.835721,0.97225,0.378966,0.824994,ACTIVE,,,,0
P00541,ananse,AN-C000541,Very Low,1.349944,0.950647,1.110792,0.902294,0.884165,ACTIVE,S09,Low,Multi-event,1
P00542,ananse,AN-C000542,Low,1.497038,0.820594,1.007799,0.277605,0.790549,RAMP_UP,,,,0
P00543,ananse,AN-C000543,Moderate,1.147663,1.203982,0.81459,0.042455,0.946101,ACTIVE,,,,1
P00544,ananse,AN-C000544,Low,1.422097,1.036096,0.854558,0.904758,0.826165,ACTIVE,,,,0
P00545,ananse,AN-C000545,Low,1.186885,1.246495,0.907216,0.922604,0.799875,ACTIVE,,,,0
P00546,ananse,AN-C000546,Very Low,1.68242,1.17992,0.984496,0.631998,0.920416,ACTIVE,,,,1
P00547,ananse,AN-C000547,Low,1.427695,0.817868,1.07465,0.716761,0.751767,ACTIVE,,,,0
P00548,ananse,AN-C000548,Low,1.189444,0.919312,0.998693,0.925987,0.964687,ACTIVE,,,,0
P00549,ananse,AN-C000549,Very Low,0.988063,0.895601,0.96419,0.483132,0.98707,ACTIVE,,,,0
P00550,ananse,AN-C000550,Low,1.200727,0.977336,0.827496,0.098272,0.814527,RAMP_UP,,,,0
P00551,ananse,AN-C000551,Low,0.573265,1.210129,0.949678,0.599239,0.765308,ACTIVE,,,,0
P00552,ananse,AN-C000552,High,1.081556,0.783014,1.067336,0.20258,0.755921,ACTIVE,,,,4
P00553,ananse,AN-C000553,High,0.615218,1.179938,0.918582,0.374986,0.799063,ACTIVE,,,,0
P00554,ananse,AN-C000554,Very Low,1.429234,1.045284,0.953717,0.231213,0.80027,REDUCED_ACTIVITY,S03,Medium,Contextual,0
P00555,ananse,AN-C000555,High,0.77067,0.787473,0.932501,0.113647,0.882436,ACTIVE,,,,0
P00556,ananse,AN-C000556,Moderate,0.785563,0.933159,0.909694,0.128081,0.872582,ACTIVE,,,,1
P00557,ananse,AN-C000557,High,0.861206,1.05259,1.036461,0.934332,0.883107,ACTIVE,,,,0
P00558,ananse,AN-C000558,Low,0.812232,1.093563,1.174236,0.211147,0.922052,ACTIVE,,,,1
P00559,ananse,AN-C000559,Moderate,1.033097,1.10253,1.076858,0.902252,0.896783,ACTIVE,,,,0
P00560,ananse,AN-C000560,Moderate,1.175667,1.077986,0.97281,0.182945,0.999518,ACTIVE,,,,1
P00561,ananse,AN-C000561,Low,1.084818,0.951017,1.184441,0.673816,0.96534,ACTIVE,,,,0
P00562,ananse,AN-C000562,Low,1.009214,0.823499,0.91924,0.233915,0.779714,ACTIVE,,,,1
P00563,ananse,AN-C000563,Low,1.611492,1.186597,0.965461,0.018495,0.953017,ACTIVE,,,,4
P00564,ananse,AN-C000564,Very Low,1.326556,1.147748,0.941247,0.737162,0.931505,ACTIVE,,,,0
P00565,ananse,AN-C000565,Low,0.607152,0.931325,0.924228,0.652547,0.810027,ACTIVE,,,,2
P00566,ananse,AN-C000566,Low,0.720249,0.916896,0.830292,0.072535,0.908562,REDUCED_ACTIVITY,,,,0
P00567,ananse,AN-C000567,Moderate,1.13342,0.84461,0.907675,0.289239,0.974824,ACTIVE,S15,Medium,Contextual,0
P00568,ananse,AN-C000568,Low,1.31348,1.238242,0.879449,0.88632,0.821857,RAMP_UP,,,,1
P00569,ananse,AN-C000569,High,0.758067,1.220875,1.034403,0.970159,0.825104,REDUCED_ACTIVITY,,,,1
P00570,ananse,AN-C000570,Moderate,1.369775,1.06023,1.085669,0.9886,0.911729,ACTIVE,,,,0
P00571,ananse,AN-C000571,Moderate,0.749235,0.906012,1.175181,0.148655,0.864223,ACTIVE,,,,0
P00572,ananse,AN-C000572,Low,0.901166,0.89095,1.048374,0.205857,0.764243,ACTIVE,,,,0
P00573,ananse,AN-C000573,Moderate,1.356644,0.756147,0.903882,0.341489,0.769493,ACTIVE,,,,0
P00574,ananse,AN-C000574,Very Low,0.753039,1.034432,1.076544,0.011148,0.819812,ACTIVE,,,,1
P00575,ananse,AN-C000575,Low,0.85956,1.167108,0.977276,0.064651,0.881128,ACTIVE,,,,0
P00576,ananse,AN-C000576,Low,1.118012,0.887666,0.865687,0.011064,0.86115,ACTIVE,,,,4
P00577,ananse,AN-C000577,Low,1.064843,0.826943,1.04693,0.840336,0.834716,ACTIVE,,,,0
P00578,ananse,AN-C000578,Moderate,0.994338,1.071673,1.176371,0.499629,0.965906,ACTIVE,,,,1
P00579,ananse,AN-C000579,Moderate,1.080951,0.891863,0.930346,0.071405,0.85977,REDUCED_ACTIVITY,,,,0
P00580,ananse,AN-C000580,Moderate,1.295904,0.80287,1.190796,0.354306,0.98281,ACTIVE,,,,0
P00581,ananse,AN-C000581,Moderate,0.983724,1.153539,0.880516,0.791681,0.818981,ACTIVE,,,,0
P00582,ananse,AN-C000582,Moderate,0.889042,0.786117,0.95172,0.153498,0.96136,INACTIVE,,,,1
P00583,ananse,AN-C000583,Moderate,1.262891,1.089216,1.11749,0.517071,0.789222,ACTIVE,,,,0
P00584,ananse,AN-C000584,Low,0.568607,0.790374,0.901867,0.179491,0.775702,ACTIVE,,,,1
P00585,ananse,AN-C000585,Moderate,1.24761,0.779432,1.010713,0.283548,0.843883,ACTIVE,,,,1
P00586,ananse,AN-C000586,Low,1.048301,0.841325,0.984111,0.335165,0.75311,RAMP_UP,,,,1
P00587,ananse,AN-C000587,Very Low,0.985729,0.878947,0.840633,0.951327,0.933757,ACTIVE,,,,1
P00588,ananse,AN-C000588,Low,1.056848,0.761908,1.142867,0.59385,0.949171,ACTIVE,,,,0
P00589,ananse,AN-C000589,Moderate,1.350161,0.896379,1.184889,0.721289,0.922507,REDUCED_ACTIVITY,,,,1
P00590,ananse,AN-C000590,Very High,0.907184,0.950116,1.045641,0.122046,0.833541,RAMP_UP,,,,0
P00591,ananse,AN-C000591,Moderate,0.956768,1.037127,1.102665,0.840089,0.84577,ACTIVE,,,,0
P00592,ananse,AN-C000592,Very Low,0.896897,0.862095,0.834315,0.886466,0.808067,INACTIVE,,,,1
P00593,ananse,AN-C000593,Moderate,1.000946,1.008649,1.04299,0.147614,0.780422,RAMP_UP,,,,0
P00594,ananse,AN-C000594,Low,1.539215,1.04597,0.966317,0.647306,0.791185,ACTIVE,,,,0
P00595,ananse,AN-C000595,Low,0.640874,1.161175,1.129827,0.466922,0.855349,ACTIVE,,,,0
P00596,ananse,AN-C000596,Very Low,0.989144,0.852235,1.131567,0.56824,0.855525,ACTIVE,,,,0
P00597,ananse,AN-C000597,Low,0.943744,1.154351,0.992241,0.696828,0.851928,ACTIVE,,,,0
P00598,ananse,AN-C000598,Moderate,0.767345,0.878914,0.984623,0.04565,0.867746,RAMP_UP,,,,3
P00599,ananse,AN-C000599,Very High,0.655791,0.869714,0.965245,0.991551,0.791745,ACTIVE,S08,Low,Contextual,0
P00600,ananse,AN-C000600,Low,1.094169,0.923016,1.060641,0.801924,0.818758,ACTIVE,,,,0
P00601,ananse,AN-C000601,Moderate,1.296613,1.178073,1.043234,0.173573,0.783527,ACTIVE,,,,0
P00602,ananse,AN-C000602,Very Low,0.941472,0.784339,0.807247,0.841419,0.893911,ACTIVE,,,,0
P00603,ananse,AN-C000603,Moderate,0.948925,0.968105,0.827467,0.95502,0.986445,ACTIVE,,,,0
P00604,ananse,AN-C000604,Low,1.271025,0.81074,1.125983,0.454858,0.873363,ACTIVE,,,,0
P00605,ananse,AN-C000605,Low,1.675117,0.78166,0.853743,0.089463,0.988066,ACTIVE,,,,0
P00606,ananse,AN-C000606,Moderate,0.770308,1.015241,0.941685,0.387046,0.869181,ACTIVE,,,,1
P00607,ananse,AN-C000607,Low,1.133509,1.133537,0.874952,0.328474,0.799252,INACTIVE,,,,0
P00608,ananse,AN-C000608,Very Low,0.877389,1.021275,0.876448,0.505613,0.950476,ACTIVE,,,,1
P00609,ananse,AN-C000609,Low,0.789219,1.236813,1.132072,0.082427,0.988886,ACTIVE,,,,2
P00610,ananse,AN-C000610,Very High,1.039105,1.211394,1.129798,0.860256,0.961824,REDUCED_ACTIVITY,,,,0
P00611,ananse,AN-C000611,Moderate,0.704238,0.836832,1.186052,0.475114,0.975277,INACTIVE,,,,0
P00612,ananse,AN-C000612,High,1.377841,1.017282,0.89505,0.10522,0.861967,ACTIVE,,,,0
P00613,ananse,AN-C000613,Moderate,0.781077,0.826275,0.886088,0.538545,0.805132,ACTIVE,,,,0
P00614,ananse,AN-C000614,Very Low,0.847075,0.868654,0.960926,0.60741,0.867706,ACTIVE,,,,0
P00615,ananse,AN-C000615,Moderate,1.227029,0.806468,1.049776,0.725905,0.945467,ACTIVE,,,,1
P00616,ananse,AN-C000616,High,1.188214,0.981461,0.887166,0.641235,0.785177,REDUCED_ACTIVITY,,,,0
P00617,ananse,AN-C000617,High,1.104699,0.891738,1.000085,0.644428,0.959801,ACTIVE,S04,Low,Contextual,1
P00618,ananse,AN-C000618,Moderate,0.930399,0.959631,1.01883,0.513958,0.835197,ACTIVE,,,,0
P00619,ananse,AN-C000619,High,1.922616,0.901068,1.080013,0.105315,0.966971,ACTIVE,,,,0
P00620,ananse,AN-C000620,High,0.779646,1.195269,0.831983,0.431745,0.835179,REDUCED_ACTIVITY,,,,0
P00621,ananse,AN-C000621,High,0.942031,1.174627,1.085058,0.934787,0.827994,ACTIVE,,,,0
P00622,ananse,AN-C000622,Moderate,0.735401,1.065304,0.861277,0.55557,0.924539,ACTIVE,,,,0
P00623,ananse,AN-C000623,Very High,1.117737,1.099644,0.994958,0.883538,0.926474,ACTIVE,,,,1
P00624,ananse,AN-C000624,Very Low,1.220836,0.833215,1.19738,0.377071,0.846742,ACTIVE,,,,1
P00625,ananse,AN-C000625,Very High,0.618339,0.948441,0.847729,0.806477,0.869797,ACTIVE,,,,0
P00626,ananse,AN-C000626,Low,0.965753,0.898046,0.957243,0.131216,0.82118,ACTIVE,,,,0
P00627,ananse,AN-C000627,High,0.739795,0.875951,0.872938,0.970604,0.803674,ACTIVE,,,,1
P00628,ananse,AN-C000628,Low,0.898892,0.848602,1.086855,0.791439,0.916357,RAMP_UP,,,,0
P00629,ananse,AN-C000629,Very Low,1.045234,1.131063,0.93377,0.553025,0.965102,ACTIVE,,,,1
P00630,ananse,AN-C000630,Moderate,0.891056,1.188691,0.891473,0.87298,0.785128,REDUCED_ACTIVITY,,,,1
P00631,ananse,AN-C000631,Moderate,0.949585,0.872227,1.160088,0.856888,0.773816,ACTIVE,,,,0
P00632,ananse,AN-C000632,Moderate,1.132614,0.785476,0.953786,0.319673,0.755139,ACTIVE,,,,0
P00633,ananse,AN-C000633,Very Low,0.835868,1.15656,1.060432,0.509083,0.953507,ACTIVE,,,,1
P00634,ananse,AN-C000634,Low,0.651386,0.972576,0.936935,0.099446,0.78421,REDUCED_ACTIVITY,,,,0
P00635,ananse,AN-C000635,High,1.070833,1.169632,0.881642,0.309443,0.752335,ACTIVE,S12,Low,Detectable,0
P00636,ananse,AN-C000636,Very Low,1.115408,1.098334,1.090676,0.090483,0.935805,ACTIVE,,,,1
P00637,ananse,AN-C000637,Very Low,1.228486,1.020779,1.116156,0.638231,0.999628,ACTIVE,,,,1
P00638,ananse,AN-C000638,Moderate,1.079673,0.755653,0.860532,0.07371,0.922585,ACTIVE,,,,0
P00639,ananse,AN-C000639,Very High,0.708123,0.940519,1.075095,0.87211,0.847252,ACTIVE,,,,1
P00640,ananse,AN-C000640,Moderate,1.24625,1.139458,1.031984,0.1589,0.967702,ACTIVE,,,,0
P00641,ananse,AN-C000641,Low,0.763958,0.759275,1.131815,0.56783,0.931707,INACTIVE,,,,0
P00642,ananse,AN-C000642,Moderate,0.886509,0.921302,1.073439,0.839297,0.807651,REDUCED_ACTIVITY,,,,2
P00643,ananse,AN-C000643,Very Low,0.987686,1.094543,0.978221,0.174006,0.756575,ACTIVE,,,,0
P00644,ananse,AN-C000644,High,1.332702,0.854727,1.083936,0.388037,0.953429,ACTIVE,,,,0
P00645,ananse,AN-C000645,Moderate,1.039045,1.210002,1.085685,0.928263,0.923472,REDUCED_ACTIVITY,,,,0
P00646,ananse,AN-C000646,Moderate,0.766084,1.215834,1.191233,0.979451,0.794277,ACTIVE,,,,2
P00647,ananse,AN-C000647,Low,1.217758,0.934336,1.079414,0.491399,0.934686,REDUCED_ACTIVITY,,,,1
P00648,ananse,AN-C000648,Moderate,0.775263,0.961873,1.024424,0.297087,0.859981,REDUCED_ACTIVITY,,,,1
P00649,ananse,AN-C000649,Moderate,0.95386,1.015135,0.83251,0.139562,0.952439,ACTIVE,,,,0
P00650,ananse,AN-C000650,Moderate,1.125674,1.007195,0.821956,0.454133,0.821127,ACTIVE,,,,0
P00651,ananse,AN-C000651,Low,0.867376,0.952302,0.816362,0.848897,0.815902,ACTIVE,,,,0
P00652,ananse,AN-C000652,High,1.228793,1.236215,0.817002,0.809373,0.990597,REDUCED_ACTIVITY,,,,1
P00653,ananse,AN-C000653,High,1.22311,1.215238,1.068915,0.354022,0.85189,INACTIVE,,,,1
P00654,ananse,AN-C000654,Very Low,0.839972,1.087781,0.979127,0.006286,0.885017,REDUCED_ACTIVITY,,,,0
P00655,ananse,AN-C000655,Moderate,1.412437,1.152602,1.050047,0.970698,0.780759,ACTIVE,,,,1
P00656,ananse,AN-C000656,Very Low,1.650744,1.192866,0.888681,0.742564,0.895607,ACTIVE,,,,0
P00657,ananse,AN-C000657,High,0.629197,0.987536,0.827334,0.974431,0.910486,ACTIVE,,,,0
P00658,ananse,AN-C000658,High,0.699482,0.780321,1.109405,0.025977,0.871207,ACTIVE,,,,0
P00659,ananse,AN-C000659,Moderate,0.768857,1.13877,0.977776,0.265374,0.939443,ACTIVE,,,,0
P00660,ananse,AN-C000660,Moderate,1.498041,0.83558,1.09917,0.81256,0.965377,ACTIVE,,,,0
P00661,ananse,AN-C000661,Moderate,0.812817,1.221026,1.149288,0.581978,0.833628,REDUCED_ACTIVITY,,,,0
P00662,ananse,AN-C000662,Low,1.046505,0.783338,0.95844,0.542714,0.823245,ACTIVE,S05,Low,Contextual,1
P00663,ananse,AN-C000663,Low,1.169749,0.869068,1.069476,0.156522,0.943326,ACTIVE,,,,1
P00664,ananse,AN-C000664,High,0.99369,1.040531,1.127061,0.342552,0.909744,ACTIVE,,,,1
P00665,ananse,AN-C000665,Low,1.386095,1.105251,1.066514,0.463342,0.845944,ACTIVE,,,,0
P00666,ananse,AN-C000666,Moderate,0.982951,1.209677,0.851745,0.009483,0.997173,RAMP_UP,,,,0
P00667,ananse,AN-C000667,Low,1.091952,1.194957,1.166961,0.135599,0.818966,ACTIVE,,,,0
P00668,ananse,AN-C000668,High,0.972601,0.807008,1.16368,0.42145,0.887229,ACTIVE,,,,1
P00669,ananse,AN-C000669,High,1.036345,0.853888,0.847773,0.196828,0.936644,ACTIVE,S12,Medium,Multi-event,0
P00670,ananse,AN-C000670,Moderate,1.737302,1.049769,1.0028,0.982274,0.924076,ACTIVE,,,,0
P00671,ananse,AN-C000671,Low,0.99118,0.980331,1.190434,0.686993,0.857643,ACTIVE,,,,1
P00672,ananse,AN-C000672,High,1.919149,0.896759,1.117003,0.082797,0.80378,ACTIVE,,,,0
P00673,ananse,AN-C000673,Moderate,0.959186,0.899282,1.11525,0.839933,0.797561,RAMP_UP,,,,1
P00674,ananse,AN-C000674,Low,1.143046,0.802123,1.029807,0.866977,0.882384,REDUCED_ACTIVITY,,,,0
P00675,ananse,AN-C000675,Moderate,1.320063,0.751179,0.994351,0.68891,0.999954,ACTIVE,,,,2
P00676,ananse,AN-C000676,Moderate,1.301332,1.199717,0.833738,0.415309,0.767637,ACTIVE,,,,0
P00677,ananse,AN-C000677,Low,1.689852,1.031865,1.137539,0.562055,0.822285,ACTIVE,,,,0
P00678,ananse,AN-C000678,High,0.87436,1.078442,0.808426,0.889104,0.808422,INACTIVE,,,,0
P00679,ananse,AN-C000679,Moderate,0.791111,1.233051,0.836269,0.976385,0.832035,REDUCED_ACTIVITY,,,,1
P00680,ananse,AN-C000680,Moderate,1.093692,0.965791,0.973285,0.488408,0.804645,ACTIVE,,,,3
P00681,ananse,AN-C000681,Moderate,0.946732,1.0774,0.999032,0.849613,0.860484,ACTIVE,,,,0
P00682,ananse,AN-C000682,Moderate,1.08527,1.167848,1.183774,0.229438,0.880909,ACTIVE,,,,1
P00683,ananse,AN-C000683,Very Low,1.368322,1.038812,0.90403,0.915171,0.780965,ACTIVE,,,,1
P00684,ananse,AN-C000684,Moderate,1.790621,0.816321,0.958112,0.291298,0.861444,ACTIVE,,,,0
P00685,ananse,AN-C000685,High,1.216639,0.886611,0.992453,0.706495,0.784574,ACTIVE,,,,0
P00686,ananse,AN-C000686,Low,0.862101,1.120195,0.954722,0.932755,0.784433,ACTIVE,,,,0
P00687,ananse,AN-C000687,Moderate,1.270925,1.228873,0.93909,0.890346,0.967399,ACTIVE,,,,0
P00688,ananse,AN-C000688,Very Low,1.128808,0.815984,1.177565,0.438253,0.930679,ACTIVE,,,,1
P00689,ananse,AN-C000689,Low,0.937971,0.918035,0.820236,0.436333,0.897271,ACTIVE,,,,0
P00690,ananse,AN-C000690,Low,1.046604,1.071285,1.011614,0.627808,0.940232,ACTIVE,,,,0
P00691,ananse,AN-C000691,Moderate,1.379979,1.222524,1.128853,0.696648,0.975297,INACTIVE,,,,2
P00692,ananse,AN-C000692,Moderate,0.996349,0.778133,0.837635,0.799594,0.83297,ACTIVE,,,,0
P00693,ananse,AN-C000693,High,1.092991,1.160918,0.839523,0.634941,0.86498,ACTIVE,,,,1
P00694,ananse,AN-C000694,Moderate,0.963563,1.089193,1.141091,0.185592,0.969782,ACTIVE,,,,0
P00695,ananse,AN-C000695,Low,1.133608,0.890831,0.857946,0.416213,0.794626,ACTIVE,,,,0
P00696,ananse,AN-C000696,Low,1.062862,1.146816,0.824026,0.923244,0.767423,REDUCED_ACTIVITY,,,,1
P00697,ananse,AN-C000697,Moderate,0.912017,1.097215,0.853831,0.903988,0.760941,RAMP_UP,,,,1
P00698,ananse,AN-C000698,Very High,0.775723,1.040163,1.149172,0.982783,0.952267,ACTIVE,,,,2
P00699,ananse,AN-C000699,Low,0.762709,1.177665,1.00807,0.85937,0.826826,ACTIVE,,,,0
P00700,ananse,AN-C000700,Moderate,0.698429,1.077211,1.03354,0.651165,0.789125,ACTIVE,,,,0
P00701,ananse,AN-C000701,Very Low,0.953242,0.758291,1.169045,0.369659,0.781113,ACTIVE,,,,1
P00702,ananse,AN-C000702,High,1.62953,0.826347,0.936383,0.645153,0.943238,ACTIVE,,,,0
P00703,ananse,AN-C000703,Moderate,0.870301,1.120598,0.860399,0.45348,0.875981,INACTIVE,,,,0
P00704,ananse,AN-C000704,Very Low,0.812113,1.096286,0.869169,0.737559,0.884525,ACTIVE,,,,0
P00705,ananse,AN-C000705,Moderate,0.808228,0.932576,1.164354,0.605373,0.880763,ACTIVE,,,,1
P00706,ananse,AN-C000706,Moderate,0.69891,0.971255,0.842772,0.378605,0.810623,ACTIVE,,,,0
P00707,ananse,AN-C000707,Moderate,0.613168,0.762155,0.921302,0.900344,0.912373,REDUCED_ACTIVITY,,,,0
P00708,ananse,AN-C000708,High,1.093281,0.85706,1.067509,0.793999,0.836212,ACTIVE,,,,0
P00709,ananse,AN-C000709,High,0.863507,0.825113,0.923796,0.413149,0.992469,ACTIVE,,,,0
P00710,ananse,AN-C000710,Low,1.219444,1.231489,1.175509,0.861536,0.892046,ACTIVE,,,,1
P00711,ananse,AN-C000711,Moderate,1.196963,1.073911,1.036501,0.877388,0.87281,ACTIVE,,,,0
P00712,ananse,AN-C000712,Very Low,1.301559,0.945153,0.98137,0.187972,0.928818,ACTIVE,,,,0
P00713,ananse,AN-C000713,Moderate,0.996876,0.863152,0.82246,0.953495,0.983029,ACTIVE,S10,Medium,Multi-event,0
P00714,ananse,AN-C000714,Low,1.025906,1.208378,1.113304,0.747902,0.907995,ACTIVE,,,,0
P00715,ananse,AN-C000715,Low,0.737746,0.789326,0.926267,0.927372,0.974485,ACTIVE,S11,Low,Detectable,0
P00716,ananse,AN-C000716,Very Low,1.032364,1.049535,1.050963,0.882521,0.812362,ACTIVE,,,,0
P00717,ananse,AN-C000717,Low,1.123195,0.803466,1.182531,0.798192,0.779511,INACTIVE,,,,0
P00718,ananse,AN-C000718,Moderate,0.971943,0.829422,0.812186,0.245845,0.751325,INACTIVE,S09,High,Multi-event,0
P00719,ananse,AN-C000719,Low,1.829802,0.80256,0.946692,0.776533,0.889384,ACTIVE,,,,1
P00720,ananse,AN-C000720,High,0.829996,1.122929,0.969228,0.501141,0.771844,ACTIVE,,,,0
P00721,ananse,AN-C000721,Low,0.804567,0.974336,1.143944,0.18176,0.847634,ACTIVE,,,,1
P00722,ananse,AN-C000722,Moderate,0.939635,0.838382,0.876878,0.938461,0.781714,ACTIVE,,,,0
P00723,ananse,AN-C000723,Moderate,1.29787,1.249846,0.833145,0.600852,0.927046,ACTIVE,,,,1
P00724,ananse,AN-C000724,Very Low,1.942478,1.052662,0.863127,0.305524,0.785289,ACTIVE,,,,0
P00725,ananse,AN-C000725,Moderate,1.476832,1.155402,1.122046,0.674797,0.966034,REDUCED_ACTIVITY,,,,1
P00726,ananse,AN-C000726,High,0.984728,1.135219,0.860371,0.431678,0.821515,ACTIVE,,,,1
P00727,ananse,AN-C000727,Low,1.335633,0.795705,0.987154,0.887863,0.841708,ACTIVE,,,,0
P00728,ananse,AN-C000728,Very High,0.897348,0.772449,1.118797,0.927725,0.882454,ACTIVE,,,,0
P00729,ananse,AN-C000729,High,1.746705,0.972916,1.081415,0.664624,0.849647,ACTIVE,,,,0
P00730,ananse,AN-C000730,Moderate,0.69497,0.767579,0.990616,0.596082,0.992995,INACTIVE,,,,1
P00731,ananse,AN-C000731,High,0.795055,0.887513,1.121264,0.369395,0.844783,INACTIVE,,,,2
P00732,ananse,AN-C000732,Very High,0.819842,0.849489,1.149926,0.860233,0.92831,ACTIVE,,,,2
P00733,ananse,AN-C000733,Low,1.100632,0.844258,0.86969,0.283562,0.999561,ACTIVE,,,,1
P00734,ananse,AN-C000734,Very Low,1.23179,0.928684,1.049817,0.250864,0.916722,ACTIVE,S12,Low,Multi-event,0
P00735,ananse,AN-C000735,Very High,1.223503,0.930447,1.083776,0.330289,0.875562,ACTIVE,,,,0
P00736,ananse,AN-C000736,Very Low,0.934843,1.01573,0.86951,0.347988,0.798325,ACTIVE,,,,1
P00737,ananse,AN-C000737,Moderate,1.129898,0.874869,1.027045,0.243116,0.874657,ACTIVE,,,,1
P00738,ananse,AN-C000738,Moderate,0.973299,1.027738,1.164595,0.507111,0.986028,ACTIVE,,,,2
P00739,ananse,AN-C000739,High,1.108075,0.973661,1.175273,0.867902,0.751464,ACTIVE,,,,0
P00740,ananse,AN-C000740,Moderate,0.979087,1.092571,0.891837,0.706141,0.843028,ACTIVE,,,,1
P00741,ananse,AN-C000741,Low,0.905832,0.773103,1.093869,0.569195,0.858353,ACTIVE,,,,0
P00742,ananse,AN-C000742,Moderate,0.885062,0.754756,1.107633,0.766212,0.82298,ACTIVE,,,,0
P00743,ananse,AN-C000743,Low,0.789067,0.960923,0.972535,0.775032,0.946439,ACTIVE,,,,0
P00744,ananse,AN-C000744,Low,0.990258,0.916689,1.152609,0.274653,0.980288,ACTIVE,,,,1
P00745,ananse,AN-C000745,Very Low,0.597531,1.194697,1.124036,0.734091,0.930514,ACTIVE,,,,0
P00746,ananse,AN-C000746,Moderate,0.772179,0.826532,1.028839,0.80637,0.838159,ACTIVE,,,,1
P00747,ananse,AN-C000747,Moderate,0.970558,1.109581,0.812814,0.431375,0.876586,REDUCED_ACTIVITY,,,,0
P00748,ananse,AN-C000748,Low,1.465152,0.973414,1.194086,0.150744,0.812927,ACTIVE,,,,1
P00749,ananse,AN-C000749,Moderate,1.097214,1.028474,1.179418,0.560301,0.807403,REDUCED_ACTIVITY,,,,0
P00750,ananse,AN-C000750,High,0.903768,0.79881,1.099492,0.339734,0.905786,ACTIVE,,,,0
P00751,ananse,AN-C000751,Low,0.908201,0.923395,0.862272,0.653894,0.985069,ACTIVE,,,,1
P00752,ananse,AN-C000752,Moderate,0.798744,0.768183,0.978031,0.46645,0.920605,ACTIVE,,,,0
P00753,ananse,AN-C000753,Moderate,1.498785,1.199536,0.893401,0.78057,0.776382,RAMP_UP,,,,0
P00754,ananse,AN-C000754,Very Low,1.27411,0.765437,0.966246,0.126587,0.911797,ACTIVE,,,,0
P00755,ananse,AN-C000755,Moderate,0.883468,1.042815,1.166564,0.823084,0.99768,RAMP_UP,,,,1
P00756,ananse,AN-C000756,Moderate,1.115095,0.87793,0.815595,0.35467,0.939239,ACTIVE,,,,1
P00757,ananse,AN-C000757,Moderate,1.06108,0.869288,0.855215,0.963426,0.785138,ACTIVE,,,,0
P00758,ananse,AN-C000758,Moderate,0.894984,0.788403,1.050103,0.857207,0.992495,ACTIVE,,,,0
P00759,ananse,AN-C000759,Moderate,0.948939,0.946872,1.01642,0.276726,0.754756,ACTIVE,,,,1
P00760,ananse,AN-C000760,High,0.566457,1.175071,1.129039,0.678822,0.882734,ACTIVE,,,,1
P00761,ananse,AN-C000761,Moderate,0.574328,1.020356,1.09207,0.880293,0.843326,ACTIVE,,,,0
P00762,ananse,AN-C000762,Moderate,1.459958,0.991561,0.956865,0.817891,0.933766,REDUCED_ACTIVITY,,,,2
P00763,ananse,AN-C000763,Very High,0.855619,1.168707,1.16014,0.548178,0.78625,REDUCED_ACTIVITY,,,,1
P00764,ananse,AN-C000764,Moderate,1.065286,0.962301,1.127891,0.028009,0.863308,RAMP_UP,,,,0
P00765,ananse,AN-C000765,Moderate,1.172944,0.922384,0.885767,0.540972,0.754457,ACTIVE,,,,2
P00766,ananse,AN-C000766,Moderate,0.670914,1.058624,0.981716,0.708256,0.78149,ACTIVE,,,,0
P00767,ananse,AN-C000767,Moderate,1.309698,0.781632,1.019649,0.425552,0.921173,ACTIVE,,,,0
P00768,ananse,AN-C000768,Very Low,0.977768,0.877893,0.983511,0.285502,0.757787,ACTIVE,,,,1
P00769,ananse,AN-C000769,High,0.793594,0.959723,0.838437,0.587952,0.976176,ACTIVE,,,,0
P00770,ananse,AN-C000770,Low,0.671109,1.030581,0.95772,0.710757,0.966499,ACTIVE,,,,1
P00771,ananse,AN-C000771,Very Low,0.874745,1.119476,0.956434,0.144801,0.779735,ACTIVE,,,,1
P00772,ananse,AN-C000772,Low,1.036596,1.107601,1.157763,0.933743,0.960618,ACTIVE,,,,1
P00773,ananse,AN-C000773,Very High,1.073211,1.218187,0.87297,0.626889,0.971871,ACTIVE,,,,0
P00774,ananse,AN-C000774,Low,0.950348,1.118126,1.141302,0.670009,0.974875,REDUCED_ACTIVITY,,,,1
P00775,ananse,AN-C000775,Low,0.942115,1.055944,0.980654,0.892131,0.870673,ACTIVE,,,,1
P00776,ananse,AN-C000776,Moderate,0.901644,1.002828,0.917065,0.767227,0.851782,ACTIVE,,,,2
P00777,ananse,AN-C000777,Moderate,1.162961,1.003308,1.077956,0.792445,0.821056,ACTIVE,,,,1
P00778,ananse,AN-C000778,Very High,0.894582,1.055983,0.929321,0.767715,0.931942,ACTIVE,,,,0
P00779,ananse,AN-C000779,Low,1.048125,1.238815,1.167237,0.980321,0.971915,ACTIVE,,,,0
P00780,ananse,AN-C000780,Low,0.993948,1.077307,1.097073,0.697832,0.921814,ACTIVE,,,,0
P00781,ananse,AN-C000781,Low,0.590904,0.902141,0.900561,0.939047,0.836993,ACTIVE,,,,1
P00782,ananse,AN-C000782,Moderate,1.15151,0.925009,1.035315,0.111093,0.873522,ACTIVE,,,,0
P00783,ananse,AN-C000783,High,1.250871,0.907294,0.894787,0.16181,0.988636,ACTIVE,,,,0
P00784,ananse,AN-C000784,Very Low,0.864958,1.230965,1.095407,0.53968,0.943078,ACTIVE,,,,1
P00785,ananse,AN-C000785,Moderate,1.206499,0.821663,1.020885,0.556757,0.750917,INACTIVE,,,,0
P00786,ananse,AN-C000786,Moderate,0.82533,1.078854,0.873031,0.665343,0.752997,ACTIVE,,,,2
P00787,ananse,AN-C000787,Very Low,1.132614,0.910078,1.058588,0.60133,0.751705,ACTIVE,,,,1
P00788,ananse,AN-C000788,Low,0.768336,1.186868,0.877216,0.64947,0.924573,ACTIVE,,,,0
P00789,ananse,AN-C000789,Moderate,1.256304,1.008737,1.045024,0.857763,0.918796,REDUCED_ACTIVITY,,,,1
P00790,ananse,AN-C000790,Very High,1.060507,1.169592,0.908746,0.781247,0.983331,ACTIVE,,,,1
P00791,ananse,AN-C000791,Very Low,1.0443,0.839519,1.038925,0.473258,0.831279,INACTIVE,,,,1
P00792,ananse,AN-C000792,Moderate,0.933642,0.768161,1.070142,0.337564,0.931119,ACTIVE,,,,0
P00793,ananse,AN-C000793,Low,1.005354,1.13827,0.901683,0.597115,0.98802,ACTIVE,,,,1
P00794,ananse,AN-C000794,Low,0.641064,1.012923,1.180537,0.371178,0.912171,INACTIVE,,,,1
P00795,ananse,AN-C000795,High,1.449543,0.840114,1.037909,0.325783,0.878744,ACTIVE,,,,0
P00796,ananse,AN-C000796,Moderate,0.847024,1.158142,1.085896,0.272983,0.825013,ACTIVE,,,,2
P00797,ananse,AN-C000797,Low,0.865461,0.75861,0.935261,0.380665,0.769533,ACTIVE,,,,1
P00798,ananse,AN-C000798,Low,1.295867,0.820097,1.0485,0.911873,0.854271,ACTIVE,,,,0
P00799,ananse,AN-C000799,High,0.946051,0.970913,1.115577,0.96083,0.806742,ACTIVE,S14,Medium,Contextual,0
P00800,ananse,AN-C000800,High,1.273117,1.194362,0.912985,0.307536,0.862137,RAMP_UP,,,,1
P00801,ananse,AN-C000801,Moderate,1.361904,1.227055,0.82656,0.984648,0.868091,ACTIVE,,,,0
P00802,ananse,AN-C000802,Very High,0.830263,1.209608,0.954165,0.665236,0.772015,ACTIVE,,,,0
P00803,ananse,AN-C000803,Very Low,1.026552,1.167698,1.193668,0.32933,0.776465,INACTIVE,,,,0
P00804,ananse,AN-C000804,Low,1.214785,1.105326,0.838539,0.676779,0.898622,ACTIVE,,,,0
P00805,ananse,AN-C000805,Moderate,0.767148,1.108001,1.086781,0.54441,0.825499,ACTIVE,,,,0
P00806,ananse,AN-C000806,Moderate,1.062694,0.960005,0.988812,0.633556,0.979391,REDUCED_ACTIVITY,,,,0
P00807,ananse,AN-C000807,High,1.073224,1.127655,1.132283,0.437854,0.797272,ACTIVE,,,,0
P00808,ananse,AN-C000808,Moderate,0.750442,1.147791,0.907713,0.149525,0.790986,REDUCED_ACTIVITY,,,,0
P00809,ananse,AN-C000809,Low,0.974654,1.095995,1.099578,0.248904,0.963751,ACTIVE,,,,0
P00810,ananse,AN-C000810,High,0.89853,0.860413,0.842534,0.973996,0.914355,ACTIVE,,,,0
P00811,ananse,AN-C000811,Moderate,1.036983,1.20285,1.016525,0.967666,0.803188,ACTIVE,,,,1
P00812,ananse,AN-C000812,Very Low,1.133833,0.882235,0.947849,0.206665,0.970952,INACTIVE,,,,1
P00813,ananse,AN-C000813,Moderate,1.028101,1.008517,1.174161,0.78689,0.959195,ACTIVE,,,,0
P00814,ananse,AN-C000814,Moderate,1.216277,1.014028,0.93547,0.480376,0.992812,ACTIVE,,,,0
P00815,ananse,AN-C000815,High,0.560443,0.834818,0.929246,0.915326,0.884502,ACTIVE,,,,0
P00816,ananse,AN-C000816,Very Low,0.774572,1.054126,0.942207,0.080391,0.813266,REDUCED_ACTIVITY,,,,0
P00817,ananse,AN-C000817,Moderate,0.9606,1.029207,1.175502,0.641609,0.762731,REDUCED_ACTIVITY,,,,0
P00818,ananse,AN-C000818,Very Low,1.239796,0.799065,0.846993,0.171808,0.914047,ACTIVE,,,,0
P00819,ananse,AN-C000819,Moderate,1.093835,0.750533,0.854479,0.823372,0.777797,ACTIVE,,,,2
P00820,ananse,AN-C000820,Moderate,1.132722,0.855771,1.125552,0.468525,0.992956,ACTIVE,,,,0
P00821,ananse,AN-C000821,Low,0.673956,1.051866,0.810581,0.560891,0.769144,ACTIVE,,,,0
P00822,ananse,AN-C000822,Moderate,0.753558,1.044559,1.00304,0.449174,0.799912,ACTIVE,,,,0
P00823,ananse,AN-C000823,Moderate,1.075517,0.765815,0.869299,0.417314,0.985262,ACTIVE,,,,1
P00824,ananse,AN-C000824,High,0.858135,1.217879,0.837981,0.925341,0.758382,ACTIVE,,,,0
P00825,ananse,AN-C000825,Low,0.646549,0.911868,0.909817,0.462097,0.913122,REDUCED_ACTIVITY,,,,1
P00826,ananse,AN-C000826,Moderate,1.230745,1.157512,0.850257,0.067736,0.970259,ACTIVE,,,,1
P00827,ananse,AN-C000827,Moderate,0.583819,0.927417,1.188071,0.935812,0.883883,RAMP_UP,,,,1
P00828,ananse,AN-C000828,Moderate,1.300197,0.780673,1.171846,0.548104,0.914417,ACTIVE,,,,1
P00829,ananse,AN-C000829,Moderate,0.941579,1.135872,1.185885,0.406297,0.981264,ACTIVE,,,,0
P00830,ananse,AN-C000830,Moderate,1.293462,1.00765,1.195271,0.669962,0.880422,ACTIVE,,,,0
P00831,ananse,AN-C000831,Low,0.918446,0.758677,0.852466,0.613026,0.83985,ACTIVE,S02,Low,Cross-institution,1
P00832,ananse,AN-C000832,Very Low,1.149115,0.887628,1.059544,0.803754,0.929603,INACTIVE,,,,0
P00833,ananse,AN-C000833,Moderate,1.264012,1.052015,1.002244,0.478879,0.932555,ACTIVE,,,,1
P00834,ananse,AN-C000834,High,0.668602,0.910197,1.09504,0.311997,0.913209,ACTIVE,S08,Low,Contextual,0
P00835,ananse,AN-C000835,Moderate,1.032318,1.159689,0.96978,0.05308,0.976109,ACTIVE,,,,0
P00836,ananse,AN-C000836,High,1.082397,0.881716,1.085951,0.218274,0.883405,ACTIVE,,,,1
P00837,ananse,AN-C000837,Moderate,1.479174,1.05519,1.040256,0.277127,0.977903,ACTIVE,,,,0
P00838,ananse,AN-C000838,Moderate,1.49936,0.989059,1.090735,0.161203,0.782936,ACTIVE,,,,0
P00839,ananse,AN-C000839,High,1.14494,1.147088,1.147485,0.468147,0.752941,ACTIVE,,,,0
P00840,ananse,AN-C000840,Low,0.794849,1.126054,0.962298,0.277666,0.980085,INACTIVE,,,,0
P00841,ananse,AN-C000841,Low,0.82192,0.871561,0.887826,0.239138,0.830169,ACTIVE,,,,0
P00842,ananse,AN-C000842,Low,1.151994,1.048118,1.018037,0.586499,0.917084,ACTIVE,,,,0
P00843,ananse,AN-C000843,Moderate,1.665747,0.78376,1.15325,0.41684,0.968378,ACTIVE,S15,Low,Contextual,1
P00844,ananse,AN-C000844,Low,1.105831,0.885078,1.040965,0.393165,0.902531,REDUCED_ACTIVITY,,,,1
P00845,ananse,AN-C000845,Moderate,0.539556,0.866651,1.174667,0.584057,0.888933,ACTIVE,,,,2
P00846,ananse,AN-C000846,Moderate,1.54318,0.86194,0.865083,0.159295,0.777629,ACTIVE,,,,1
P00847,ananse,AN-C000847,Moderate,0.934356,1.154684,1.18656,0.294919,0.971069,ACTIVE,,,,1
P00848,ananse,AN-C000848,Low,0.975618,1.033062,0.924031,0.794524,0.951943,ACTIVE,,,,1
P00849,ananse,AN-C000849,Moderate,1.181585,1.009953,0.806248,0.195347,0.798226,REDUCED_ACTIVITY,S05,Low,Ambiguous,2
P00850,ananse,AN-C000850,Moderate,0.862509,1.155774,0.914883,0.637084,0.981405,ACTIVE,,,,0
P00851,ananse,AN-C000851,Moderate,1.015871,1.004351,1.019332,0.246802,0.968537,ACTIVE,,,,0
P00852,ananse,AN-C000852,Low,0.945556,0.844258,1.15627,0.017989,0.839929,ACTIVE,,,,0
P00853,ananse,AN-C000853,Low,1.353076,1.041948,1.134396,0.035696,0.773496,ACTIVE,,,,1
P00854,ananse,AN-C000854,Low,1.085298,1.050526,0.838496,0.790556,0.796788,ACTIVE,S05,High,Multi-event,1
P00855,ananse,AN-C000855,Very Low,1.130868,1.2229,0.966382,0.242158,0.982913,ACTIVE,,,,0
P00856,ananse,AN-C000856,High,0.870504,0.978224,0.951317,0.251681,0.948464,ACTIVE,S11,Medium,Multi-event,0
P00857,ananse,AN-C000857,Moderate,0.744622,1.113113,1.088535,0.555934,0.983483,ACTIVE,,,,3
P00858,ananse,AN-C000858,Low,0.87281,0.935255,0.942717,0.424677,0.840206,ACTIVE,,,,0
P00859,ananse,AN-C000859,Moderate,1.546418,0.990795,0.809677,0.463425,0.904532,ACTIVE,S14,Low,Contextual,0
P00860,ananse,AN-C000860,Very High,1.015327,1.133427,0.955687,0.273587,0.914694,ACTIVE,,,,0
P00861,ananse,AN-C000861,Moderate,1.032491,0.91292,0.879883,0.805078,0.829982,ACTIVE,,,,0
P00862,ananse,AN-C000862,High,0.833827,0.975697,1.007268,0.152884,0.809587,ACTIVE,,,,0
P00863,ananse,AN-C000863,Very Low,1.027622,1.220299,0.866561,0.246568,0.995384,REDUCED_ACTIVITY,,,,0
P00864,ananse,AN-C000864,Moderate,0.856983,0.912376,0.855922,0.70375,0.764591,ACTIVE,S03,Low,Contextual,1
P00865,ananse,AN-C000865,Low,1.137269,1.19009,1.011991,0.792586,0.770104,ACTIVE,,,,1
P00866,ananse,AN-C000866,Moderate,1.183677,0.86401,1.069989,0.920051,0.957239,ACTIVE,,,,0
P00867,ananse,AN-C000867,High,0.922926,1.064974,0.885133,0.242724,0.836355,REDUCED_ACTIVITY,,,,2
P00868,ananse,AN-C000868,Very Low,1.303173,0.810793,1.13326,0.853575,0.776086,ACTIVE,,,,0
P00869,ananse,AN-C000869,Low,1.316156,1.135261,0.884827,0.014695,0.880235,ACTIVE,,,,1
P00870,ananse,AN-C000870,Moderate,0.871466,1.164316,0.892185,0.545227,0.918609,ACTIVE,,,,0
P00871,ananse,AN-C000871,Very Low,0.876945,1.207791,0.825068,0.457947,0.864574,ACTIVE,,,,1
P00872,ananse,AN-C000872,High,1.399153,1.239868,1.123421,0.754771,0.813241,REDUCED_ACTIVITY,,,,0
P00873,ananse,AN-C000873,Low,1.16476,0.879348,0.890792,0.418999,0.96865,ACTIVE,,,,0
P00874,ananse,AN-C000874,Moderate,1.011591,0.992039,0.833589,0.825787,0.766365,ACTIVE,,,,2
P00875,ananse,AN-C000875,Low,1.070118,0.867673,0.875921,0.476949,0.869237,ACTIVE,,,,0
P00876,ananse,AN-C000876,Moderate,1.597281,1.083709,1.002095,0.821593,0.812743,ACTIVE,S11,High,Contextual,0
P00877,ananse,AN-C000877,Very Low,0.81616,0.997513,1.036614,0.360093,0.896209,ACTIVE,,,,0
P00878,ananse,AN-C000878,Low,1.163886,0.967815,0.860545,0.381778,0.961524,INACTIVE,,,,1
P00879,ananse,AN-C000879,Low,0.746445,0.93403,1.041295,0.763792,0.896188,INACTIVE,,,,1
P00880,ananse,AN-C000880,Moderate,1.02215,0.885379,0.923148,0.55159,0.763749,INACTIVE,,,,1
P00881,ananse,AN-C000881,Low,1.283055,0.772852,1.107223,0.4459,0.876175,REDUCED_ACTIVITY,,,,0
P00882,ananse,AN-C000882,Moderate,1.263041,0.903799,0.965406,0.840057,0.922653,INACTIVE,,,,0
P00883,ananse,AN-C000883,Moderate,0.794578,1.013232,0.876663,0.466914,0.802966,ACTIVE,,,,1
P00884,ananse,AN-C000884,Very Low,1.307284,0.94894,0.992033,0.512714,0.937399,ACTIVE,,,,0
P00885,ananse,AN-C000885,Very Low,1.380347,0.999555,0.886994,0.669661,0.799113,INACTIVE,,,,1
P00886,ananse,AN-C000886,Low,1.330669,1.064213,1.084446,0.412831,0.803878,REDUCED_ACTIVITY,,,,0
P00887,ananse,AN-C000887,Moderate,1.326855,0.922692,1.015606,0.630046,0.87613,ACTIVE,,,,0
P00888,ananse,AN-C000888,Moderate,1.287646,1.023716,1.135375,0.440029,0.988287,ACTIVE,,,,0
P00889,ananse,AN-C000889,Moderate,0.94832,0.757067,1.051352,0.866042,0.770825,ACTIVE,S01,Low,Contextual,0
P00890,ananse,AN-C000890,Low,1.253887,1.06622,1.18736,0.032102,0.909462,INACTIVE,,,,1
P00891,ananse,AN-C000891,Moderate,1.286588,1.071936,1.108844,0.526022,0.847708,INACTIVE,,,,0
P00892,ananse,AN-C000892,Low,1.136643,0.793173,1.182906,0.922591,0.789996,ACTIVE,,,,0
P00893,ananse,AN-C000893,Low,1.211979,0.78481,0.847361,0.347145,0.988411,ACTIVE,,,,0
P00894,ananse,AN-C000894,Low,0.804892,1.017802,1.013858,0.042563,0.957467,ACTIVE,,,,1
P00895,ananse,AN-C000895,Low,0.90566,1.246685,0.897355,0.446931,0.984187,REDUCED_ACTIVITY,,,,1
P00896,ananse,AN-C000896,Low,1.25868,1.202223,1.154316,0.939137,0.869159,ACTIVE,,,,0
P00897,ananse,AN-C000897,Moderate,0.883315,0.887235,1.164518,0.2102,0.99859,ACTIVE,,,,0
P00898,ananse,AN-C000898,Moderate,1.059515,1.172917,1.187024,0.868172,0.828643,ACTIVE,,,,1
P00899,ananse,AN-C000899,Low,1.087756,0.811394,0.869532,0.710588,0.794494,INACTIVE,,,,0
P00900,ananse,AN-C000900,Moderate,1.22218,1.234426,0.878441,0.349375,0.934234,ACTIVE,S08,Low,Cross-institution,0
P00901,ananse,AN-C000901,Moderate,1.308019,0.871183,1.189796,0.280836,0.926624,ACTIVE,,,,0
P00902,ananse,AN-C000902,Low,0.965063,1.037809,0.846049,0.696905,0.934225,ACTIVE,,,,2
P00903,ananse,AN-C000903,Very Low,1.238162,0.881325,0.822305,0.033037,0.890258,ACTIVE,,,,1
P00904,ananse,AN-C000904,Low,1.121748,0.784877,1.163057,0.538593,0.856965,INACTIVE,,,,0
P00905,ananse,AN-C000905,Moderate,0.945721,0.90554,0.98722,0.624856,0.918283,ACTIVE,,,,0
P00906,ananse,AN-C000906,Moderate,0.699744,0.800411,0.865464,0.522519,0.963843,ACTIVE,,,,0
P00907,ananse,AN-C000907,Low,1.373075,1.143722,1.055436,0.688603,0.97885,ACTIVE,S02,High,Cross-institution,0
P00908,ananse,AN-C000908,High,0.835722,1.193569,0.908663,0.721808,0.820657,RAMP_UP,,,,0
P00909,ananse,AN-C000909,High,0.581292,1.172719,0.838032,0.734583,0.937136,ACTIVE,,,,1
P00910,ananse,AN-C000910,Low,1.423075,0.80461,1.163962,0.166059,0.917135,ACTIVE,,,,0
P00911,ananse,AN-C000911,Low,1.413955,0.766297,0.982186,0.626705,0.917347,ACTIVE,,,,0
P00912,ananse,AN-C000912,Very Low,0.700771,0.92315,1.103242,0.102321,0.905991,RAMP_UP,,,,1
P00913,ananse,AN-C000913,Moderate,0.98212,0.824713,0.841607,0.346394,0.819334,ACTIVE,,,,0
P00914,ananse,AN-C000914,High,0.969688,0.940924,1.163085,0.111283,0.835734,ACTIVE,,,,1
P00915,ananse,AN-C000915,Low,0.722663,0.949387,1.126297,0.221641,0.940988,ACTIVE,,,,0
P00916,ananse,AN-C000916,Low,0.889205,0.756184,1.133726,0.99389,0.766335,REDUCED_ACTIVITY,,,,1
P00917,ananse,AN-C000917,Very High,0.911094,0.805625,1.084083,0.692167,0.817818,ACTIVE,,,,3
P00918,ananse,AN-C000918,Very Low,0.789884,1.094321,0.873079,0.777523,0.784921,ACTIVE,,,,2
P00919,ananse,AN-C000919,Low,1.027293,0.948815,1.012526,0.462202,0.875936,ACTIVE,,,,0
P00920,ananse,AN-C000920,Very Low,0.562583,1.11032,0.989483,0.035726,0.917734,ACTIVE,,,,0
P00921,ananse,AN-C000921,Very Low,1.376483,0.783636,0.965533,0.114961,0.998791,ACTIVE,,,,0
P00922,ananse,AN-C000922,Low,1.205546,1.216334,1.019411,0.807459,0.861667,ACTIVE,,,,0
P00923,ananse,AN-C000923,Low,0.91754,1.239901,1.051626,0.804404,0.920012,RAMP_UP,,,,1
P00924,ananse,AN-C000924,Low,0.730481,1.049442,1.057476,0.455553,0.914308,ACTIVE,,,,0
P00925,ananse,AN-C000925,Moderate,1.061626,1.061222,0.994118,0.717575,0.988806,ACTIVE,S09,Low,Multi-event,1
P00926,ananse,AN-C000926,Low,0.939748,1.197459,1.110803,0.708379,0.83677,ACTIVE,,,,0
P00927,ananse,AN-C000927,Moderate,1.019795,1.232078,0.944744,0.366435,0.88321,ACTIVE,,,,0
P00928,ananse,AN-C000928,Very Low,0.832886,0.844554,0.883652,0.360122,0.940366,ACTIVE,,,,1
P00929,ananse,AN-C000929,Moderate,0.794835,0.849612,0.859743,0.627292,0.887511,ACTIVE,S03,Low,Ambiguous,0
P00930,ananse,AN-C000930,Low,1.361709,1.163206,1.061406,0.318617,0.929289,ACTIVE,,,,0
P00931,ananse,AN-C000931,Moderate,1.066577,0.961346,1.086272,0.668707,0.757073,ACTIVE,,,,1
P00932,ananse,AN-C000932,Moderate,1.022581,1.18107,0.975234,0.645827,0.912543,ACTIVE,,,,0
P00933,ananse,AN-C000933,Moderate,0.538211,0.806033,1.087201,0.072128,0.977824,INACTIVE,,,,0
P00934,ananse,AN-C000934,Moderate,1.140273,1.075061,1.177478,0.637854,0.792165,ACTIVE,S12,Medium,Multi-event,0
P00935,ananse,AN-C000935,High,0.721165,0.837696,1.097945,0.744824,0.843872,ACTIVE,,,,0
P00936,ananse,AN-C000936,Low,1.223629,0.758487,0.97589,0.865296,0.871832,ACTIVE,,,,1
P00937,ananse,AN-C000937,Very Low,0.826967,0.899774,0.869925,0.621508,0.821284,INACTIVE,,,,0
P00938,ananse,AN-C000938,Very Low,0.943482,1.234611,1.099163,0.299986,0.904895,ACTIVE,,,,0
P00939,ananse,AN-C000939,Very Low,0.929114,1.238088,0.89721,0.734814,0.91026,ACTIVE,,,,0
P00940,ananse,AN-C000940,Moderate,1.244657,1.041756,1.087197,0.459163,0.792839,ACTIVE,,,,1
P00941,ananse,AN-C000941,Moderate,1.22533,1.065617,1.079782,0.127881,0.918331,ACTIVE,,,,0
P00942,ananse,AN-C000942,Low,1.449326,1.106402,0.970571,0.361591,0.903868,ACTIVE,,,,0
P00943,ananse,AN-C000943,High,1.049264,1.089512,1.148045,0.707852,0.798149,ACTIVE,,,,0
P00944,ananse,AN-C000944,Low,0.7736,1.228214,0.808924,0.542153,0.953241,INACTIVE,,,,0
P00945,ananse,AN-C000945,High,0.986241,0.994105,0.896258,0.709301,0.8801,ACTIVE,,,,0
P00946,ananse,AN-C000946,Low,0.881992,0.753896,0.976236,0.870256,0.898048,ACTIVE,,,,1
P00947,ananse,AN-C000947,Low,0.895064,0.959458,0.997848,0.599877,0.882779,REDUCED_ACTIVITY,,,,2
P00948,ananse,AN-C000948,Very Low,1.13552,1.128633,1.128965,0.107176,0.867794,RAMP_UP,,,,0
P00949,ananse,AN-C000949,Low,0.871864,1.088992,1.085615,0.101856,0.861762,ACTIVE,,,,1
P00950,ananse,AN-C000950,Low,0.80944,1.115709,0.823431,0.301414,0.924524,ACTIVE,,,,0
P00951,ananse,AN-C000951,Moderate,1.974421,0.849885,0.873612,0.195346,0.872153,ACTIVE,,,,0
P00952,ananse,AN-C000952,Moderate,1.08504,1.186336,1.176759,0.953935,0.760695,ACTIVE,,,,1
P00953,ananse,AN-C000953,Low,0.824184,1.117259,0.984416,0.562319,0.75888,ACTIVE,,,,0
P00954,ananse,AN-C000954,Moderate,1.081461,1.139851,1.166084,0.583281,0.977911,ACTIVE,,,,0
P00955,ananse,AN-C000955,Low,0.755087,1.014112,0.923179,0.013914,0.966395,ACTIVE,,,,0
P00956,ananse,AN-C000956,Moderate,0.841063,1.0117,1.043986,0.571076,0.908061,REDUCED_ACTIVITY,,,,1
P00957,ananse,AN-C000957,Moderate,0.735766,1.241219,1.184657,0.380972,0.958764,ACTIVE,,,,0
P00958,ananse,AN-C000958,Very Low,0.874943,0.99167,1.150253,0.690029,0.816156,INACTIVE,,,,0
P00959,ananse,AN-C000959,Low,1.339753,1.241926,0.948493,0.030554,0.75982,ACTIVE,,,,0
P00960,ananse,AN-C000960,High,1.352654,0.994983,0.916402,0.445965,0.993623,ACTIVE,,,,1
P00961,ananse,AN-C000961,Moderate,0.90321,1.135837,1.05568,0.762767,0.949067,ACTIVE,,,,1
P00962,ananse,AN-C000962,Moderate,1.044425,1.144961,0.914472,0.957651,0.918507,ACTIVE,,,,0
P00963,ananse,AN-C000963,Low,1.054899,1.024785,0.882107,0.351666,0.928336,REDUCED_ACTIVITY,,,,1
P00964,ananse,AN-C000964,Low,0.988616,0.81927,1.010224,0.222463,0.766045,ACTIVE,,,,0
P00965,ananse,AN-C000965,Very Low,1.547553,1.022248,1.004762,0.577767,0.868506,REDUCED_ACTIVITY,,,,1
P00966,ananse,AN-C000966,Very High,1.140022,1.124228,0.978919,0.958795,0.769968,REDUCED_ACTIVITY,,,,0
P00967,ananse,AN-C000967,Low,1.38202,1.22695,0.92268,0.998226,0.818873,ACTIVE,,,,1
P00968,ananse,AN-C000968,Very Low,1.139253,1.225715,1.13088,0.312592,0.96005,ACTIVE,,,,2
P00969,ananse,AN-C000969,Very Low,0.736346,0.868309,1.002059,0.367603,0.807042,REDUCED_ACTIVITY,,,,1
P00970,ananse,AN-C000970,Moderate,0.886753,1.001798,1.108806,0.247641,0.816052,RAMP_UP,,,,0
P00971,ananse,AN-C000971,Moderate,1.557437,1.115732,0.821982,0.323749,0.870075,REDUCED_ACTIVITY,,,,0
P00972,ananse,AN-C000972,Moderate,1.103189,1.057076,0.826513,0.34565,0.981216,ACTIVE,,,,0
P00973,ananse,AN-C000973,Very Low,1.032943,0.832625,1.133061,0.239266,0.827054,REDUCED_ACTIVITY,,,,1
P00974,ananse,AN-C000974,High,1.188654,1.204502,1.021524,0.684309,0.853058,INACTIVE,,,,0
P00975,ananse,AN-C000975,Low,0.868416,1.041467,0.944094,0.51918,0.799632,ACTIVE,,,,0
P00976,ananse,AN-C000976,Moderate,0.769425,1.176855,1.03286,0.928826,0.943127,ACTIVE,,,,0
P00977,ananse,AN-C000977,Very Low,0.688059,0.799156,0.831151,0.644765,0.897405,ACTIVE,,,,1
P00978,ananse,AN-C000978,High,0.971582,1.119289,1.080303,0.506082,0.784144,REDUCED_ACTIVITY,,,,2
P00979,ananse,AN-C000979,Moderate,0.758886,1.090372,1.076799,0.175182,0.816541,ACTIVE,,,,1
P00980,ananse,AN-C000980,Moderate,1.338839,0.846788,1.054378,0.773158,0.965329,ACTIVE,,,,0
P00981,ananse,AN-C000981,High,0.678508,1.190166,0.956779,0.643318,0.865381,ACTIVE,,,,0
P00982,ananse,AN-C000982,Moderate,0.61862,1.039999,1.126368,0.280848,0.972315,RAMP_UP,,,,0
P00983,ananse,AN-C000983,Moderate,0.745495,1.080105,1.157672,0.347961,0.838958,ACTIVE,,,,0
P00984,ananse,AN-C000984,Low,0.787345,0.976804,0.911043,0.967461,0.81121,ACTIVE,S03,Low,Multi-event,0
P00985,ananse,AN-C000985,Low,0.919896,1.201381,1.075802,0.042779,0.772037,ACTIVE,,,,0
P00986,ananse,AN-C000986,Moderate,1.231102,0.797781,1.073727,0.058479,0.823286,ACTIVE,,,,0
P00987,ananse,AN-C000987,Low,1.070035,0.905786,0.821677,0.131636,0.7542,ACTIVE,,,,1
P00988,ananse,AN-C000988,Low,1.372305,1.183753,0.826809,0.209288,0.802013,ACTIVE,,,,0
P00989,ananse,AN-C000989,Low,1.330591,0.943643,0.824469,0.012522,0.764111,ACTIVE,,,,0
P00990,ananse,AN-C000990,Moderate,0.810811,0.763721,1.028,0.107121,0.775669,ACTIVE,S10,Low,Detectable,0
P00991,ananse,AN-C000991,Moderate,1.727286,0.983863,1.16343,0.164115,0.755242,ACTIVE,S12,Low,Ambiguous,0
P00992,ananse,AN-C000992,Low,1.368732,0.787406,1.163513,0.102122,0.866861,ACTIVE,,,,0
P00993,ananse,AN-C000993,Moderate,0.782461,1.128524,1.136635,0.621485,0.901345,REDUCED_ACTIVITY,,,,0
P00994,ananse,AN-C000994,Low,0.952539,0.969289,1.123538,0.813263,0.811839,ACTIVE,,,,0
P00995,ananse,AN-C000995,Low,1.213653,1.167663,0.935184,0.105665,0.944728,ACTIVE,,,,1
P00996,ananse,AN-C000996,Moderate,0.93961,1.10483,0.871873,0.902232,0.95331,ACTIVE,,,,0
P00997,ananse,AN-C000997,Very Low,0.948858,0.951743,1.036244,0.03797,0.912816,ACTIVE,,,,0
P00998,ananse,AN-C000998,Moderate,1.216904,0.988006,0.980729,0.366616,0.825154,ACTIVE,S03,High,Contextual,0
P00999,ananse,AN-C000999,Very Low,1.062917,1.245374,1.115284,0.6391,0.831118,ACTIVE,,,,0
P01000,ananse,AN-C001000,Low,1.339924,0.981863,0.884575,0.16816,0.954388,ACTIVE,,,,0
P01001,ananse,AN-C001001,Low,1.148097,1.072559,1.061612,0.380656,0.875079,ACTIVE,,,,3
P01002,ananse,AN-C001002,Moderate,0.99619,1.15581,1.053076,0.625219,0.85179,ACTIVE,,,,1
P01003,ananse,AN-C001003,High,1.234355,0.759031,1.095538,0.155975,0.948233,ACTIVE,,,,1
P01004,ananse,AN-C001004,High,0.852791,0.810775,1.086289,0.953944,0.983562,ACTIVE,,,,0
P01005,ananse,AN-C001005,Low,0.926972,0.877972,0.865737,0.881614,0.988653,ACTIVE,,,,1
P01006,ananse,AN-C001006,Moderate,1.227307,1.074182,0.877837,0.074234,0.845248,ACTIVE,,,,0
P01007,ananse,AN-C001007,Low,1.472036,0.811572,1.108449,0.60857,0.976213,ACTIVE,,,,1
P01008,ananse,AN-C001008,Moderate,1.260172,0.751687,0.968751,0.795555,0.895334,ACTIVE,,,,1
P01009,ananse,AN-C001009,Moderate,0.908278,0.916397,1.146027,0.594255,0.761483,ACTIVE,,,,0
P01010,ananse,AN-C001010,Very Low,0.932994,1.205052,1.145286,0.832433,0.919883,REDUCED_ACTIVITY,,,,1
P01011,ananse,AN-C001011,High,0.786925,1.127341,1.126148,0.010369,0.902158,ACTIVE,,,,0
P01012,ananse,AN-C001012,High,1.239689,1.223244,1.057726,0.348001,0.912542,ACTIVE,,,,0
P01013,ananse,AN-C001013,Low,0.969302,0.801319,1.032006,0.37012,0.76683,RAMP_UP,,,,0
P01014,ananse,AN-C001014,Very High,1.385627,1.24214,0.965374,0.816289,0.763089,ACTIVE,,,,0
P01015,ananse,AN-C001015,Moderate,0.713726,0.788843,1.081171,0.532659,0.944227,ACTIVE,,,,2
P01016,ananse,AN-C001016,Moderate,0.596216,0.815725,1.135876,0.450315,0.754463,REDUCED_ACTIVITY,,,,0
P01017,ananse,AN-C001017,Moderate,1.190294,0.982738,0.881167,0.514178,0.998412,ACTIVE,,,,1
P01018,ananse,AN-C001018,Moderate,0.984754,0.909911,0.85103,0.606075,0.841809,ACTIVE,,,,0
P01019,ananse,AN-C001019,Moderate,1.333604,1.166639,0.871584,0.445193,0.985901,ACTIVE,,,,2
P01020,ananse,AN-C001020,Low,0.992969,0.86549,1.169994,0.22302,0.846405,ACTIVE,,,,2
P01021,ananse,AN-C001021,Low,0.775723,1.085862,1.051036,0.793805,0.843507,ACTIVE,,,,2
P01022,ananse,AN-C001022,Very Low,0.953085,0.790652,1.135917,0.488779,0.956489,ACTIVE,,,,1
P01023,ananse,AN-C001023,Moderate,0.898671,0.987135,0.831364,0.498722,0.86674,ACTIVE,,,,0
P01024,ananse,AN-C001024,Moderate,0.82331,1.063395,0.82266,0.122989,0.940221,ACTIVE,,,,1
P01025,ananse,AN-C001025,Moderate,0.702719,0.869166,0.870379,0.787835,0.776262,ACTIVE,,,,1
P01026,ananse,AN-C001026,Low,1.02713,1.148557,0.932707,0.116699,0.889971,REDUCED_ACTIVITY,S03,Low,Cross-institution,1
P01027,ananse,AN-C001027,Low,1.151893,1.140022,0.902043,0.190183,0.90139,ACTIVE,,,,0
P01028,ananse,AN-C001028,Very Low,0.797047,1.138456,0.93862,0.348331,0.86695,ACTIVE,,,,0
P01029,ananse,AN-C001029,Moderate,0.89538,1.114074,1.186493,0.490006,0.754423,ACTIVE,,,,1
P01030,ananse,AN-C001030,High,1.104275,0.763311,0.872462,0.933991,0.840368,ACTIVE,,,,0
P01031,ananse,AN-C001031,Low,1.630441,1.032009,0.884923,0.023688,0.83676,RAMP_UP,,,,1
P01032,ananse,AN-C001032,Moderate,0.96173,1.22428,1.157502,0.693608,0.884956,ACTIVE,,,,0
P01033,ananse,AN-C001033,Moderate,1.702689,0.984075,0.971172,0.961733,0.972685,ACTIVE,,,,0
P01034,ananse,AN-C001034,Low,1.203646,0.935663,0.918479,0.175863,0.825585,ACTIVE,,,,1
P01035,ananse,AN-C001035,Low,1.325474,0.926724,0.935543,0.812358,0.977945,ACTIVE,S01,Low,Detectable,0
P01036,ananse,AN-C001036,Very High,0.961445,1.211901,0.908303,0.739509,0.913276,ACTIVE,,,,1
P01037,ananse,AN-C001037,Low,0.904011,0.874761,0.952856,0.929584,0.994889,REDUCED_ACTIVITY,S11,Low,Contextual,0
P01038,ananse,AN-C001038,Very Low,1.198107,1.017929,1.168988,0.135758,0.839307,ACTIVE,,,,0
P01039,ananse,AN-C001039,Low,0.962207,1.193501,1.019634,0.148622,0.863338,ACTIVE,,,,0
P01040,ananse,AN-C001040,Low,0.98845,0.985845,1.064105,0.160536,0.815543,ACTIVE,,,,1
P01041,ananse,AN-C001041,Moderate,0.772659,1.049332,0.959172,0.271975,0.930858,ACTIVE,,,,0
P01042,ananse,AN-C001042,Low,1.175402,1.235046,0.843531,0.007667,0.873952,ACTIVE,,,,0
P01043,ananse,AN-C001043,Very Low,0.802758,0.930329,0.889267,0.259236,0.972503,ACTIVE,,,,3
P01044,ananse,AN-C001044,Very Low,1.777288,1.215887,1.156466,0.428155,0.888522,ACTIVE,,,,0
P01045,ananse,AN-C001045,Low,0.858539,1.137039,1.094239,0.956442,0.958907,REDUCED_ACTIVITY,,,,0
P01046,ananse,AN-C001046,Low,0.974022,0.766484,1.085029,0.335177,0.946485,ACTIVE,,,,0
P01047,ananse,AN-C001047,Low,0.808952,1.1556,1.07227,0.953186,0.783522,ACTIVE,,,,1
P01048,ananse,AN-C001048,Low,1.445833,0.998959,1.183948,0.892867,0.966353,ACTIVE,,,,0
P01049,ananse,AN-C001049,Low,0.949088,0.799784,1.170687,0.419558,0.901147,ACTIVE,,,,0
P01050,ananse,AN-C001050,High,1.36034,0.936534,1.011471,0.672689,0.752729,ACTIVE,,,,1
P01051,ananse,AN-C001051,Moderate,0.875776,1.071136,1.109541,0.657976,0.97872,ACTIVE,,,,3
P01052,ananse,AN-C001052,Moderate,0.653118,1.01371,0.992424,0.260667,0.875688,REDUCED_ACTIVITY,,,,1
P01053,ananse,AN-C001053,Low,1.482917,1.066903,1.199419,0.046245,0.777932,ACTIVE,,,,0
P01054,ananse,AN-C001054,Low,1.12415,0.879396,1.078662,0.497597,0.942025,ACTIVE,,,,1
P01055,ananse,AN-C001055,Moderate,1.180017,0.818907,0.811166,0.196487,0.76261,ACTIVE,,,,0
P01056,ananse,AN-C001056,Moderate,0.728484,1.245353,0.937163,0.128259,0.987717,RAMP_UP,,,,0
P01057,ananse,AN-C001057,Very Low,1.008305,1.176652,0.982707,0.524924,0.982271,ACTIVE,,,,0
P01058,ananse,AN-C001058,Low,1.359371,0.768534,1.047042,0.378496,0.864391,ACTIVE,,,,1
P01059,ananse,AN-C001059,Moderate,0.845193,1.227924,0.864346,0.008304,0.832899,ACTIVE,,,,1
P01060,ananse,AN-C001060,Low,1.047005,1.156321,1.046142,0.036073,0.929523,ACTIVE,,,,0
P01061,ananse,AN-C001061,Low,0.777694,0.979916,0.922747,0.986532,0.778234,REDUCED_ACTIVITY,,,,0
P01062,ananse,AN-C001062,Moderate,0.727338,1.062151,0.938445,0.198765,0.75214,ACTIVE,,,,0
P01063,ananse,AN-C001063,High,0.871262,1.020761,1.019791,0.485673,0.970709,ACTIVE,,,,0
P01064,ananse,AN-C001064,Moderate,1.788574,0.830136,0.980991,0.176832,0.898942,INACTIVE,,,,1
P01065,ananse,AN-C001065,Moderate,0.850392,0.926153,1.143838,0.484935,0.987771,ACTIVE,,,,3
P01066,ananse,AN-C001066,Low,0.953516,0.842772,0.988474,0.353927,0.896024,ACTIVE,,,,1
P01067,ananse,AN-C001067,High,0.839733,0.847923,0.933612,0.559154,0.766874,ACTIVE,,,,1
P01068,ananse,AN-C001068,Low,1.248637,0.91758,0.894588,0.377831,0.777485,ACTIVE,,,,4
P01069,ananse,AN-C001069,Low,1.039312,0.877134,0.843856,0.200745,0.851508,ACTIVE,,,,2
P01070,ananse,AN-C001070,Moderate,0.978869,0.939563,1.094634,0.731266,0.889174,REDUCED_ACTIVITY,,,,1
P01071,ananse,AN-C001071,Very High,1.102539,0.874119,0.915033,0.211313,0.945718,RAMP_UP,,,,1
P01072,ananse,AN-C001072,High,1.001851,0.777067,1.002847,0.010681,0.913381,ACTIVE,,,,1
P01073,ananse,AN-C001073,Low,1.04067,1.052108,1.161459,0.562648,0.948281,ACTIVE,,,,1
P01074,ananse,AN-C001074,Very Low,0.919356,0.885643,0.802911,0.518437,0.80391,ACTIVE,,,,0
P01075,ananse,AN-C001075,Moderate,0.962448,0.864551,0.839479,0.609263,0.800901,INACTIVE,,,,0
P01076,ananse,AN-C001076,Moderate,1.009924,0.969428,1.063175,0.639306,0.799347,ACTIVE,S12,Low,Contextual,1
P01077,ananse,AN-C001077,Moderate,1.153573,1.056132,0.879552,0.244597,0.831485,ACTIVE,,,,1
P01078,ananse,AN-C001078,High,0.902087,0.960888,0.813149,0.556206,0.864315,REDUCED_ACTIVITY,,,,0
P01079,ananse,AN-C001079,High,0.914034,0.891952,1.088956,0.457122,0.774521,ACTIVE,,,,1
P01080,ananse,AN-C001080,High,1.568638,0.792202,1.00507,0.703183,0.811265,ACTIVE,,,,0
P01081,ananse,AN-C001081,Very Low,0.983397,0.941705,1.133274,0.047408,0.87777,ACTIVE,,,,1
P01082,ananse,AN-C001082,Low,1.032782,1.048217,1.124357,0.165496,0.953729,ACTIVE,,,,0
P01083,ananse,AN-C001083,Moderate,1.064101,1.115683,0.8005,0.984395,0.979059,INACTIVE,,,,1
P01084,ananse,AN-C001084,Moderate,0.718184,0.935804,0.966266,0.118723,0.858733,ACTIVE,S05,Low,Cross-institution,0
P01085,ananse,AN-C001085,Very Low,1.113252,0.837942,1.016621,0.888017,0.813739,ACTIVE,S05,Low,Contextual,0
P01086,ananse,AN-C001086,Moderate,1.045417,0.914232,1.199349,0.657928,0.910143,REDUCED_ACTIVITY,,,,0
P01087,ananse,AN-C001087,High,1.155258,0.84352,1.036209,0.152962,0.850567,ACTIVE,,,,1
P01088,ananse,AN-C001088,Moderate,1.2942,0.78392,0.982086,0.21822,0.983142,ACTIVE,,,,0
P01089,ananse,AN-C001089,Moderate,0.653934,0.75641,0.960835,0.90134,0.76039,ACTIVE,,,,0
P01090,ananse,AN-C001090,Moderate,0.793282,1.022032,0.831711,0.526732,0.807593,ACTIVE,,,,1
P01091,ananse,AN-C001091,Very Low,0.88872,1.011469,0.856293,0.282464,0.856566,ACTIVE,,,,0
P01092,ananse,AN-C001092,Low,1.279842,0.961471,0.956264,0.673954,0.794745,ACTIVE,,,,0
P01093,ananse,AN-C001093,Moderate,0.640176,1.053264,0.8301,0.36774,0.966421,ACTIVE,,,,0
P01094,ananse,AN-C001094,Moderate,0.807375,0.797469,1.102902,0.808051,0.992145,REDUCED_ACTIVITY,,,,1
P01095,ananse,AN-C001095,Low,1.395113,0.993435,1.139149,0.699639,0.802258,ACTIVE,,,,0
P01096,ananse,AN-C001096,Moderate,1.177473,0.88133,0.932147,0.748341,0.915657,REDUCED_ACTIVITY,,,,2
P01097,ananse,AN-C001097,Very Low,0.896339,0.777833,0.986284,0.781498,0.781544,INACTIVE,,,,0
P01098,ananse,AN-C001098,Very Low,0.96461,0.939897,0.914931,0.558174,0.989491,ACTIVE,,,,1
P01099,ananse,AN-C001099,Low,0.833051,0.854677,1.075719,0.864614,0.822167,ACTIVE,,,,2
P01100,ananse,AN-C001100,Low,1.3133,0.944783,0.964433,0.164421,0.905339,ACTIVE,,,,1
P01101,ananse,AN-C001101,Moderate,0.825882,0.759861,1.114238,0.200863,0.859633,ACTIVE,,,,0
P01102,ananse,AN-C001102,Low,1.033627,0.880433,1.067327,0.116343,0.933187,INACTIVE,,,,0
P01103,ananse,AN-C001103,Very Low,1.364714,0.895566,0.950575,0.25487,0.99015,INACTIVE,,,,0
P01104,ananse,AN-C001104,Very High,0.665458,0.959958,0.838678,0.05519,0.77228,INACTIVE,,,,0
P01105,ananse,AN-C001105,Moderate,0.8153,1.064614,0.926656,0.507181,0.835048,ACTIVE,,,,0
P01106,ananse,AN-C001106,Moderate,0.958855,1.180115,0.918816,0.78359,0.870327,RAMP_UP,,,,0
P01107,ananse,AN-C001107,High,0.843055,1.10198,0.906517,0.213192,0.957942,ACTIVE,,,,0
P01108,ananse,AN-C001108,Low,1.052384,0.993158,0.841724,0.164551,0.802612,ACTIVE,,,,1
P01109,ananse,AN-C001109,Low,0.922572,1.085778,0.969784,0.705775,0.973794,ACTIVE,,,,1
P01110,ananse,AN-C001110,Moderate,1.998448,1.056911,0.913232,0.901913,0.896998,REDUCED_ACTIVITY,,,,1
P01111,ananse,AN-C001111,Very Low,0.683014,0.790592,1.014009,0.131252,0.865637,ACTIVE,,,,1
P01112,ananse,AN-C001112,Moderate,0.939393,1.010597,0.891072,0.362898,0.991929,RAMP_UP,,,,0
P01113,ananse,AN-C001113,Low,0.815748,1.078239,1.112084,0.661329,0.97763,ACTIVE,,,,0
P01114,ananse,AN-C001114,Very Low,1.244289,1.004941,1.175907,0.048101,0.837942,ACTIVE,,,,0
P01115,ananse,AN-C001115,Very Low,1.739322,0.819843,1.086311,0.874983,0.954863,ACTIVE,,,,0
P01116,ananse,AN-C001116,Very Low,1.173584,1.16634,1.178152,0.983933,0.848237,REDUCED_ACTIVITY,,,,0
P01117,ananse,AN-C001117,High,1.18562,0.940654,1.169304,0.046994,0.964844,REDUCED_ACTIVITY,,,,1
P01118,ananse,AN-C001118,Moderate,1.020513,1.183926,0.942422,0.472897,0.815875,ACTIVE,,,,0
P01119,ananse,AN-C001119,Moderate,0.91789,0.80412,0.952277,0.452046,0.751072,ACTIVE,,,,0
P01120,ananse,AN-C001120,Very Low,0.834989,1.126994,0.990502,0.774457,0.941185,RAMP_UP,,,,0
P01121,ananse,AN-C001121,Very Low,1.065269,0.894996,1.103818,0.660339,0.796613,ACTIVE,,,,0
P01122,ananse,AN-C001122,Low,0.995731,1.181897,0.946619,0.151166,0.822711,REDUCED_ACTIVITY,,,,2
P01123,ananse,AN-C001123,Moderate,0.751478,0.806792,1.141873,0.805757,0.925058,ACTIVE,,,,0
P01124,ananse,AN-C001124,Moderate,0.865355,0.995838,0.84484,0.256178,0.859549,ACTIVE,,,,0
P01125,ananse,AN-C001125,Moderate,0.899287,1.094424,1.070823,0.860849,0.836144,ACTIVE,,,,0
P01126,ananse,AN-C001126,Low,0.870036,0.791505,0.86946,0.479727,0.793982,RAMP_UP,,,,0
P01127,ananse,AN-C001127,Low,1.210133,0.991031,1.119855,0.345564,0.82456,RAMP_UP,,,,0
P01128,ananse,AN-C001128,Moderate,0.960875,0.98382,0.846737,0.432084,0.953386,REDUCED_ACTIVITY,,,,0
P01129,ananse,AN-C001129,Very Low,0.929401,0.830444,0.968971,0.889415,0.893595,ACTIVE,,,,1
P01130,ananse,AN-C001130,Low,1.02312,1.136442,0.842948,0.946019,0.929267,ACTIVE,,,,0
P01131,ananse,AN-C001131,Low,1.050984,1.085888,0.921393,0.913336,0.991311,ACTIVE,,,,0
P01132,ananse,AN-C001132,High,1.070988,1.131419,0.835748,0.442033,0.815862,ACTIVE,,,,1
P01133,ananse,AN-C001133,High,1.079835,0.935551,0.99663,0.915664,0.792975,ACTIVE,,,,0
P01134,ananse,AN-C001134,Low,0.945314,0.772253,0.803296,0.818665,0.996267,ACTIVE,,,,1
P01135,ananse,AN-C001135,Moderate,1.235484,0.907748,0.956409,0.887676,0.868179,ACTIVE,,,,0
P01136,ananse,AN-C001136,Very High,0.677488,1.104822,0.906936,0.58664,0.821294,ACTIVE,,,,0
P01137,ananse,AN-C001137,Moderate,0.915109,0.828411,0.850583,0.957694,0.939257,ACTIVE,,,,1
P01138,ananse,AN-C001138,Moderate,0.883029,1.230536,1.082291,0.547784,0.796475,ACTIVE,,,,0
P01139,ananse,AN-C001139,Low,0.946349,1.016593,1.001917,0.839081,0.827684,INACTIVE,,,,1
P01140,ananse,AN-C001140,Moderate,1.113636,1.23416,1.188009,0.698968,0.799498,ACTIVE,,,,0
P01141,ananse,AN-C001141,Low,1.239839,0.843669,0.842871,0.292565,0.871591,ACTIVE,,,,0
P01142,ananse,AN-C001142,Low,1.056912,1.087864,1.142581,0.01921,0.888362,ACTIVE,S14,Low,Contextual,0
P01143,ananse,AN-C001143,Moderate,1.129144,0.94354,1.018983,0.461964,0.813231,ACTIVE,,,,1
P01144,ananse,AN-C001144,High,1.238309,1.188293,0.81117,0.774566,0.798212,ACTIVE,,,,2
P01145,ananse,AN-C001145,High,0.835498,0.782488,0.851304,0.2923,0.811317,REDUCED_ACTIVITY,,,,0
P01146,ananse,AN-C001146,Very Low,1.37836,1.188093,1.159994,0.047493,0.788179,REDUCED_ACTIVITY,,,,0
P01147,ananse,AN-C001147,Very Low,0.834184,1.063092,0.909833,0.408024,0.847424,ACTIVE,,,,1
P01148,ananse,AN-C001148,Very High,1.226392,0.779841,1.017028,0.095144,0.880273,ACTIVE,,,,0
P01149,ananse,AN-C001149,Moderate,1.305373,0.860182,1.068455,0.262611,0.802471,ACTIVE,,,,2
P01150,ananse,AN-C001150,Low,0.877601,0.756334,0.801956,0.817358,0.866287,ACTIVE,,,,0
P01151,ananse,AN-C001151,Moderate,0.940093,0.761197,0.804199,0.376551,0.834591,ACTIVE,,,,0
P01152,ananse,AN-C001152,Very Low,1.053531,0.876319,0.964415,0.241897,0.901733,REDUCED_ACTIVITY,,,,0
P01153,ananse,AN-C001153,Low,0.828431,1.057871,1.17967,0.810227,0.811607,ACTIVE,,,,0
P01154,ananse,AN-C001154,Moderate,0.865029,1.114076,1.155359,0.794827,0.883044,REDUCED_ACTIVITY,,,,0
P01155,ananse,AN-C001155,Moderate,0.972375,0.838937,0.994657,0.842991,0.994917,RAMP_UP,,,,0
P01156,ananse,AN-C001156,High,1.084933,0.871259,1.197853,0.828114,0.845976,ACTIVE,,,,0
P01157,ananse,AN-C001157,Moderate,1.807156,1.234713,1.138102,0.823447,0.87344,ACTIVE,,,,0
P01158,ananse,AN-C001158,Moderate,1.476586,0.956361,0.941867,0.171762,0.891728,ACTIVE,,,,0
P01159,ananse,AN-C001159,Low,0.974155,1.042937,0.812003,0.080501,0.879849,ACTIVE,,,,0
P01160,ananse,AN-C001160,Very Low,1.624404,0.952485,0.909672,0.557053,0.760792,RAMP_UP,,,,0
P01161,ananse,AN-C001161,Low,1.112927,1.182256,1.04015,0.44835,0.98779,ACTIVE,,,,0
P01162,ananse,AN-C001162,High,1.042553,0.776418,1.084455,0.040792,0.825295,ACTIVE,,,,0
P01163,ananse,AN-C001163,Moderate,0.985988,0.811564,1.110752,0.890574,0.86538,ACTIVE,,,,0
P01164,ananse,AN-C001164,High,0.806976,0.836645,1.045941,0.504983,0.986617,REDUCED_ACTIVITY,,,,0
P01165,ananse,AN-C001165,Moderate,1.25476,1.047461,0.969689,0.715806,0.960019,ACTIVE,,,,0
P01166,ananse,AN-C001166,Low,0.894979,0.86453,1.014325,0.062732,0.967735,ACTIVE,,,,1
P01167,ananse,AN-C001167,Low,1.08155,1.056637,1.139407,0.058631,0.760394,ACTIVE,,,,0
P01168,ananse,AN-C001168,High,0.905135,1.100696,0.942235,0.311725,0.796429,ACTIVE,,,,0
P01169,ananse,AN-C001169,High,1.411296,0.813419,0.862452,0.544243,0.903962,ACTIVE,,,,3
P01170,ananse,AN-C001170,High,1.219237,1.124436,0.825988,0.2726,0.953652,ACTIVE,S04,Low,Multi-event,1
P01171,ananse,AN-C001171,Low,1.177614,0.857542,0.956084,0.418601,0.956061,ACTIVE,,,,0
P01172,ananse,AN-C001172,Low,0.917392,1.075876,0.961577,0.770549,0.877197,ACTIVE,,,,1
P01173,ananse,AN-C001173,Low,1.007417,0.942984,0.858034,0.159087,0.990589,ACTIVE,,,,0
P01174,ananse,AN-C001174,Low,1.095105,1.08277,0.88572,0.649637,0.835878,ACTIVE,,,,1
P01175,ananse,AN-C001175,Moderate,1.143187,0.780934,1.139225,0.669117,0.828606,ACTIVE,,,,2
P01176,ananse,AN-C001176,Moderate,0.86124,0.932144,1.076406,0.225718,0.848315,RAMP_UP,,,,1
P01177,ananse,AN-C001177,Very High,0.985097,0.909624,1.124546,0.954867,0.858586,ACTIVE,,,,0
P01178,ananse,AN-C001178,Low,1.098839,0.920486,1.124336,0.402518,0.806721,ACTIVE,,,,0
P01179,ananse,AN-C001179,High,1.031559,0.909088,1.011034,0.342573,0.848144,RAMP_UP,,,,0
P01180,ananse,AN-C001180,Very Low,1.032735,0.817328,0.960846,0.394346,0.772321,ACTIVE,,,,0
P01181,ananse,AN-C001181,Very Low,0.688004,0.793081,1.153407,0.281963,0.760133,REDUCED_ACTIVITY,,,,0
P01182,ananse,AN-C001182,Moderate,1.154131,0.804794,1.106185,0.212719,0.931852,REDUCED_ACTIVITY,,,,0
P01183,ananse,AN-C001183,Low,0.886236,1.035976,1.094559,0.726186,0.924311,ACTIVE,,,,0
P01184,ananse,AN-C001184,Very Low,1.57493,1.205916,1.143409,0.147288,0.944782,ACTIVE,,,,1
P01185,ananse,AN-C001185,Moderate,0.990724,0.761406,0.86547,0.106057,0.995907,ACTIVE,,,,0
P01186,ananse,AN-C001186,Moderate,0.990894,1.245936,0.951695,0.684151,0.975806,REDUCED_ACTIVITY,,,,1
P01187,ananse,AN-C001187,Moderate,0.565405,0.94199,0.968694,0.625094,0.751578,ACTIVE,,,,0
P01188,ananse,AN-C001188,High,1.369681,1.147793,0.813241,0.685715,0.919633,ACTIVE,,,,0
P01189,ananse,AN-C001189,Moderate,1.167029,0.939456,0.938231,0.391129,0.86629,ACTIVE,,,,0
P01190,ananse,AN-C001190,Moderate,0.818393,0.819263,0.861348,0.002028,0.909879,ACTIVE,,,,0
P01191,ananse,AN-C001191,Very Low,1.019583,1.207381,1.017369,0.937651,0.864792,RAMP_UP,,,,1
P01192,ananse,AN-C001192,Low,0.882876,0.978323,1.114197,0.437219,0.874334,INACTIVE,,,,0
P01193,ananse,AN-C001193,Very High,1.158229,0.813251,0.880678,0.884856,0.83271,ACTIVE,,,,2
P01194,ananse,AN-C001194,Moderate,1.271761,1.178103,1.136576,0.598622,0.865549,ACTIVE,,,,0
P01195,ananse,AN-C001195,Low,1.315038,1.184231,0.963661,0.536231,0.763714,ACTIVE,,,,0
P01196,ananse,AN-C001196,Low,1.090964,1.080444,0.874997,0.499024,0.765663,ACTIVE,,,,1
P01197,ananse,AN-C001197,Moderate,1.319908,1.049405,1.116907,0.679305,0.901715,ACTIVE,,,,1
P01198,ananse,AN-C001198,Low,1.460663,1.074546,1.101566,0.653403,0.977649,RAMP_UP,,,,3
P01199,ananse,AN-C001199,Low,1.069511,1.192974,1.044546,0.145986,0.863891,ACTIVE,,,,1
P01200,ananse,AN-C001200,Moderate,1.21025,1.191827,0.916941,0.634728,0.994297,ACTIVE,S10,Medium,Detectable,0
P01201,ananse,AN-C001201,Low,0.896269,0.830483,1.106712,0.915846,0.940403,ACTIVE,,,,0
P01202,ananse,AN-C001202,High,1.220646,0.968345,1.172161,0.707341,0.908118,ACTIVE,,,,0
P01203,ananse,AN-C001203,Moderate,1.273202,0.755121,0.93454,0.092004,0.965138,ACTIVE,,,,0
P01204,ananse,AN-C001204,Low,0.860297,0.925498,1.145666,0.566063,0.856533,ACTIVE,,,,0
P01205,ananse,AN-C001205,Low,0.732382,0.928899,1.132452,0.399874,0.899426,REDUCED_ACTIVITY,,,,1
P01206,ananse,AN-C001206,Low,0.998953,1.184629,0.83409,0.665201,0.870793,REDUCED_ACTIVITY,,,,1
P01207,ananse,AN-C001207,High,1.297912,0.901627,0.960264,0.545191,0.774332,ACTIVE,,,,0
P01208,ananse,AN-C001208,Very Low,0.850706,0.9661,1.175945,0.512073,0.843084,ACTIVE,,,,0
P01209,ananse,AN-C001209,Moderate,1.557653,1.092798,1.195515,0.866739,0.823581,REDUCED_ACTIVITY,,,,1
P01210,ananse,AN-C001210,Very High,0.920224,1.008212,0.847139,0.71984,0.992187,ACTIVE,,,,0
P01211,ananse,AN-C001211,Very Low,0.727891,1.121968,1.024542,0.018741,0.769824,ACTIVE,,,,0
P01212,ananse,AN-C001212,Very Low,0.787568,0.900466,0.939834,0.616816,0.817262,ACTIVE,,,,1
P01213,ananse,AN-C001213,Low,1.552003,1.155647,0.978765,0.419425,0.866832,ACTIVE,,,,0
P01214,ananse,AN-C001214,Low,0.946446,1.196209,1.082027,0.594095,0.956015,ACTIVE,,,,1
P01215,ananse,AN-C001215,Low,1.195273,0.763257,1.138441,0.899798,0.856495,ACTIVE,,,,2
P01216,ananse,AN-C001216,Low,0.785588,1.026256,1.106849,0.366943,0.864385,ACTIVE,,,,0
P01217,ananse,AN-C001217,Moderate,1.594407,1.209248,1.090244,0.841483,0.787752,ACTIVE,,,,0
P01218,ananse,AN-C001218,Moderate,0.954758,1.11995,0.972478,0.27539,0.829015,ACTIVE,,,,1
P01219,ananse,AN-C001219,Low,0.643145,1.103681,0.939197,0.14673,0.899472,INACTIVE,,,,0
P01220,ananse,AN-C001220,Low,1.071902,1.087616,0.959133,0.094684,0.763204,ACTIVE,,,,0
P01221,ananse,AN-C001221,Low,0.702344,1.038698,1.114383,0.305639,0.828225,REDUCED_ACTIVITY,,,,0
P01222,ananse,AN-C001222,Moderate,0.846995,1.191779,0.81508,0.333827,0.841627,INACTIVE,,,,1
P01223,ananse,AN-C001223,Moderate,1.343075,1.177386,1.011658,0.638092,0.977823,ACTIVE,,,,1
P01224,ananse,AN-C001224,Moderate,1.057545,0.986799,1.188131,0.409285,0.970559,ACTIVE,,,,0
P01225,ananse,AN-C001225,Moderate,0.799985,1.188921,0.974145,0.239744,0.883467,ACTIVE,,,,0
P01226,ananse,AN-C001226,Very Low,0.809016,0.753812,1.181004,0.888336,0.981969,ACTIVE,,,,1
P01227,ananse,AN-C001227,Moderate,1.115904,1.11203,1.113564,0.33101,0.782053,ACTIVE,,,,1
P01228,ananse,AN-C001228,Moderate,1.435233,0.849834,0.829444,0.221924,0.987114,ACTIVE,,,,1
P01229,ananse,AN-C001229,Very Low,0.977327,1.120722,1.198794,0.943528,0.906956,REDUCED_ACTIVITY,,,,1
P01230,ananse,AN-C001230,Low,1.048124,1.155302,1.176036,0.508133,0.914057,ACTIVE,,,,2
P01231,ananse,AN-C001231,Very Low,2.572416,0.83285,0.889372,0.456207,0.849508,ACTIVE,,,,1
P01232,ananse,AN-C001232,Very High,1.069426,0.981176,1.047095,0.519058,0.788252,ACTIVE,,,,1
P01233,ananse,AN-C001233,Low,0.510596,0.785236,1.08746,0.737883,0.841826,ACTIVE,,,,1
P01234,ananse,AN-C001234,Very Low,1.020789,0.875141,0.921977,0.48415,0.789273,ACTIVE,,,,1
P01235,ananse,AN-C001235,Very High,1.04829,1.123745,0.804918,0.851063,0.879116,INACTIVE,,,,0
P01236,ananse,AN-C001236,Moderate,0.769473,1.073771,0.938556,0.63987,0.876649,REDUCED_ACTIVITY,,,,0
P01237,ananse,AN-C001237,Low,0.964107,0.790703,1.19439,0.938936,0.988503,ACTIVE,,,,0
P01238,ananse,AN-C001238,High,1.256924,0.846948,0.85662,0.97263,0.871905,ACTIVE,,,,0
P01239,ananse,AN-C001239,Moderate,0.829527,0.820832,0.932274,0.255519,0.888681,ACTIVE,,,,1
P01240,ananse,AN-C001240,Moderate,1.144748,1.056193,0.919059,0.353062,0.87706,ACTIVE,,,,0
P01241,ananse,AN-C001241,Moderate,1.050905,0.849008,1.02084,0.151516,0.924399,ACTIVE,,,,1
P01242,ananse,AN-C001242,High,0.907499,0.832483,0.951691,0.734871,0.83333,ACTIVE,,,,1
P01243,ananse,AN-C001243,Low,0.92009,1.195398,1.024219,0.369794,0.960485,ACTIVE,,,,0
P01244,ananse,AN-C001244,Moderate,0.97231,1.151082,0.923297,0.759195,0.948636,INACTIVE,,,,1
P01245,ananse,AN-C001245,Very High,0.818187,0.970474,1.106783,0.274969,0.90278,ACTIVE,S11,Low,Contextual,0
P01246,ananse,AN-C001246,Very Low,1.719057,0.860301,0.950443,0.74206,0.754337,ACTIVE,,,,0
P01247,ananse,AN-C001247,Low,1.341527,0.801963,0.880566,0.094725,0.791043,REDUCED_ACTIVITY,,,,0
P01248,ananse,AN-C001248,Low,0.727999,0.969393,1.1947,0.212742,0.874056,RAMP_UP,,,,1
P01249,ananse,AN-C001249,High,0.771223,0.933184,0.957448,0.108822,0.817984,ACTIVE,,,,1
P01250,ananse,AN-C001250,Very Low,0.924451,1.097011,1.127627,0.748952,0.814223,ACTIVE,,,,0
P01251,ananse,AN-C001251,Low,1.483686,0.818921,1.135602,0.701385,0.94746,ACTIVE,,,,0
P01252,ananse,AN-C001252,Moderate,0.922167,1.093392,1.017274,0.710197,0.76682,ACTIVE,,,,0
P01253,ananse,AN-C001253,Very Low,0.877358,0.848831,0.859382,0.992829,0.820906,ACTIVE,,,,1
P01254,ananse,AN-C001254,Moderate,0.893405,0.819669,0.970222,0.893212,0.753911,ACTIVE,,,,0
P01255,ananse,AN-C001255,Very Low,1.205508,0.846744,1.15935,0.270257,0.9427,ACTIVE,,,,0
P01256,ananse,AN-C001256,Low,0.921459,0.797186,0.988876,0.855059,0.810711,ACTIVE,,,,0
P01257,ananse,AN-C001257,Moderate,0.673227,1.108333,1.014081,0.383493,0.895242,REDUCED_ACTIVITY,S05,Medium,Contextual,2
P01258,ananse,AN-C001258,Low,0.984877,1.210537,0.816033,0.535516,0.979338,ACTIVE,,,,1
P01259,ananse,AN-C001259,Moderate,1.043817,0.98918,0.904316,0.296951,0.963308,ACTIVE,,,,0
P01260,ananse,AN-C001260,High,1.084931,1.059637,1.169472,0.603751,0.929923,ACTIVE,,,,2
P01261,ananse,AN-C001261,Moderate,0.699242,0.813593,1.193488,0.878932,0.92523,RAMP_UP,,,,0
P01262,ananse,AN-C001262,Moderate,1.176204,0.758409,0.949117,0.041036,0.832393,ACTIVE,,,,0
P01263,ananse,AN-C001263,Low,1.01456,0.823997,0.974251,0.108675,0.818511,ACTIVE,,,,0
P01264,ananse,AN-C001264,Very Low,1.146472,1.099669,1.036911,0.070518,0.956325,ACTIVE,,,,0
P01265,ananse,AN-C001265,Very High,0.841761,1.060043,0.944286,0.458601,0.763633,ACTIVE,,,,0
P01266,ananse,AN-C001266,Very High,1.286269,0.983685,0.846856,0.775012,0.778335,RAMP_UP,,,,1
P01267,ananse,AN-C001267,Low,1.427011,0.766949,1.127163,0.632166,0.919534,ACTIVE,,,,0
P01268,ananse,AN-C001268,High,1.313748,1.033325,0.973982,0.621476,0.90164,ACTIVE,,,,0
P01269,ananse,AN-C001269,Moderate,1.148904,1.199894,1.015796,0.0594,0.920858,ACTIVE,,,,0
P01270,ananse,AN-C001270,High,1.48433,1.205508,1.177558,0.520595,0.923545,ACTIVE,,,,1
P01271,ananse,AN-C001271,Very Low,1.015922,0.810164,1.062789,0.140703,0.867431,REDUCED_ACTIVITY,,,,1
P01272,ananse,AN-C001272,High,1.076031,1.019857,0.836413,0.536949,0.912527,ACTIVE,,,,0
P01273,ananse,AN-C001273,Low,0.763055,0.962261,0.893236,0.943325,0.989867,ACTIVE,,,,1
P01274,ananse,AN-C001274,High,1.083293,0.888946,0.940437,0.154228,0.879313,ACTIVE,,,,1
P01275,ananse,AN-C001275,Moderate,1.063497,0.753609,1.046071,0.053648,0.772028,ACTIVE,,,,3
P01276,ananse,AN-C001276,Moderate,1.181615,1.203301,1.176521,0.968737,0.973153,INACTIVE,,,,1
P01277,ananse,AN-C001277,Moderate,1.150182,0.900229,0.828413,0.490256,0.978281,ACTIVE,,,,1
P01278,ananse,AN-C001278,Very Low,0.917088,0.845279,0.997424,0.280873,0.919179,ACTIVE,,,,1
P01279,ananse,AN-C001279,Moderate,1.176893,0.923729,0.806545,0.253547,0.810368,ACTIVE,,,,0
P01280,ananse,AN-C001280,Very Low,0.872891,1.217029,0.910742,0.335086,0.904355,ACTIVE,,,,0
P01281,ananse,AN-C001281,Very Low,1.167493,1.050788,0.855177,0.674314,0.968197,ACTIVE,,,,1
P01282,ananse,AN-C001282,High,0.937101,0.84144,1.138971,0.132904,0.875878,ACTIVE,,,,0
P01283,ananse,AN-C001283,Moderate,1.518715,0.78149,0.836331,0.627666,0.897186,REDUCED_ACTIVITY,,,,1
P01284,ananse,AN-C001284,Very Low,0.734802,1.11389,0.859033,0.949931,0.926246,ACTIVE,,,,0
P01285,ananse,AN-C001285,Low,1.085685,0.887426,0.807723,0.084068,0.830427,ACTIVE,,,,0
P01286,ananse,AN-C001286,Moderate,1.233043,1.215905,0.857537,0.079267,0.932159,ACTIVE,S01,Medium,Contextual,0
P01287,ananse,AN-C001287,Moderate,1.021494,0.79299,1.136523,0.683369,0.968617,REDUCED_ACTIVITY,,,,2
P01288,ananse,AN-C001288,Low,0.909342,1.037795,0.904139,0.474833,0.875965,ACTIVE,,,,0
P01289,ananse,AN-C001289,Moderate,1.328148,1.185405,1.149883,0.982235,0.870745,ACTIVE,,,,2
P01290,ananse,AN-C001290,Low,0.895714,0.976665,1.080491,0.561281,0.935007,RAMP_UP,S15,Low,Contextual,0
P01291,ananse,AN-C001291,Moderate,0.886488,1.047144,0.8908,0.418674,0.892718,ACTIVE,,,,0
P01292,ananse,AN-C001292,Moderate,0.982771,0.849649,0.874738,0.810735,0.965836,ACTIVE,,,,1
P01293,ananse,AN-C001293,Very Low,0.70584,1.211641,1.084165,0.483791,0.996324,ACTIVE,,,,0
P01294,ananse,AN-C001294,Low,0.992467,0.929097,0.989928,0.776779,0.888674,ACTIVE,,,,1
P01295,ananse,AN-C001295,Moderate,1.05293,0.760013,1.107967,0.70178,0.787544,ACTIVE,,,,0
P01296,ananse,AN-C001296,High,1.829351,1.048486,1.077319,0.110379,0.958258,ACTIVE,,,,2
P01297,ananse,AN-C001297,Moderate,1.005825,0.806662,1.010648,0.510167,0.809484,ACTIVE,,,,2
P01298,ananse,AN-C001298,Moderate,1.412797,1.109147,0.91043,0.889728,0.951553,ACTIVE,,,,0
P01299,ananse,AN-C001299,High,1.140295,0.835974,1.088043,0.643807,0.779439,ACTIVE,,,,0
P01300,ananse,AN-C001300,High,0.729307,0.761665,0.926794,0.798865,0.89133,ACTIVE,,,,1
P01301,ananse,AN-C001301,Very Low,1.383576,1.089756,1.149683,0.437095,0.809877,ACTIVE,,,,1
P01302,ananse,AN-C001302,Moderate,1.038788,0.856048,0.96258,0.533845,0.770664,ACTIVE,,,,1
P01303,ananse,AN-C001303,Moderate,0.957578,1.115917,1.133517,0.583693,0.900917,ACTIVE,,,,1
P01304,ananse,AN-C001304,Moderate,1.391796,1.249449,0.861782,0.529717,0.914463,ACTIVE,,,,1
P01305,ananse,AN-C001305,Moderate,0.691735,1.187029,1.17642,0.215369,0.942573,RAMP_UP,,,,0
P01306,ananse,AN-C001306,Very Low,0.97274,1.004045,0.80618,0.469127,0.945773,RAMP_UP,,,,1
P01307,ananse,AN-C001307,Moderate,0.995285,1.028123,1.116533,0.489426,0.889445,RAMP_UP,,,,0
P01308,ananse,AN-C001308,Moderate,0.810191,1.019018,0.860363,0.569516,0.904451,ACTIVE,,,,0
P01309,ananse,AN-C001309,Low,0.690395,0.822241,1.011611,0.963341,0.865452,ACTIVE,,,,0
P01310,ananse,AN-C001310,Low,1.208801,1.129454,0.830949,0.035749,0.76471,ACTIVE,,,,1
P01311,ananse,AN-C001311,Very Low,1.201025,0.791182,0.801667,0.529606,0.762233,ACTIVE,,,,0
P01312,ananse,AN-C001312,Moderate,0.737557,1.247955,1.096011,0.507574,0.998569,ACTIVE,,,,0
P01313,ananse,AN-C001313,Low,1.030774,1.221587,0.855995,0.067378,0.831554,REDUCED_ACTIVITY,,,,1
P01314,ananse,AN-C001314,Moderate,1.188088,1.17623,1.036844,0.362778,0.949472,INACTIVE,,,,1
P01315,ananse,AN-C001315,Very Low,0.901962,1.224113,0.836261,0.5986,0.849349,ACTIVE,,,,0
P01316,ananse,AN-C001316,Moderate,1.206936,1.064457,1.086845,0.79947,0.808602,ACTIVE,,,,1
P01317,ananse,AN-C001317,Moderate,0.483228,1.168071,0.925662,0.957248,0.982074,ACTIVE,,,,0
P01318,ananse,AN-C001318,Low,1.317404,1.003948,1.038926,0.834402,0.88554,RAMP_UP,,,,0
P01319,ananse,AN-C001319,Moderate,0.803787,1.165647,0.862191,0.12662,0.820215,INACTIVE,,,,0
P01320,ananse,AN-C001320,Moderate,0.806788,1.039443,1.134136,0.628043,0.87682,ACTIVE,,,,1
P01321,ananse,AN-C001321,Very High,0.740682,1.063364,0.8262,0.239757,0.990218,ACTIVE,,,,2
P01322,ananse,AN-C001322,Low,1.109761,0.831026,0.943155,0.93948,0.927623,ACTIVE,,,,1
P01323,ananse,AN-C001323,Low,1.029016,0.935752,0.907914,0.21333,0.850074,ACTIVE,,,,0
P01324,ananse,AN-C001324,Low,1.291998,0.924516,1.127439,0.220276,0.765763,REDUCED_ACTIVITY,,,,2
P01325,ananse,AN-C001325,Moderate,1.097933,0.98094,1.053084,0.453622,0.879033,ACTIVE,,,,0
P01326,ananse,AN-C001326,Very Low,0.920801,0.969275,0.81966,0.555584,0.801481,REDUCED_ACTIVITY,,,,1
P01327,ananse,AN-C001327,Very Low,1.237314,1.006618,1.03584,0.958137,0.899599,ACTIVE,,,,1
P01328,ananse,AN-C001328,Moderate,0.857198,0.925551,0.901096,0.698101,0.948688,ACTIVE,,,,0
P01329,ananse,AN-C001329,Moderate,1.021124,0.796282,0.903214,0.737496,0.799097,ACTIVE,,,,1
P01330,ananse,AN-C001330,Low,0.789517,0.80391,1.199764,0.729817,0.981674,ACTIVE,,,,1
P01331,ananse,AN-C001331,High,1.107447,0.88538,0.888684,0.029001,0.963159,ACTIVE,,,,0
P01332,ananse,AN-C001332,Moderate,1.10993,0.795135,0.860584,0.685507,0.823566,RAMP_UP,,,,0
P01333,ananse,AN-C001333,Very High,1.26197,1.048071,1.174136,0.827923,0.942744,REDUCED_ACTIVITY,,,,1
P01334,ananse,AN-C001334,Moderate,0.656083,0.761261,0.900138,0.07989,0.805272,ACTIVE,,,,0
P01335,ananse,AN-C001335,Moderate,1.830018,0.85211,0.806803,0.589102,0.981973,ACTIVE,,,,1
P01336,ananse,AN-C001336,High,1.028369,1.169497,0.878116,0.454424,0.924368,REDUCED_ACTIVITY,,,,0
P01337,ananse,AN-C001337,Very Low,1.213585,0.781,0.837621,0.372145,0.97401,REDUCED_ACTIVITY,,,,1
P01338,ananse,AN-C001338,High,0.780427,0.801277,1.08109,0.079235,0.799275,ACTIVE,,,,1
P01339,ananse,AN-C001339,Moderate,0.770945,0.96871,0.917993,0.226741,0.753889,RAMP_UP,,,,1
P01340,ananse,AN-C001340,Very High,1.095686,0.830478,0.881793,0.599528,0.914493,ACTIVE,,,,0
P01341,ananse,AN-C001341,Very High,1.205836,0.799614,0.947178,0.442529,0.956056,ACTIVE,,,,0
P01342,ananse,AN-C001342,Very Low,0.716675,0.882622,1.072094,0.235871,0.85804,ACTIVE,,,,1
P01343,ananse,AN-C001343,High,1.178957,0.816819,0.955919,0.557647,0.851324,ACTIVE,S15,Low,Contextual,0
P01344,ananse,AN-C001344,Moderate,0.991166,0.895171,1.029394,0.645435,0.959751,ACTIVE,,,,1
P01345,ananse,AN-C001345,Very High,0.777021,0.996568,1.079786,0.611299,0.883098,REDUCED_ACTIVITY,S05,Low,Cross-institution,0
P01346,ananse,AN-C001346,Low,0.675556,1.059557,0.942137,0.202351,0.877128,ACTIVE,,,,0
P01347,ananse,AN-C001347,Very Low,0.709226,0.938447,1.02229,0.185402,0.907533,ACTIVE,,,,1
P01348,ananse,AN-C001348,Moderate,1.001592,1.145717,1.139421,0.220182,0.989852,ACTIVE,,,,1
P01349,ananse,AN-C001349,High,1.360702,0.9397,0.876155,0.934712,0.962113,ACTIVE,,,,1
P01350,ananse,AN-C001350,High,0.901697,0.84107,1.088574,0.139896,0.944469,ACTIVE,,,,0
P01351,ananse,AN-C001351,Very Low,1.191038,0.884002,1.083647,0.381373,0.793667,ACTIVE,,,,2
P01352,ananse,AN-C001352,Moderate,0.872925,0.908498,0.890258,0.645559,0.95461,REDUCED_ACTIVITY,,,,1
P01353,ananse,AN-C001353,Low,1.027465,1.04288,0.853223,0.772242,0.90929,INACTIVE,,,,0
P01354,ananse,AN-C001354,Very Low,1.332939,1.026557,0.876487,0.326064,0.86443,ACTIVE,,,,1
P01355,ananse,AN-C001355,Moderate,1.076574,1.172268,0.82248,0.737064,0.975976,ACTIVE,,,,1
P01356,ananse,AN-C001356,High,1.406722,1.124413,0.831546,0.427192,0.928711,ACTIVE,,,,1
P01357,ananse,AN-C001357,Moderate,0.915777,0.830894,1.198106,0.743452,0.982056,ACTIVE,,,,0
P01358,ananse,AN-C001358,Low,1.758171,1.117085,0.990833,0.100122,0.909529,ACTIVE,,,,0
P01359,ananse,AN-C001359,Moderate,0.989392,0.882348,1.009745,0.46703,0.984764,RAMP_UP,,,,0
P01360,ananse,AN-C001360,Low,1.410744,1.010583,0.999747,0.506152,0.902309,ACTIVE,,,,0
P01361,ananse,AN-C001361,Very Low,0.833393,0.978062,0.937334,0.064086,0.999616,REDUCED_ACTIVITY,,,,1
P01362,ananse,AN-C001362,Moderate,0.863014,0.940444,1.163485,0.096457,0.946462,ACTIVE,,,,0
P01363,ananse,AN-C001363,Low,1.102623,1.245178,1.030778,0.520152,0.894659,ACTIVE,,,,1
P01364,ananse,AN-C001364,Low,1.118996,1.096541,0.876276,0.162442,0.921421,ACTIVE,,,,0
P01365,ananse,AN-C001365,Low,1.041342,0.846077,1.071047,0.183794,0.751941,ACTIVE,,,,0
P01366,ananse,AN-C001366,Moderate,1.140091,1.21149,1.095302,0.051964,0.855308,INACTIVE,,,,0
P01367,ananse,AN-C001367,Low,1.000934,0.883261,1.07749,0.907297,0.851888,REDUCED_ACTIVITY,,,,1
P01368,ananse,AN-C001368,Very High,0.977389,1.234519,0.812375,0.242268,0.854437,ACTIVE,,,,0
P01369,ananse,AN-C001369,Low,1.121842,1.207302,0.906812,0.795456,0.98974,ACTIVE,,,,1
P01370,ananse,AN-C001370,Low,1.03729,1.237745,1.192022,0.504247,0.822422,ACTIVE,,,,2
P01371,ananse,AN-C001371,Moderate,1.18989,1.174699,0.894308,0.488464,0.883346,ACTIVE,,,,2
P01372,ananse,AN-C001372,Low,0.911759,0.765385,0.975804,0.368755,0.852267,ACTIVE,,,,0
P01373,ananse,AN-C001373,Low,0.712645,0.760227,0.940352,0.463493,0.86197,ACTIVE,,,,0
P01374,ananse,AN-C001374,Low,1.182021,0.849651,0.999281,0.684009,0.958023,ACTIVE,,,,0
P01375,ananse,AN-C001375,Moderate,0.914412,0.874774,1.006437,0.13957,0.997466,ACTIVE,,,,0
P01376,ananse,AN-C001376,Moderate,0.82377,0.84815,1.020387,0.020218,0.820544,ACTIVE,,,,0
P01377,ananse,AN-C001377,Very Low,0.731483,0.864974,1.023466,0.230815,0.972153,ACTIVE,,,,0
P01378,ananse,AN-C001378,Low,0.715443,1.000868,1.092384,0.052941,0.818578,ACTIVE,,,,1
P01379,ananse,AN-C001379,Moderate,0.78349,0.987978,0.856114,0.401053,0.763671,INACTIVE,,,,1
P01380,ananse,AN-C001380,Low,0.864254,0.755368,0.808909,0.642602,0.975885,ACTIVE,,,,1
P01381,ananse,AN-C001381,Moderate,0.962508,0.90251,0.810098,0.960685,0.891612,ACTIVE,,,,0
P01382,ananse,AN-C001382,Low,1.233705,0.861902,1.015674,0.229636,0.797114,ACTIVE,,,,2
P01383,ananse,AN-C001383,Moderate,1.317242,1.223395,1.067499,0.460247,0.900645,ACTIVE,,,,1
P01384,ananse,AN-C001384,Moderate,0.779284,1.037643,1.109348,0.718371,0.830844,REDUCED_ACTIVITY,,,,0
P01385,ananse,AN-C001385,Very High,1.004499,1.010098,0.903282,0.815045,0.84448,ACTIVE,S08,Low,Multi-event,1
P01386,ananse,AN-C001386,Very Low,1.394563,1.097112,1.187187,0.775724,0.96297,ACTIVE,,,,0
P01387,ananse,AN-C001387,High,0.572744,1.132815,0.841344,0.711876,0.854238,RAMP_UP,,,,0
P01388,ananse,AN-C001388,Moderate,0.607114,1.055297,0.919757,0.896587,0.844401,ACTIVE,,,,2
P01389,ananse,AN-C001389,Low,1.26872,0.905184,0.956911,0.201329,0.824577,RAMP_UP,,,,1
P01390,ananse,AN-C001390,Very High,0.71863,0.772862,1.190856,0.490576,0.952415,ACTIVE,,,,0
P01391,ananse,AN-C001391,Low,0.894042,1.248476,0.933213,0.168513,0.77339,ACTIVE,,,,0
P01392,ananse,AN-C001392,High,0.849625,0.918512,1.020775,0.410747,0.80678,ACTIVE,,,,2
P01393,ananse,AN-C001393,High,0.885063,1.069078,0.844742,0.48307,0.861407,INACTIVE,,,,0
P01394,ananse,AN-C001394,Low,1.015771,1.086333,1.039377,0.619221,0.863361,ACTIVE,,,,0
P01395,ananse,AN-C001395,Low,1.204549,1.237977,1.136246,0.323583,0.881117,RAMP_UP,,,,0
P01396,ananse,AN-C001396,Very High,0.89152,1.202093,0.980722,0.701144,0.777778,ACTIVE,,,,1
P01397,ananse,AN-C001397,Low,0.796756,1.214545,0.942751,0.768747,0.908492,ACTIVE,,,,1
P01398,ananse,AN-C001398,Very High,0.889763,1.034072,0.860904,0.070959,0.767361,REDUCED_ACTIVITY,,,,1
P01399,ananse,AN-C001399,Moderate,1.296724,1.106841,0.977342,0.588338,0.766423,RAMP_UP,,,,2
P01400,ananse,AN-C001400,Moderate,1.346507,0.75393,1.053087,0.735366,0.785251,ACTIVE,,,,1
P01401,ananse,AN-C001401,High,0.962629,0.887777,0.933178,0.959934,0.99357,ACTIVE,,,,0
P01402,ananse,AN-C001402,Moderate,0.765095,0.922853,1.010508,0.314648,0.865549,ACTIVE,,,,0
P01403,ananse,AN-C001403,Moderate,0.844936,1.108234,1.004518,0.50884,0.78858,ACTIVE,,,,1
P01404,ananse,AN-C001404,Low,1.037818,0.822207,1.180176,0.516495,0.81762,ACTIVE,,,,1
P01405,ananse,AN-C001405,Moderate,1.549979,0.881721,0.993384,0.464026,0.949051,ACTIVE,,,,0
P01406,ananse,AN-C001406,Moderate,0.490244,0.932291,1.019845,0.407538,0.924169,ACTIVE,,,,0
P01407,ananse,AN-C001407,Moderate,0.885732,1.094844,1.095276,0.284961,0.870508,RAMP_UP,,,,0
P01408,ananse,AN-C001408,Low,0.857628,1.081037,0.918667,0.662451,0.761163,ACTIVE,,,,1
P01409,ananse,AN-C001409,Low,0.862637,1.141738,0.988314,0.240273,0.806932,ACTIVE,,,,0
P01410,ananse,AN-C001410,High,0.971955,1.159624,0.945831,0.805778,0.967475,ACTIVE,,,,2
P01411,ananse,AN-C001411,Low,1.206385,1.093253,0.931291,0.090765,0.863282,ACTIVE,,,,0
P01412,ananse,AN-C001412,Moderate,1.316631,1.073906,0.981951,0.224137,0.973725,ACTIVE,,,,1
P01413,ananse,AN-C001413,Very High,0.757157,1.047144,1.114933,0.264969,0.877385,REDUCED_ACTIVITY,,,,0
P01414,ananse,AN-C001414,Low,1.554114,0.816592,0.826451,0.369028,0.997778,ACTIVE,,,,0
P01415,ananse,AN-C001415,Moderate,1.577136,1.131231,0.934569,0.317515,0.751413,ACTIVE,,,,3
P01416,ananse,AN-C001416,Very Low,1.317586,0.890529,0.95616,0.473012,0.918312,ACTIVE,,,,0
P01417,ananse,AN-C001417,Low,1.43542,0.995175,1.073737,0.263922,0.882788,REDUCED_ACTIVITY,,,,3
P01418,ananse,AN-C001418,Low,0.849249,1.22477,1.094958,0.717722,0.966059,ACTIVE,,,,2
P01419,ananse,AN-C001419,Moderate,1.270657,0.844221,0.848364,0.58684,0.805281,REDUCED_ACTIVITY,,,,1
P01420,ananse,AN-C001420,Low,1.178874,1.142121,0.979088,0.370287,0.9269,RAMP_UP,S09,Medium,Multi-event,0
P01421,ananse,AN-C001421,High,0.863479,0.839137,1.16705,0.864763,0.97969,ACTIVE,,,,0
P01422,ananse,AN-C001422,High,1.317608,0.923514,0.829569,0.516168,0.874498,ACTIVE,,,,3
P01423,ananse,AN-C001423,High,0.676814,0.813572,0.997222,0.103504,0.843089,ACTIVE,,,,0
P01424,ananse,AN-C001424,High,0.974811,0.887598,1.097462,0.60211,0.872669,REDUCED_ACTIVITY,,,,0
P01425,ananse,AN-C001425,Low,0.681959,1.103715,1.03601,0.105454,0.852769,ACTIVE,,,,0
P01426,ananse,AN-C001426,Low,1.300262,1.094941,1.047569,0.725437,0.882945,ACTIVE,,,,0
P01427,ananse,AN-C001427,Low,1.623274,1.141981,1.018938,0.697844,0.939618,ACTIVE,,,,2
P01428,ananse,AN-C001428,Moderate,0.729805,0.990113,0.834852,0.755046,0.813796,INACTIVE,,,,1
P01429,ananse,AN-C001429,Low,1.315619,1.157733,1.023504,0.185313,0.839997,ACTIVE,,,,1
P01430,ananse,AN-C001430,Moderate,0.844232,1.181923,0.87868,0.152159,0.86343,ACTIVE,,,,0
P01431,ananse,AN-C001431,Low,1.403165,0.754652,0.922895,0.509356,0.885963,RAMP_UP,,,,0
P01432,ananse,AN-C001432,Low,1.67402,0.813486,1.010169,0.105556,0.988951,ACTIVE,S09,Medium,Cross-institution,0
P01433,ananse,AN-C001433,Very Low,0.795496,0.786917,1.017465,0.728319,0.911421,ACTIVE,,,,1
P01434,ananse,AN-C001434,Moderate,0.930536,1.147939,1.171227,0.125411,0.928284,ACTIVE,,,,0
P01435,ananse,AN-C001435,Moderate,0.727238,1.100653,0.993269,0.743687,0.907715,ACTIVE,S09,Low,Contextual,0
P01436,ananse,AN-C001436,Very High,1.223281,1.222442,1.080537,0.820496,0.7533,ACTIVE,,,,1
P01437,ananse,AN-C001437,Low,1.40506,1.052459,1.159014,0.105008,0.824978,REDUCED_ACTIVITY,,,,0
P01438,ananse,AN-C001438,Low,1.085538,1.216836,1.095898,0.295781,0.78959,REDUCED_ACTIVITY,S11,Low,Detectable,0
P01439,ananse,AN-C001439,Very High,1.400444,0.826901,1.013694,0.097964,0.765536,REDUCED_ACTIVITY,,,,1
P01440,ananse,AN-C001440,Very Low,1.437975,0.898992,1.004918,0.91023,0.993064,ACTIVE,,,,1
P01441,ananse,AN-C001441,High,1.066896,0.998232,0.932446,0.285934,0.877491,INACTIVE,S03,Extreme,Detectable,0
P01442,ananse,AN-C001442,Very High,1.040969,0.794662,0.814551,0.242499,0.86641,ACTIVE,,,,0
P01443,ananse,AN-C001443,Moderate,0.878673,0.824662,0.855566,0.998552,0.979862,REDUCED_ACTIVITY,,,,0
P01444,ananse,AN-C001444,Moderate,1.150855,0.886535,1.152873,0.170815,0.84176,ACTIVE,,,,1
P01445,ananse,AN-C001445,Low,1.147811,0.751192,1.096939,0.961357,0.889952,ACTIVE,,,,0
P01446,ananse,AN-C001446,High,1.181088,0.927996,1.073452,0.875635,0.823041,ACTIVE,S10,Low,Detectable,2
P01447,ananse,AN-C001447,Very Low,1.405422,0.946971,0.922414,0.944507,0.791627,REDUCED_ACTIVITY,,,,0
P01448,ananse,AN-C001448,Very Low,1.356651,1.237702,1.028965,0.386652,0.882979,ACTIVE,,,,1
P01449,ananse,AN-C001449,Moderate,0.990488,0.940648,0.835316,0.257821,0.890366,ACTIVE,,,,0
P01450,ananse,AN-C001450,Moderate,0.988586,1.075215,1.030042,0.72423,0.828644,INACTIVE,,,,1
P01451,ananse,AN-C001451,Low,0.705192,0.954798,1.18728,0.793345,0.859513,ACTIVE,,,,1
P01452,ananse,AN-C001452,Moderate,1.050086,0.898364,1.121431,0.068082,0.998678,ACTIVE,,,,1
P01453,ananse,AN-C001453,Moderate,0.678789,1.015111,0.904271,0.291816,0.94312,ACTIVE,,,,0
P01454,ananse,AN-C001454,Low,0.922592,1.083603,0.953077,0.213296,0.955659,ACTIVE,,,,1
P01455,ananse,AN-C001455,Moderate,1.099508,0.875476,1.133173,0.021832,0.931957,ACTIVE,,,,1
P01456,ananse,AN-C001456,High,1.251442,0.794236,0.939084,0.363981,0.90285,REDUCED_ACTIVITY,,,,1
P01457,ananse,AN-C001457,Moderate,0.806271,1.239702,0.964946,0.634444,0.921649,ACTIVE,,,,0
P01458,ananse,AN-C001458,Moderate,1.174701,0.805423,0.806168,0.184655,0.837497,ACTIVE,,,,0
P01459,ananse,AN-C001459,Low,1.167488,0.997128,0.973395,0.731177,0.936408,REDUCED_ACTIVITY,,,,0
P01460,ananse,AN-C001460,Very Low,0.724557,1.184212,1.077165,0.477798,0.876776,ACTIVE,,,,0
P01461,ananse,AN-C001461,Low,0.892029,1.146142,0.83431,0.281317,0.955641,ACTIVE,,,,2
P01462,ananse,AN-C001462,Low,0.692576,1.153464,1.051034,0.7319,0.787431,ACTIVE,,,,0
P01463,ananse,AN-C001463,Moderate,1.078314,1.247406,1.083826,0.575743,0.816913,ACTIVE,,,,0
P01464,ananse,AN-C001464,Very High,0.779105,0.78504,1.031426,0.452454,0.828505,ACTIVE,,,,0
P01465,ananse,AN-C001465,Moderate,1.168101,1.218141,1.026375,0.266172,0.931077,ACTIVE,,,,0
P01466,ananse,AN-C001466,High,1.24102,1.191592,1.081425,0.278442,0.957528,ACTIVE,,,,1
P01467,ananse,AN-C001467,Moderate,1.021997,0.876796,1.012959,0.868731,0.769437,ACTIVE,,,,2
P01468,ananse,AN-C001468,Moderate,1.082154,0.828908,0.911476,0.067917,0.907155,ACTIVE,,,,0
P01469,ananse,AN-C001469,Very Low,1.351431,0.84785,0.840398,0.475885,0.900122,ACTIVE,,,,2
P01470,ananse,AN-C001470,Very Low,0.993771,0.944999,1.115489,0.078751,0.971659,ACTIVE,,,,0
P01471,ananse,AN-C001471,Moderate,1.124799,1.120901,0.927497,0.637769,0.858429,REDUCED_ACTIVITY,,,,1
P01472,ananse,AN-C001472,Low,1.508373,0.997757,0.93668,0.57253,0.762208,ACTIVE,,,,0
P01473,ananse,AN-C001473,Moderate,0.887883,1.042735,0.928062,0.805105,0.776814,INACTIVE,,,,0
P01474,ananse,AN-C001474,Very Low,0.960833,0.883774,1.116207,0.998758,0.886192,ACTIVE,,,,3
P01475,ananse,AN-C001475,Low,1.058766,0.947488,0.89691,0.768795,0.841954,REDUCED_ACTIVITY,,,,0
P01476,ananse,AN-C001476,Low,1.430227,0.768179,1.092589,0.675819,0.778307,ACTIVE,,,,0
P01477,ananse,AN-C001477,Low,1.208159,1.217262,0.925402,0.068958,0.849464,ACTIVE,,,,1
P01478,ananse,AN-C001478,Moderate,1.35885,1.140265,0.949755,0.698417,0.821743,ACTIVE,,,,1
P01479,ananse,AN-C001479,Moderate,0.848434,0.794851,0.998293,0.162653,0.963732,ACTIVE,S01,Medium,Contextual,1
P01480,ananse,AN-C001480,Moderate,1.055462,0.995659,1.006556,0.22485,0.833956,ACTIVE,,,,3
P01481,ananse,AN-C001481,Moderate,1.165956,1.084652,1.110088,0.248611,0.950771,ACTIVE,,,,0
P01482,ananse,AN-C001482,Very Low,0.927706,1.117685,0.898052,0.801536,0.858882,ACTIVE,,,,0
P01483,ananse,AN-C001483,Moderate,1.129158,1.008543,0.847677,0.638468,0.757916,ACTIVE,,,,2
P01484,ananse,AN-C001484,Low,0.937674,1.095558,0.987025,0.433012,0.889221,ACTIVE,,,,2
P01485,ananse,AN-C001485,Moderate,0.937335,1.103819,1.006685,0.945448,0.767126,REDUCED_ACTIVITY,,,,0
P01486,ananse,AN-C001486,Low,1.013481,0.927273,1.193745,0.830217,0.794261,ACTIVE,,,,1
P01487,ananse,AN-C001487,Moderate,1.323283,0.859775,0.994288,0.064855,0.814781,ACTIVE,,,,0
P01488,ananse,AN-C001488,Moderate,1.280225,1.193096,1.064314,0.496913,0.852284,INACTIVE,,,,1
P01489,ananse,AN-C001489,High,0.833852,0.791974,1.099788,0.477406,0.940304,ACTIVE,,,,1
P01490,ananse,AN-C001490,High,0.846959,0.782416,1.019317,0.571363,0.925544,ACTIVE,,,,0
P01491,ananse,AN-C001491,Moderate,0.704371,1.178761,0.822152,0.758433,0.79686,ACTIVE,,,,0
P01492,ananse,AN-C001492,Low,0.739557,1.132032,0.978,0.472026,0.979202,ACTIVE,,,,0
P01493,ananse,AN-C001493,Low,0.778228,1.032458,1.027026,0.839989,0.758549,ACTIVE,,,,2
P01494,ananse,AN-C001494,Low,0.882565,1.006086,1.198248,0.053042,0.858747,ACTIVE,,,,1
P01495,ananse,AN-C001495,Moderate,0.775751,0.970246,1.148145,0.098922,0.759777,ACTIVE,,,,0
P01496,ananse,AN-C001496,Low,1.199081,1.01419,1.16926,0.750911,0.908531,ACTIVE,,,,0
P01497,ananse,AN-C001497,Low,0.807562,1.103318,0.931782,0.04265,0.936526,ACTIVE,,,,1
P01498,ananse,AN-C001498,Moderate,1.240985,1.093551,1.011425,0.995682,0.910307,ACTIVE,,,,1
P01499,ananse,AN-C001499,Very Low,0.881545,0.876904,1.15398,0.638243,0.978664,ACTIVE,,,,1
P01500,ananse,AN-C001500,Moderate,0.848937,1.060683,0.95392,0.29767,0.950879,ACTIVE,S14,High,Multi-event,0
P01501,ananse,AN-C001501,Moderate,1.092876,0.824281,0.810652,0.343081,0.769719,ACTIVE,,,,1
P01502,ananse,AN-C001502,High,1.019846,0.788288,0.893208,0.718305,0.866318,ACTIVE,,,,1
P01503,ananse,AN-C001503,Low,1.109548,0.937027,1.18651,0.710358,0.956166,REDUCED_ACTIVITY,,,,0
P01504,ananse,AN-C001504,Very Low,0.81871,0.866234,0.998304,0.962325,0.937469,ACTIVE,,,,1
P01505,ananse,AN-C001505,Moderate,0.916137,0.831507,1.071089,0.567389,0.796825,ACTIVE,,,,2
P01506,ananse,AN-C001506,Very Low,0.942123,0.77601,1.190494,0.793944,0.774172,RAMP_UP,,,,3
P01507,ananse,AN-C001507,Low,0.859667,1.017388,0.854558,0.725632,0.905526,ACTIVE,,,,0
P01508,ananse,AN-C001508,Moderate,0.744942,1.000088,1.092484,0.303164,0.907617,ACTIVE,,,,0
P01509,ananse,AN-C001509,High,0.880594,1.226772,0.983494,0.702602,0.755833,ACTIVE,S14,Low,Contextual,1
P01510,ananse,AN-C001510,Moderate,0.903272,0.904188,1.178179,0.344987,0.761967,ACTIVE,,,,1
P01511,ananse,AN-C001511,Very Low,1.692153,1.248333,0.821854,0.122456,0.894258,ACTIVE,,,,0
P01512,ananse,AN-C001512,High,0.646114,1.032506,1.030885,0.091019,0.875974,ACTIVE,,,,0
P01513,ananse,AN-C001513,Moderate,1.024153,0.904608,1.195344,0.019671,0.751196,ACTIVE,,,,1
P01514,ananse,AN-C001514,High,1.278323,0.784179,1.069695,0.017168,0.98582,ACTIVE,,,,0
P01515,ananse,AN-C001515,Moderate,1.024412,1.230528,0.869157,0.528929,0.981424,INACTIVE,,,,0
P01516,ananse,AN-C001516,Moderate,1.077381,1.100257,0.908372,0.123419,0.902336,ACTIVE,,,,1
P01517,ananse,AN-C001517,Moderate,1.367813,1.174714,0.817991,0.175245,0.839126,ACTIVE,,,,1
P01518,ananse,AN-C001518,Very Low,0.819139,1.113372,0.906713,0.3176,0.96463,ACTIVE,,,,0
P01519,ananse,AN-C001519,Moderate,1.097187,0.968547,1.143653,0.564007,0.956432,ACTIVE,,,,0
P01520,ananse,AN-C001520,High,1.276269,1.131464,1.097134,0.763644,0.814087,ACTIVE,,,,0
P01521,ananse,AN-C001521,Moderate,1.270685,1.241801,1.100995,0.593368,0.994864,ACTIVE,,,,1
P01522,ananse,AN-C001522,Moderate,1.232956,0.94435,0.848167,0.072797,0.985252,ACTIVE,,,,1
P01523,ananse,AN-C001523,Very Low,1.064614,0.923917,0.911071,0.919979,0.805642,ACTIVE,,,,0
P01524,ananse,AN-C001524,Low,1.110308,0.973238,0.81995,0.206625,0.963404,RAMP_UP,,,,1
P01525,ananse,AN-C001525,Very Low,0.804893,1.00612,1.000092,0.65447,0.78699,ACTIVE,,,,0
P01526,ananse,AN-C001526,Low,1.411533,0.848947,1.033793,0.709418,0.980402,ACTIVE,,,,0
P01527,ananse,AN-C001527,Very Low,0.777471,0.82054,0.974524,0.594086,0.971598,INACTIVE,,,,1
P01528,ananse,AN-C001528,Moderate,0.519316,0.784216,1.129619,0.732111,0.75953,ACTIVE,,,,1
P01529,ananse,AN-C001529,Very Low,0.783522,0.952878,1.10907,0.766426,0.760758,ACTIVE,,,,0
P01530,ananse,AN-C001530,Moderate,0.796144,0.781969,1.062648,0.992086,0.830318,REDUCED_ACTIVITY,,,,3
P01531,ananse,AN-C001531,Moderate,0.546292,1.240123,0.952327,0.260679,0.956942,ACTIVE,,,,0
P01532,ananse,AN-C001532,Low,0.940139,1.157086,0.8206,0.701375,0.981105,ACTIVE,,,,0
P01533,ananse,AN-C001533,Very Low,0.980228,0.750042,0.928665,0.702569,0.754826,ACTIVE,S09,Low,Contextual,0
P01534,ananse,AN-C001534,Moderate,0.889505,1.132574,0.984082,0.033941,0.806512,INACTIVE,,,,1
P01535,ananse,AN-C001535,Moderate,1.583474,1.247295,1.117491,0.836934,0.779604,ACTIVE,,,,0
P01536,ananse,AN-C001536,Low,1.12648,0.899266,0.889343,0.090466,0.869289,ACTIVE,,,,0
P01537,ananse,AN-C001537,Moderate,1.558753,1.168617,1.0673,0.336245,0.987832,RAMP_UP,,,,0
P01538,ananse,AN-C001538,Moderate,1.077361,0.964088,0.947225,0.045247,0.776122,ACTIVE,,,,0
P01539,ananse,AN-C001539,Moderate,0.716932,0.773079,0.999712,0.817281,0.798517,ACTIVE,,,,1
P01540,ananse,AN-C001540,Very High,0.819142,0.88244,0.959104,0.391015,0.894214,RAMP_UP,,,,1
P01541,ananse,AN-C001541,Low,1.092034,0.752492,1.031554,0.596102,0.932684,ACTIVE,,,,1
P01542,ananse,AN-C001542,Low,0.94386,1.21695,0.827547,0.222521,0.923067,ACTIVE,,,,2
P01543,ananse,AN-C001543,Moderate,0.813137,0.753394,1.048139,0.013546,0.837782,ACTIVE,,,,0
P01544,ananse,AN-C001544,Very Low,0.830733,1.000984,1.020836,0.292353,0.901884,RAMP_UP,,,,0
P01545,ananse,AN-C001545,High,1.207608,1.001721,0.860429,0.510161,0.828707,ACTIVE,,,,1
P01546,ananse,AN-C001546,Low,1.026506,1.216691,0.865126,0.053585,0.890485,ACTIVE,,,,1
P01547,ananse,AN-C001547,Low,0.850301,0.973915,1.116286,0.05159,0.984632,ACTIVE,,,,0
P01548,ananse,AN-C001548,Low,0.960541,1.006725,0.827191,0.486538,0.886696,ACTIVE,,,,0
P01549,ananse,AN-C001549,Moderate,0.859508,1.050963,0.815367,0.576049,0.930958,RAMP_UP,,,,1
P01550,ananse,AN-C001550,Moderate,1.37535,1.173144,1.115,0.476875,0.858243,ACTIVE,S10,Low,Detectable,1
P01551,ananse,AN-C001551,High,1.127592,1.110027,1.048797,0.493138,0.932686,REDUCED_ACTIVITY,S15,High,Contextual,0
P01552,ananse,AN-C001552,Very Low,0.952316,0.902306,0.945988,0.202739,0.988487,ACTIVE,S09,Low,Multi-event,0
P01553,ananse,AN-C001553,Low,1.451473,1.098279,0.99083,0.869932,0.919503,ACTIVE,,,,1
P01554,ananse,AN-C001554,Low,0.706128,1.101509,1.158625,0.441314,0.76087,ACTIVE,,,,0
P01555,ananse,AN-C001555,Very Low,1.075154,0.76796,1.111278,0.973282,0.983423,ACTIVE,,,,0
P01556,ananse,AN-C001556,Very Low,1.293459,1.21475,1.067379,0.443686,0.763215,ACTIVE,,,,0
P01557,ananse,AN-C001557,Very Low,0.973993,0.780814,0.859729,0.809597,0.81382,ACTIVE,,,,0
P01558,ananse,AN-C001558,High,1.264908,1.197378,0.82663,0.642798,0.888298,ACTIVE,,,,1
P01559,ananse,AN-C001559,Low,0.8672,0.958716,0.921231,0.047334,0.930188,ACTIVE,,,,1
P01560,ananse,AN-C001560,Low,0.610996,1.139174,1.065135,0.314576,0.75774,ACTIVE,,,,0
P01561,ananse,AN-C001561,Low,0.853248,1.0191,0.843482,0.407934,0.969334,RAMP_UP,,,,0
P01562,ananse,AN-C001562,Moderate,0.784333,1.039676,1.02101,0.14966,0.784805,ACTIVE,,,,0
P01563,ananse,AN-C001563,Low,0.891827,0.956873,0.945088,0.818396,0.820083,ACTIVE,,,,0
P01564,ananse,AN-C001564,High,1.195967,0.980003,0.800556,0.969646,0.998422,ACTIVE,,,,0
P01565,ananse,AN-C001565,Moderate,0.998561,0.939718,0.876456,0.094026,0.879537,RAMP_UP,,,,1
P01566,ananse,AN-C001566,Moderate,1.317368,0.76618,1.052982,0.812537,0.876625,ACTIVE,,,,0
P01567,ananse,AN-C001567,Low,0.947294,0.956867,0.974695,0.280078,0.994169,ACTIVE,,,,0
P01568,ananse,AN-C001568,Very Low,0.757789,1.063272,0.907076,0.6713,0.770185,INACTIVE,,,,0
P01569,ananse,AN-C001569,High,0.901599,0.756309,0.929513,0.567622,0.898111,ACTIVE,,,,0
P01570,ananse,AN-C001570,Moderate,1.069474,1.126242,1.156398,0.507491,0.812173,RAMP_UP,,,,0
P01571,ananse,AN-C001571,Moderate,1.198007,1.1607,0.990535,0.729774,0.788333,ACTIVE,,,,0
P01572,ananse,AN-C001572,Low,0.827048,0.994064,0.82949,0.367553,0.873185,ACTIVE,,,,2
P01573,ananse,AN-C001573,Moderate,0.817295,0.84941,0.844763,0.667811,0.889285,REDUCED_ACTIVITY,,,,0
P01574,ananse,AN-C001574,Moderate,1.113428,1.058132,0.890993,0.985966,0.807288,REDUCED_ACTIVITY,,,,1
P01575,ananse,AN-C001575,Moderate,1.503501,0.907083,0.968649,0.710521,0.969793,ACTIVE,,,,2
P01576,ananse,AN-C001576,High,1.096758,1.101258,1.187052,0.06818,0.994008,INACTIVE,,,,0
P01577,ananse,AN-C001577,Moderate,1.112689,1.233069,1.106751,0.342978,0.814087,REDUCED_ACTIVITY,,,,0
P01578,ananse,AN-C001578,Very Low,1.661023,0.948034,1.074753,0.420253,0.997259,INACTIVE,,,,1
P01579,ananse,AN-C001579,Low,1.517288,0.809252,1.159986,0.716891,0.790032,ACTIVE,S10,Low,Contextual,0
P01580,ananse,AN-C001580,Low,1.127268,1.163531,0.940524,0.200489,0.872599,ACTIVE,,,,0
P01581,ananse,AN-C001581,Moderate,0.764699,1.153202,0.926457,0.724422,0.956842,RAMP_UP,,,,0
P01582,ananse,AN-C001582,Moderate,0.930562,1.136507,0.969333,0.792127,0.76099,ACTIVE,,,,2
P01583,ananse,AN-C001583,Low,1.017823,0.928573,1.194919,0.994014,0.93792,ACTIVE,,,,0
P01584,ananse,AN-C001584,Low,0.696115,1.239032,0.959352,0.931647,0.975662,ACTIVE,,,,0
P01585,ananse,AN-C001585,Moderate,0.766861,1.202288,1.052426,0.047674,0.968681,ACTIVE,S12,Low,Ambiguous,1
P01586,ananse,AN-C001586,High,0.949579,1.053047,0.818442,0.565895,0.781365,ACTIVE,,,,0
P01587,ananse,AN-C001587,Very Low,1.020822,0.890061,1.065681,0.885086,0.819667,ACTIVE,,,,0
P01588,ananse,AN-C001588,Low,1.139591,0.93703,0.985362,0.417927,0.92659,ACTIVE,,,,1
P01589,ananse,AN-C001589,Low,0.872051,0.90509,0.984202,0.830053,0.90321,REDUCED_ACTIVITY,,,,1
P01590,ananse,AN-C001590,High,0.909849,0.942229,1.175643,0.736423,0.874944,REDUCED_ACTIVITY,,,,0
P01591,ananse,AN-C001591,Moderate,0.733487,0.987496,1.147727,0.585401,0.877556,ACTIVE,,,,0
P01592,ananse,AN-C001592,Moderate,1.100769,0.790106,0.928568,0.438795,0.82454,ACTIVE,,,,0
P01593,ananse,AN-C001593,High,0.789452,0.847516,1.020497,0.837147,0.822689,REDUCED_ACTIVITY,,,,0
P01594,ananse,AN-C001594,Low,0.809923,1.128601,0.85183,0.669283,0.943286,REDUCED_ACTIVITY,,,,1
P01595,ananse,AN-C001595,Low,1.004222,0.994393,1.065996,0.744471,0.91097,ACTIVE,,,,1
P01596,ananse,AN-C001596,Very High,0.86694,0.790765,1.159983,0.18864,0.912896,INACTIVE,,,,0
P01597,ananse,AN-C001597,Moderate,0.851144,0.949427,0.935798,0.976307,0.918229,ACTIVE,,,,0
P01598,ananse,AN-C001598,Very High,0.753524,1.035373,0.98344,0.640206,0.885426,ACTIVE,,,,0
P01599,ananse,AN-C001599,Very High,0.786551,1.156025,1.061635,0.408945,0.770634,ACTIVE,,,,1
P01600,ananse,AN-C001600,Moderate,1.002068,0.944946,0.901799,0.80325,0.785437,ACTIVE,,,,1
P01601,ananse,AN-C001601,Moderate,1.167653,0.982868,1.048355,0.643565,0.827837,ACTIVE,,,,1
P01602,ananse,AN-C001602,Low,0.849763,1.028073,0.916441,0.905697,0.851399,ACTIVE,,,,0
P01603,ananse,AN-C001603,Moderate,0.747896,0.812158,0.893047,0.755323,0.99878,ACTIVE,,,,0
P01604,ananse,AN-C001604,Low,0.977547,0.751122,0.90638,0.817041,0.78088,ACTIVE,,,,0
P01605,ananse,AN-C001605,Moderate,0.897474,1.064084,0.909087,0.096536,0.981526,ACTIVE,,,,1
P01606,ananse,AN-C001606,Very Low,1.316984,1.078786,0.918425,0.454852,0.884404,ACTIVE,,,,0
P01607,ananse,AN-C001607,High,0.746924,0.802332,1.026999,0.237034,0.78736,REDUCED_ACTIVITY,,,,1
P01608,ananse,AN-C001608,High,1.488772,0.82869,1.165812,0.407871,0.791965,REDUCED_ACTIVITY,,,,0
P01609,ananse,AN-C001609,High,0.836451,0.98606,0.908324,0.962595,0.892747,ACTIVE,,,,1
P01610,ananse,AN-C001610,Very Low,0.912869,0.767418,0.813351,0.768945,0.762248,ACTIVE,,,,2
P01611,ananse,AN-C001611,High,0.764202,1.088366,0.812009,0.960099,0.822747,ACTIVE,,,,0
P01612,ananse,AN-C001612,High,0.889654,0.783024,0.913783,0.920565,0.808984,ACTIVE,,,,0
P01613,ananse,AN-C001613,High,1.149037,1.248716,0.890988,0.11706,0.901516,ACTIVE,,,,1
P01614,ananse,AN-C001614,Low,0.852952,1.010698,0.847412,0.438792,0.80244,ACTIVE,,,,1
P01615,ananse,AN-C001615,Moderate,0.892078,1.106248,0.99079,0.246864,0.957813,INACTIVE,,,,0
P01616,ananse,AN-C001616,Moderate,0.592846,1.190817,0.845643,0.949974,0.979397,ACTIVE,,,,0
P01617,ananse,AN-C001617,Moderate,1.363725,0.868574,0.876384,0.583222,0.879056,ACTIVE,,,,0
P01618,ananse,AN-C001618,High,1.020302,1.224271,0.947727,0.136885,0.778252,ACTIVE,,,,2
P01619,ananse,AN-C001619,Low,1.818406,1.006253,1.143762,0.57018,0.977513,ACTIVE,,,,0
P01620,ananse,AN-C001620,Very High,1.204454,1.227492,0.951461,0.366821,0.994381,ACTIVE,,,,0
P01621,ananse,AN-C001621,Moderate,0.64139,1.006258,1.063433,0.721452,0.823553,REDUCED_ACTIVITY,,,,1
P01622,ananse,AN-C001622,Moderate,1.142046,1.210164,0.87377,0.724271,0.89267,ACTIVE,,,,1
P01623,ananse,AN-C001623,Moderate,0.737416,0.936634,0.945849,0.896782,0.77805,ACTIVE,,,,1
P01624,ananse,AN-C001624,Moderate,1.151261,0.793195,1.036297,0.572655,0.951442,ACTIVE,,,,2
P01625,ananse,AN-C001625,Low,1.422462,0.844695,0.815234,0.968696,0.848846,ACTIVE,,,,1
P01626,ananse,AN-C001626,Very Low,1.450194,1.011449,0.930458,0.461721,0.965419,ACTIVE,,,,1
P01627,ananse,AN-C001627,Low,0.725822,1.247652,1.174447,0.238124,0.838847,ACTIVE,,,,0
P01628,ananse,AN-C001628,High,1.700805,0.787969,1.014419,0.985328,0.948375,ACTIVE,S14,Low,Contextual,0
P01629,ananse,AN-C001629,Low,1.173462,0.810578,0.868376,0.641147,0.77151,REDUCED_ACTIVITY,,,,0
P01630,ananse,AN-C001630,Moderate,0.833062,0.816229,1.160606,0.103861,0.825837,ACTIVE,,,,0
P01631,ananse,AN-C001631,Moderate,0.824982,1.059391,1.069661,0.151563,0.876243,RAMP_UP,,,,0
P01632,ananse,AN-C001632,Low,0.941534,1.124761,0.922343,0.146091,0.842818,INACTIVE,,,,0
P01633,ananse,AN-C001633,Moderate,1.352933,0.916535,0.829854,0.615404,0.960033,ACTIVE,S10,Medium,Cross-institution,0
P01634,ananse,AN-C001634,Low,0.950895,1.17213,1.18637,0.669269,0.975696,ACTIVE,,,,0
P01635,ananse,AN-C001635,Moderate,1.178411,0.983596,1.086982,0.3934,0.775666,RAMP_UP,,,,1
P01636,ananse,AN-C001636,Moderate,1.268675,0.995425,1.06468,0.09532,0.949217,ACTIVE,,,,2
P01637,ananse,AN-C001637,Low,0.836368,0.777529,1.081117,0.297317,0.892331,INACTIVE,,,,0
P01638,ananse,AN-C001638,Low,1.040529,1.249133,1.077717,0.822185,0.8305,ACTIVE,,,,0
P01639,ananse,AN-C001639,Moderate,0.95744,1.211914,1.110376,0.755244,0.884553,REDUCED_ACTIVITY,,,,1
P01640,ananse,AN-C001640,High,0.75416,0.856721,1.085842,0.819361,0.856249,ACTIVE,,,,0
P01641,ananse,AN-C001641,Moderate,0.832082,1.145847,0.856653,0.544471,0.897949,ACTIVE,,,,0
P01642,ananse,AN-C001642,Moderate,1.338958,0.812734,1.015072,0.728971,0.819186,ACTIVE,,,,1
P01643,ananse,AN-C001643,Very Low,0.997573,1.238239,0.855343,0.376007,0.763275,REDUCED_ACTIVITY,,,,1
P01644,ananse,AN-C001644,High,1.379304,0.779808,0.945699,0.609118,0.966874,REDUCED_ACTIVITY,,,,0
P01645,ananse,AN-C001645,Moderate,0.941592,0.956371,0.971075,0.419132,0.8117,ACTIVE,,,,0
P01646,ananse,AN-C001646,Very Low,0.764619,0.750591,1.157312,0.170692,0.951001,RAMP_UP,,,,1
P01647,ananse,AN-C001647,Very Low,1.008917,0.836587,1.121577,0.728766,0.817676,ACTIVE,,,,1
P01648,ananse,AN-C001648,Very Low,1.104979,1.014721,0.817804,0.190661,0.944736,ACTIVE,,,,2
P01649,ananse,AN-C001649,Low,0.906115,0.882656,0.988237,0.01699,0.765544,ACTIVE,,,,0
P01650,ananse,AN-C001650,Moderate,1.441055,0.785068,0.898925,0.875375,0.850794,ACTIVE,,,,1
P01651,ananse,AN-C001651,High,1.194376,0.870642,0.958286,0.047672,0.92308,ACTIVE,,,,0
P01652,ananse,AN-C001652,Low,1.179333,0.845727,0.859345,0.507337,0.976353,ACTIVE,,,,1
P01653,ananse,AN-C001653,Low,1.016643,0.927555,1.011061,0.682455,0.872207,ACTIVE,,,,1
P01654,ananse,AN-C001654,Low,0.627131,0.910764,1.024603,0.94824,0.896418,RAMP_UP,,,,0
P01655,ananse,AN-C001655,High,1.110194,0.847795,0.994728,0.259828,0.804155,ACTIVE,,,,0
P01656,ananse,AN-C001656,Very Low,1.520589,0.974322,0.910866,0.338391,0.78651,REDUCED_ACTIVITY,,,,1
P01657,ananse,AN-C001657,Moderate,0.962595,0.99897,0.859503,0.792268,0.785911,ACTIVE,,,,0
P01658,ananse,AN-C001658,Very Low,1.367898,0.933065,1.110547,0.386733,0.9616,REDUCED_ACTIVITY,,,,1
P01659,ananse,AN-C001659,High,0.845757,1.142754,1.140135,0.260121,0.970233,ACTIVE,S05,Low,Contextual,0
P01660,ananse,AN-C001660,Moderate,0.942497,0.806144,0.817733,0.945801,0.991551,ACTIVE,,,,0
P01661,ananse,AN-C001661,Moderate,0.511151,0.935983,1.06566,0.754825,0.896381,ACTIVE,,,,0
P01662,ananse,AN-C001662,Moderate,1.304113,0.961339,1.036012,0.68175,0.92875,ACTIVE,,,,0
P01663,ananse,AN-C001663,Moderate,0.737876,1.023733,0.929473,0.863014,0.762353,ACTIVE,,,,0
P01664,ananse,AN-C001664,Very Low,1.638418,0.98242,0.99654,0.601035,0.925899,ACTIVE,,,,0
P01665,ananse,AN-C001665,Low,1.156586,1.016203,1.095513,0.054064,0.867911,ACTIVE,,,,0
P01666,ananse,AN-C001666,Moderate,1.088874,1.190228,1.132629,0.748458,0.860793,ACTIVE,,,,0
P01667,ananse,AN-C001667,High,1.114009,1.058592,0.897847,0.770689,0.978325,ACTIVE,,,,1
P01668,ananse,AN-C001668,Moderate,1.592976,0.926356,0.940675,0.212969,0.935021,ACTIVE,,,,0
P01669,ananse,AN-C001669,High,0.702163,1.086756,1.049687,0.869511,0.774875,ACTIVE,,,,0
P01670,ananse,AN-C001670,Low,1.34775,0.832065,1.142924,0.870219,0.885095,REDUCED_ACTIVITY,,,,1
P01671,ananse,AN-C001671,High,1.096781,1.163001,1.095999,0.841134,0.780151,ACTIVE,,,,0
P01672,ananse,AN-C001672,Moderate,1.125574,0.9879,1.188816,0.409717,0.98772,RAMP_UP,,,,2
P01673,ananse,AN-C001673,Low,1.20059,0.941332,1.141491,0.606793,0.759467,RAMP_UP,,,,0
P01674,ananse,AN-C001674,Moderate,1.398994,0.995437,0.959379,0.393829,0.852594,ACTIVE,,,,0
P01675,ananse,AN-C001675,Moderate,1.199872,0.909446,0.998403,0.105474,0.818134,ACTIVE,,,,0
P01676,ananse,AN-C001676,Low,1.182327,0.783304,0.842718,0.230478,0.891326,ACTIVE,,,,1
P01677,ananse,AN-C001677,Low,0.777539,0.802207,0.832099,0.178196,0.98465,REDUCED_ACTIVITY,,,,0
P01678,ananse,AN-C001678,High,0.929701,0.99247,1.075305,0.274922,0.913172,ACTIVE,,,,1
P01679,ananse,AN-C001679,Very Low,1.48822,0.943484,0.935301,0.143954,0.960069,INACTIVE,S01,Medium,Cross-institution,1
P01680,ananse,AN-C001680,Moderate,1.32701,1.118761,0.861438,0.401235,0.753046,ACTIVE,,,,0
P01681,ananse,AN-C001681,Very Low,1.209397,1.0309,1.007001,0.841499,0.929406,ACTIVE,,,,2
P01682,ananse,AN-C001682,Low,1.387003,1.060023,0.840177,0.049534,0.767571,ACTIVE,,,,0
P01683,ananse,AN-C001683,High,1.157227,1.011319,1.077849,0.455084,0.923378,ACTIVE,,,,0
P01684,ananse,AN-C001684,High,0.649817,0.986141,1.094991,0.819066,0.790432,ACTIVE,,,,1
P01685,ananse,AN-C001685,Low,1.127741,0.966871,0.875016,0.244226,0.767167,ACTIVE,,,,1
P01686,ananse,AN-C001686,Moderate,0.994829,1.139468,0.93421,0.318008,0.858496,ACTIVE,,,,1
P01687,ananse,AN-C001687,Very Low,1.15083,1.049327,1.140472,0.432827,0.797305,ACTIVE,,,,1
P01688,ananse,AN-C001688,High,1.134006,0.773532,1.062245,0.887094,0.853507,ACTIVE,,,,0
P01689,ananse,AN-C001689,Very Low,0.715225,0.860338,0.820527,0.490238,0.979413,ACTIVE,,,,0
P01690,ananse,AN-C001690,Very Low,0.930952,1.036596,1.140047,0.043301,0.992696,REDUCED_ACTIVITY,,,,1
P01691,ananse,AN-C001691,Very Low,0.950668,0.932786,0.971626,0.372214,0.950527,ACTIVE,S15,Medium,Detectable,2
P01692,ananse,AN-C001692,Low,1.31121,1.06197,0.920877,0.565059,0.851984,ACTIVE,,,,0
P01693,ananse,AN-C001693,Low,0.781633,0.857602,1.093471,0.17192,0.978994,ACTIVE,,,,1
P01694,ananse,AN-C001694,Very Low,0.746759,1.178134,1.044239,0.18641,0.931639,RAMP_UP,,,,1
P01695,ananse,AN-C001695,Low,1.461072,1.069888,1.089249,0.004061,0.820609,ACTIVE,,,,0
P01696,ananse,AN-C001696,Moderate,0.922286,1.195374,0.920905,0.894734,0.794782,REDUCED_ACTIVITY,,,,1
P01697,ananse,AN-C001697,High,0.885199,1.06906,0.997039,0.056721,0.809819,INACTIVE,,,,0
P01698,ananse,AN-C001698,Low,1.067738,0.961152,1.170011,0.800128,0.796398,ACTIVE,,,,2
P01699,ananse,AN-C001699,High,0.792264,0.980701,1.143467,0.452928,0.966695,RAMP_UP,,,,0
P01700,ananse,AN-C001700,Low,1.565664,1.185899,0.838222,0.637301,0.826931,ACTIVE,,,,0
P01701,ananse,AN-C001701,Moderate,0.938547,1.084145,1.057244,0.464882,0.96574,ACTIVE,,,,0
P01702,ananse,AN-C001702,Low,0.947033,1.076103,0.958254,0.739479,0.880219,ACTIVE,,,,0
P01703,ananse,AN-C001703,Low,1.068203,1.118383,0.934564,0.688783,0.916521,ACTIVE,,,,1
P01704,ananse,AN-C001704,Low,1.0826,1.192638,0.839655,0.713904,0.819408,ACTIVE,,,,2
P01705,ananse,AN-C001705,Very Low,0.81978,0.991977,0.802664,0.512254,0.992048,ACTIVE,,,,0
P01706,ananse,AN-C001706,Very Low,0.69549,0.968407,0.983511,0.075779,0.811955,REDUCED_ACTIVITY,,,,2
P01707,ananse,AN-C001707,Moderate,0.750254,1.246365,1.136586,0.102116,0.824325,INACTIVE,,,,1
P01708,ananse,AN-C001708,Very Low,1.376789,0.999632,0.978669,0.198499,0.961757,ACTIVE,,,,0
P01709,ananse,AN-C001709,Moderate,0.643123,1.114904,0.844416,0.004906,0.806152,REDUCED_ACTIVITY,S11,Low,Detectable,0
P01710,ananse,AN-C001710,Very Low,1.079179,0.858499,0.815624,0.876009,0.758803,ACTIVE,,,,1
P01711,ananse,AN-C001711,Very Low,1.774366,0.917253,0.841826,0.804189,0.754023,ACTIVE,,,,0
P01712,ananse,AN-C001712,Very Low,1.090945,1.080774,1.020511,0.579379,0.977227,REDUCED_ACTIVITY,,,,0
P01713,ananse,AN-C001713,High,1.429908,0.804037,1.16435,0.803645,0.750109,INACTIVE,S09,Extreme,Contextual,0
P01714,ananse,AN-C001714,Moderate,1.133599,0.938535,1.094163,0.686057,0.899374,INACTIVE,,,,0
P01715,ananse,AN-C001715,Moderate,0.824207,1.026088,0.976237,0.684722,0.757218,ACTIVE,,,,2
P01716,ananse,AN-C001716,Moderate,1.083962,1.127868,1.133037,0.946004,0.834473,ACTIVE,,,,0
P01717,ananse,AN-C001717,Very Low,0.72616,0.786406,1.155094,0.35972,0.824597,ACTIVE,,,,0
P01718,ananse,AN-C001718,Low,1.224638,1.223493,0.901235,0.066094,0.801273,ACTIVE,,,,0
P01719,ananse,AN-C001719,Moderate,1.008285,0.926543,1.143114,0.079497,0.867301,INACTIVE,,,,0
P01720,ananse,AN-C001720,Very Low,1.34718,1.160249,1.011473,0.364702,0.998122,ACTIVE,S10,Medium,Ambiguous,0
P01721,ananse,AN-C001721,Low,0.728995,1.123738,1.069838,0.542304,0.937854,ACTIVE,,,,0
P01722,ananse,AN-C001722,Moderate,0.833806,1.188086,0.92445,0.896179,0.880811,RAMP_UP,,,,0
P01723,ananse,AN-C001723,High,0.974639,1.216744,1.043017,0.94689,0.975536,REDUCED_ACTIVITY,,,,2
P01724,ananse,AN-C001724,Very Low,0.992142,1.117772,1.023035,0.714478,0.896496,ACTIVE,,,,0
P01725,ananse,AN-C001725,Low,1.150385,0.877329,0.94199,0.847618,0.96779,ACTIVE,,,,1
P01726,ananse,AN-C001726,Moderate,0.994949,0.828792,1.173317,0.449107,0.751841,ACTIVE,,,,0
P01727,ananse,AN-C001727,Low,1.297683,0.893651,0.920742,0.657749,0.933587,ACTIVE,,,,0
P01728,ananse,AN-C001728,Very Low,1.045989,0.841485,1.124401,0.450983,0.812238,ACTIVE,,,,0
P01729,ananse,AN-C001729,Moderate,0.978521,1.121729,1.129849,0.91302,0.799619,ACTIVE,,,,1
P01730,ananse,AN-C001730,Moderate,0.841332,0.903253,0.842107,0.320297,0.81982,RAMP_UP,,,,2
P01731,ananse,AN-C001731,Moderate,0.937553,0.807413,1.100674,0.632508,0.962315,ACTIVE,,,,0
P01732,ananse,AN-C001732,High,0.714659,1.016694,1.15024,0.632097,0.858982,ACTIVE,,,,0
P01733,ananse,AN-C001733,Moderate,1.410689,1.223078,0.855831,0.438029,0.79576,ACTIVE,,,,1
P01734,ananse,AN-C001734,Low,0.553128,0.854204,1.176319,0.335054,0.916481,ACTIVE,,,,2
P01735,ananse,AN-C001735,Moderate,1.136563,0.935289,1.057182,0.20517,0.893743,REDUCED_ACTIVITY,,,,0
P01736,ananse,AN-C001736,Low,1.298901,1.112613,1.112543,0.25292,0.922169,ACTIVE,,,,2
P01737,ananse,AN-C001737,Very Low,1.016996,1.105187,0.863663,0.302351,0.855957,RAMP_UP,S05,High,Detectable,1
P01738,ananse,AN-C001738,Moderate,0.842575,0.892889,0.914253,0.213217,0.978488,ACTIVE,,,,1
P01739,ananse,AN-C001739,High,0.768064,1.056614,1.152824,0.443213,0.804505,REDUCED_ACTIVITY,,,,0
P01740,ananse,AN-C001740,Very High,1.086094,1.099185,0.839071,0.395482,0.79494,REDUCED_ACTIVITY,,,,0
P01741,ananse,AN-C001741,Very Low,0.563326,1.121994,0.828721,0.710614,0.871813,ACTIVE,,,,0
P01742,ananse,AN-C001742,High,0.924917,0.9752,0.896343,0.840934,0.798011,INACTIVE,,,,0
P01743,ananse,AN-C001743,Moderate,1.07218,1.210083,1.135196,0.750025,0.936924,ACTIVE,,,,0
P01744,ananse,AN-C001744,Low,0.819894,1.116467,0.912698,0.011559,0.914058,ACTIVE,,,,1
P01745,ananse,AN-C001745,Moderate,1.125637,1.04706,0.905577,0.58196,0.835344,ACTIVE,,,,1
P01746,ananse,AN-C001746,Moderate,1.107787,0.87202,0.815352,0.654307,0.782661,ACTIVE,,,,0
P01747,ananse,AN-C001747,Low,0.788889,1.070596,0.833033,0.703427,0.887373,ACTIVE,,,,1
P01748,ananse,AN-C001748,Low,1.285903,1.038739,1.029622,0.025638,0.967644,ACTIVE,,,,0
P01749,ananse,AN-C001749,Low,0.691995,1.075552,1.157633,0.429744,0.835455,ACTIVE,,,,0
P01750,ananse,AN-C001750,Low,1.076069,1.218252,1.105888,0.158023,0.875104,ACTIVE,,,,0
P01751,ananse,AN-C001751,Very Low,1.166735,1.159469,1.064532,0.95149,0.977933,ACTIVE,,,,0
P01752,ananse,AN-C001752,Moderate,1.308308,0.796474,0.820402,0.402018,0.824279,ACTIVE,,,,0
P01753,ananse,AN-C001753,Low,1.139687,0.983863,0.891487,0.605672,0.842445,ACTIVE,,,,0
P01754,ananse,AN-C001754,Moderate,1.257018,1.149059,1.038737,0.240525,0.765275,REDUCED_ACTIVITY,,,,1
P01755,ananse,AN-C001755,High,0.914009,1.075509,1.147979,0.867401,0.899461,ACTIVE,,,,1
P01756,ananse,AN-C001756,Moderate,0.905892,1.221797,0.865857,0.760405,0.951321,ACTIVE,,,,0
P01757,ananse,AN-C001757,Moderate,0.697941,1.246358,1.053703,0.355327,0.857127,INACTIVE,,,,0
P01758,ananse,AN-C001758,High,0.966187,1.023019,1.086192,0.172155,0.812725,ACTIVE,,,,1
P01759,ananse,AN-C001759,Moderate,1.156565,1.1348,0.969292,0.71886,0.939302,ACTIVE,,,,1
P01760,ananse,AN-C001760,High,1.40109,1.222136,1.056822,0.845112,0.974708,ACTIVE,,,,0
P01761,ananse,AN-C001761,Very Low,0.533584,1.242862,1.131439,0.967167,0.917165,ACTIVE,,,,0
P01762,ananse,AN-C001762,Moderate,1.809283,0.764606,1.088657,0.773113,0.875599,RAMP_UP,,,,0
P01763,ananse,AN-C001763,High,1.298823,1.195398,1.184193,0.394868,0.956072,INACTIVE,,,,1
P01764,ananse,AN-C001764,Very Low,0.925107,0.829782,1.043982,0.813459,0.867311,REDUCED_ACTIVITY,,,,0
P01765,ananse,AN-C001765,High,1.377319,1.105585,1.088926,0.806274,0.836428,ACTIVE,S02,Low,Contextual,0
P01766,ananse,AN-C001766,Low,0.823681,1.240795,1.001201,0.44361,0.852457,ACTIVE,,,,0
P01767,ananse,AN-C001767,Moderate,0.947973,1.24243,0.9935,0.447486,0.87513,ACTIVE,,,,1
P01768,ananse,AN-C001768,Moderate,1.249563,0.957913,0.885821,0.828581,0.820212,INACTIVE,,,,0
P01769,ananse,AN-C001769,Moderate,0.604391,1.219048,0.896653,0.359911,0.85911,ACTIVE,,,,0
P01770,ananse,AN-C001770,Very Low,1.660225,0.922464,1.066675,0.435928,0.960921,ACTIVE,,,,0
P01771,ananse,AN-C001771,Low,1.063725,0.950227,1.066883,0.821683,0.841073,ACTIVE,,,,1
P01772,ananse,AN-C001772,Moderate,0.504922,1.124045,0.903322,0.790767,0.966609,ACTIVE,,,,0
P01773,ananse,AN-C001773,Moderate,1.113488,0.996651,0.897782,0.898493,0.763805,ACTIVE,,,,0
P01774,ananse,AN-C001774,Moderate,1.003098,1.20052,0.890485,0.299435,0.763778,ACTIVE,,,,1
P01775,ananse,AN-C001775,Moderate,1.015686,0.781628,0.987622,0.745637,0.906831,ACTIVE,,,,0
P01776,ananse,AN-C001776,Moderate,1.349533,0.846982,0.900428,0.67701,0.882361,ACTIVE,,,,2
P01777,ananse,AN-C001777,Moderate,1.334816,1.110816,1.180806,0.914477,0.838366,REDUCED_ACTIVITY,,,,0
P01778,ananse,AN-C001778,Low,1.647795,0.81452,1.126366,0.019623,0.918495,ACTIVE,,,,0
P01779,ananse,AN-C001779,Low,1.302657,1.135493,0.897381,0.403598,0.820724,ACTIVE,,,,0
P01780,ananse,AN-C001780,Moderate,0.752981,0.97635,0.943234,0.875401,0.950904,ACTIVE,,,,1
P01781,ananse,AN-C001781,Low,0.904166,0.95142,1.04939,0.294886,0.75448,ACTIVE,,,,0
P01782,ananse,AN-C001782,Moderate,1.184897,0.774894,0.998583,0.292102,0.915069,ACTIVE,,,,0
P01783,ananse,AN-C001783,High,0.957625,1.164303,1.06235,0.222806,0.904714,ACTIVE,,,,0
P01784,ananse,AN-C001784,Very Low,0.986869,0.894368,1.157145,0.762521,0.995893,ACTIVE,,,,1
P01785,ananse,AN-C001785,Moderate,0.842942,0.751151,1.105722,0.941405,0.825404,ACTIVE,,,,1
P01786,ananse,AN-C001786,Very Low,1.040756,1.126273,0.91941,0.616873,0.967968,ACTIVE,,,,0
P01787,ananse,AN-C001787,Moderate,0.964996,1.064881,1.120761,0.878555,0.799378,ACTIVE,,,,0
P01788,ananse,AN-C001788,Very High,1.071482,0.907572,0.987248,0.263524,0.841928,ACTIVE,,,,0
P01789,ananse,AN-C001789,Moderate,0.639758,0.841917,1.181772,0.57037,0.883883,ACTIVE,,,,0
P01790,ananse,AN-C001790,Moderate,0.791949,1.234662,0.988401,0.440516,0.890345,REDUCED_ACTIVITY,,,,0
P01791,ananse,AN-C001791,Moderate,0.774191,1.20749,1.060334,0.243643,0.771617,ACTIVE,S02,Medium,Detectable,1
P01792,ananse,AN-C001792,Moderate,0.751749,1.00967,1.043038,0.608314,0.86221,REDUCED_ACTIVITY,,,,1
P01793,ananse,AN-C001793,Moderate,1.006847,0.880772,0.922146,0.172355,0.972514,ACTIVE,,,,1
P01794,ananse,AN-C001794,High,0.997099,1.123453,1.031255,0.28737,0.809963,ACTIVE,,,,0
P01795,ananse,AN-C001795,Low,1.024747,0.872987,0.90867,0.090573,0.846007,RAMP_UP,,,,0
P01796,ananse,AN-C001796,Very Low,0.808975,0.756706,0.82752,0.401256,0.760514,ACTIVE,,,,0
P01797,ananse,AN-C001797,Moderate,1.383617,1.043639,1.096922,0.106969,0.992191,ACTIVE,S10,Low,Detectable,1
P01798,ananse,AN-C001798,High,0.80594,0.900988,1.049973,0.426698,0.870614,ACTIVE,,,,0
P01799,ananse,AN-C001799,Moderate,0.779178,1.152994,1.068675,0.581641,0.923737,ACTIVE,,,,0
P01800,ananse,AN-C001800,Low,0.979727,1.16943,1.086354,0.650741,0.968686,ACTIVE,,,,1
P01801,ananse,AN-C001801,Low,0.761482,0.856675,1.032393,0.186497,0.83241,REDUCED_ACTIVITY,,,,0
P01802,ananse,AN-C001802,Very Low,1.014184,0.892313,1.192595,0.719325,0.77299,ACTIVE,,,,2
P01803,ananse,AN-C001803,High,1.231141,1.003262,1.115121,0.71865,0.768242,ACTIVE,,,,2
P01804,ananse,AN-C001804,Moderate,0.623249,1.070859,0.802951,0.430796,0.89806,ACTIVE,,,,0
P01805,ananse,AN-C001805,Moderate,1.445482,1.046362,1.099288,0.579213,0.991825,ACTIVE,,,,1
P01806,ananse,AN-C001806,High,1.863839,0.89533,0.984394,0.701831,0.810066,ACTIVE,,,,1
P01807,ananse,AN-C001807,Moderate,0.592157,0.803264,1.040899,0.982469,0.806182,REDUCED_ACTIVITY,,,,0
P01808,ananse,AN-C001808,Moderate,1.012568,0.921148,1.180668,0.973363,0.854197,REDUCED_ACTIVITY,,,,1
P01809,ananse,AN-C001809,Moderate,0.909016,0.905404,0.975867,0.41759,0.895814,ACTIVE,S11,Low,Contextual,1
P01810,ananse,AN-C001810,Moderate,1.591178,1.134766,1.175937,0.394155,0.863235,INACTIVE,,,,1
P01811,ananse,AN-C001811,Low,0.888993,0.814701,0.825067,0.96803,0.952963,ACTIVE,,,,1
P01812,ananse,AN-C001812,High,1.999982,0.770196,0.808931,0.993215,0.871968,ACTIVE,,,,0
P01813,ananse,AN-C001813,Moderate,1.003718,1.110203,0.895516,0.440251,0.773016,ACTIVE,,,,2
P01814,ananse,AN-C001814,Low,0.839821,1.179246,1.10454,0.586775,0.914596,ACTIVE,,,,0
P01815,ananse,AN-C001815,Very Low,0.823807,0.8891,1.023924,0.611746,0.836147,ACTIVE,,,,0
P01816,ananse,AN-C001816,Moderate,1.321542,0.818223,0.91012,0.676636,0.777659,ACTIVE,S08,Medium,Detectable,0
P01817,ananse,AN-C001817,Very Low,1.653316,0.905839,0.88914,0.172769,0.998914,INACTIVE,,,,0
P01818,ananse,AN-C001818,Moderate,0.942277,1.086419,0.854416,0.64851,0.787979,ACTIVE,,,,0
P01819,ananse,AN-C001819,Very High,1.012333,0.972739,0.884989,0.389157,0.870814,ACTIVE,,,,0
P01820,ananse,AN-C001820,Very High,1.107876,0.8339,0.804392,0.950284,0.826091,ACTIVE,,,,0
P01821,ananse,AN-C001821,Moderate,1.258185,1.042104,1.032344,0.473822,0.773466,ACTIVE,,,,0
P01822,ananse,AN-C001822,Low,1.198863,1.049908,1.00313,0.682176,0.866995,RAMP_UP,,,,0
P01823,ananse,AN-C001823,Moderate,0.947224,0.760133,1.009942,0.096143,0.76926,ACTIVE,,,,1
P01824,ananse,AN-C001824,Moderate,1.180819,0.760951,0.863391,0.777549,0.979961,ACTIVE,,,,0
P01825,ananse,AN-C001825,Moderate,0.648748,0.814045,1.084459,0.398628,0.778385,ACTIVE,,,,0
P01826,ananse,AN-C001826,Very Low,1.489752,0.930752,1.138113,0.58617,0.761692,ACTIVE,,,,1
P01827,ananse,AN-C001827,Low,0.730938,0.951914,1.15915,0.179291,0.953719,ACTIVE,,,,0
P01828,ananse,AN-C001828,Moderate,0.739154,1.156045,1.140357,0.305636,0.929858,ACTIVE,,,,0
P01829,ananse,AN-C001829,High,0.934651,0.969794,0.906072,0.343432,0.939161,ACTIVE,,,,2
P01830,ananse,AN-C001830,Low,0.904693,0.759834,1.054852,0.476089,0.781628,ACTIVE,,,,1
P01831,ananse,AN-C001831,Moderate,0.985784,0.795372,0.883168,0.662643,0.922349,ACTIVE,,,,0
P01832,ananse,AN-C001832,High,1.059471,1.214515,1.07354,0.697069,0.99195,ACTIVE,,,,0
P01833,ananse,AN-C001833,Very Low,1.312292,0.902499,0.905911,0.78456,0.820348,ACTIVE,,,,1
P01834,ananse,AN-C001834,Low,1.012428,1.001361,1.048364,0.017136,0.887676,ACTIVE,,,,0
P01835,ananse,AN-C001835,Low,1.52832,1.046446,1.007015,0.322608,0.832127,ACTIVE,,,,0
P01836,ananse,AN-C001836,Moderate,0.743769,0.766845,1.11482,0.44073,0.913791,ACTIVE,,,,1
P01837,ananse,AN-C001837,Very Low,1.095248,0.954378,0.833129,0.431923,0.7878,ACTIVE,,,,1
P01838,ananse,AN-C001838,Moderate,1.117172,0.783887,0.968988,0.00176,0.966743,ACTIVE,,,,0
P01839,ananse,AN-C001839,Very Low,1.529373,0.77416,1.079414,0.277947,0.860416,ACTIVE,,,,1
P01840,ananse,AN-C001840,High,1.536968,0.927687,1.001732,0.640867,0.967096,REDUCED_ACTIVITY,,,,1
P01841,ananse,AN-C001841,Moderate,1.28521,0.804378,1.18507,0.259495,0.822078,ACTIVE,,,,0
P01842,ananse,AN-C001842,Moderate,0.757692,1.058008,0.980775,0.63912,0.764445,ACTIVE,S15,High,Contextual,2
P01843,ananse,AN-C001843,High,1.024153,1.172989,0.82035,0.405477,0.919319,ACTIVE,,,,1
P01844,ananse,AN-C001844,Moderate,0.871531,0.751807,0.949633,0.119121,0.882109,ACTIVE,,,,0
P01845,ananse,AN-C001845,Very Low,0.869343,1.086972,0.945382,0.080055,0.929757,ACTIVE,,,,0
P01846,ananse,AN-C001846,Low,0.908947,0.888683,1.068137,0.805758,0.948881,ACTIVE,,,,0
P01847,ananse,AN-C001847,High,1.159067,1.042494,1.177703,0.090458,0.845435,REDUCED_ACTIVITY,S02,Low,Cross-institution,1
P01848,ananse,AN-C001848,Low,1.018542,1.123948,0.965054,0.315551,0.99193,ACTIVE,,,,0
P01849,ananse,AN-C001849,High,0.874287,0.917555,1.141323,0.016481,0.923147,ACTIVE,,,,2
P01850,ananse,AN-C001850,Very High,0.759632,0.977638,1.117657,0.376119,0.834008,ACTIVE,,,,1
P01851,ananse,AN-C001851,Low,0.859926,0.834527,1.171737,0.860322,0.976579,ACTIVE,,,,0
P01852,ananse,AN-C001852,Low,0.965094,1.046296,0.875088,0.661783,0.907665,ACTIVE,,,,0
P01853,ananse,AN-C001853,Moderate,1.196199,1.231196,0.968818,0.01484,0.957261,REDUCED_ACTIVITY,,,,1
P01854,ananse,AN-C001854,Moderate,0.940507,0.833956,0.999476,0.817265,0.974981,ACTIVE,,,,0
P01855,ananse,AN-C001855,High,0.841979,1.112072,1.196231,0.721805,0.937286,RAMP_UP,,,,0
P01856,ananse,AN-C001856,Very High,0.812992,0.887693,0.812852,0.057514,0.859787,REDUCED_ACTIVITY,,,,2
P01857,ananse,AN-C001857,Moderate,1.605852,0.974934,0.802243,0.290939,0.80165,REDUCED_ACTIVITY,,,,0
P01858,ananse,AN-C001858,Low,0.894322,1.236989,0.91469,0.855985,0.852837,ACTIVE,S08,Low,Cross-institution,4
P01859,ananse,AN-C001859,Very High,1.192552,0.823074,0.991147,0.138626,0.957704,ACTIVE,,,,1
P01860,ananse,AN-C001860,High,0.90445,0.872168,1.039867,0.779399,0.968009,ACTIVE,,,,0
P01861,ananse,AN-C001861,Very High,0.65709,1.123351,1.014428,0.158447,0.83701,ACTIVE,,,,1
P01862,ananse,AN-C001862,High,1.000654,1.124106,1.168184,0.080552,0.853201,ACTIVE,,,,1
P01863,ananse,AN-C001863,Very Low,0.871663,1.236755,1.097444,0.706406,0.865776,ACTIVE,,,,0
P01864,ananse,AN-C001864,Low,0.865417,1.191797,0.908263,0.264654,0.971178,REDUCED_ACTIVITY,,,,4
P01865,ananse,AN-C001865,Low,0.998344,0.777507,0.852086,0.819735,0.796521,ACTIVE,,,,0
P01866,ananse,AN-C001866,Very Low,1.126124,1.012042,0.818194,0.496363,0.821093,ACTIVE,,,,0
P01867,ananse,AN-C001867,Very Low,1.422218,1.105194,0.859568,0.950347,0.76976,ACTIVE,,,,1
P01868,ananse,AN-C001868,Moderate,1.098905,1.108048,0.999823,0.351748,0.78572,ACTIVE,,,,0
P01869,ananse,AN-C001869,Low,0.8982,0.877101,1.152547,0.612765,0.756606,ACTIVE,,,,0
P01870,ananse,AN-C001870,Very High,1.087572,0.936788,1.004556,0.419105,0.846698,REDUCED_ACTIVITY,,,,0
P01871,ananse,AN-C001871,Moderate,1.055416,1.151286,1.01319,0.837726,0.945096,REDUCED_ACTIVITY,,,,2
P01872,ananse,AN-C001872,High,1.378675,0.864697,0.806608,0.16308,0.873975,RAMP_UP,,,,0
P01873,ananse,AN-C001873,Very Low,0.969569,1.151239,0.806779,0.496193,0.784919,ACTIVE,,,,0
P01874,ananse,AN-C001874,Low,1.358126,0.971285,0.954231,0.767672,0.798869,ACTIVE,,,,1
P01875,ananse,AN-C001875,Moderate,0.804655,1.012963,1.158495,0.763905,0.80509,RAMP_UP,,,,1
P01876,ananse,AN-C001876,Low,0.883349,0.84456,1.050883,0.426539,0.885018,ACTIVE,,,,0
P01877,ananse,AN-C001877,High,0.712276,0.773883,0.839777,0.807999,0.837373,ACTIVE,,,,1
P01878,ananse,AN-C001878,Moderate,1.183024,1.151712,0.920773,0.043861,0.940503,ACTIVE,,,,1
P01879,ananse,AN-C001879,Low,0.878275,0.844019,1.137152,0.062449,0.88029,ACTIVE,,,,1
P01880,ananse,AN-C001880,Moderate,1.314182,1.213629,1.127321,0.101435,0.915448,ACTIVE,,,,0
P01881,ananse,AN-C001881,Moderate,1.150842,0.815506,0.913996,0.785509,0.907818,ACTIVE,,,,2
P01882,ananse,AN-C001882,Moderate,0.967507,1.147668,0.844494,0.983413,0.827952,ACTIVE,,,,1
P01883,ananse,AN-C001883,Low,1.718752,1.044045,1.162455,0.525312,0.951897,ACTIVE,,,,0
P01884,ananse,AN-C001884,Very Low,0.914305,0.977304,1.112015,0.942314,0.953255,ACTIVE,,,,1
P01885,ananse,AN-C001885,Moderate,0.96956,0.812866,0.833313,0.208996,0.900839,RAMP_UP,,,,1
P01886,ananse,AN-C001886,Moderate,0.819639,1.174184,0.828257,0.043137,0.771206,ACTIVE,,,,1
P01887,ananse,AN-C001887,Very Low,1.095088,0.932729,1.183176,0.355468,0.94421,ACTIVE,,,,2
P01888,ananse,AN-C001888,Very Low,1.207101,1.231241,1.106174,0.570887,0.799839,REDUCED_ACTIVITY,,,,1
P01889,ananse,AN-C001889,High,0.929542,0.844879,1.103062,0.513757,0.855988,ACTIVE,,,,0
P01890,ananse,AN-C001890,Very High,0.866357,0.87639,1.125912,0.808552,0.938147,REDUCED_ACTIVITY,,,,0
P01891,ananse,AN-C001891,Low,1.046952,1.24088,0.815957,0.61866,0.929163,ACTIVE,,,,0
P01892,ananse,AN-C001892,Very Low,1.343771,0.819449,1.121825,0.245148,0.939315,RAMP_UP,,,,0
P01893,ananse,AN-C001893,High,1.314944,1.133888,0.832011,0.993022,0.793594,ACTIVE,,,,0
P01894,ananse,AN-C001894,Very Low,0.759392,1.003655,1.032183,0.198615,0.979246,ACTIVE,,,,0
P01895,ananse,AN-C001895,Moderate,1.09984,0.849545,1.053591,0.300287,0.79555,ACTIVE,,,,0
P01896,ananse,AN-C001896,Low,0.94827,1.139685,0.877054,0.037904,0.929039,INACTIVE,,,,2
P01897,ananse,AN-C001897,Very High,1.380297,1.219701,1.072345,0.070705,0.860072,ACTIVE,,,,1
P01898,ananse,AN-C001898,Very Low,1.655989,0.959776,1.017556,0.589977,0.804366,RAMP_UP,,,,0
P01899,ananse,AN-C001899,Moderate,1.585774,0.995907,1.161762,0.842212,0.842473,RAMP_UP,,,,1
P01900,ananse,AN-C001900,High,0.984261,0.756838,1.175135,0.24729,0.910996,ACTIVE,,,,1
P01901,ananse,AN-C001901,Moderate,0.711612,0.874324,1.121766,0.056012,0.920018,REDUCED_ACTIVITY,,,,0
P01902,ananse,AN-C001902,Very Low,1.118158,0.891608,0.940953,0.167875,0.9009,ACTIVE,,,,0
P01903,ananse,AN-C001903,Moderate,0.607894,0.916848,0.851008,0.35816,0.772233,REDUCED_ACTIVITY,,,,1
P01904,ananse,AN-C001904,Moderate,1.666146,1.00817,0.950539,0.648874,0.839301,ACTIVE,S12,Low,Contextual,0
P01905,ananse,AN-C001905,Moderate,1.113564,1.055303,1.070371,0.900347,0.822558,ACTIVE,,,,2
P01906,ananse,AN-C001906,High,0.966814,0.901702,0.956136,0.964956,0.989029,ACTIVE,,,,0
P01907,ananse,AN-C001907,Moderate,0.802311,1.048068,1.038958,0.30493,0.817329,ACTIVE,,,,0
P01908,ananse,AN-C001908,Very High,1.293938,0.874375,1.00598,0.200851,0.825703,ACTIVE,,,,0
P01909,ananse,AN-C001909,Moderate,1.057017,1.207167,1.057736,0.792485,0.969725,ACTIVE,,,,0
P01910,ananse,AN-C001910,Moderate,1.139402,0.95163,1.091478,0.571397,0.817664,ACTIVE,,,,0
P01911,ananse,AN-C001911,Moderate,1.218294,0.77301,1.092471,0.388402,0.867765,ACTIVE,,,,0
P01912,ananse,AN-C001912,Moderate,0.939971,1.122839,0.948041,0.979244,0.929879,ACTIVE,,,,0
P01913,ananse,AN-C001913,Very High,1.097795,1.19739,1.003098,0.010072,0.88847,ACTIVE,,,,0
P01914,ananse,AN-C001914,Low,0.893213,1.192908,0.808517,0.822983,0.923284,ACTIVE,,,,0
P01915,ananse,AN-C001915,High,0.672599,1.084743,1.172764,0.783182,0.944256,REDUCED_ACTIVITY,,,,2
P01916,ananse,AN-C001916,Low,0.96701,0.992925,1.150361,0.726177,0.790325,ACTIVE,,,,0
P01917,ananse,AN-C001917,Moderate,0.731907,1.072641,1.179198,0.103688,0.899853,REDUCED_ACTIVITY,,,,0
P01918,ananse,AN-C001918,Very Low,1.135227,1.079778,1.106386,0.735384,0.837498,ACTIVE,,,,3
P01919,ananse,AN-C001919,High,1.205574,1.22977,1.178451,0.026298,0.899571,ACTIVE,,,,1
P01920,ananse,AN-C001920,Low,1.216226,0.788758,0.950592,0.599385,0.907171,REDUCED_ACTIVITY,,,,2
P01921,ananse,AN-C001921,Low,0.64437,0.97116,1.058904,0.217495,0.936519,ACTIVE,,,,1
P01922,ananse,AN-C001922,Very Low,1.154996,1.243355,0.813054,0.114815,0.805826,ACTIVE,,,,1
P01923,ananse,AN-C001923,Moderate,0.809164,0.762967,0.991712,0.141148,0.832633,ACTIVE,,,,0
P01924,ananse,AN-C001924,Moderate,0.850185,1.198786,1.106464,0.647722,0.920985,ACTIVE,,,,0
P01925,ananse,AN-C001925,Low,1.382486,1.070344,0.913497,0.452384,0.985791,ACTIVE,S03,High,Cross-institution,2
P01926,ananse,AN-C001926,High,1.178581,0.760248,1.113373,0.465877,0.755568,ACTIVE,,,,0
P01927,ananse,AN-C001927,Low,0.882127,1.239033,1.091003,0.951313,0.970439,ACTIVE,,,,0
P01928,ananse,AN-C001928,Low,0.941018,0.802333,0.917762,0.543154,0.815398,ACTIVE,S04,Low,Contextual,1
P01929,ananse,AN-C001929,Very Low,1.749342,1.207732,0.910643,0.33981,0.809488,ACTIVE,,,,0
P01930,ananse,AN-C001930,Moderate,1.400641,0.867351,1.088216,0.754454,0.978582,INACTIVE,,,,1
P01931,ananse,AN-C001931,Very High,0.75398,0.942081,0.935023,0.76271,0.815091,ACTIVE,,,,0
P01932,ananse,AN-C001932,Moderate,0.969477,1.131084,0.982349,0.629819,0.875604,ACTIVE,,,,1
P01933,ananse,AN-C001933,High,1.312826,0.925314,1.03654,0.937199,0.826114,ACTIVE,,,,0
P01934,ananse,AN-C001934,Moderate,0.989054,1.078316,1.197146,0.030762,0.861567,REDUCED_ACTIVITY,,,,1
P01935,ananse,AN-C001935,High,1.694177,0.906863,1.022617,0.182572,0.789215,ACTIVE,,,,0
P01936,ananse,AN-C001936,Very Low,0.877282,1.101788,1.184802,0.908756,0.908223,ACTIVE,,,,1
P01937,ananse,AN-C001937,Very Low,1.019824,1.060585,0.929583,0.170216,0.913358,ACTIVE,,,,0
P01938,ananse,AN-C001938,Moderate,0.587765,1.000519,1.037599,0.158152,0.783368,ACTIVE,,,,1
P01939,ananse,AN-C001939,Very Low,1.15641,0.991005,1.136157,0.759439,0.957978,INACTIVE,,,,1
P01940,ananse,AN-C001940,Moderate,0.619764,0.936319,1.037595,0.291067,0.795132,ACTIVE,,,,1
P01941,ananse,AN-C001941,Moderate,0.976313,1.144042,0.832803,0.885473,0.851961,ACTIVE,,,,0
P01942,ananse,AN-C001942,Moderate,0.829222,1.161828,0.871435,0.778844,0.921501,REDUCED_ACTIVITY,,,,0
P01943,ananse,AN-C001943,Low,0.965097,1.211372,0.939078,0.621315,0.796075,ACTIVE,,,,0
P01944,ananse,AN-C001944,Very Low,1.388003,1.023162,1.044016,0.792924,0.790696,ACTIVE,,,,1
P01945,ananse,AN-C001945,Low,1.207181,1.142119,0.991047,0.257904,0.886339,ACTIVE,,,,1
P01946,ananse,AN-C001946,Moderate,1.453963,1.01401,1.153646,0.751493,0.896254,ACTIVE,,,,0
P01947,ananse,AN-C001947,Very Low,1.033686,1.123321,1.17346,0.276717,0.802294,ACTIVE,,,,1
P01948,ananse,AN-C001948,Moderate,1.070009,0.910734,0.907782,0.372665,0.758189,ACTIVE,,,,0
P01949,ananse,AN-C001949,Low,0.683985,0.780517,1.11522,0.061618,0.920974,ACTIVE,,,,1
P01950,ananse,AN-C001950,High,1.409464,1.041483,0.832671,0.836474,0.810177,REDUCED_ACTIVITY,,,,1
P01951,ananse,AN-C001951,Low,1.175656,1.05934,0.850749,0.107323,0.808746,ACTIVE,,,,1
P01952,ananse,AN-C001952,Moderate,0.793607,0.75843,1.174696,0.478755,0.976609,ACTIVE,,,,0
P01953,ananse,AN-C001953,Moderate,1.052284,1.040716,1.052365,0.44204,0.981996,ACTIVE,S12,Low,Multi-event,0
P01954,ananse,AN-C001954,Moderate,1.72206,1.136081,1.153575,0.166936,0.960374,REDUCED_ACTIVITY,,,,1
P01955,ananse,AN-C001955,High,1.098084,1.134612,1.017735,0.197695,0.925453,ACTIVE,,,,0
P01956,ananse,AN-C001956,Moderate,0.651093,1.054266,0.936747,0.152567,0.854338,ACTIVE,,,,1
P01957,ananse,AN-C001957,Moderate,1.113255,0.789577,0.810404,0.973941,0.851954,ACTIVE,,,,0
P01958,ananse,AN-C001958,Very Low,1.077177,1.067494,1.080935,0.170632,0.820593,RAMP_UP,,,,1
P01959,ananse,AN-C001959,Low,0.94564,1.024213,1.145443,0.225932,0.888976,ACTIVE,,,,0
P01960,ananse,AN-C001960,Low,1.235665,1.044476,1.184268,0.836175,0.991784,ACTIVE,,,,0
P01961,ananse,AN-C001961,Low,1.194946,0.868946,1.169495,0.736008,0.958703,ACTIVE,,,,0
P01962,ananse,AN-C001962,Moderate,1.027573,1.081364,1.050957,0.652151,0.9089,ACTIVE,,,,0
P01963,ananse,AN-C001963,Moderate,0.766824,0.995889,1.083559,0.770735,0.776738,ACTIVE,,,,0
P01964,ananse,AN-C001964,Very Low,1.215594,1.168006,0.839135,0.027386,0.861436,ACTIVE,,,,0
P01965,ananse,AN-C001965,Very Low,0.622518,1.195607,1.042856,0.143906,0.857474,ACTIVE,,,,2
P01966,ananse,AN-C001966,High,1.193365,0.914785,1.122397,0.11285,0.931089,ACTIVE,,,,0
P01967,ananse,AN-C001967,Low,1.096554,0.750992,1.02391,0.838796,0.807518,RAMP_UP,,,,0
P01968,ananse,AN-C001968,Low,1.393554,0.930377,1.135923,0.336433,0.783434,ACTIVE,,,,0
P01969,ananse,AN-C001969,Low,0.890588,1.234909,1.078186,0.244602,0.828642,ACTIVE,,,,2
P01970,ananse,AN-C001970,Low,1.259563,0.971615,1.140942,0.728654,0.84852,ACTIVE,,,,0
P01971,ananse,AN-C001971,High,1.74967,0.834864,0.872035,0.267584,0.828086,ACTIVE,,,,1
P01972,ananse,AN-C001972,Very Low,0.682203,1.231993,1.114751,0.374116,0.871537,RAMP_UP,,,,0
P01973,ananse,AN-C001973,Moderate,1.0432,1.018392,1.036526,0.16697,0.948245,ACTIVE,,,,0
P01974,ananse,AN-C001974,High,0.868528,0.823499,1.077685,0.113668,0.936451,ACTIVE,,,,1
P01975,ananse,AN-C001975,High,0.870994,0.938157,0.95517,0.649372,0.880445,RAMP_UP,,,,0
P01976,ananse,AN-C001976,Moderate,1.035899,0.788824,0.937785,0.26522,0.806111,INACTIVE,,,,0
P01977,ananse,AN-C001977,Low,1.654392,0.892467,1.041059,0.430931,0.867978,ACTIVE,,,,0
P01978,ananse,AN-C001978,Moderate,0.816722,0.773754,0.848355,0.196586,0.967337,ACTIVE,,,,0
P01979,ananse,AN-C001979,Moderate,0.761406,0.79861,0.857177,0.657822,0.797435,ACTIVE,,,,0
P01980,ananse,AN-C001980,Moderate,0.806926,0.929552,1.114186,0.746445,0.984364,ACTIVE,,,,1
P01981,ananse,AN-C001981,Low,1.367513,1.247362,1.026758,0.770771,0.752851,ACTIVE,,,,1
P01982,ananse,AN-C001982,Very Low,1.222184,1.108724,1.130518,0.742254,0.807751,RAMP_UP,,,,0
P01983,ananse,AN-C001983,Moderate,0.742315,1.08381,0.947753,0.845311,0.823461,ACTIVE,,,,0
P01984,ananse,AN-C001984,Low,1.133201,0.910819,0.934404,0.614054,0.909767,ACTIVE,,,,2
P01985,ananse,AN-C001985,Very High,0.972478,0.77471,1.051999,0.877134,0.997034,REDUCED_ACTIVITY,,,,1
P01986,ananse,AN-C001986,Moderate,1.194204,0.760174,1.054261,0.819408,0.789916,INACTIVE,,,,0
P01987,ananse,AN-C001987,Low,1.075472,0.927094,0.92746,0.52381,0.869637,ACTIVE,,,,0
P01988,ananse,AN-C001988,Very High,0.932584,1.043091,0.852616,0.568201,0.81437,ACTIVE,,,,0
P01989,ananse,AN-C001989,Very Low,1.124861,1.152678,1.108997,0.28864,0.955199,ACTIVE,,,,0
P01990,ananse,AN-C001990,High,0.929101,0.951839,0.9035,0.131898,0.960145,ACTIVE,,,,1
P01991,ananse,AN-C001991,Very High,1.239847,0.761931,0.891758,0.250511,0.969737,ACTIVE,,,,1
P01992,ananse,AN-C001992,High,0.860592,0.905339,1.119252,0.241476,0.882451,ACTIVE,,,,1
P01993,ananse,AN-C001993,Moderate,0.703323,0.893452,0.822845,0.986189,0.806553,INACTIVE,,,,1
P01994,ananse,AN-C001994,High,0.816429,0.893031,1.016923,0.365064,0.952648,ACTIVE,,,,0
P01995,ananse,AN-C001995,Low,1.262609,0.889038,1.004949,0.11755,0.962905,ACTIVE,,,,0
P01996,ananse,AN-C001996,Very Low,0.766319,1.025336,0.89428,0.200195,0.990294,ACTIVE,,,,0
P01997,ananse,AN-C001997,Very Low,1.136051,0.989243,1.01135,0.691472,0.876779,REDUCED_ACTIVITY,,,,1
P01998,ananse,AN-C001998,High,1.091057,1.005121,0.819788,0.949379,0.848931,ACTIVE,,,,0
P01999,ananse,AN-C001999,Very Low,1.159513,1.137303,0.858592,0.953643,0.877321,RAMP_UP,,,,0
P02000,ananse,AN-C002000,Low,0.5091,1.151328,1.005468,0.696984,0.763876,ACTIVE,,,,1
P02001,ananse,AN-C002001,Very High,0.846493,1.141562,0.979723,0.051797,0.989231,INACTIVE,,,,0
P02002,ananse,AN-C002002,Low,1.006553,1.184251,1.191827,0.689309,0.801916,ACTIVE,,,,0
P02003,ananse,AN-C002003,Low,0.822835,1.113477,1.058438,0.015396,0.984613,ACTIVE,,,,0
P02004,ananse,AN-C002004,Very Low,0.788783,0.814779,1.098836,0.699538,0.92982,ACTIVE,S12,Low,Multi-event,0
P02005,ananse,AN-C002005,Low,1.541503,1.2215,0.838385,0.274521,0.800718,ACTIVE,,,,2
P02006,ananse,AN-C002006,Low,0.695889,1.025884,0.879018,0.737684,0.808844,ACTIVE,,,,2
P02007,ananse,AN-C002007,High,1.190104,1.085653,0.827772,0.1657,0.883086,ACTIVE,,,,0
P02008,ananse,AN-C002008,High,1.011786,1.155021,0.991837,0.639239,0.843645,ACTIVE,,,,0
P02009,ananse,AN-C002009,Low,1.127552,0.753527,0.994117,0.442527,0.980692,RAMP_UP,,,,0
P02010,ananse,AN-C002010,Very High,0.969324,1.00363,0.983382,0.713532,0.984058,INACTIVE,,,,0
P02011,ananse,AN-C002011,Low,1.059349,1.223647,1.145861,0.343622,0.915641,ACTIVE,,,,0
P02012,ananse,AN-C002012,Moderate,0.573334,1.018255,1.064015,0.984539,0.920506,ACTIVE,,,,2
P02013,ananse,AN-C002013,Very Low,1.121112,1.126961,0.94655,0.815744,0.968775,ACTIVE,,,,2
P02014,ananse,AN-C002014,Moderate,1.306524,0.796166,0.978482,0.661486,0.83163,ACTIVE,,,,0
P02015,ananse,AN-C002015,Low,0.948345,0.836418,1.078446,0.174759,0.941372,ACTIVE,,,,0
P02016,ananse,AN-C002016,High,1.002816,0.76771,0.969286,0.890083,0.798013,ACTIVE,,,,0
P02017,ananse,AN-C002017,Moderate,1.347353,1.248325,1.151146,0.374153,0.914042,ACTIVE,,,,0
P02018,ananse,AN-C002018,High,1.876095,1.103916,1.115038,0.136364,0.898079,ACTIVE,,,,0
P02019,ananse,AN-C002019,Very High,1.08625,0.977083,0.922357,0.269414,0.830133,ACTIVE,,,,2
P02020,ananse,AN-C002020,Moderate,0.916899,1.131495,0.992979,0.570668,0.928063,RAMP_UP,S09,High,Contextual,1
P02021,ananse,AN-C002021,Very Low,0.702113,0.908679,0.824767,0.968735,0.765925,REDUCED_ACTIVITY,S15,Medium,Multi-event,0
P02022,ananse,AN-C002022,Moderate,1.389299,1.037492,0.840957,0.669902,0.808195,RAMP_UP,,,,0
P02023,ananse,AN-C002023,Low,1.09648,1.128455,1.118631,0.515433,0.777811,ACTIVE,,,,0
P02024,ananse,AN-C002024,High,0.956289,0.812855,1.024464,0.347206,0.841793,INACTIVE,,,,0
P02025,ananse,AN-C002025,High,1.26972,1.2496,1.026825,0.155414,0.857206,ACTIVE,,,,0
P02026,ananse,AN-C002026,Moderate,1.375528,1.213644,0.889761,0.530743,0.844302,REDUCED_ACTIVITY,,,,0
P02027,ananse,AN-C002027,Moderate,0.735413,1.148691,0.89741,0.300895,0.848557,ACTIVE,,,,1
P02028,ananse,AN-C002028,High,1.188151,1.016773,1.072081,0.545273,0.838235,ACTIVE,,,,0
P02029,ananse,AN-C002029,Low,0.913139,1.243285,1.020927,0.712784,0.939516,RAMP_UP,,,,1
P02030,ananse,AN-C002030,Moderate,0.99624,0.883793,1.162823,0.950387,0.874313,ACTIVE,,,,2
P02031,ananse,AN-C002031,Very Low,1.283797,0.82665,1.15647,0.541672,0.893854,RAMP_UP,S12,Low,Cross-institution,0
P02032,ananse,AN-C002032,Moderate,1.134258,0.936094,1.186898,0.746508,0.84065,ACTIVE,,,,0
P02033,ananse,AN-C002033,Very Low,1.197452,1.227384,0.836904,0.581618,0.925976,ACTIVE,S14,Low,Contextual,1
P02034,ananse,AN-C002034,Very Low,2.136253,0.970651,1.025341,0.097401,0.790617,ACTIVE,,,,0
P02035,ananse,AN-C002035,High,1.066633,0.976961,1.187477,0.448363,0.876754,ACTIVE,,,,0
P02036,ananse,AN-C002036,Moderate,1.213417,0.768181,0.95662,0.030919,0.932965,ACTIVE,S09,High,Multi-event,2
P02037,ananse,AN-C002037,Moderate,1.446118,0.77053,0.975602,0.23816,0.91157,ACTIVE,,,,1
P02038,ananse,AN-C002038,Moderate,1.07478,1.071608,0.812879,0.162499,0.813137,ACTIVE,,,,0
P02039,ananse,AN-C002039,High,0.805785,0.988729,1.184303,0.191259,0.822476,REDUCED_ACTIVITY,,,,2
P02040,ananse,AN-C002040,High,0.624219,0.943961,1.088339,0.487217,0.776461,ACTIVE,,,,2
P02041,ananse,AN-C002041,Low,0.764946,0.865637,0.9199,0.036831,0.97672,REDUCED_ACTIVITY,,,,0
P02042,ananse,AN-C002042,Low,0.924449,0.753691,1.021597,0.123239,0.92339,ACTIVE,,,,1
P02043,ananse,AN-C002043,Very Low,0.89813,0.808218,0.904114,0.683768,0.982643,ACTIVE,,,,1
P02044,ananse,AN-C002044,High,1.077335,0.828002,0.818662,0.415448,0.951813,ACTIVE,,,,1
P02045,ananse,AN-C002045,High,0.932449,0.829589,1.05004,0.12772,0.897083,ACTIVE,,,,0
P02046,ananse,AN-C002046,Moderate,1.112389,0.911885,1.106213,0.544449,0.965137,ACTIVE,,,,0
P02047,ananse,AN-C002047,Low,0.892751,1.245004,0.810917,0.513109,0.877611,ACTIVE,,,,2
P02048,ananse,AN-C002048,High,1.29526,1.188353,0.890811,0.903668,0.958208,INACTIVE,,,,1
P02049,ananse,AN-C002049,Low,0.844438,0.768824,1.143343,0.930045,0.779527,REDUCED_ACTIVITY,S09,Low,Contextual,2
P02050,ananse,AN-C002050,Low,1.027087,0.976292,1.136181,0.335322,0.877819,ACTIVE,,,,2
P02051,ananse,AN-C002051,Low,0.987033,1.102999,0.933585,0.424886,0.792927,ACTIVE,S05,Medium,Detectable,0
P02052,ananse,AN-C002052,High,0.970692,0.869569,0.839346,0.205212,0.868735,ACTIVE,,,,0
P02053,ananse,AN-C002053,Very Low,0.847286,1.147356,1.044906,0.431941,0.863552,ACTIVE,,,,0
P02054,ananse,AN-C002054,Low,0.842683,1.172886,0.958906,0.293873,0.932165,ACTIVE,,,,1
P02055,ananse,AN-C002055,Low,1.16372,0.946717,0.872454,0.479431,0.981971,INACTIVE,,,,0
P02056,ananse,AN-C002056,High,1.046341,1.059491,1.105226,0.549361,0.956299,ACTIVE,,,,1
P02057,ananse,AN-C002057,Low,0.754766,1.089663,1.034416,0.991229,0.992556,ACTIVE,,,,1
P02058,ananse,AN-C002058,Moderate,0.885157,1.076366,1.05837,0.790669,0.812106,REDUCED_ACTIVITY,,,,0
P02059,ananse,AN-C002059,High,1.203155,0.845455,0.806751,0.277708,0.83039,REDUCED_ACTIVITY,,,,1
P02060,ananse,AN-C002060,Very High,1.016814,1.016731,0.93168,0.0598,0.88987,ACTIVE,,,,1
P02061,ananse,AN-C002061,Moderate,0.846661,0.843435,0.841719,0.524494,0.850616,REDUCED_ACTIVITY,,,,1
P02062,ananse,AN-C002062,Low,1.233088,0.976859,1.025125,0.757067,0.81165,REDUCED_ACTIVITY,,,,3
P02063,ananse,AN-C002063,Moderate,1.045973,1.213789,1.061875,0.562236,0.775278,ACTIVE,,,,2
P02064,ananse,AN-C002064,Very Low,0.786277,0.9468,1.053143,0.790541,0.900798,ACTIVE,,,,0
P02065,ananse,AN-C002065,Very Low,0.810032,1.195636,0.844241,0.733178,0.772512,REDUCED_ACTIVITY,,,,0
P02066,ananse,AN-C002066,Low,1.376315,0.92744,1.049706,0.109672,0.774315,ACTIVE,,,,0
P02067,ananse,AN-C002067,Moderate,1.104764,0.767661,0.96672,0.578308,0.802249,INACTIVE,,,,1
P02068,ananse,AN-C002068,High,0.997097,0.815408,0.989748,0.307074,0.969873,RAMP_UP,,,,0
P02069,ananse,AN-C002069,Moderate,0.734495,1.20152,1.083654,0.233624,0.825269,ACTIVE,,,,1
P02070,ananse,AN-C002070,High,1.570139,0.861412,0.839356,0.335349,0.908735,ACTIVE,,,,0
P02071,ananse,AN-C002071,Low,0.762806,0.752679,1.115794,0.100227,0.886391,ACTIVE,,,,0
P02072,ananse,AN-C002072,Very Low,1.2496,0.877414,0.899246,0.363095,0.941026,REDUCED_ACTIVITY,,,,0
P02073,ananse,AN-C002073,Moderate,1.380925,0.817064,1.115172,0.804797,0.813285,REDUCED_ACTIVITY,,,,0
P02074,ananse,AN-C002074,Moderate,1.144334,1.11135,1.137906,0.684525,0.845569,ACTIVE,,,,0
P02075,ananse,AN-C002075,Low,0.867432,0.890545,1.05846,0.468677,0.773667,ACTIVE,,,,1
P02076,ananse,AN-C002076,Very Low,0.6945,0.955554,0.821179,0.441086,0.776588,ACTIVE,,,,2
P02077,ananse,AN-C002077,Low,0.831673,1.128064,0.80015,0.832214,0.890413,ACTIVE,,,,2
P02078,ananse,AN-C002078,Moderate,1.035194,0.84926,0.915496,0.324861,0.890313,ACTIVE,S15,Low,Cross-institution,0
P02079,ananse,AN-C002079,Moderate,1.494307,0.795582,0.959358,0.82039,0.971221,RAMP_UP,,,,0
P02080,ananse,AN-C002080,Low,0.933553,1.232236,0.974147,0.878807,0.834571,ACTIVE,,,,1
P02081,ananse,AN-C002081,Moderate,0.956686,1.205167,1.137471,0.246645,0.88844,ACTIVE,,,,0
P02082,ananse,AN-C002082,Very Low,1.097957,1.066065,1.199656,0.947984,0.969728,ACTIVE,,,,0
P02083,ananse,AN-C002083,Moderate,0.827498,1.078366,0.808285,0.749448,0.946959,ACTIVE,,,,0
P02084,ananse,AN-C002084,Moderate,0.970232,1.220429,0.968382,0.579062,0.832658,ACTIVE,S08,Low,Contextual,0
P02085,ananse,AN-C002085,Low,1.11626,1.195189,0.886738,0.323424,0.962479,REDUCED_ACTIVITY,,,,0
P02086,ananse,AN-C002086,High,1.365126,1.130492,0.853857,0.040227,0.752507,ACTIVE,,,,0
P02087,ananse,AN-C002087,Moderate,0.868865,0.918414,1.085582,0.972243,0.818559,ACTIVE,,,,1
P02088,ananse,AN-C002088,Moderate,0.680255,1.060118,1.153697,0.453153,0.860154,ACTIVE,,,,2
P02089,ananse,AN-C002089,Low,1.051374,0.893392,0.919445,0.787642,0.969229,ACTIVE,,,,2
P02090,ananse,AN-C002090,High,0.702867,0.763209,1.091564,0.287444,0.883374,ACTIVE,,,,0
P02091,ananse,AN-C002091,Moderate,0.859511,1.218369,0.845262,0.47767,0.953714,REDUCED_ACTIVITY,,,,1
P02092,ananse,AN-C002092,Moderate,0.867616,1.08144,1.162106,0.127931,0.940157,ACTIVE,,,,1
P02093,ananse,AN-C002093,Low,0.658034,1.06799,1.180656,0.878086,0.752097,ACTIVE,,,,0
P02094,ananse,AN-C002094,Low,0.945986,1.080608,1.020223,0.453304,0.855109,ACTIVE,,,,0
P02095,ananse,AN-C002095,Moderate,1.128864,0.987526,0.992448,0.698081,0.840248,ACTIVE,,,,0
P02096,ananse,AN-C002096,Moderate,1.091854,0.839609,1.111017,0.207708,0.875337,ACTIVE,,,,0
P02097,ananse,AN-C002097,Moderate,0.791449,0.96594,0.982564,0.729665,0.863051,ACTIVE,S10,Low,Detectable,1
P02098,ananse,AN-C002098,High,1.143464,1.040052,0.886777,0.298232,0.836863,ACTIVE,,,,1
P02099,ananse,AN-C002099,Low,0.704407,0.783966,1.103624,0.993633,0.907768,ACTIVE,,,,0
P02100,ananse,AN-C002100,Low,1.185793,1.213281,0.897392,0.810508,0.884986,ACTIVE,,,,0
P02101,ananse,AN-C002101,Moderate,1.182851,1.249569,1.026264,0.947076,0.804049,ACTIVE,,,,1
P02102,ananse,AN-C002102,High,0.565244,1.177325,0.917365,0.671683,0.8321,ACTIVE,,,,0
P02103,ananse,AN-C002103,Moderate,1.372273,0.973962,1.182581,0.47619,0.939738,ACTIVE,,,,0
P02104,ananse,AN-C002104,Very Low,0.877087,1.183499,1.197832,0.088359,0.842482,ACTIVE,S03,High,Contextual,3
P02105,ananse,AN-C002105,High,0.738296,0.975757,1.181738,0.15838,0.880835,ACTIVE,,,,1
P02106,ananse,AN-C002106,Moderate,0.866948,1.073031,0.82065,0.10576,0.791311,ACTIVE,,,,1
P02107,ananse,AN-C002107,Low,1.156208,0.77108,0.95276,0.054979,0.798698,ACTIVE,,,,0
P02108,ananse,AN-C002108,Low,0.648733,0.760628,0.896241,0.237944,0.937098,ACTIVE,,,,2
P02109,ananse,AN-C002109,Moderate,1.449643,0.839239,1.007543,0.328623,0.873923,ACTIVE,,,,0
P02110,ananse,AN-C002110,Low,1.292162,1.15519,1.112333,0.52172,0.92498,ACTIVE,,,,1
P02111,ananse,AN-C002111,Moderate,1.079971,0.86459,0.952695,0.052194,0.819169,ACTIVE,,,,0
P02112,ananse,AN-C002112,Low,0.856862,0.839053,1.039327,0.95981,0.76146,ACTIVE,,,,0
P02113,ananse,AN-C002113,High,0.671707,1.06176,0.834349,0.777346,0.946846,ACTIVE,,,,0
P02114,ananse,AN-C002114,Very Low,1.068078,1.231911,0.814012,0.484087,0.879641,ACTIVE,,,,1
P02115,ananse,AN-C002115,Moderate,0.817697,0.951387,0.901803,0.975609,0.844006,ACTIVE,,,,0
P02116,ananse,AN-C002116,Moderate,1.241034,0.852872,1.011795,0.938308,0.899464,ACTIVE,,,,0
P02117,ananse,AN-C002117,Moderate,1.074793,0.984504,1.184484,0.367329,0.887351,ACTIVE,,,,2
P02118,ananse,AN-C002118,Very Low,1.037999,0.827147,0.829988,0.809572,0.967483,ACTIVE,,,,0
P02119,ananse,AN-C002119,Moderate,0.576111,0.789914,0.955033,0.693295,0.974348,ACTIVE,,,,0
P02120,ananse,AN-C002120,Low,1.341066,0.752247,0.808076,0.096296,0.921247,REDUCED_ACTIVITY,,,,1
P02121,ananse,AN-C002121,Very High,1.63551,0.825402,1.032617,0.342011,0.797813,REDUCED_ACTIVITY,,,,1
P02122,ananse,AN-C002122,Low,1.114972,0.797341,0.991335,0.464293,0.845163,ACTIVE,,,,1
P02123,ananse,AN-C002123,Low,1.105434,1.243003,0.911858,0.216296,0.868106,INACTIVE,,,,0
P02124,ananse,AN-C002124,Low,1.2972,0.852466,0.885282,0.040314,0.949913,ACTIVE,,,,0
P02125,ananse,AN-C002125,Very Low,0.720578,1.157832,0.973976,0.384137,0.87588,ACTIVE,,,,1
P02126,ananse,AN-C002126,Moderate,1.750067,0.901048,0.879016,0.161805,0.78327,ACTIVE,,,,0
P02127,ananse,AN-C002127,Moderate,0.999381,1.216269,0.984883,0.384453,0.877618,ACTIVE,,,,2
P02128,ananse,AN-C002128,Moderate,1.012756,1.085165,1.007686,0.962121,0.830611,ACTIVE,,,,0
P02129,ananse,AN-C002129,Very High,1.013224,1.217193,0.987132,0.95273,0.796001,REDUCED_ACTIVITY,,,,1
P02130,ananse,AN-C002130,Moderate,0.837719,0.839471,1.187279,0.359589,0.898485,REDUCED_ACTIVITY,,,,1
P02131,ananse,AN-C002131,High,1.018832,0.818045,1.005915,0.521335,0.805337,ACTIVE,,,,0
P02132,ananse,AN-C002132,High,1.076649,1.076712,1.152163,0.127061,0.834538,ACTIVE,,,,0
P02133,ananse,AN-C002133,High,0.61463,0.801479,1.099794,0.399156,0.903008,ACTIVE,,,,0
P02134,ananse,AN-C002134,Very Low,0.933021,0.906331,1.02894,0.707597,0.863836,ACTIVE,,,,0
P02135,ananse,AN-C002135,Low,0.88558,1.091639,1.130017,0.866004,0.929356,ACTIVE,,,,1
P02136,ananse,AN-C002136,High,0.922562,1.122701,1.151151,0.285595,0.966705,ACTIVE,,,,3
P02137,ananse,AN-C002137,High,0.723589,0.780979,1.176436,0.436212,0.856294,ACTIVE,,,,1
P02138,ananse,AN-C002138,Moderate,1.243827,1.17102,1.076597,0.218701,0.835506,ACTIVE,,,,0
P02139,ananse,AN-C002139,Low,0.693872,0.962519,1.110337,0.858662,0.907423,ACTIVE,,,,1
P02140,ananse,AN-C002140,Moderate,1.30459,0.811897,0.925321,0.96636,0.756025,ACTIVE,,,,0
P02141,ananse,AN-C002141,Moderate,1.075461,0.852614,0.92863,0.117581,0.888103,ACTIVE,,,,0
P02142,ananse,AN-C002142,Moderate,1.872051,1.152776,1.097324,0.931197,0.755363,RAMP_UP,,,,0
P02143,ananse,AN-C002143,Moderate,0.992383,1.175936,0.90869,0.568243,0.97015,REDUCED_ACTIVITY,,,,1
P02144,ananse,AN-C002144,Low,1.151556,0.898588,0.801477,0.770607,0.774026,REDUCED_ACTIVITY,,,,1
P02145,ananse,AN-C002145,Moderate,0.861926,0.954189,1.000077,0.445591,0.848117,REDUCED_ACTIVITY,,,,0
P02146,ananse,AN-C002146,Low,1.130419,1.059619,1.172403,0.92715,0.895332,ACTIVE,,,,1
P02147,ananse,AN-C002147,Moderate,0.737128,1.215514,1.050474,0.09306,0.762049,ACTIVE,,,,2
P02148,ananse,AN-C002148,Moderate,1.006334,1.203207,0.819952,0.572725,0.750597,ACTIVE,,,,1
P02149,ananse,AN-C002149,Moderate,0.820339,0.938999,0.915932,0.67885,0.925696,ACTIVE,,,,0
P02150,ananse,AN-C002150,Moderate,0.940959,0.973941,1.092463,0.7239,0.932173,ACTIVE,,,,0
P02151,ananse,AN-C002151,High,1.196959,0.947728,1.090286,0.778968,0.901866,ACTIVE,,,,0
P02152,ananse,AN-C002152,Very Low,0.773944,0.814669,0.981816,0.797117,0.788515,INACTIVE,,,,0
P02153,ananse,AN-C002153,High,1.604273,0.919031,0.838808,0.397982,0.832914,ACTIVE,,,,1
P02154,ananse,AN-C002154,Low,0.698243,0.782402,1.11629,0.153232,0.962043,ACTIVE,,,,1
P02155,ananse,AN-C002155,Low,1.427761,1.137139,1.002966,0.279391,0.944697,ACTIVE,,,,2
P02156,ananse,AN-C002156,Very Low,1.108236,1.062448,0.941651,0.173966,0.961282,INACTIVE,,,,1
P02157,ananse,AN-C002157,Moderate,0.872851,1.179754,0.822496,0.30222,0.908892,ACTIVE,,,,0
P02158,ananse,AN-C002158,Very Low,0.556927,0.950815,0.802225,0.257778,0.898431,INACTIVE,S14,Low,Detectable,1
P02159,ananse,AN-C002159,Moderate,0.73034,1.216954,0.878978,0.797366,0.946066,INACTIVE,,,,0
P02160,ananse,AN-C002160,Moderate,0.922075,0.790226,1.035164,0.77428,0.80972,ACTIVE,,,,0
P02161,ananse,AN-C002161,Low,1.138217,1.225889,1.136149,0.12621,0.867114,ACTIVE,,,,0
P02162,ananse,AN-C002162,Moderate,0.923661,1.160305,1.167662,0.709921,0.777829,ACTIVE,,,,0
P02163,ananse,AN-C002163,Moderate,1.204291,1.202259,1.024877,0.952797,0.802183,INACTIVE,,,,1
P02164,ananse,AN-C002164,High,1.332794,0.907849,1.023032,0.436725,0.80194,ACTIVE,,,,0
P02165,ananse,AN-C002165,High,1.30381,0.767254,1.095272,0.029831,0.856182,ACTIVE,,,,0
P02166,ananse,AN-C002166,Moderate,0.701636,1.009009,0.847556,0.730405,0.969137,ACTIVE,,,,0
P02167,ananse,AN-C002167,Moderate,1.050465,1.104991,0.930388,0.573543,0.788375,INACTIVE,,,,0
P02168,ananse,AN-C002168,Moderate,0.836339,0.901864,1.148058,0.541578,0.970306,REDUCED_ACTIVITY,,,,0
P02169,ananse,AN-C002169,Moderate,1.015561,1.058621,1.066278,0.197832,0.808743,ACTIVE,,,,0
P02170,ananse,AN-C002170,Moderate,0.708867,0.879538,1.012201,0.97147,0.753116,ACTIVE,,,,0
P02171,ananse,AN-C002171,Moderate,0.739774,0.798445,1.100598,0.947343,0.91533,ACTIVE,,,,1
P02172,ananse,AN-C002172,Moderate,0.826581,0.755692,1.18321,0.957638,0.765037,ACTIVE,,,,0
P02173,ananse,AN-C002173,Low,0.972057,1.217232,0.847666,0.798703,0.931214,ACTIVE,,,,0
P02174,ananse,AN-C002174,Very Low,0.812302,0.803774,0.945835,0.963016,0.906702,ACTIVE,,,,1
P02175,ananse,AN-C002175,Moderate,1.578204,1.12319,0.980008,0.685461,0.751981,ACTIVE,,,,1
P02176,ananse,AN-C002176,Low,1.251397,1.209919,1.087024,0.7776,0.791605,ACTIVE,,,,0
P02177,ananse,AN-C002177,Very High,1.067138,1.053966,0.995112,0.11032,0.875835,ACTIVE,,,,0
P02178,ananse,AN-C002178,High,0.584686,0.985614,1.156901,0.625157,0.802615,INACTIVE,,,,0
P02179,ananse,AN-C002179,Low,1.093791,0.877884,0.806633,0.609631,0.866901,RAMP_UP,,,,0
P02180,ananse,AN-C002180,Low,0.96173,1.231975,1.037098,0.454957,0.966513,REDUCED_ACTIVITY,,,,1
P02181,ananse,AN-C002181,High,1.178345,1.1824,1.083505,0.025757,0.91959,ACTIVE,,,,0
P02182,ananse,AN-C002182,Low,1.063953,1.125162,1.002688,0.043105,0.756414,ACTIVE,,,,0
P02183,ananse,AN-C002183,Low,1.027238,1.0316,0.999647,0.362062,0.824965,ACTIVE,,,,0
P02184,ananse,AN-C002184,Low,0.770496,0.937509,0.931707,0.795238,0.851777,ACTIVE,S11,Extreme,Cross-institution,0
P02185,ananse,AN-C002185,Low,1.044953,1.174751,1.184899,0.212025,0.864641,ACTIVE,,,,1
P02186,ananse,AN-C002186,High,0.843582,0.767841,1.174653,0.209236,0.99529,ACTIVE,,,,0
P02187,ananse,AN-C002187,High,1.413181,0.807078,0.85406,0.211736,0.89803,ACTIVE,,,,0
P02188,ananse,AN-C002188,Very Low,1.459012,1.192345,0.986212,0.277594,0.815105,ACTIVE,,,,0
P02189,ananse,AN-C002189,High,1.08878,0.971247,0.92725,0.972101,0.805569,ACTIVE,,,,0
P02190,ananse,AN-C002190,Moderate,1.461157,1.086693,0.885002,0.647157,0.814553,ACTIVE,,,,1
P02191,ananse,AN-C002191,Very Low,1.08256,1.049348,1.068678,0.597908,0.77269,ACTIVE,,,,2
P02192,ananse,AN-C002192,Moderate,0.961623,1.060585,0.866208,0.96435,0.77971,ACTIVE,,,,0
P02193,ananse,AN-C002193,Very Low,0.909914,1.082109,0.973582,0.627589,0.913212,ACTIVE,,,,0
P02194,ananse,AN-C002194,Moderate,0.672819,0.884896,1.071978,0.820727,0.789931,ACTIVE,,,,1
P02195,ananse,AN-C002195,Moderate,1.110728,0.871449,1.103831,0.888951,0.865458,ACTIVE,,,,1
P02196,ananse,AN-C002196,Low,0.854605,1.0234,0.834636,0.199171,0.955715,ACTIVE,,,,0
P02197,ananse,AN-C002197,Moderate,1.275974,1.103304,0.945616,0.926255,0.822998,RAMP_UP,,,,1
P02198,ananse,AN-C002198,Moderate,1.000016,0.837816,1.104485,0.272302,0.938859,ACTIVE,,,,0
P02199,ananse,AN-C002199,Moderate,1.034752,1.157259,0.916588,0.059358,0.92236,ACTIVE,,,,0
P02200,ananse,AN-C002200,Low,0.816485,1.175604,0.81783,0.789259,0.917795,ACTIVE,,,,0
P02201,ananse,AN-C002201,Very Low,1.109137,0.985995,0.804282,0.841802,0.892322,ACTIVE,,,,2
P02202,ananse,AN-C002202,Low,1.227011,0.888516,1.164955,0.075608,0.762943,ACTIVE,,,,0
P02203,ananse,AN-C002203,Moderate,1.007347,1.03768,1.012582,0.136859,0.998886,ACTIVE,,,,0
P02204,ananse,AN-C002204,High,0.756907,1.135604,1.047736,0.015068,0.998705,ACTIVE,,,,0
P02205,ananse,AN-C002205,High,0.887509,0.750015,1.01302,0.229314,0.997968,RAMP_UP,,,,0
P02206,ananse,AN-C002206,Very High,1.088648,0.862217,1.17263,0.18646,0.874906,ACTIVE,,,,0
P02207,ananse,AN-C002207,Moderate,1.188237,0.759113,1.147972,0.62245,0.821949,ACTIVE,,,,1
P02208,ananse,AN-C002208,Moderate,1.48912,1.032038,1.176946,0.649843,0.888311,ACTIVE,,,,1
P02209,ananse,AN-C002209,Very Low,0.905835,1.009319,0.809813,0.429203,0.972994,REDUCED_ACTIVITY,,,,2
P02210,ananse,AN-C002210,Low,2.07147,1.034316,0.88859,0.425137,0.876667,ACTIVE,,,,0
P02211,ananse,AN-C002211,Moderate,0.664671,1.049225,1.005388,0.700921,0.940171,ACTIVE,,,,0
P02212,ananse,AN-C002212,Moderate,0.71644,0.966316,1.010509,0.881186,0.880708,REDUCED_ACTIVITY,,,,0
P02213,ananse,AN-C002213,Moderate,1.222941,1.177956,0.922151,0.511659,0.92237,ACTIVE,,,,0
P02214,ananse,AN-C002214,Very Low,0.851956,1.147756,0.947812,0.39452,0.876635,ACTIVE,,,,0
P02215,ananse,AN-C002215,Very High,1.118597,1.120674,0.953519,0.408093,0.778808,ACTIVE,,,,0
P02216,ananse,AN-C002216,Moderate,1.908584,1.226438,1.080704,0.455775,0.77377,INACTIVE,,,,0
P02217,ananse,AN-C002217,High,0.804567,1.203097,0.81068,0.445068,0.893594,ACTIVE,,,,0
P02218,ananse,AN-C002218,High,0.89506,0.907359,1.044606,0.67765,0.757353,RAMP_UP,,,,0
P02219,ananse,AN-C002219,High,1.014899,0.985274,0.983836,0.781666,0.774262,ACTIVE,,,,1
P02220,ananse,AN-C002220,Very Low,0.973864,1.243871,1.08352,0.547505,0.975257,INACTIVE,,,,0
P02221,ananse,AN-C002221,Very Low,0.770908,1.037233,0.967437,0.306816,0.866195,ACTIVE,,,,0
P02222,ananse,AN-C002222,Moderate,0.856554,1.162081,0.85082,0.258521,0.884433,ACTIVE,,,,0
P02223,ananse,AN-C002223,Low,1.149862,0.829409,1.168465,0.289845,0.918781,ACTIVE,S08,Low,Detectable,2
P02224,ananse,AN-C002224,Very High,0.875113,0.832031,0.901844,0.727925,0.904,ACTIVE,,,,0
P02225,ananse,AN-C002225,Very Low,0.72067,0.993442,0.931753,0.037489,0.754833,ACTIVE,,,,0
P02226,ananse,AN-C002226,High,0.845452,1.04998,1.00635,0.007906,0.929797,REDUCED_ACTIVITY,,,,0
P02227,ananse,AN-C002227,Very Low,0.697692,0.962266,0.985273,0.290294,0.959248,INACTIVE,,,,1
P02228,ananse,AN-C002228,High,0.987534,0.812837,0.957293,0.352966,0.909733,ACTIVE,,,,1
P02229,ananse,AN-C002229,Very Low,1.650412,1.230023,1.152479,0.313082,0.75806,ACTIVE,,,,1
P02230,ananse,AN-C002230,Low,1.054302,0.762932,0.818411,0.4436,0.865471,ACTIVE,,,,2
P02231,ananse,AN-C002231,Moderate,1.508323,0.9667,1.041557,0.655952,0.775236,ACTIVE,,,,0
P02232,ananse,AN-C002232,Moderate,1.08532,0.831262,1.127026,0.059584,0.967321,ACTIVE,S01,Low,Cross-institution,1
P02233,ananse,AN-C002233,Moderate,0.762822,1.008017,0.966333,0.190176,0.962287,RAMP_UP,,,,1
P02234,ananse,AN-C002234,Moderate,1.009218,1.07341,0.938211,0.359386,0.844358,ACTIVE,,,,0
P02235,ananse,AN-C002235,Moderate,1.289116,0.829279,0.850447,0.35255,0.832491,ACTIVE,,,,0
P02236,ananse,AN-C002236,Very Low,0.924365,0.848134,0.804258,0.164616,0.987634,REDUCED_ACTIVITY,,,,1
P02237,ananse,AN-C002237,High,0.704311,1.087169,0.841008,0.175616,0.809839,ACTIVE,,,,1
P02238,ananse,AN-C002238,Low,0.618992,1.23112,0.993906,0.121473,0.803703,ACTIVE,,,,0
P02239,ananse,AN-C002239,Moderate,1.269525,0.976952,1.1451,0.108424,0.96578,ACTIVE,,,,0
P02240,ananse,AN-C002240,High,1.156343,0.810259,1.139026,0.367585,0.973509,ACTIVE,,,,1
P02241,ananse,AN-C002241,Low,0.877596,1.221136,0.822242,0.16305,0.768216,ACTIVE,S12,Medium,Contextual,0
P02242,ananse,AN-C002242,Low,1.220735,1.211496,1.156142,0.562772,0.924256,ACTIVE,,,,2
P02243,ananse,AN-C002243,Very Low,1.351785,1.237441,0.821024,0.57374,0.965038,ACTIVE,,,,0
P02244,ananse,AN-C002244,Low,1.039708,1.055756,0.887284,0.733544,0.78593,INACTIVE,,,,0
P02245,ananse,AN-C002245,Very Low,1.098772,1.211989,0.978892,0.167824,0.968377,ACTIVE,,,,0
P02246,ananse,AN-C002246,Moderate,1.088721,1.238354,0.907685,0.636326,0.892571,REDUCED_ACTIVITY,,,,0
P02247,ananse,AN-C002247,Low,0.755692,1.01369,0.830722,0.561067,0.769296,ACTIVE,,,,0
P02248,ananse,AN-C002248,High,0.939145,0.882408,0.990568,0.301007,0.878001,ACTIVE,,,,0
P02249,ananse,AN-C002249,Very Low,1.353283,1.189672,0.816796,0.536196,0.860676,ACTIVE,,,,1
P02250,ananse,AN-C002250,Low,1.249183,1.231395,0.854171,0.396896,0.97845,ACTIVE,S14,High,Multi-event,0
P02251,ananse,AN-C002251,Low,1.052533,0.905907,0.990472,0.036885,0.967192,REDUCED_ACTIVITY,,,,0
P02252,ananse,AN-C002252,Low,0.907791,1.192893,1.103529,0.400353,0.880995,ACTIVE,,,,1
P02253,ananse,AN-C002253,Moderate,0.876232,1.123698,0.894736,0.090498,0.965553,ACTIVE,,,,0
P02254,ananse,AN-C002254,Low,1.107276,1.211863,0.847798,0.696077,0.928965,ACTIVE,,,,1
P02255,ananse,AN-C002255,Very High,1.022944,1.126441,0.985622,0.083289,0.827679,RAMP_UP,,,,0
P02256,ananse,AN-C002256,Moderate,1.317834,0.827631,0.914548,0.189715,0.810669,ACTIVE,,,,0
P02257,ananse,AN-C002257,High,0.860797,1.026326,1.076207,0.773564,0.980741,ACTIVE,,,,2
P02258,ananse,AN-C002258,Moderate,1.008104,1.047721,0.945268,0.524397,0.953765,REDUCED_ACTIVITY,,,,0
P02259,ananse,AN-C002259,Low,1.009769,1.125639,1.035596,0.734656,0.811216,REDUCED_ACTIVITY,,,,2
P02260,ananse,AN-C002260,Moderate,1.203853,1.039037,1.050084,0.367842,0.836538,REDUCED_ACTIVITY,,,,1
P02261,ananse,AN-C002261,Very Low,0.977985,0.916506,1.09813,0.735898,0.880085,ACTIVE,,,,1
P02262,ananse,AN-C002262,Moderate,1.188371,1.205223,1.036446,0.494917,0.827716,ACTIVE,,,,1
P02263,ananse,AN-C002263,Moderate,0.993848,0.891537,1.111464,0.032249,0.86873,ACTIVE,,,,1
P02264,ananse,AN-C002264,Very Low,0.888487,0.752099,1.094277,0.745497,0.794709,ACTIVE,,,,1
P02265,ananse,AN-C002265,Low,0.627526,0.827276,0.922241,0.221182,0.800063,ACTIVE,S05,Low,Contextual,0
P02266,ananse,AN-C002266,Moderate,1.338786,1.187758,0.815896,0.256725,0.788224,RAMP_UP,,,,0
P02267,ananse,AN-C002267,High,0.585001,0.863439,1.079835,0.409175,0.850723,ACTIVE,,,,1
P02268,ananse,AN-C002268,High,1.194445,1.153611,1.05623,0.608546,0.884863,ACTIVE,,,,0
P02269,ananse,AN-C002269,Very Low,1.054315,0.982007,1.186187,0.639587,0.90511,ACTIVE,,,,0
P02270,ananse,AN-C002270,Moderate,0.891726,1.114838,0.936902,0.839753,0.928153,ACTIVE,,,,1
P02271,ananse,AN-C002271,Low,1.445156,0.782495,0.918394,0.279299,0.770479,ACTIVE,,,,1
P02272,ananse,AN-C002272,Moderate,1.241383,1.114855,0.809078,0.036515,0.93579,ACTIVE,,,,2
P02273,ananse,AN-C002273,Low,0.882379,1.245318,0.960103,0.395679,0.987287,ACTIVE,,,,1
P02274,ananse,AN-C002274,Low,0.825003,0.856613,1.038926,0.607487,0.997049,ACTIVE,,,,0
P02275,ananse,AN-C002275,Very Low,0.925469,0.777653,1.09591,0.401719,0.784975,ACTIVE,,,,0
P02276,ananse,AN-C002276,Moderate,1.622091,0.842063,1.174968,0.841707,0.935743,ACTIVE,,,,0
P02277,ananse,AN-C002277,High,1.078216,0.935331,0.88771,0.957476,0.963878,ACTIVE,,,,2
P02278,ananse,AN-C002278,Moderate,0.804626,1.158761,0.90755,0.171326,0.790795,REDUCED_ACTIVITY,,,,0
P02279,ananse,AN-C002279,Low,1.13749,1.048586,1.139222,0.852357,0.839661,ACTIVE,,,,0
P02280,ananse,AN-C002280,Moderate,0.61893,0.750889,1.086507,0.132943,0.971499,ACTIVE,,,,1
P02281,ananse,AN-C002281,High,2.185682,0.782769,0.951288,0.727395,0.975597,RAMP_UP,,,,0
P02282,ananse,AN-C002282,Moderate,1.36556,1.109198,0.985589,0.643974,0.823731,ACTIVE,,,,1
P02283,ananse,AN-C002283,Moderate,1.451152,1.018756,1.077899,0.572982,0.91517,ACTIVE,S08,Low,Multi-event,1
P02284,ananse,AN-C002284,Moderate,1.354258,1.048158,1.133527,0.340829,0.773922,ACTIVE,,,,1
P02285,ananse,AN-C002285,Very High,1.424431,1.030718,0.996309,0.250762,0.878609,ACTIVE,,,,0
P02286,ananse,AN-C002286,Low,1.311569,0.999982,1.079693,0.491971,0.845988,ACTIVE,,,,1
P02287,ananse,AN-C002287,Low,0.889943,1.217829,1.03985,0.922541,0.887721,ACTIVE,,,,1
P02288,ananse,AN-C002288,Low,0.587619,0.939525,1.09089,0.051125,0.9162,ACTIVE,,,,0
P02289,ananse,AN-C002289,Low,1.188786,0.804357,0.879263,0.61893,0.893765,ACTIVE,,,,0
P02290,ananse,AN-C002290,Very Low,0.965638,0.7767,1.023687,0.597747,0.9262,ACTIVE,,,,0
P02291,ananse,AN-C002291,Low,1.397714,1.174084,1.172606,0.871877,0.981186,ACTIVE,,,,0
P02292,ananse,AN-C002292,Moderate,1.504669,1.095699,1.177058,0.471403,0.904647,ACTIVE,,,,2
P02293,ananse,AN-C002293,Low,1.096835,0.828143,1.012911,0.56076,0.944159,ACTIVE,,,,0
P02294,ananse,AN-C002294,Very High,0.766349,0.804726,0.980065,0.961505,0.797264,INACTIVE,,,,0
P02295,ananse,AN-C002295,Moderate,1.107934,0.966362,0.820658,0.808548,0.872209,ACTIVE,,,,0
P02296,ananse,AN-C002296,Moderate,1.071685,1.171642,1.153489,0.310374,0.801557,ACTIVE,,,,1
P02297,ananse,AN-C002297,Low,0.917862,1.143771,0.975362,0.551984,0.813054,ACTIVE,,,,1
P02298,ananse,AN-C002298,Low,1.003785,1.107713,0.960376,0.169733,0.761983,ACTIVE,,,,1
P02299,ananse,AN-C002299,High,0.631941,0.922537,0.805397,0.83953,0.830893,ACTIVE,,,,0
P02300,ananse,AN-C002300,Low,1.190927,1.036546,0.875058,0.044339,0.968615,ACTIVE,,,,0
P02301,ananse,AN-C002301,Moderate,1.260979,1.158012,1.052675,0.731185,0.774047,INACTIVE,,,,0
P02302,ananse,AN-C002302,Low,0.885494,1.026942,1.168502,0.009594,0.856235,ACTIVE,,,,2
P02303,ananse,AN-C002303,Moderate,1.190063,1.060865,0.883301,0.461688,0.963095,ACTIVE,,,,0
P02304,ananse,AN-C002304,Very High,1.050105,0.782902,0.903568,0.374892,0.968561,ACTIVE,,,,0
P02305,ananse,AN-C002305,Moderate,1.066292,1.00854,0.964979,0.561637,0.967764,ACTIVE,,,,3
P02306,ananse,AN-C002306,Moderate,0.699918,1.243337,0.892527,0.98461,0.87933,REDUCED_ACTIVITY,,,,0
P02307,ananse,AN-C002307,Very Low,1.155813,0.755384,0.97312,0.815849,0.879596,ACTIVE,,,,0
P02308,ananse,AN-C002308,Low,1.107081,1.014582,0.935037,0.052591,0.866666,ACTIVE,,,,0
P02309,ananse,AN-C002309,Very Low,1.112963,0.808239,1.076028,0.770581,0.899204,ACTIVE,,,,0
P02310,ananse,AN-C002310,Very Low,0.856541,0.93269,0.810349,0.637814,0.855302,ACTIVE,,,,0
P02311,ananse,AN-C002311,Low,0.870162,0.806362,1.047493,0.397116,0.907547,INACTIVE,,,,0
P02312,ananse,AN-C002312,Low,0.740118,1.039124,1.036157,0.479863,0.877323,ACTIVE,,,,0
P02313,ananse,AN-C002313,Very Low,1.564137,0.961706,1.125002,0.326303,0.762836,REDUCED_ACTIVITY,,,,1
P02314,ananse,AN-C002314,High,1.224009,1.191238,0.966013,0.471895,0.95553,ACTIVE,,,,0
P02315,ananse,AN-C002315,Low,1.31224,1.014253,0.915877,0.88932,0.978681,REDUCED_ACTIVITY,,,,2
P02316,ananse,AN-C002316,Moderate,1.073594,0.845858,1.186819,0.458572,0.934354,ACTIVE,,,,0
P02317,ananse,AN-C002317,Moderate,1.336516,0.777722,1.045836,0.417336,0.915594,ACTIVE,,,,0
P02318,ananse,AN-C002318,Low,0.570452,0.92953,1.146613,0.331727,0.810392,REDUCED_ACTIVITY,,,,1
P02319,ananse,AN-C002319,High,0.939718,0.897256,1.064414,0.71628,0.996535,RAMP_UP,,,,1
P02320,ananse,AN-C002320,Moderate,0.973238,0.884839,1.189145,0.70038,0.849599,ACTIVE,,,,0
P02321,ananse,AN-C002321,Low,1.084149,1.240079,1.080657,0.344437,0.773157,INACTIVE,S03,Medium,Cross-institution,0
P02322,ananse,AN-C002322,Moderate,0.784023,0.824244,1.011949,0.49476,0.885779,ACTIVE,,,,0
P02323,ananse,AN-C002323,Moderate,0.820582,0.810972,1.004182,0.977487,0.993236,ACTIVE,,,,0
P02324,ananse,AN-C002324,Moderate,0.572862,0.993912,0.880193,0.000752,0.960567,ACTIVE,,,,0
P02325,ananse,AN-C002325,High,1.038529,1.208211,0.915583,0.519429,0.883618,ACTIVE,,,,0
P02326,ananse,AN-C002326,Moderate,0.624739,1.173329,0.832986,0.720385,0.931068,ACTIVE,,,,0
P02327,ananse,AN-C002327,Low,0.641416,1.005916,0.812855,0.477723,0.839402,ACTIVE,,,,0
P02328,ananse,AN-C002328,Moderate,1.108008,0.778558,1.151479,0.043189,0.952339,ACTIVE,,,,0
P02329,ananse,AN-C002329,Moderate,0.762644,1.208468,0.899576,0.932263,0.76309,ACTIVE,,,,0
P02330,ananse,AN-C002330,High,0.705854,1.23272,1.077911,0.268805,0.969675,ACTIVE,,,,0
P02331,ananse,AN-C002331,Moderate,1.061977,0.882609,0.816037,0.944705,0.820952,RAMP_UP,,,,0
P02332,ananse,AN-C002332,Moderate,1.012943,1.156773,1.000868,0.1584,0.84469,REDUCED_ACTIVITY,,,,0
P02333,ananse,AN-C002333,High,0.871713,0.843346,1.096092,0.220137,0.996114,ACTIVE,,,,0
P02334,ananse,AN-C002334,High,0.959308,1.093847,1.178884,0.231532,0.779055,ACTIVE,,,,0
P02335,ananse,AN-C002335,Low,1.146426,0.927716,1.047504,0.994313,0.778672,REDUCED_ACTIVITY,,,,1
P02336,ananse,AN-C002336,Moderate,0.974664,0.876787,0.870455,0.790218,0.870866,ACTIVE,,,,1
P02337,ananse,AN-C002337,Low,1.122597,0.876672,0.829847,0.46865,0.807448,ACTIVE,,,,0
P02338,ananse,AN-C002338,Low,0.99352,0.892766,1.014726,0.20942,0.86358,ACTIVE,,,,1
P02339,ananse,AN-C002339,Moderate,0.888007,1.105909,1.177237,0.565712,0.968078,ACTIVE,,,,0
P02340,ananse,AN-C002340,Moderate,0.985166,0.918231,0.984293,0.353237,0.879551,INACTIVE,,,,0
P02341,ananse,AN-C002341,Low,1.159697,1.17382,0.891917,0.444423,0.942059,ACTIVE,,,,2
P02342,ananse,AN-C002342,Moderate,1.501025,1.000762,1.056144,0.614479,0.954527,ACTIVE,,,,0
P02343,ananse,AN-C002343,Low,0.758073,1.04256,0.905426,0.074835,0.931369,ACTIVE,,,,0
P02344,ananse,AN-C002344,Very Low,0.69306,1.231272,0.848384,0.859698,0.80971,INACTIVE,,,,0
P02345,ananse,AN-C002345,Moderate,0.956585,1.178778,0.878738,0.662362,0.841269,ACTIVE,,,,0
P02346,ananse,AN-C002346,Low,1.180228,0.913389,1.030775,0.848234,0.851671,ACTIVE,,,,1
P02347,ananse,AN-C002347,Low,1.251654,1.154253,0.824045,0.043898,0.820358,RAMP_UP,,,,0
P02348,ananse,AN-C002348,Moderate,0.686321,1.028291,0.851574,0.045609,0.820758,ACTIVE,,,,0
P02349,ananse,AN-C002349,Moderate,0.703458,0.840341,0.977027,0.29829,0.867418,RAMP_UP,,,,0
P02350,ananse,AN-C002350,Low,1.042287,1.070871,1.0118,0.535986,0.788361,ACTIVE,,,,0
P02351,ananse,AN-C002351,Moderate,0.870298,1.07842,1.05976,0.901385,0.993069,ACTIVE,,,,2
P02352,ananse,AN-C002352,High,1.216018,0.940178,1.181402,0.865087,0.88827,REDUCED_ACTIVITY,,,,0
P02353,ananse,AN-C002353,Very Low,0.723664,0.997017,1.134445,0.475018,0.886334,ACTIVE,,,,0
P02354,ananse,AN-C002354,Moderate,1.006935,1.074426,0.8018,0.507788,0.867959,REDUCED_ACTIVITY,,,,0
P02355,ananse,AN-C002355,High,0.88834,0.998371,0.954393,0.737748,0.751928,ACTIVE,,,,1
P02356,ananse,AN-C002356,Moderate,0.896836,1.01229,1.047636,0.093279,0.939393,RAMP_UP,,,,0
P02357,ananse,AN-C002357,Very Low,0.929954,1.075296,1.108746,0.331743,0.805874,RAMP_UP,,,,1
P02358,ananse,AN-C002358,Moderate,0.607312,0.848171,0.984489,0.069183,0.917917,ACTIVE,,,,0
P02359,ananse,AN-C002359,Low,0.829833,0.999634,1.17863,0.702062,0.770981,ACTIVE,,,,0
P02360,ananse,AN-C002360,Low,1.272358,0.815412,1.002584,0.690681,0.876123,ACTIVE,,,,4
P02361,ananse,AN-C002361,Moderate,1.266765,1.087919,1.182101,0.282995,0.901809,ACTIVE,,,,0
P02362,ananse,AN-C002362,High,0.935675,0.908512,0.98869,0.335116,0.833634,ACTIVE,,,,2
P02363,ananse,AN-C002363,Low,1.009298,0.788587,0.8265,0.34881,0.859003,ACTIVE,,,,1
P02364,ananse,AN-C002364,Very Low,0.8667,0.750698,0.873958,0.90779,0.907162,ACTIVE,,,,1
P02365,ananse,AN-C002365,Moderate,1.096929,1.230839,1.171211,0.655565,0.846661,ACTIVE,,,,1
P02366,ananse,AN-C002366,High,1.067769,0.869723,0.877244,0.823653,0.897989,ACTIVE,,,,1
P02367,ananse,AN-C002367,Moderate,1.337952,1.14937,1.122043,0.537091,0.791717,ACTIVE,,,,0
P02368,ananse,AN-C002368,Moderate,1.089954,1.036648,1.045879,0.751416,0.878105,ACTIVE,,,,0
P02369,ananse,AN-C002369,Low,1.434865,0.991841,0.853739,0.204263,0.864108,INACTIVE,,,,0
P02370,ananse,AN-C002370,High,0.597634,1.144094,0.841767,0.847995,0.804329,ACTIVE,,,,0
P02371,ananse,AN-C002371,Very High,1.182628,0.9436,1.163652,0.364821,0.867433,RAMP_UP,,,,2
P02372,ananse,AN-C002372,Moderate,1.280049,1.100214,0.927298,0.783234,0.910327,ACTIVE,,,,0
P02373,ananse,AN-C002373,Moderate,0.634076,0.982584,0.823824,0.838638,0.976316,REDUCED_ACTIVITY,,,,0
P02374,ananse,AN-C002374,Low,1.097061,0.832358,1.166273,0.209257,0.787129,ACTIVE,,,,0
P02375,ananse,AN-C002375,Moderate,0.858771,0.888733,0.856657,0.50652,0.814666,REDUCED_ACTIVITY,,,,0
P02376,ananse,AN-C002376,Very Low,0.841062,1.080296,1.191531,0.154727,0.953354,ACTIVE,,,,0
P02377,ananse,AN-C002377,Moderate,0.752221,0.75351,0.818804,0.314382,0.942761,ACTIVE,,,,1
P02378,ananse,AN-C002378,Moderate,0.770503,0.775493,0.901656,0.232227,0.918403,REDUCED_ACTIVITY,,,,0
P02379,ananse,AN-C002379,Low,0.976219,0.891811,1.139682,0.790778,0.947357,ACTIVE,,,,0
P02380,ananse,AN-C002380,Moderate,0.854319,0.762291,0.900058,0.848349,0.771782,REDUCED_ACTIVITY,,,,1
P02381,ananse,AN-C002381,Low,1.358818,1.198267,0.903726,0.471067,0.817636,RAMP_UP,,,,0
P02382,ananse,AN-C002382,Moderate,0.714726,0.857968,1.162545,0.196398,0.976108,ACTIVE,,,,0
P02383,ananse,AN-C002383,Moderate,0.529854,0.988471,1.099877,0.794183,0.959992,ACTIVE,,,,1
P02384,ananse,AN-C002384,Very Low,1.0011,0.77326,1.157695,0.939579,0.986086,ACTIVE,,,,0
P02385,ananse,AN-C002385,Moderate,0.675632,0.851657,1.09864,0.124263,0.963373,REDUCED_ACTIVITY,,,,0
P02386,ananse,AN-C002386,Very High,0.926494,1.232521,1.179109,0.273763,0.982191,REDUCED_ACTIVITY,,,,0
P02387,ananse,AN-C002387,Low,1.312999,0.983906,0.801337,0.395244,0.836513,RAMP_UP,,,,0
P02388,ananse,AN-C002388,Very Low,0.60001,1.161166,1.006452,0.665666,0.948928,ACTIVE,,,,0
P02389,ananse,AN-C002389,Moderate,0.686967,0.920613,0.925129,0.207408,0.754217,ACTIVE,,,,0
P02390,ananse,AN-C002390,Low,0.959206,1.102297,0.83416,0.685834,0.842378,REDUCED_ACTIVITY,,,,0
P02391,ananse,AN-C002391,High,1.216841,1.078739,1.004199,0.68183,0.92766,REDUCED_ACTIVITY,,,,0
P02392,ananse,AN-C002392,High,0.873525,0.774344,0.914023,0.346058,0.895178,ACTIVE,S14,Low,Contextual,0
P02393,ananse,AN-C002393,Low,0.551625,0.936227,0.899366,0.860744,0.918699,ACTIVE,S10,Medium,Multi-event,0
P02394,ananse,AN-C002394,Moderate,0.647005,1.195248,0.905758,0.257796,0.78448,ACTIVE,,,,0
P02395,ananse,AN-C002395,Moderate,1.158185,0.765314,1.078769,0.445076,0.925714,ACTIVE,,,,1
P02396,ananse,AN-C002396,Very Low,1.044889,0.750045,0.864151,0.261941,0.78555,ACTIVE,,,,0
P02397,ananse,AN-C002397,Very Low,0.781482,0.857781,0.920906,0.720554,0.855394,ACTIVE,,,,0
P02398,ananse,AN-C002398,Moderate,1.31789,0.925145,1.099511,0.373911,0.894544,REDUCED_ACTIVITY,,,,0
P02399,ananse,AN-C002399,Very Low,1.409899,0.901878,1.091859,0.54795,0.855204,ACTIVE,,,,0
P02400,ananse,AN-C002400,Low,1.351713,1.236999,0.883702,0.211919,0.776442,ACTIVE,,,,0
P02401,ananse,AN-C002401,Moderate,0.995408,1.170821,1.09547,0.149054,0.798257,ACTIVE,,,,0
P02402,ananse,AN-C002402,Low,1.2259,1.199601,1.00857,0.66537,0.765715,ACTIVE,S12,Low,Multi-event,0
P02403,ananse,AN-C002403,High,0.958799,1.235695,0.937723,0.905148,0.838401,ACTIVE,,,,2
P02404,ananse,AN-C002404,High,0.701815,1.036929,0.958565,0.230717,0.995865,INACTIVE,,,,2
P02405,ananse,AN-C002405,Very Low,1.146579,1.210323,0.89383,0.422353,0.910361,ACTIVE,,,,1
P02406,ananse,AN-C002406,Very High,0.943849,1.159745,0.96086,0.900321,0.966572,ACTIVE,,,,0
P02407,ananse,AN-C002407,High,0.932443,0.786435,1.146399,0.19884,0.811995,ACTIVE,,,,1
P02408,ananse,AN-C002408,Very Low,0.587959,0.983285,1.123446,0.971952,0.756534,REDUCED_ACTIVITY,,,,0
P02409,ananse,AN-C002409,Low,1.295489,0.773118,0.928227,0.759168,0.880274,ACTIVE,,,,0
P02410,ananse,AN-C002410,Low,0.970097,1.127087,0.948075,0.115898,0.804634,ACTIVE,,,,0
P02411,ananse,AN-C002411,Low,0.971084,1.149499,1.054553,0.41667,0.824244,ACTIVE,,,,1
P02412,ananse,AN-C002412,High,0.779237,1.187449,1.147983,0.70108,0.826369,REDUCED_ACTIVITY,,,,3
P02413,ananse,AN-C002413,Moderate,1.397184,1.181174,0.985262,0.338762,0.858084,ACTIVE,,,,2
P02414,ananse,AN-C002414,Very Low,0.978003,0.992765,1.10561,0.511272,0.857439,ACTIVE,,,,0
P02415,ananse,AN-C002415,Very Low,1.100345,0.830023,0.911223,0.99916,0.810381,RAMP_UP,,,,0
P02416,ananse,AN-C002416,Moderate,1.451682,1.036044,1.160086,0.867734,0.832937,ACTIVE,,,,0
P02417,ananse,AN-C002417,Moderate,0.919005,1.175728,0.803014,0.741894,0.994042,INACTIVE,,,,0
P02418,ananse,AN-C002418,Very Low,0.871656,1.241028,1.019182,0.443805,0.842363,INACTIVE,,,,0
P02419,ananse,AN-C002419,Moderate,0.835366,1.172738,1.178924,0.143627,0.985308,INACTIVE,,,,0
P02420,ananse,AN-C002420,Moderate,0.854783,1.027049,0.841346,0.05908,0.786626,ACTIVE,,,,1
P02421,ananse,AN-C002421,Low,1.209735,1.028314,1.052594,0.629769,0.92198,ACTIVE,S09,Low,Contextual,0
P02422,ananse,AN-C002422,Moderate,1.452143,1.017164,0.849262,0.854299,0.920221,ACTIVE,,,,0
P02423,ananse,AN-C002423,Very Low,0.909031,0.836635,1.012661,0.500033,0.827286,INACTIVE,,,,0
P02424,ananse,AN-C002424,Low,1.124915,1.104158,1.109469,0.927252,0.753918,ACTIVE,,,,1
P02425,ananse,AN-C002425,Low,0.997878,1.204368,1.192431,0.218826,0.961523,ACTIVE,,,,0
P02426,ananse,AN-C002426,Low,1.172333,1.083747,0.817759,0.260729,0.915613,ACTIVE,,,,0
P02427,ananse,AN-C002427,Very High,1.145753,1.020844,1.05038,0.694616,0.913235,ACTIVE,,,,0
P02428,ananse,AN-C002428,Moderate,0.965191,1.104667,1.080526,0.309657,0.758776,REDUCED_ACTIVITY,,,,0
P02429,ananse,AN-C002429,Low,0.671272,1.18472,0.802071,0.877828,0.918899,ACTIVE,,,,0
P02430,ananse,AN-C002430,Very High,0.969391,1.009293,0.933909,0.532571,0.763586,INACTIVE,,,,0
P02431,ananse,AN-C002431,Very Low,1.393767,1.07795,1.08185,0.756704,0.97356,RAMP_UP,,,,1
P02432,ananse,AN-C002432,Very Low,1.289918,1.044896,1.175788,0.976079,0.96229,ACTIVE,,,,0
P02433,ananse,AN-C002433,Moderate,0.837893,0.844446,1.0161,0.549004,0.812925,ACTIVE,,,,1
P02434,ananse,AN-C002434,Moderate,1.145966,0.934839,1.116957,0.053734,0.841788,ACTIVE,,,,1
P02435,ananse,AN-C002435,High,1.38508,1.168309,0.905511,0.432821,0.856996,ACTIVE,,,,0
P02436,ananse,AN-C002436,Moderate,1.103586,0.963541,0.90076,0.78346,0.901663,ACTIVE,,,,1
P02437,ananse,AN-C002437,Low,0.963463,1.02991,0.944156,0.947633,0.867446,ACTIVE,,,,0
P02438,ananse,AN-C002438,Moderate,1.016376,0.903471,0.99119,0.625646,0.852684,ACTIVE,,,,0
P02439,ananse,AN-C002439,Moderate,0.696707,1.128646,0.948461,0.040564,0.990644,ACTIVE,,,,0
P02440,ananse,AN-C002440,Low,1.143491,0.788442,1.171291,0.975482,0.852576,REDUCED_ACTIVITY,,,,0
P02441,ananse,AN-C002441,High,1.003367,1.222189,0.888224,0.142889,0.752399,ACTIVE,,,,0
P02442,ananse,AN-C002442,Very Low,1.241628,1.05382,0.919043,0.603764,0.875077,ACTIVE,,,,0
P02443,ananse,AN-C002443,Moderate,1.393008,0.867071,1.170368,0.389212,0.911025,INACTIVE,,,,0
P02444,ananse,AN-C002444,Low,1.127743,1.048104,0.838684,0.574157,0.808671,ACTIVE,,,,1
P02445,ananse,AN-C002445,Moderate,0.784904,1.21475,0.878383,0.075062,0.95314,REDUCED_ACTIVITY,,,,1
P02446,ananse,AN-C002446,Low,0.810355,1.194479,0.954556,0.384231,0.932415,ACTIVE,,,,1
P02447,ananse,AN-C002447,Low,1.160305,0.941098,0.946803,0.024091,0.971791,ACTIVE,,,,1
P02448,ananse,AN-C002448,Moderate,0.624064,1.061645,1.173693,0.284664,0.91808,ACTIVE,S09,High,Multi-event,0
P02449,ananse,AN-C002449,Moderate,1.113589,0.821818,1.026473,0.322222,0.815171,ACTIVE,,,,0
P02450,ananse,AN-C002450,Low,1.296425,0.986798,1.06846,0.288213,0.96897,ACTIVE,,,,1
P02451,ananse,AN-C002451,Moderate,1.69044,0.883302,0.930461,0.230288,0.944905,ACTIVE,,,,1
P02452,ananse,AN-C002452,Moderate,0.582326,0.766294,1.177335,0.146586,0.876968,ACTIVE,,,,0
P02453,ananse,AN-C002453,Low,1.136663,1.063015,1.092702,0.591827,0.838663,ACTIVE,,,,0
P02454,ananse,AN-C002454,High,0.887458,1.162815,0.844296,0.415535,0.871492,REDUCED_ACTIVITY,,,,0
P02455,ananse,AN-C002455,Low,0.949018,1.121292,0.874868,0.992408,0.98996,ACTIVE,,,,1
P02456,ananse,AN-C002456,High,1.1633,0.782396,1.177594,0.320732,0.97667,REDUCED_ACTIVITY,,,,0
P02457,ananse,AN-C002457,Low,0.7352,1.062303,1.153973,0.255808,0.804121,REDUCED_ACTIVITY,S09,High,Contextual,3
P02458,ananse,AN-C002458,Moderate,0.869343,0.95433,1.152111,0.093128,0.99411,ACTIVE,,,,0
P02459,ananse,AN-C002459,Low,0.659334,0.822193,0.972576,0.764062,0.770277,ACTIVE,,,,0
P02460,ananse,AN-C002460,High,0.798072,1.109624,1.167766,0.751094,0.931073,ACTIVE,,,,2
P02461,ananse,AN-C002461,High,0.918916,0.998016,1.161269,0.15061,0.752453,ACTIVE,,,,0
P02462,ananse,AN-C002462,Moderate,1.306073,1.111601,1.131946,0.979211,0.846889,ACTIVE,,,,0
P02463,ananse,AN-C002463,Low,1.45978,0.766645,1.074084,0.350147,0.802669,RAMP_UP,S11,Low,Contextual,0
P02464,ananse,AN-C002464,Very Low,0.681532,0.995019,1.042242,0.469505,0.93149,ACTIVE,,,,2
P02465,ananse,AN-C002465,High,1.056637,1.143842,0.953274,0.827878,0.971027,ACTIVE,,,,0
P02466,ananse,AN-C002466,Very Low,0.990758,1.06964,0.97839,0.061777,0.839937,ACTIVE,,,,0
P02467,ananse,AN-C002467,Moderate,1.089298,1.018539,0.963057,0.243333,0.775593,ACTIVE,,,,0
P02468,ananse,AN-C002468,Moderate,0.915891,1.096949,1.061223,0.309642,0.758539,ACTIVE,,,,0
P02469,ananse,AN-C002469,Low,1.292867,1.007541,1.021781,0.119286,0.763463,ACTIVE,,,,0
P02470,ananse,AN-C002470,High,0.522927,0.961984,0.929571,0.10968,0.774165,ACTIVE,,,,0
P02471,ananse,AN-C002471,Moderate,1.288912,1.11549,1.037439,0.205376,0.961161,ACTIVE,,,,1
P02472,ananse,AN-C002472,Low,1.38976,0.845911,0.804751,0.301586,0.755548,ACTIVE,,,,0
P02473,ananse,AN-C002473,Moderate,0.719016,0.800356,0.952223,0.26046,0.861642,ACTIVE,,,,3
P02474,ananse,AN-C002474,Moderate,1.113339,0.946923,0.803144,0.656955,0.751762,INACTIVE,,,,0
P02475,ananse,AN-C002475,High,1.048968,0.940395,0.884706,0.961289,0.847202,ACTIVE,S14,Medium,Multi-event,1
P02476,ananse,AN-C002476,Moderate,0.967916,0.971781,1.094499,0.915846,0.929091,ACTIVE,,,,0
P02477,ananse,AN-C002477,Moderate,0.925113,1.041204,0.944951,0.642757,0.824597,RAMP_UP,,,,1
P02478,ananse,AN-C002478,High,0.648406,1.087341,1.040142,0.98247,0.977021,ACTIVE,,,,0
P02479,ananse,AN-C002479,Very Low,0.860694,1.001608,1.18735,0.479821,0.90051,ACTIVE,,,,1
P02480,ananse,AN-C002480,Very Low,0.806276,1.058506,0.945997,0.284101,0.983447,ACTIVE,,,,0
P02481,ananse,AN-C002481,Low,1.008347,1.027759,0.960412,0.625499,0.949194,ACTIVE,,,,0
P02482,ananse,AN-C002482,Moderate,0.74802,1.003232,1.123745,0.126778,0.861134,REDUCED_ACTIVITY,,,,0
P02483,ananse,AN-C002483,Very Low,1.087196,0.844203,0.918836,0.258685,0.911617,ACTIVE,,,,1
P02484,ananse,AN-C002484,Very Low,1.449695,0.782145,0.997415,0.233232,0.842469,ACTIVE,,,,1
P02485,ananse,AN-C002485,Low,1.037793,0.899834,1.111956,0.643723,0.942687,ACTIVE,,,,0
P02486,ananse,AN-C002486,Moderate,0.582708,0.845425,0.844493,0.246049,0.847363,REDUCED_ACTIVITY,,,,2
P02487,ananse,AN-C002487,Moderate,1.079323,1.211316,0.900947,0.809689,0.776353,ACTIVE,,,,1
P02488,ananse,AN-C002488,Low,1.206988,1.195589,1.017844,0.261274,0.800576,ACTIVE,,,,1
P02489,ananse,AN-C002489,Very High,1.062649,0.79176,0.936255,0.893898,0.937456,ACTIVE,,,,0
P02490,ananse,AN-C002490,Very Low,0.564606,0.988453,1.04127,0.318534,0.986527,ACTIVE,,,,0
P02491,ananse,AN-C002491,Moderate,0.73937,1.065591,0.805886,0.860083,0.935873,INACTIVE,,,,1
P02492,ananse,AN-C002492,Moderate,0.861145,1.122476,0.848158,0.292096,0.861814,REDUCED_ACTIVITY,,,,0
P02493,ananse,AN-C002493,High,1.615197,1.053484,0.844434,0.461227,0.773628,ACTIVE,S03,Low,Contextual,0
P02494,ananse,AN-C002494,Moderate,0.934472,0.753346,0.923017,0.129182,0.816977,ACTIVE,,,,0
P02495,ananse,AN-C002495,Very High,0.651103,1.025674,1.121561,0.824598,0.775455,ACTIVE,S02,Low,Cross-institution,0
P02496,ananse,AN-C002496,Moderate,0.591336,1.178302,0.935684,0.837865,0.866306,ACTIVE,,,,0
P02497,ananse,AN-C002497,High,1.165554,0.772756,1.096536,0.879257,0.75523,ACTIVE,,,,1
P02498,ananse,AN-C002498,Low,1.078721,1.194473,0.978863,0.990035,0.79672,ACTIVE,,,,2
P02499,ananse,AN-C002499,Low,1.489103,0.778169,0.925264,0.136588,0.99115,ACTIVE,,,,1
P02500,ananse,AN-C002500,Moderate,1.106614,0.954129,1.07911,0.138238,0.802834,ACTIVE,,,,2
P02501,ananse,AN-C002501,High,0.680852,0.82271,1.113108,0.823739,0.982003,ACTIVE,,,,2
P02502,ananse,AN-C002502,High,1.590528,1.032472,0.80953,0.986643,0.760586,ACTIVE,S10,Medium,Contextual,0
P02503,ananse,AN-C002503,Low,1.111129,0.831824,1.119988,0.347868,0.920081,REDUCED_ACTIVITY,,,,0
P02504,ananse,AN-C002504,Moderate,1.320475,1.205869,1.019589,0.894467,0.961968,ACTIVE,,,,2
P02505,ananse,AN-C002505,Moderate,0.7705,1.052158,0.929361,0.332604,0.785467,ACTIVE,,,,1
P02506,ananse,AN-C002506,Very Low,0.972683,1.035716,1.100216,0.742607,0.823198,ACTIVE,,,,2
P02507,ananse,AN-C002507,High,1.471944,0.898696,1.192239,0.746132,0.909113,ACTIVE,,,,0
P02508,ananse,AN-C002508,Moderate,0.833347,0.792562,1.117765,0.789832,0.88909,ACTIVE,,,,1
P02509,ananse,AN-C002509,Very High,0.738333,0.815496,0.897799,0.386205,0.907975,REDUCED_ACTIVITY,,,,1
P02510,ananse,AN-C002510,Moderate,0.733046,1.226876,0.860748,0.941654,0.803634,ACTIVE,,,,0
P02511,ananse,AN-C002511,Low,1.183965,1.078791,0.852983,0.812963,0.857852,REDUCED_ACTIVITY,,,,2
P02512,ananse,AN-C002512,Moderate,0.763156,0.823834,1.10843,0.067192,0.867526,ACTIVE,,,,3
P02513,ananse,AN-C002513,Low,0.961508,1.116004,1.072284,0.682495,0.916701,ACTIVE,,,,0
P02514,ananse,AN-C002514,Moderate,1.41272,0.864258,1.178776,0.123932,0.905116,ACTIVE,,,,1
P02515,ananse,AN-C002515,High,1.349371,0.824615,1.12871,0.164455,0.888783,ACTIVE,,,,0
P02516,ananse,AN-C002516,High,0.544809,0.967581,0.932082,0.671088,0.924022,REDUCED_ACTIVITY,,,,0
P02517,ananse,AN-C002517,Moderate,1.004819,0.864496,1.121533,0.438494,0.861493,ACTIVE,S02,Low,Detectable,0
P02518,ananse,AN-C002518,Moderate,0.82381,1.132675,1.195738,0.089834,0.839258,REDUCED_ACTIVITY,,,,1
P02519,ananse,AN-C002519,Moderate,0.837171,1.151721,0.828336,0.925062,0.881726,REDUCED_ACTIVITY,,,,0
P02520,ananse,AN-C002520,Moderate,0.873845,1.18409,0.858096,0.19289,0.896536,ACTIVE,,,,2
P02521,ananse,AN-C002521,Low,1.003292,0.843075,1.154811,0.609632,0.870148,ACTIVE,,,,0
P02522,ananse,AN-C002522,Low,1.471268,1.022462,1.038284,0.027334,0.763969,ACTIVE,,,,1
P02523,ananse,AN-C002523,Moderate,1.006576,0.796166,1.04328,0.566384,0.847307,ACTIVE,,,,0
P02524,ananse,AN-C002524,Moderate,0.873372,0.8804,1.093627,0.100862,0.987663,ACTIVE,,,,1
P02525,ananse,AN-C002525,Moderate,1.625193,1.1691,0.981593,0.613823,0.993307,REDUCED_ACTIVITY,,,,2
P02526,ananse,AN-C002526,Very Low,1.040823,0.848286,1.108192,0.280271,0.863723,ACTIVE,,,,0
P02527,ananse,AN-C002527,Moderate,1.137005,0.912252,0.826422,0.26441,0.947607,ACTIVE,,,,0
P02528,ananse,AN-C002528,Low,1.402328,0.984844,1.074198,0.717229,0.78517,ACTIVE,,,,0
P02529,ananse,AN-C002529,Moderate,1.055221,0.835956,1.068139,0.944548,0.829027,RAMP_UP,,,,1
P02530,ananse,AN-C002530,Very Low,0.744016,1.237276,0.905624,0.694032,0.832857,ACTIVE,S03,Low,Contextual,1
P02531,ananse,AN-C002531,Low,0.940406,1.018251,0.887602,0.980132,0.856414,REDUCED_ACTIVITY,,,,1
P02532,ananse,AN-C002532,Low,1.075291,1.172094,1.094429,0.061021,0.949944,INACTIVE,,,,3
P02533,ananse,AN-C002533,Low,0.706846,0.781297,0.983208,0.769623,0.994625,ACTIVE,,,,0
P02534,ananse,AN-C002534,Moderate,0.890257,1.071851,0.926013,0.612256,0.962202,ACTIVE,,,,0
P02535,ananse,AN-C002535,Moderate,1.381122,0.857828,1.088656,0.222242,0.97481,ACTIVE,,,,0
P02536,ananse,AN-C002536,Low,1.300548,1.124713,0.864286,0.603272,0.871379,ACTIVE,,,,1
P02537,ananse,AN-C002537,Moderate,0.681219,1.103481,0.843935,0.067937,0.992395,ACTIVE,,,,0
P02538,ananse,AN-C002538,Low,0.999525,0.83219,1.096802,0.309458,0.867775,ACTIVE,S03,Low,Detectable,0
P02539,ananse,AN-C002539,Very Low,0.914333,1.231989,0.995121,0.765684,0.821738,ACTIVE,,,,0
P02540,ananse,AN-C002540,Very Low,0.747933,1.198432,0.81335,0.619355,0.820628,ACTIVE,,,,1
P02541,ananse,AN-C002541,Moderate,1.025287,0.780824,1.068176,0.137861,0.772578,ACTIVE,,,,0
P02542,ananse,AN-C002542,Very Low,0.781117,0.844404,0.962445,0.776748,0.946087,ACTIVE,,,,0
P02543,ananse,AN-C002543,Low,1.333339,0.943292,1.052607,0.57137,0.754926,ACTIVE,,,,1
P02544,ananse,AN-C002544,Very High,1.14734,0.964667,0.874019,0.993894,0.845657,ACTIVE,,,,2
P02545,ananse,AN-C002545,Low,0.86008,1.152169,0.813063,0.809194,0.836759,RAMP_UP,,,,1
P02546,ananse,AN-C002546,Moderate,1.319694,1.096565,0.88469,0.098439,0.8739,REDUCED_ACTIVITY,,,,0
P02547,ananse,AN-C002547,Low,1.276547,0.803075,0.910024,0.303824,0.961687,ACTIVE,,,,0
P02548,ananse,AN-C002548,High,1.310376,1.111194,1.102413,0.309421,0.814558,REDUCED_ACTIVITY,,,,2
P02549,ananse,AN-C002549,Very Low,0.496523,1.199328,1.142476,0.236347,0.798668,ACTIVE,,,,0
P02550,ananse,AN-C002550,Low,0.796529,0.987997,0.983519,0.485047,0.953183,RAMP_UP,,,,0
P02551,ananse,AN-C002551,Low,0.937654,0.891061,1.047104,0.659778,0.90228,ACTIVE,,,,0
P02552,ananse,AN-C002552,Moderate,0.650545,1.154085,0.868211,0.038194,0.942698,INACTIVE,,,,1
P02553,ananse,AN-C002553,High,0.994592,0.936382,1.01564,0.893776,0.91723,ACTIVE,,,,0
P02554,ananse,AN-C002554,Very Low,1.411212,0.976853,0.873521,0.099669,0.85759,ACTIVE,,,,0
P02555,ananse,AN-C002555,Low,0.912296,0.968034,1.180954,0.784043,0.874642,ACTIVE,,,,1
P02556,ananse,AN-C002556,Very Low,0.985562,1.128496,0.889059,0.728498,0.834972,ACTIVE,,,,1
P02557,ananse,AN-C002557,Moderate,0.637235,1.02391,1.080576,0.024784,0.788259,RAMP_UP,,,,1
P02558,ananse,AN-C002558,Low,0.827659,1.033326,0.818786,0.079513,0.763074,ACTIVE,S03,High,Cross-institution,2
P02559,ananse,AN-C002559,Low,0.761865,1.169261,1.01557,0.958675,0.973318,ACTIVE,,,,0
P02560,ananse,AN-C002560,Moderate,1.201922,0.8835,1.011057,0.875197,0.930338,ACTIVE,,,,2
P02561,ananse,AN-C002561,High,0.916504,1.091545,0.860971,0.851733,0.807152,ACTIVE,,,,0
P02562,ananse,AN-C002562,Very Low,0.981722,0.842633,0.902492,0.495104,0.884627,ACTIVE,,,,0
P02563,ananse,AN-C002563,Low,1.065049,0.948872,1.125885,0.629683,0.97935,ACTIVE,,,,1
P02564,ananse,AN-C002564,Moderate,0.728829,1.000599,0.92029,0.371998,0.934883,ACTIVE,,,,0
P02565,ananse,AN-C002565,Low,0.703392,0.817101,0.828733,0.494243,0.909862,INACTIVE,,,,0
P02566,ananse,AN-C002566,Moderate,1.642851,0.894515,0.894961,0.22029,0.991562,ACTIVE,,,,0
P02567,ananse,AN-C002567,Low,0.86016,1.08507,1.067589,0.789357,0.764785,ACTIVE,,,,1
P02568,ananse,AN-C002568,Moderate,0.893697,0.862588,0.835547,0.254095,0.892261,ACTIVE,,,,1
P02569,ananse,AN-C002569,High,0.946447,1.230968,1.109691,0.47247,0.795651,ACTIVE,,,,1
P02570,ananse,AN-C002570,Low,0.958163,1.075967,1.012736,0.952249,0.899871,ACTIVE,,,,1
P02571,ananse,AN-C002571,Moderate,0.905514,0.773382,0.96039,0.939987,0.865932,INACTIVE,,,,1
P02572,ananse,AN-C002572,Very Low,1.130196,1.003894,0.967015,0.03856,0.771624,ACTIVE,,,,3
P02573,ananse,AN-C002573,Very Low,0.737052,1.222012,0.990156,0.467146,0.811921,REDUCED_ACTIVITY,,,,0
P02574,ananse,AN-C002574,High,0.881108,1.049447,1.027683,0.677538,0.94105,ACTIVE,,,,0
P02575,ananse,AN-C002575,Low,0.92196,1.121511,0.979334,0.77283,0.81942,ACTIVE,,,,0
P02576,ananse,AN-C002576,Low,0.866924,0.779542,0.944539,0.276717,0.836209,ACTIVE,,,,1
P02577,ananse,AN-C002577,Very High,1.13938,1.136368,1.080251,0.868944,0.829957,REDUCED_ACTIVITY,,,,0
P02578,ananse,AN-C002578,Very Low,1.446803,1.240629,0.940987,0.440516,0.814063,REDUCED_ACTIVITY,S09,Low,Detectable,0
P02579,ananse,AN-C002579,Moderate,1.335301,1.17311,1.190043,0.07145,0.814225,ACTIVE,,,,1
P02580,ananse,AN-C002580,Low,1.367404,1.063407,0.911861,0.213927,0.834552,ACTIVE,,,,0
P02581,ananse,AN-C002581,Moderate,1.339786,0.822673,1.088317,0.141821,0.914116,ACTIVE,,,,0
P02582,ananse,AN-C002582,Low,0.863866,1.121052,1.02131,0.573066,0.82347,ACTIVE,,,,4
P02583,ananse,AN-C002583,Very Low,0.903458,1.027821,0.941363,0.907424,0.90476,INACTIVE,,,,0
P02584,ananse,AN-C002584,Moderate,1.080085,0.858937,1.198644,0.441363,0.948379,ACTIVE,,,,0
P02585,ananse,AN-C002585,Low,0.898727,0.799479,1.12509,0.356125,0.776162,ACTIVE,S12,Medium,Cross-institution,0
P02586,ananse,AN-C002586,Moderate,1.010481,0.773365,1.063824,0.570571,0.98586,ACTIVE,,,,0
P02587,ananse,AN-C002587,Low,0.982132,1.208253,0.998803,0.007905,0.792834,ACTIVE,,,,1
P02588,ananse,AN-C002588,Moderate,1.099349,0.941326,1.174763,0.42475,0.938067,ACTIVE,,,,0
P02589,ananse,AN-C002589,Moderate,0.930109,0.844041,0.988672,0.458327,0.870772,ACTIVE,,,,0
P02590,ananse,AN-C002590,Moderate,0.827218,1.014452,1.184498,0.266266,0.972434,ACTIVE,,,,0
P02591,ananse,AN-C002591,Low,0.703438,0.858711,1.01139,0.104576,0.756242,ACTIVE,,,,3
P02592,ananse,AN-C002592,Moderate,1.010338,1.108037,0.917121,0.069286,0.922162,ACTIVE,,,,1
P02593,ananse,AN-C002593,Moderate,1.092098,1.192194,1.156743,0.057911,0.963719,ACTIVE,,,,1
P02594,ananse,AN-C002594,Moderate,0.56067,0.950144,0.997255,0.151751,0.987951,ACTIVE,,,,2
P02595,ananse,AN-C002595,Moderate,0.744396,1.037864,0.932068,0.619632,0.995955,ACTIVE,,,,0
P02596,ananse,AN-C002596,Low,1.067884,1.029846,1.067025,0.465342,0.91061,ACTIVE,,,,0
P02597,ananse,AN-C002597,Moderate,0.848759,0.962836,1.192447,0.609063,0.865966,ACTIVE,,,,0
P02598,ananse,AN-C002598,Low,0.905838,1.220039,1.172868,0.286985,0.766915,ACTIVE,S12,Medium,Detectable,0
P02599,ananse,AN-C002599,Very Low,1.154249,0.812791,0.827719,0.575375,0.95856,ACTIVE,,,,0
P02600,ananse,AN-C002600,High,0.940194,0.924362,0.946215,0.280202,0.962937,ACTIVE,,,,0
P02601,ananse,AN-C002601,Low,1.366279,1.159247,1.148931,0.276044,0.981266,REDUCED_ACTIVITY,,,,1
P02602,ananse,AN-C002602,Very High,0.754521,1.104792,0.950542,0.159204,0.898565,ACTIVE,,,,1
P02603,ananse,AN-C002603,Very Low,1.477831,0.843819,1.053132,0.760132,0.909515,ACTIVE,,,,0
P02604,ananse,AN-C002604,Moderate,0.718725,0.954193,0.994855,0.78183,0.90215,INACTIVE,,,,0
P02605,ananse,AN-C002605,Moderate,0.942424,0.842344,0.937051,0.381594,0.806835,INACTIVE,S08,Medium,Contextual,0
P02606,ananse,AN-C002606,Moderate,0.738035,1.116307,1.168527,0.904336,0.811959,ACTIVE,,,,1
P02607,ananse,AN-C002607,Low,1.408994,1.058714,0.851054,0.323471,0.888704,REDUCED_ACTIVITY,,,,0
P02608,ananse,AN-C002608,Moderate,0.813963,0.952409,1.177733,0.757413,0.932849,RAMP_UP,,,,0
P02609,ananse,AN-C002609,Moderate,0.929288,1.229854,0.947546,0.767422,0.884753,REDUCED_ACTIVITY,,,,0
P02610,ananse,AN-C002610,High,0.795563,1.064029,0.999513,0.284456,0.783652,ACTIVE,,,,0
P02611,ananse,AN-C002611,Low,1.040295,0.959908,1.099163,0.880607,0.758684,ACTIVE,,,,1
P02612,ananse,AN-C002612,Very High,0.683126,0.929216,0.857871,0.991969,0.888812,ACTIVE,,,,0
P02613,ananse,AN-C002613,Moderate,0.788129,1.126664,0.81965,0.000927,0.905671,REDUCED_ACTIVITY,,,,0
P02614,ananse,AN-C002614,Moderate,0.83495,1.079957,0.861989,0.211922,0.75931,INACTIVE,,,,3
P02615,ananse,AN-C002615,Moderate,0.923607,1.022807,1.133863,0.996467,0.955706,INACTIVE,,,,1
P02616,ananse,AN-C002616,Very High,1.379069,0.800801,1.025946,0.267885,0.756256,ACTIVE,,,,2
P02617,ananse,AN-C002617,Moderate,1.460841,1.229005,1.090593,0.222304,0.796411,ACTIVE,,,,2
P02618,ananse,AN-C002618,Moderate,1.916594,1.133224,1.103731,0.344792,0.964107,ACTIVE,,,,0
P02619,ananse,AN-C002619,High,1.643477,0.85369,1.050638,0.236319,0.759747,ACTIVE,S03,Medium,Contextual,1
P02620,ananse,AN-C002620,Low,1.093042,0.925076,1.152643,0.822144,0.754495,ACTIVE,,,,0
P02621,ananse,AN-C002621,Low,1.012137,0.851701,0.924794,0.844361,0.982815,ACTIVE,,,,0
P02622,ananse,AN-C002622,Very Low,1.073281,1.078285,1.106184,0.251757,0.877741,RAMP_UP,,,,0
P02623,ananse,AN-C002623,Low,0.867122,1.012597,1.060013,0.869465,0.793234,REDUCED_ACTIVITY,,,,0
P02624,ananse,AN-C002624,Moderate,1.438053,0.905569,0.816111,0.340187,0.836984,ACTIVE,S11,Low,Contextual,0
P02625,ananse,AN-C002625,Low,0.571949,1.058903,1.115141,0.199944,0.836421,ACTIVE,,,,0
P02626,ananse,AN-C002626,Low,0.921167,1.069681,1.000509,0.366202,0.901644,ACTIVE,,,,0
P02627,ananse,AN-C002627,Very Low,0.706365,1.190064,1.005414,0.787178,0.872437,ACTIVE,,,,0
P02628,ananse,AN-C002628,Moderate,1.018304,0.991648,1.049432,0.633739,0.94914,ACTIVE,,,,2
P02629,ananse,AN-C002629,Low,1.003322,0.766511,1.124319,0.420752,0.981507,ACTIVE,,,,0
P02630,ananse,AN-C002630,Very Low,1.253995,1.188114,1.139836,0.75701,0.827582,ACTIVE,,,,0
P02631,ananse,AN-C002631,Moderate,1.35052,1.169999,0.845716,0.481089,0.920757,ACTIVE,,,,0
P02632,ananse,AN-C002632,Low,0.825463,0.760207,1.143971,0.707109,0.829319,ACTIVE,,,,0
P02633,ananse,AN-C002633,Moderate,1.536369,0.896791,0.877432,0.588371,0.901038,INACTIVE,,,,0
P02634,ananse,AN-C002634,Moderate,1.437098,0.757223,0.906271,0.105255,0.751358,ACTIVE,,,,2
P02635,ananse,AN-C002635,Low,0.952944,1.234849,0.942224,0.475042,0.852389,RAMP_UP,,,,0
P02636,ananse,AN-C002636,Very Low,0.68622,0.871949,0.910835,0.132462,0.896323,ACTIVE,,,,1
P02637,ananse,AN-C002637,Moderate,1.029884,0.950108,1.003164,0.438893,0.948451,ACTIVE,,,,0
P02638,ananse,AN-C002638,Moderate,0.675007,0.788215,1.144848,0.171341,0.850667,ACTIVE,,,,0
P02639,ananse,AN-C002639,Very Low,1.194895,0.991411,0.813362,0.577411,0.95587,REDUCED_ACTIVITY,,,,1
P02640,ananse,AN-C002640,High,1.134027,1.19593,1.122181,0.965643,0.77576,ACTIVE,,,,1
P02641,ananse,AN-C002641,Low,1.573812,1.177034,0.947412,0.199854,0.827909,ACTIVE,,,,1
P02642,ananse,AN-C002642,Very High,0.957508,0.880566,1.195459,0.522201,0.904808,ACTIVE,,,,2
P02643,ananse,AN-C002643,Very Low,1.064181,0.826283,1.013295,0.71886,0.997538,ACTIVE,S12,Medium,Detectable,0
P02644,ananse,AN-C002644,Very Low,1.252179,0.890633,0.962634,0.889611,0.843791,ACTIVE,,,,0
P02645,ananse,AN-C002645,Low,0.727187,0.916547,0.984077,0.927985,0.760201,ACTIVE,,,,0
P02646,ananse,AN-C002646,High,0.651114,1.10187,1.020932,0.863417,0.775753,ACTIVE,,,,0
P02647,ananse,AN-C002647,High,0.85432,1.178318,1.179925,0.415827,0.795029,ACTIVE,,,,0
P02648,ananse,AN-C002648,High,1.044941,0.868405,1.172434,0.451898,0.928416,REDUCED_ACTIVITY,,,,0
P02649,ananse,AN-C002649,Moderate,1.205342,0.865425,0.940545,0.588306,0.753212,ACTIVE,,,,1
P02650,ananse,AN-C002650,High,1.460367,0.895263,1.086678,0.777015,0.890996,REDUCED_ACTIVITY,,,,0
P02651,ananse,AN-C002651,Low,1.162426,1.075606,0.904902,0.045385,0.842208,ACTIVE,,,,1
P02652,ananse,AN-C002652,Moderate,0.757093,0.880653,0.804878,0.185535,0.912361,ACTIVE,S10,Low,Multi-event,0
P02653,ananse,AN-C002653,Moderate,1.01326,1.154011,1.14995,0.086421,0.993278,ACTIVE,,,,0
P02654,ananse,AN-C002654,Low,1.219678,0.857687,0.894684,0.847141,0.894175,ACTIVE,,,,1
P02655,ananse,AN-C002655,Moderate,1.292425,1.108922,1.032792,0.95008,0.91669,ACTIVE,,,,0
P02656,ananse,AN-C002656,Low,1.227225,0.969422,0.998961,0.406056,0.914767,ACTIVE,,,,0
P02657,ananse,AN-C002657,Moderate,1.094662,0.788371,1.003796,0.254088,0.896964,ACTIVE,,,,0
P02658,ananse,AN-C002658,Low,0.87119,0.756331,1.12694,0.131015,0.942866,ACTIVE,,,,0
P02659,ananse,AN-C002659,Low,1.160923,0.754695,0.934447,0.093121,0.913234,ACTIVE,,,,1
P02660,ananse,AN-C002660,Moderate,1.139059,1.066582,1.11531,0.985841,0.916032,ACTIVE,,,,0
P02661,ananse,AN-C002661,Very Low,0.993912,0.842302,0.973937,0.355284,0.811846,ACTIVE,,,,0
P02662,ananse,AN-C002662,Moderate,1.051011,0.808839,1.1738,0.421034,0.765067,ACTIVE,,,,1
P02663,ananse,AN-C002663,Moderate,1.256396,1.218429,0.944274,0.395405,0.771838,REDUCED_ACTIVITY,,,,2
P02664,ananse,AN-C002664,High,1.009086,1.061243,1.186064,0.10033,0.843822,ACTIVE,,,,0
P02665,ananse,AN-C002665,Low,0.910021,1.246375,0.961344,0.28695,0.809222,ACTIVE,,,,0
P02666,ananse,AN-C002666,Moderate,0.699884,0.777103,0.820728,0.564528,0.914105,REDUCED_ACTIVITY,S15,High,Multi-event,0
P02667,ananse,AN-C002667,High,1.374988,0.966192,0.853333,0.355104,0.96504,ACTIVE,S02,Medium,Multi-event,0
P02668,ananse,AN-C002668,Moderate,0.955363,1.064233,1.070548,0.434233,0.805899,ACTIVE,,,,1
P02669,ananse,AN-C002669,Moderate,1.001081,0.959682,1.090692,0.296059,0.75195,ACTIVE,S12,Low,Multi-event,0
P02670,ananse,AN-C002670,Very Low,1.019552,1.06207,1.145545,0.703661,0.750987,ACTIVE,,,,0
P02671,ananse,AN-C002671,High,0.826439,0.947152,0.812092,0.725803,0.802397,RAMP_UP,,,,1
P02672,ananse,AN-C002672,High,0.694916,1.244978,1.157265,0.232657,0.824412,REDUCED_ACTIVITY,,,,0
P02673,ananse,AN-C002673,Low,0.937842,1.211716,1.192318,0.253838,0.866195,REDUCED_ACTIVITY,,,,0
P02674,ananse,AN-C002674,High,0.985758,0.795477,1.115261,0.912978,0.824691,ACTIVE,,,,0
P02675,ananse,AN-C002675,Moderate,1.24622,1.101346,0.895357,0.775547,0.835379,ACTIVE,,,,1
P02676,ananse,AN-C002676,Very Low,1.406047,0.763933,1.117243,0.074182,0.949312,ACTIVE,,,,0
P02677,ananse,AN-C002677,High,1.137933,0.968821,1.057661,0.442481,0.909428,ACTIVE,,,,0
P02678,ananse,AN-C002678,Low,1.279759,1.151835,1.054097,0.554266,0.966461,ACTIVE,,,,0
P02679,ananse,AN-C002679,Moderate,0.883555,1.03964,1.144802,0.712375,0.94502,ACTIVE,,,,1
P02680,ananse,AN-C002680,High,1.092222,0.930171,1.13081,0.57926,0.965462,REDUCED_ACTIVITY,S02,Medium,Detectable,3
P02681,ananse,AN-C002681,Moderate,1.036189,1.245848,1.00292,0.819069,0.81032,ACTIVE,S04,Medium,Contextual,0
P02682,ananse,AN-C002682,Moderate,0.961339,0.971882,1.09709,0.377077,0.833776,ACTIVE,,,,0
P02683,ananse,AN-C002683,Moderate,1.275704,1.222237,0.823681,0.818972,0.958641,ACTIVE,,,,0
P02684,ananse,AN-C002684,High,0.526065,1.192546,1.015036,0.877842,0.81557,ACTIVE,,,,1
P02685,ananse,AN-C002685,Low,0.815223,1.10217,0.889792,0.677351,0.815712,ACTIVE,,,,0
P02686,ananse,AN-C002686,Very Low,0.986553,1.107165,0.980705,0.548753,0.835094,ACTIVE,,,,1
P02687,ananse,AN-C002687,Very High,1.790776,1.171297,1.123782,0.564809,0.89417,REDUCED_ACTIVITY,,,,3
P02688,ananse,AN-C002688,Low,0.797726,0.944679,1.12078,0.559693,0.781082,ACTIVE,,,,0
P02689,ananse,AN-C002689,Very Low,0.783912,0.891689,0.891623,0.239232,0.87223,ACTIVE,,,,0
P02690,ananse,AN-C002690,High,1.099763,0.965039,1.164375,0.203916,0.837657,ACTIVE,,,,0
P02691,ananse,AN-C002691,Low,1.603564,1.192199,1.190554,0.828241,0.80173,ACTIVE,,,,0
P02692,ananse,AN-C002692,High,1.174003,1.031677,0.850555,0.090956,0.934442,ACTIVE,,,,1
P02693,ananse,AN-C002693,Very Low,0.842292,1.02872,1.009408,0.118815,0.928445,ACTIVE,,,,0
P02694,ananse,AN-C002694,Moderate,0.97465,0.763856,0.950354,0.430893,0.849263,ACTIVE,,,,0
P02695,ananse,AN-C002695,Moderate,1.142176,0.914684,1.119416,0.266581,0.762767,ACTIVE,,,,0
P02696,ananse,AN-C002696,Moderate,0.911987,1.045656,0.82923,0.630176,0.893236,ACTIVE,,,,0
P02697,ananse,AN-C002697,Very Low,0.974818,0.907277,1.197027,0.054226,0.959137,ACTIVE,,,,0
P02698,ananse,AN-C002698,High,2.02192,1.074242,0.960067,0.555105,0.990341,ACTIVE,,,,1
P02699,ananse,AN-C002699,Moderate,1.171818,0.982041,1.088672,0.388161,0.946022,ACTIVE,,,,1
P02700,ananse,AN-C002700,Low,0.730506,0.822608,0.959206,0.277934,0.997977,ACTIVE,,,,0
P02701,ananse,AN-C002701,Low,1.082781,1.123527,0.856544,0.991239,0.809789,ACTIVE,,,,0
P02702,ananse,AN-C002702,Low,1.015626,1.173071,0.817789,0.025397,0.960919,ACTIVE,,,,1
P02703,ananse,AN-C002703,High,1.361323,1.209402,0.997181,0.404161,0.953181,ACTIVE,,,,1
P02704,ananse,AN-C002704,Low,1.304522,0.930952,0.992323,0.700933,0.909514,ACTIVE,,,,1
P02705,ananse,AN-C002705,High,1.30476,1.097939,1.167189,0.210853,0.90145,ACTIVE,,,,1
P02706,ananse,AN-C002706,Very Low,1.177573,1.192601,0.879333,0.049179,0.923482,ACTIVE,,,,1
P02707,ananse,AN-C002707,Low,0.756285,1.217587,0.839044,0.924807,0.83772,REDUCED_ACTIVITY,,,,4
P02708,ananse,AN-C002708,Very Low,0.990455,1.038882,1.130129,0.047485,0.750485,ACTIVE,,,,0
P02709,ananse,AN-C002709,Moderate,0.814024,0.801642,1.137348,0.744748,0.86278,ACTIVE,,,,0
P02710,ananse,AN-C002710,Moderate,1.517027,1.024685,0.803038,0.04008,0.954859,ACTIVE,,,,0
P02711,ananse,AN-C002711,Very Low,0.602611,1.197059,1.107103,0.54389,0.874718,REDUCED_ACTIVITY,,,,1
P02712,ananse,AN-C002712,High,0.6151,0.84467,1.005751,0.118923,0.807564,REDUCED_ACTIVITY,,,,1
P02713,ananse,AN-C002713,Very Low,0.800156,1.061587,0.838087,0.471554,0.920896,ACTIVE,,,,1
P02714,ananse,AN-C002714,High,0.7877,0.931813,0.967046,0.520128,0.882831,REDUCED_ACTIVITY,,,,1
P02715,ananse,AN-C002715,High,0.639686,1.133367,0.968933,0.717398,0.8858,ACTIVE,S09,Low,Detectable,0
P02716,ananse,AN-C002716,Very Low,1.040535,1.084325,1.158143,0.784827,0.947569,ACTIVE,,,,0
P02717,ananse,AN-C002717,Low,0.941968,1.154792,1.099279,0.308644,0.786105,ACTIVE,,,,0
P02718,ananse,AN-C002718,High,0.998167,1.119027,1.159284,0.32441,0.911442,ACTIVE,,,,0
P02719,ananse,AN-C002719,Moderate,1.382502,0.782798,1.152267,0.295586,0.791134,ACTIVE,,,,2
P02720,ananse,AN-C002720,Very High,1.07028,0.77483,1.038389,0.322848,0.776448,ACTIVE,,,,1
P02721,ananse,AN-C002721,Low,1.546311,1.030481,1.094062,0.086765,0.972905,ACTIVE,S02,Medium,Multi-event,3
P02722,ananse,AN-C002722,Low,1.488538,1.014326,0.835874,0.165078,0.818274,ACTIVE,,,,0
P02723,ananse,AN-C002723,Moderate,1.362753,1.249632,0.873968,0.841912,0.930911,ACTIVE,,,,0
P02724,ananse,AN-C002724,Moderate,1.012551,0.758081,0.91399,0.362773,0.86523,ACTIVE,,,,0
P02725,ananse,AN-C002725,Low,1.072565,0.846359,0.961713,0.854246,0.947858,ACTIVE,,,,0
P02726,ananse,AN-C002726,Moderate,0.982996,0.833044,0.933575,0.357378,0.948857,ACTIVE,,,,0
P02727,ananse,AN-C002727,Low,1.058723,0.813535,0.932609,0.47085,0.819779,ACTIVE,,,,0
P02728,ananse,AN-C002728,Moderate,1.945567,1.147006,1.133003,0.316786,0.959298,ACTIVE,,,,0
P02729,ananse,AN-C002729,Very Low,1.32657,1.006018,0.850648,0.732485,0.96288,ACTIVE,,,,1
P02730,ananse,AN-C002730,Moderate,0.748714,1.026329,1.180836,0.825864,0.926462,ACTIVE,,,,0
P02731,ananse,AN-C002731,Very High,1.11705,0.7964,1.118442,0.887421,0.787439,ACTIVE,,,,0
P02732,ananse,AN-C002732,High,0.835714,0.784863,0.818134,0.866217,0.835021,ACTIVE,,,,2
P02733,ananse,AN-C002733,Very Low,0.615162,1.127025,0.932377,0.571158,0.927099,ACTIVE,,,,1
P02734,ananse,AN-C002734,Moderate,0.858572,0.883465,0.803538,0.326487,0.76801,ACTIVE,,,,0
P02735,ananse,AN-C002735,Low,0.886463,0.863067,0.950366,0.65274,0.822548,ACTIVE,,,,1
P02736,ananse,AN-C002736,High,1.180209,0.911492,0.882062,0.954681,0.997031,ACTIVE,,,,0
P02737,ananse,AN-C002737,Low,0.871686,1.136494,1.077658,0.451996,0.916753,ACTIVE,,,,1
P02738,ananse,AN-C002738,Very High,1.435835,0.983431,0.937495,0.060446,0.943778,ACTIVE,,,,0
P02739,ananse,AN-C002739,Low,0.895255,0.881922,1.150589,0.563522,0.784929,ACTIVE,,,,2
P02740,ananse,AN-C002740,Low,1.056123,0.947889,1.166899,0.643743,0.985085,INACTIVE,,,,2
P02741,ananse,AN-C002741,Moderate,1.23974,1.162738,1.116698,0.602872,0.916092,ACTIVE,,,,0
P02742,ananse,AN-C002742,High,0.992241,1.201243,0.891499,0.876459,0.914859,ACTIVE,,,,0
P02743,ananse,AN-C002743,Moderate,0.977255,1.029226,0.876091,0.869104,0.827762,RAMP_UP,,,,1
P02744,ananse,AN-C002744,Very Low,1.386971,0.757875,0.95909,0.327487,0.961056,ACTIVE,S12,High,Ambiguous,1
P02745,ananse,AN-C002745,Very Low,0.806562,0.802788,1.123314,0.861687,0.97407,REDUCED_ACTIVITY,,,,0
P02746,ananse,AN-C002746,Moderate,1.879464,1.033981,0.86491,0.679913,0.830813,REDUCED_ACTIVITY,,,,0
P02747,ananse,AN-C002747,Moderate,1.117881,0.814344,1.05298,0.635548,0.866258,ACTIVE,,,,0
P02748,ananse,AN-C002748,Very Low,0.853062,1.248742,1.08011,0.33332,0.895023,ACTIVE,,,,2
P02749,ananse,AN-C002749,High,0.809529,1.161611,0.847562,0.111019,0.94612,ACTIVE,,,,1
P02750,ananse,AN-C002750,High,1.607148,0.822767,1.089564,0.500718,0.7949,ACTIVE,,,,1
P02751,ananse,AN-C002751,High,1.232286,0.917056,1.103189,0.092215,0.792667,ACTIVE,,,,1
P02752,ananse,AN-C002752,Low,1.615223,1.124275,1.142888,0.850174,0.878684,ACTIVE,,,,0
P02753,ananse,AN-C002753,Low,1.525197,1.165924,0.99631,0.297447,0.828581,REDUCED_ACTIVITY,,,,0
P02754,ananse,AN-C002754,Very Low,1.074755,0.751351,0.980466,0.035442,0.750896,ACTIVE,,,,0
P02755,ananse,AN-C002755,Very Low,0.807417,0.849426,0.832917,0.536939,0.847523,ACTIVE,,,,0
P02756,ananse,AN-C002756,Moderate,1.706789,0.788346,1.010088,0.330056,0.859237,REDUCED_ACTIVITY,,,,1
P02757,ananse,AN-C002757,Low,0.980066,0.887777,0.808946,0.945098,0.791109,ACTIVE,,,,0
P02758,ananse,AN-C002758,Moderate,0.78119,0.753628,1.081875,0.766801,0.968494,ACTIVE,,,,0
P02759,ananse,AN-C002759,High,0.999447,1.160843,0.917252,0.941443,0.972886,ACTIVE,,,,0
P02760,ananse,AN-C002760,Low,0.801621,1.046708,0.887869,0.779822,0.831073,ACTIVE,,,,0
P02761,ananse,AN-C002761,Moderate,0.553638,1.167515,1.130555,0.673826,0.946109,ACTIVE,,,,1
P02762,ananse,AN-C002762,Low,1.525983,1.154593,1.041634,0.922102,0.931143,ACTIVE,,,,0
P02763,ananse,AN-C002763,High,1.152048,0.882153,1.144954,0.054304,0.903326,ACTIVE,,,,3
P02764,ananse,AN-C002764,Moderate,1.370389,0.898806,0.870731,0.761404,0.862964,ACTIVE,,,,0
P02765,ananse,AN-C002765,High,1.518926,1.231044,1.156856,0.675735,0.794048,INACTIVE,,,,0
P02766,ananse,AN-C002766,Moderate,1.53251,1.068793,0.818583,0.57447,0.943987,ACTIVE,,,,0
P02767,ananse,AN-C002767,Very Low,0.834171,0.768924,0.808741,0.533775,0.941069,ACTIVE,,,,1
P02768,ananse,AN-C002768,Very Low,1.102091,0.811955,1.024553,0.579899,0.994771,ACTIVE,,,,1
P02769,ananse,AN-C002769,Moderate,0.760627,0.986631,0.852272,0.153296,0.790552,ACTIVE,,,,0
P02770,ananse,AN-C002770,Low,0.590099,0.900121,1.021214,0.768023,0.811555,ACTIVE,,,,0
P02771,ananse,AN-C002771,Low,0.714932,0.834771,0.938912,0.078494,0.861746,REDUCED_ACTIVITY,,,,1
P02772,ananse,AN-C002772,Low,1.017179,1.153916,0.966036,0.677682,0.894145,ACTIVE,,,,1
P02773,ananse,AN-C002773,Low,1.259249,1.11024,0.95119,0.499802,0.835917,ACTIVE,,,,0
P02774,ananse,AN-C002774,Very Low,1.245172,0.752769,1.007211,0.274781,0.771957,ACTIVE,,,,0
P02775,ananse,AN-C002775,Moderate,0.971812,1.108351,1.166218,0.300793,0.831132,RAMP_UP,,,,1
P02776,ananse,AN-C002776,Low,1.002058,0.775459,0.833181,0.22819,0.954188,ACTIVE,,,,0
P02777,ananse,AN-C002777,Very Low,0.882839,0.852188,1.062491,0.364615,0.751741,ACTIVE,,,,0
P02778,ananse,AN-C002778,Moderate,0.856156,1.161787,0.824331,0.990539,0.904952,ACTIVE,,,,0
P02779,ananse,AN-C002779,High,0.828524,1.124483,0.851924,0.646193,0.96953,ACTIVE,,,,0
P02780,ananse,AN-C002780,Very Low,0.71369,1.127354,1.17419,0.32032,0.94886,ACTIVE,,,,0
P02781,ananse,AN-C002781,High,1.193245,1.216241,1.085685,0.491936,0.958076,ACTIVE,,,,0
P02782,ananse,AN-C002782,Moderate,1.15271,1.093763,1.144342,0.433164,0.857182,ACTIVE,,,,2
P02783,ananse,AN-C002783,Moderate,0.934992,0.831149,0.940717,0.389723,0.980364,ACTIVE,,,,0
P02784,ananse,AN-C002784,Very Low,1.479962,0.832992,1.08171,0.584935,0.827995,ACTIVE,,,,0
P02785,ananse,AN-C002785,Low,0.889773,1.002995,1.013699,0.308792,0.923932,ACTIVE,,,,1
P02786,ananse,AN-C002786,Low,1.026221,1.035261,0.802405,0.473543,0.93362,ACTIVE,,,,1
P02787,ananse,AN-C002787,Very Low,0.706102,1.142155,1.144178,0.494183,0.825775,ACTIVE,,,,0
P02788,ananse,AN-C002788,Low,0.828254,1.006576,0.812721,0.425974,0.810273,RAMP_UP,,,,1
P02789,ananse,AN-C002789,Moderate,0.676717,0.997565,0.978839,0.140929,0.807489,ACTIVE,,,,0
P02790,ananse,AN-C002790,Very Low,1.201406,1.133669,1.125255,0.881711,0.8832,REDUCED_ACTIVITY,,,,0
P02791,ananse,AN-C002791,Low,0.802811,0.922399,1.18727,0.834611,0.815345,ACTIVE,,,,1
P02792,ananse,AN-C002792,Very Low,0.974055,1.0411,1.050532,0.908914,0.862245,REDUCED_ACTIVITY,,,,0
P02793,ananse,AN-C002793,Low,1.093419,0.926116,1.151564,0.783816,0.788509,ACTIVE,,,,1
P02794,ananse,AN-C002794,Moderate,0.928751,0.959731,0.872702,0.180193,0.857222,ACTIVE,,,,2
P02795,ananse,AN-C002795,Low,0.942277,0.954234,1.073455,0.926449,0.839673,ACTIVE,,,,0
P02796,ananse,AN-C002796,Moderate,0.971445,0.861572,1.086422,0.648801,0.905058,ACTIVE,,,,0
P02797,ananse,AN-C002797,Moderate,0.664988,0.952543,1.021522,0.343071,0.928677,INACTIVE,,,,0
P02798,ananse,AN-C002798,Moderate,1.073825,1.227079,0.991336,0.850893,0.987652,REDUCED_ACTIVITY,,,,1
P02799,ananse,AN-C002799,High,0.809225,1.208508,0.910213,0.371956,0.767953,ACTIVE,,,,0
P02800,ananse,AN-C002800,Moderate,1.36764,1.155417,1.192465,0.246104,0.911132,ACTIVE,S09,High,Multi-event,0
P02801,ananse,AN-C002801,Low,0.860726,1.033321,0.960751,0.729004,0.768426,ACTIVE,,,,1
P02802,ananse,AN-C002802,Very High,1.381143,1.127745,1.199966,0.077501,0.930119,ACTIVE,,,,0
P02803,ananse,AN-C002803,Very Low,0.856944,0.893752,0.881961,0.665289,0.946194,REDUCED_ACTIVITY,,,,3
P02804,ananse,AN-C002804,Low,0.717234,0.952713,1.031423,0.293914,0.85399,ACTIVE,,,,0
P02805,ananse,AN-C002805,Very Low,1.823564,0.828266,1.044033,0.063314,0.982611,ACTIVE,,,,0
P02806,ananse,AN-C002806,Moderate,0.868029,1.078695,1.07882,0.167644,0.950406,ACTIVE,,,,0
P02807,ananse,AN-C002807,Low,0.883861,0.967811,1.012799,0.478667,0.912228,ACTIVE,,,,0
P02808,ananse,AN-C002808,Low,0.916802,0.850346,0.909743,0.227059,0.929348,REDUCED_ACTIVITY,,,,0
P02809,ananse,AN-C002809,High,1.462691,0.907477,1.123655,0.841008,0.917936,REDUCED_ACTIVITY,S04,Low,Cross-institution,0
P02810,ananse,AN-C002810,Low,1.329226,1.248511,1.00925,0.356151,0.816593,REDUCED_ACTIVITY,,,,1
P02811,ananse,AN-C002811,Moderate,0.682567,1.191292,1.080125,0.545169,0.893492,ACTIVE,,,,2
P02812,ananse,AN-C002812,Very Low,1.157348,1.132793,1.106843,0.809111,0.824347,ACTIVE,,,,0
P02813,ananse,AN-C002813,Very Low,1.557398,0.953201,0.925366,0.691363,0.974419,ACTIVE,,,,0
P02814,ananse,AN-C002814,Very Low,1.002095,0.929894,0.951037,0.156101,0.9543,REDUCED_ACTIVITY,,,,0
P02815,ananse,AN-C002815,Low,1.157791,1.199617,0.982221,0.595238,0.951185,INACTIVE,,,,0
P02816,ananse,AN-C002816,Very Low,0.803163,0.927919,1.010279,0.538768,0.783597,ACTIVE,,,,1
P02817,ananse,AN-C002817,Low,0.776115,0.784019,0.981192,0.676046,0.983112,ACTIVE,,,,0
P02818,ananse,AN-C002818,Low,0.787645,1.121876,1.140341,0.15936,0.819597,ACTIVE,S02,Low,Detectable,0
P02819,ananse,AN-C002819,Moderate,1.070261,1.223478,0.914859,0.888664,0.78536,ACTIVE,,,,0
P02820,ananse,AN-C002820,Moderate,1.051419,0.859059,1.140121,0.449694,0.786866,ACTIVE,,,,0
P02821,ananse,AN-C002821,Moderate,0.955327,0.970814,1.062123,0.829117,0.986665,INACTIVE,,,,1
P02822,ananse,AN-C002822,Very Low,0.954623,0.911092,1.142974,0.741048,0.896931,ACTIVE,,,,0
P02823,ananse,AN-C002823,Very High,1.027831,1.042811,1.121814,0.83692,0.898415,REDUCED_ACTIVITY,,,,0
P02824,ananse,AN-C002824,Low,1.042812,1.09998,0.853674,0.584739,0.912286,ACTIVE,,,,0
P02825,ananse,AN-C002825,Low,0.913761,1.023924,1.064917,0.998795,0.968124,ACTIVE,,,,2
P02826,ananse,AN-C002826,High,0.905065,0.813786,1.018656,0.525108,0.752465,ACTIVE,,,,0
P02827,ananse,AN-C002827,Very Low,1.109751,0.985665,0.901182,0.715635,0.893989,ACTIVE,,,,1
P02828,ananse,AN-C002828,Moderate,1.109519,1.162127,0.949693,0.196821,0.869261,ACTIVE,,,,1
P02829,ananse,AN-C002829,Moderate,0.965337,1.013412,0.913769,0.08193,0.919471,ACTIVE,,,,1
P02830,ananse,AN-C002830,Low,1.214601,1.05253,1.155285,0.423235,0.93628,ACTIVE,,,,0
P02831,ananse,AN-C002831,Moderate,0.870125,0.994962,0.854764,0.887384,0.914619,ACTIVE,,,,0
P02832,ananse,AN-C002832,Low,0.697661,1.130199,1.024645,0.87136,0.989346,ACTIVE,,,,1
P02833,ananse,AN-C002833,Moderate,1.173832,1.029752,0.989891,0.548824,0.980927,ACTIVE,,,,0
P02834,ananse,AN-C002834,Very Low,1.081811,1.214076,1.119158,0.847515,0.972874,REDUCED_ACTIVITY,,,,1
P02835,ananse,AN-C002835,High,1.352567,0.791984,1.181726,0.351554,0.979459,ACTIVE,,,,2
P02836,ananse,AN-C002836,Low,0.74238,1.018505,0.893116,0.70195,0.847639,ACTIVE,,,,2
P02837,ananse,AN-C002837,Moderate,1.275012,1.039672,1.093588,0.013227,0.910084,INACTIVE,,,,0
P02838,ananse,AN-C002838,Low,0.71242,0.96622,1.08283,0.966105,0.776708,REDUCED_ACTIVITY,,,,1
P02839,ananse,AN-C002839,Low,1.070489,0.789132,0.995666,0.256384,0.79692,REDUCED_ACTIVITY,,,,1
P02840,ananse,AN-C002840,Low,1.045022,1.141724,0.923825,0.392408,0.991208,ACTIVE,,,,0
P02841,ananse,AN-C002841,Very Low,1.53466,1.218233,1.138167,0.879066,0.841663,ACTIVE,,,,1
P02842,ananse,AN-C002842,Very Low,1.518786,1.044859,0.875141,0.160007,0.917581,ACTIVE,,,,0
P02843,ananse,AN-C002843,Low,1.417066,1.109371,1.03682,0.014275,0.759614,ACTIVE,,,,1
P02844,ananse,AN-C002844,Very High,1.15778,0.966997,0.814032,0.02748,0.756269,REDUCED_ACTIVITY,,,,1
P02845,ananse,AN-C002845,Moderate,0.688565,0.920121,1.078487,0.87234,0.880046,ACTIVE,,,,1
P02846,ananse,AN-C002846,Moderate,0.604121,0.801343,1.044277,0.647865,0.944941,REDUCED_ACTIVITY,,,,2
P02847,ananse,AN-C002847,High,1.399318,1.229733,1.070379,0.442262,0.874071,ACTIVE,,,,0
P02848,ananse,AN-C002848,Low,0.986578,1.237914,0.833154,0.44174,0.954492,REDUCED_ACTIVITY,,,,1
P02849,ananse,AN-C002849,Low,1.001151,0.915625,0.818958,0.034793,0.989402,ACTIVE,,,,0
P02850,ananse,AN-C002850,Low,1.127252,0.946025,1.179518,0.249381,0.970162,ACTIVE,,,,1
P02851,ananse,AN-C002851,Very High,0.945915,0.767487,1.074416,0.178822,0.984926,ACTIVE,,,,0
P02852,ananse,AN-C002852,Low,0.770806,0.960861,0.987014,0.767545,0.970534,ACTIVE,,,,2
P02853,ananse,AN-C002853,Moderate,0.963982,0.789336,1.081299,0.287393,0.814242,INACTIVE,,,,1
P02854,ananse,AN-C002854,High,1.54281,1.073919,1.009541,0.986335,0.920575,ACTIVE,,,,0
P02855,ananse,AN-C002855,Low,0.918126,0.779069,1.187119,0.91702,0.970531,ACTIVE,,,,0
P02856,ananse,AN-C002856,Low,0.778903,1.035477,1.141544,0.138489,0.834828,ACTIVE,,,,0
P02857,ananse,AN-C002857,Low,1.322232,1.203998,1.042539,0.151091,0.831836,ACTIVE,,,,1
P02858,ananse,AN-C002858,Moderate,1.004287,0.875724,0.83895,0.075736,0.85111,ACTIVE,,,,0
P02859,ananse,AN-C002859,Low,0.900258,1.017679,1.191807,0.223818,0.773362,ACTIVE,,,,0
P02860,ananse,AN-C002860,Moderate,1.152552,1.113349,1.071644,0.901148,0.983859,ACTIVE,,,,1
P02861,ananse,AN-C002861,Moderate,0.820896,1.040192,1.031675,0.38466,0.786553,ACTIVE,,,,1
P02862,ananse,AN-C002862,Low,1.143939,1.177333,0.849082,0.705516,0.866542,RAMP_UP,,,,1
P02863,ananse,AN-C002863,Low,1.236015,1.212649,0.989836,0.188978,0.950534,ACTIVE,,,,1
P02864,ananse,AN-C002864,High,0.612158,1.058384,1.0887,0.581788,0.84083,ACTIVE,,,,0
P02865,ananse,AN-C002865,Low,1.249039,1.02254,1.09887,0.030995,0.84358,ACTIVE,,,,1
P02866,ananse,AN-C002866,High,1.321313,0.814153,1.032828,0.943721,0.863851,ACTIVE,,,,0
P02867,ananse,AN-C002867,Low,0.822072,0.807761,0.986926,0.477889,0.833156,ACTIVE,,,,0
P02868,ananse,AN-C002868,Moderate,0.785721,0.911394,0.820607,0.040612,0.822045,REDUCED_ACTIVITY,,,,0
P02869,ananse,AN-C002869,Moderate,0.652554,1.159133,1.002753,0.156697,0.985566,REDUCED_ACTIVITY,,,,1
P02870,ananse,AN-C002870,Moderate,1.142774,1.186667,0.959444,0.558742,0.806143,ACTIVE,,,,3
P02871,ananse,AN-C002871,Low,1.072488,1.118179,0.893533,0.332678,0.77011,ACTIVE,,,,0
P02872,ananse,AN-C002872,Low,1.049648,1.131911,1.025809,0.718005,0.795895,ACTIVE,,,,1
P02873,ananse,AN-C002873,Low,0.787496,1.116701,1.037368,0.632318,0.7736,ACTIVE,,,,2
P02874,ananse,AN-C002874,Moderate,1.306575,0.808042,1.127715,0.269843,0.941579,ACTIVE,,,,1
P02875,ananse,AN-C002875,High,0.79818,1.137118,1.157391,0.308853,0.760218,ACTIVE,,,,1
P02876,ananse,AN-C002876,Low,1.152956,0.910758,0.888426,0.387704,0.779036,ACTIVE,,,,2
P02877,ananse,AN-C002877,Low,1.045766,0.965612,0.815508,0.029672,0.804013,ACTIVE,,,,1
P02878,ananse,AN-C002878,Moderate,1.207513,0.883884,1.013275,0.79915,0.814142,ACTIVE,,,,0
P02879,ananse,AN-C002879,High,1.13002,0.767222,0.861746,0.949563,0.830201,ACTIVE,,,,0
P02880,ananse,AN-C002880,Very Low,0.91414,1.216921,1.136616,0.101746,0.959371,ACTIVE,,,,2
P02881,ananse,AN-C002881,Moderate,1.102294,1.132752,1.031829,0.234873,0.995302,REDUCED_ACTIVITY,,,,0
P02882,ananse,AN-C002882,Low,1.039377,1.240714,1.041502,0.591596,0.998018,REDUCED_ACTIVITY,,,,2
P02883,ananse,AN-C002883,Moderate,0.810786,1.05321,1.18112,0.074056,0.953803,ACTIVE,,,,0
P02884,ananse,AN-C002884,Very High,1.042622,1.224064,0.885321,0.040493,0.844768,RAMP_UP,,,,1
P02885,ananse,AN-C002885,Very Low,0.721323,0.860006,1.015999,0.609247,0.773516,ACTIVE,,,,0
P02886,ananse,AN-C002886,Very High,0.774729,0.865674,1.163579,0.404826,0.861406,ACTIVE,,,,2
P02887,ananse,AN-C002887,High,1.177819,0.948757,0.957146,0.308459,0.803107,ACTIVE,S09,Low,Detectable,0
P02888,ananse,AN-C002888,High,1.079886,0.8753,1.171496,0.934729,0.803754,ACTIVE,,,,0
P02889,ananse,AN-C002889,Moderate,0.826841,0.859062,0.84758,0.74697,0.774735,REDUCED_ACTIVITY,,,,0
P02890,ananse,AN-C002890,Low,0.774468,1.037705,1.106426,0.815467,0.861144,ACTIVE,,,,0
P02891,ananse,AN-C002891,High,1.221613,0.782148,0.904247,0.484971,0.851533,ACTIVE,,,,0
P02892,ananse,AN-C002892,Low,0.568425,0.875429,1.101436,0.425025,0.991742,ACTIVE,,,,0
P02893,ananse,AN-C002893,High,1.246397,1.055382,0.871829,0.564001,0.750215,ACTIVE,,,,0
P02894,ananse,AN-C002894,Moderate,0.975137,0.989763,1.128617,0.387286,0.864706,ACTIVE,,,,0
P02895,ananse,AN-C002895,Moderate,1.144041,0.876995,0.888804,0.459128,0.840662,ACTIVE,,,,0
P02896,ananse,AN-C002896,Very Low,1.092078,1.051535,1.102612,0.59212,0.813099,INACTIVE,,,,1
P02897,ananse,AN-C002897,High,0.867444,0.93528,1.017311,0.297643,0.926915,ACTIVE,,,,0
P02898,ananse,AN-C002898,Very Low,1.092448,1.024362,0.872675,0.234139,0.770752,ACTIVE,S15,Low,Contextual,3
P02899,ananse,AN-C002899,Low,0.887278,0.755713,1.012444,0.396115,0.945872,REDUCED_ACTIVITY,,,,0
P02900,ananse,AN-C002900,Low,1.176015,1.145733,1.070636,0.734591,0.885903,ACTIVE,,,,1
P02901,ananse,AN-C002901,Low,0.955593,0.807891,1.194043,0.439317,0.942798,ACTIVE,,,,0
P02902,ananse,AN-C002902,Moderate,1.5708,1.092061,1.083279,0.47598,0.967087,RAMP_UP,,,,3
P02903,ananse,AN-C002903,Low,0.946918,0.849432,0.842537,0.740915,0.896903,REDUCED_ACTIVITY,,,,0
P02904,ananse,AN-C002904,Moderate,0.870411,1.048063,1.013191,0.541202,0.897179,ACTIVE,,,,0
P02905,ananse,AN-C002905,Low,1.25042,0.800851,1.054691,0.298974,0.96741,REDUCED_ACTIVITY,,,,0
P02906,ananse,AN-C002906,Low,0.99985,0.98562,1.115381,0.83421,0.990812,ACTIVE,,,,1
P02907,ananse,AN-C002907,High,0.770416,0.767834,0.828096,0.768124,0.922097,ACTIVE,,,,0
P02908,ananse,AN-C002908,Low,1.362504,1.000997,0.9962,0.225662,0.875726,ACTIVE,,,,3
P02909,ananse,AN-C002909,Very Low,0.708659,1.015335,0.983755,0.350918,0.980713,ACTIVE,,,,2
P02910,ananse,AN-C002910,High,1.056398,0.848987,0.959588,0.34075,0.758758,ACTIVE,,,,0
P02911,ananse,AN-C002911,Low,1.262425,0.906689,1.128913,0.674012,0.91221,ACTIVE,,,,0
P02912,ananse,AN-C002912,Moderate,2.053332,0.939593,1.156755,0.782714,0.976368,REDUCED_ACTIVITY,,,,0
P02913,ananse,AN-C002913,Low,0.822332,1.093397,0.849008,0.931716,0.877323,ACTIVE,,,,1
P02914,ananse,AN-C002914,Moderate,1.338398,0.80404,1.135984,0.333512,0.75456,RAMP_UP,,,,0
P02915,ananse,AN-C002915,Moderate,1.041133,1.197767,1.175263,0.955292,0.919746,REDUCED_ACTIVITY,,,,0
P02916,ananse,AN-C002916,High,1.566811,1.019529,0.929673,0.689845,0.771088,ACTIVE,,,,0
P02917,ananse,AN-C002917,Low,0.895436,1.223966,1.146854,0.463604,0.88043,ACTIVE,,,,0
P02918,ananse,AN-C002918,High,0.945052,0.821663,1.050667,0.716503,0.88406,INACTIVE,,,,0
P02919,ananse,AN-C002919,Low,0.787907,1.192392,1.153154,0.800353,0.830418,ACTIVE,,,,1
P02920,ananse,AN-C002920,Low,1.39893,0.957091,0.927528,0.084595,0.766268,ACTIVE,,,,0
P02921,ananse,AN-C002921,Very High,1.071644,1.003077,1.176853,0.796286,0.756575,ACTIVE,,,,1
P02922,ananse,AN-C002922,Low,1.783525,0.947623,1.175298,0.516751,0.900237,ACTIVE,,,,1
P02923,ananse,AN-C002923,Very Low,1.495501,0.801655,1.017523,0.569499,0.996552,ACTIVE,,,,0
P02924,ananse,AN-C002924,High,1.122282,0.770621,1.091353,0.127778,0.980093,ACTIVE,,,,0
P02925,ananse,AN-C002925,High,0.687892,1.15053,1.14126,0.976532,0.99833,ACTIVE,S15,Medium,Multi-event,0
P02926,ananse,AN-C002926,Moderate,0.900099,1.139881,1.004135,0.424389,0.930192,ACTIVE,,,,0
P02927,ananse,AN-C002927,Moderate,0.956074,1.222691,0.889726,0.171556,0.831692,ACTIVE,,,,1
P02928,ananse,AN-C002928,Very Low,0.773305,1.217765,1.153953,0.978351,0.903645,ACTIVE,,,,0
P02929,ananse,AN-C002929,Low,1.270639,0.911386,1.130369,0.061882,0.934719,REDUCED_ACTIVITY,,,,1
P02930,ananse,AN-C002930,High,0.991789,1.223963,0.973387,0.658857,0.916297,ACTIVE,,,,0
P02931,ananse,AN-C002931,Moderate,1.04301,1.141427,0.896272,0.706042,0.841413,ACTIVE,,,,0
P02932,ananse,AN-C002932,Moderate,1.25075,0.874381,1.124042,0.344925,0.988844,INACTIVE,,,,0
P02933,ananse,AN-C002933,Low,1.147113,0.84324,0.905855,0.404144,0.904092,ACTIVE,,,,0
P02934,ananse,AN-C002934,Moderate,0.819336,1.246815,1.012317,0.886808,0.927237,ACTIVE,,,,0
P02935,ananse,AN-C002935,Moderate,0.760341,1.174722,0.902298,0.506019,0.806043,ACTIVE,,,,0
P02936,ananse,AN-C002936,Moderate,0.668413,1.100255,0.922304,0.945239,0.841985,ACTIVE,,,,1
P02937,ananse,AN-C002937,Very Low,0.654821,1.050233,1.048491,0.794515,0.899261,ACTIVE,,,,1
P02938,ananse,AN-C002938,Low,1.149211,1.205944,0.951227,0.595622,0.973481,ACTIVE,,,,0
P02939,ananse,AN-C002939,Very Low,1.424933,0.896316,0.958617,0.891129,0.993146,REDUCED_ACTIVITY,,,,0
P02940,ananse,AN-C002940,Low,0.68056,1.11964,0.826434,0.89539,0.923295,ACTIVE,,,,0
P02941,ananse,AN-C002941,High,0.865824,1.197673,0.986877,0.799313,0.78854,ACTIVE,,,,0
P02942,ananse,AN-C002942,Moderate,0.721303,1.194568,1.11711,0.712089,0.910515,ACTIVE,,,,2
P02943,ananse,AN-C002943,Moderate,0.575652,1.160695,1.158645,0.090432,0.814996,ACTIVE,,,,0
P02944,ananse,AN-C002944,Very Low,1.034909,0.887857,0.857488,0.525772,0.970385,ACTIVE,,,,0
P02945,ananse,AN-C002945,Very Low,0.893011,0.933435,0.98324,0.380452,0.837979,ACTIVE,,,,0
P02946,ananse,AN-C002946,Very Low,1.084419,0.92279,1.175176,0.992233,0.904177,ACTIVE,,,,1
P02947,ananse,AN-C002947,Low,1.077746,1.06062,1.179211,0.245264,0.805692,ACTIVE,,,,0
P02948,ananse,AN-C002948,Moderate,0.735537,1.05083,1.124957,0.431182,0.88783,ACTIVE,,,,0
P02949,ananse,AN-C002949,Moderate,0.931199,1.19651,1.0754,0.784042,0.757917,ACTIVE,,,,0
P02950,ananse,AN-C002950,High,1.321458,1.021581,1.103626,0.128582,0.870455,INACTIVE,,,,0
P02951,ananse,AN-C002951,Low,1.079218,1.209881,1.033551,0.634303,0.846502,ACTIVE,,,,0
P02952,ananse,AN-C002952,Very Low,0.844499,0.866555,0.914138,0.377722,0.94067,INACTIVE,S11,High,Multi-event,0
P02953,ananse,AN-C002953,Low,1.330861,0.853056,1.118953,0.681625,0.777646,ACTIVE,,,,1
P02954,ananse,AN-C002954,High,0.968718,0.809154,1.120569,0.876593,0.970674,ACTIVE,,,,0
P02955,ananse,AN-C002955,Low,1.451248,1.003478,0.948048,0.715792,0.778989,ACTIVE,S03,Low,Detectable,1
P02956,ananse,AN-C002956,Moderate,0.926484,1.104334,0.81554,0.296013,0.946433,ACTIVE,,,,0
P02957,ananse,AN-C002957,Moderate,0.719866,1.192304,1.18615,0.595601,0.894659,ACTIVE,,,,1
P02958,ananse,AN-C002958,Low,1.474606,1.138714,1.054763,0.396131,0.821328,ACTIVE,,,,1
P02959,ananse,AN-C002959,Very Low,0.954967,1.084923,0.918312,0.408942,0.980293,REDUCED_ACTIVITY,,,,1
P02960,ananse,AN-C002960,Moderate,0.919026,1.117487,1.020439,0.199036,0.789802,RAMP_UP,,,,1
P02961,ananse,AN-C002961,Moderate,1.573589,0.918819,0.886233,0.129916,0.794839,ACTIVE,,,,0
P02962,ananse,AN-C002962,Moderate,0.874033,0.908525,0.998854,0.716735,0.861086,INACTIVE,,,,0
P02963,ananse,AN-C002963,High,0.959454,0.917544,0.885388,0.70241,0.776526,ACTIVE,,,,0
P02964,ananse,AN-C002964,Low,1.127727,0.782635,0.84978,0.87044,0.949562,ACTIVE,,,,2
P02965,ananse,AN-C002965,Low,0.920742,1.062463,0.824054,0.716984,0.885641,ACTIVE,,,,2
P02966,ananse,AN-C002966,Low,1.202866,0.759161,1.08669,0.251731,0.996942,ACTIVE,,,,0
P02967,ananse,AN-C002967,Low,0.884691,1.059855,0.92229,0.054742,0.873398,ACTIVE,,,,0
P02968,ananse,AN-C002968,Low,1.277714,0.853085,1.032836,0.489315,0.968098,ACTIVE,S01,Low,Cross-institution,1
P02969,ananse,AN-C002969,Moderate,0.974468,1.201175,1.07131,0.061572,0.751828,ACTIVE,,,,1
P02970,ananse,AN-C002970,Very Low,1.217963,0.965042,1.140748,0.544745,0.953555,ACTIVE,,,,0
P02971,ananse,AN-C002971,Moderate,1.699006,1.167461,1.067556,0.419332,0.770226,ACTIVE,,,,1
P02972,ananse,AN-C002972,Low,1.26195,1.17678,1.197944,0.531267,0.962567,ACTIVE,,,,1
P02973,ananse,AN-C002973,Moderate,0.918732,0.777134,0.979885,0.745018,0.773869,ACTIVE,,,,0
P02974,ananse,AN-C002974,Low,0.866777,1.173471,0.964713,0.553505,0.961092,ACTIVE,,,,0
P02975,ananse,AN-C002975,Moderate,0.744322,1.125678,0.948676,0.663052,0.910159,ACTIVE,,,,0
P02976,ananse,AN-C002976,Low,0.8502,1.186094,0.994833,0.573393,0.798249,ACTIVE,,,,0
P02977,ananse,AN-C002977,Low,0.978399,0.936779,1.066654,0.224298,0.798645,RAMP_UP,,,,2
P02978,ananse,AN-C002978,High,1.303711,0.975373,1.067942,0.78531,0.792799,ACTIVE,,,,1
P02979,ananse,AN-C002979,Low,1.686905,1.157346,0.844724,0.36821,0.926108,REDUCED_ACTIVITY,,,,1
P02980,ananse,AN-C002980,Moderate,0.877249,0.829101,1.000728,0.790579,0.952049,ACTIVE,,,,0
P02981,ananse,AN-C002981,Low,0.908653,1.129314,0.857353,0.866349,0.765618,ACTIVE,,,,0
P02982,ananse,AN-C002982,Very Low,0.65841,0.848057,1.132206,0.725771,0.831832,ACTIVE,,,,1
P02983,ananse,AN-C002983,Moderate,0.894455,1.044768,0.805654,0.791802,0.983203,ACTIVE,,,,0
P02984,ananse,AN-C002984,Very Low,0.835664,0.903937,1.101821,0.264051,0.975014,ACTIVE,,,,1
P02985,ananse,AN-C002985,High,0.921272,1.006774,0.949145,0.861669,0.98862,RAMP_UP,,,,0
P02986,ananse,AN-C002986,Moderate,1.209768,1.176357,1.047521,0.641769,0.845594,ACTIVE,,,,0
P02987,ananse,AN-C002987,Moderate,0.71905,0.937641,0.951983,0.251164,0.951482,ACTIVE,,,,0
P02988,ananse,AN-C002988,Moderate,0.980022,0.879803,0.874964,0.074644,0.901086,ACTIVE,,,,0
P02989,ananse,AN-C002989,Very Low,0.896144,0.903389,0.953076,0.656677,0.926059,ACTIVE,S14,Medium,Detectable,0
P02990,ananse,AN-C002990,Moderate,0.880091,1.057706,0.835191,0.028654,0.910155,ACTIVE,,,,0
P02991,ananse,AN-C002991,Moderate,0.908272,1.167422,1.116019,0.858793,0.993083,ACTIVE,,,,0
P02992,ananse,AN-C002992,Moderate,1.603933,1.156808,0.948234,0.078611,0.977205,RAMP_UP,,,,1
P02993,ananse,AN-C002993,Low,1.284422,1.057373,1.076097,0.048669,0.999346,ACTIVE,,,,1
P02994,ananse,AN-C002994,Low,1.020055,0.995208,1.077366,0.481919,0.90619,ACTIVE,,,,1
P02995,ananse,AN-C002995,Moderate,0.822959,1.167622,1.067579,0.864299,0.806614,ACTIVE,,,,0
P02996,ananse,AN-C002996,Low,0.701723,1.039702,1.037036,0.58607,0.805147,ACTIVE,,,,0
P02997,ananse,AN-C002997,Low,1.282513,0.969993,0.979765,0.577233,0.760134,ACTIVE,,,,1
P02998,ananse,AN-C002998,High,0.831599,1.177732,1.02248,0.812336,0.922168,RAMP_UP,,,,2
P02999,ananse,AN-C002999,High,0.875353,0.87065,0.9586,0.795253,0.87384,RAMP_UP,,,,0
P03000,ananse,AN-C003000,Low,1.031156,1.212897,1.120871,0.065572,0.917595,ACTIVE,,,,0
P00348,sikacredit,SC-C000001,Moderate,1.41486,0.770458,0.85931,0.692359,0.927471,ACTIVE,,,,0
P02270,sikacredit,SC-C000002,Moderate,0.946503,0.937196,0.878416,0.68478,0.91491,ACTIVE,,,,0
P02465,sikacredit,SC-C000003,Low,0.917286,0.756676,1.159579,0.936456,0.976984,ACTIVE,,,,0
P01374,sikacredit,SC-C000004,Very Low,1.129935,0.805165,0.99952,0.023263,0.834167,ACTIVE,,,,0
P01550,sikacredit,SC-C000005,Moderate,1.087258,1.087179,1.062104,0.649825,0.964532,ACTIVE,,,,0
P00518,sikacredit,SC-C000006,High,1.114306,0.759318,0.817898,0.809261,0.861358,ACTIVE,,,,0
P01903,sikacredit,SC-C000007,Moderate,1.330872,0.788835,0.897437,0.575719,0.838115,ACTIVE,,,,0
P00193,sikacredit,SC-C000008,Moderate,1.192029,0.937149,1.017987,0.510436,0.837996,ACTIVE,,,,0
P01115,sikacredit,SC-C000009,Low,0.652368,1.085385,1.074768,0.080724,0.948804,ACTIVE,,,,0
P02866,sikacredit,SC-C000010,Moderate,1.017426,1.137252,1.030024,0.43415,0.903293,ACTIVE,,,,0
P00971,sikacredit,SC-C000011,High,1.291247,0.840483,0.859278,0.086476,0.795602,ACTIVE,,,,0
P00504,sikacredit,SC-C000012,Low,1.24283,1.018271,0.94074,0.304624,0.887755,ACTIVE,,,,0
P02206,sikacredit,SC-C000013,High,0.769582,1.24265,0.873481,0.837615,0.952103,ACTIVE,,,,0
P00955,sikacredit,SC-C000014,Low,1.287486,1.244355,0.856483,0.957381,0.826028,ACTIVE,,,,0
P00108,sikacredit,SC-C000015,Low,1.290712,1.148641,0.909789,0.221107,0.880654,ACTIVE,,,,0
P02432,sikacredit,SC-C000016,Very Low,0.797136,1.207051,1.036204,0.551128,0.971403,ACTIVE,,,,0
P00703,sikacredit,SC-C000017,Low,0.749316,0.753002,0.848592,0.080237,0.958524,ACTIVE,,,,0
P02269,sikacredit,SC-C000018,Very Low,1.082181,1.176159,1.109008,0.336574,0.852935,ACTIVE,,,,0
P02202,sikacredit,SC-C000019,Moderate,0.698857,0.753221,0.858417,0.030755,0.931148,ACTIVE,,,,0
P02225,sikacredit,SC-C000020,Moderate,0.859847,0.904751,0.844262,0.054279,0.979203,ACTIVE,,,,0
P00813,sikacredit,SC-C000021,Moderate,1.538606,0.750616,0.937785,0.966478,0.894127,ACTIVE,,,,0
P01542,sikacredit,SC-C000022,High,0.637178,0.80843,1.154409,0.421708,0.771665,ACTIVE,,,,0
P02655,sikacredit,SC-C000023,Low,0.987815,0.864472,1.138627,0.660058,0.862006,ACTIVE,,,,0
P02958,sikacredit,SC-C000024,Low,0.981627,1.080466,1.071123,0.046188,0.996333,ACTIVE,,,,0
P02374,sikacredit,SC-C000025,High,0.832171,1.025639,0.805639,0.821336,0.762592,ACTIVE,,,,0
P00634,sikacredit,SC-C000026,Very Low,0.885047,0.860362,0.833847,0.712857,0.942571,ACTIVE,,,,0
P01293,sikacredit,SC-C000027,Moderate,0.835169,0.832194,1.150843,0.009605,0.881477,ACTIVE,,,,0
P02540,sikacredit,SC-C000028,Low,0.883087,0.835826,1.029655,0.304468,0.793686,ACTIVE,,,,0
P00750,sikacredit,SC-C000029,Very Low,1.039446,0.834504,0.800294,0.113388,0.805598,ACTIVE,,,,0
P02179,sikacredit,SC-C000030,Moderate,1.178055,0.991018,0.871912,0.536572,0.768303,ACTIVE,,,,0
P02796,sikacredit,SC-C000031,Moderate,0.642993,1.07799,0.981029,0.290218,0.85108,ACTIVE,,,,0
P01883,sikacredit,SC-C000032,Moderate,1.525153,1.20776,0.981314,0.819847,0.857884,ACTIVE,,,,0
P02040,sikacredit,SC-C000033,High,0.835321,0.904069,1.170937,0.095026,0.841281,ACTIVE,,,,0
P00910,sikacredit,SC-C000034,Low,0.741367,1.132853,1.056563,0.497265,0.958063,ACTIVE,,,,0
P01794,sikacredit,SC-C000035,Very Low,1.399858,0.982562,0.821081,0.425864,0.949894,ACTIVE,,,,0
P00204,sikacredit,SC-C000036,Very Low,0.829532,0.88031,0.955716,0.686616,0.857841,ACTIVE,,,,0
P00912,sikacredit,SC-C000037,Low,0.794511,1.139329,0.960843,0.103499,0.874542,ACTIVE,,,,0
P01425,sikacredit,SC-C000038,Very Low,0.601194,0.886409,1.02054,0.585174,0.904542,ACTIVE,,,,0
P01373,sikacredit,SC-C000039,Moderate,1.31772,1.095722,1.079111,0.89114,0.954131,ACTIVE,,,,0
P02481,sikacredit,SC-C000040,Very Low,1.452164,1.187309,1.097897,0.983712,0.812474,ACTIVE,,,,0
P01301,sikacredit,SC-C000041,High,1.441625,0.988101,0.817519,0.687958,0.984149,ACTIVE,,,,0
P00223,sikacredit,SC-C000042,High,0.756839,1.139858,0.911694,0.21984,0.995167,ACTIVE,,,,0
P00988,sikacredit,SC-C000043,High,0.629486,0.886901,1.006818,0.479658,0.969006,ACTIVE,,,,0
P00516,sikacredit,SC-C000044,Very High,1.05869,1.052026,1.056991,0.189566,0.886175,ACTIVE,,,,0
P01365,sikacredit,SC-C000045,Moderate,0.875312,0.848057,0.930796,0.414683,0.793104,ACTIVE,,,,0
P02312,sikacredit,SC-C000046,Low,1.077061,0.757093,0.839665,0.977518,0.98213,ACTIVE,,,,0
P02177,sikacredit,SC-C000047,High,1.235499,1.226158,1.028335,0.390219,0.900855,ACTIVE,,,,0
P02829,sikacredit,SC-C000048,Low,1.113946,1.19482,1.023855,0.619245,0.843788,ACTIVE,,,,0
P02525,sikacredit,SC-C000049,Moderate,0.955616,0.91076,1.00184,0.493282,0.853986,ACTIVE,,,,0
P01837,sikacredit,SC-C000050,Low,1.147596,1.03178,1.027384,0.737695,0.94838,ACTIVE,,,,0
P02317,sikacredit,SC-C000051,Moderate,1.413902,0.84637,1.023526,0.442211,0.821101,ACTIVE,,,,0
P01660,sikacredit,SC-C000052,Low,1.693868,1.241806,1.129408,0.358944,0.893603,ACTIVE,,,,0
P02226,sikacredit,SC-C000053,Low,0.745205,0.977009,0.949258,0.387526,0.763208,ACTIVE,,,,0
P01142,sikacredit,SC-C000054,High,1.289575,0.927844,0.898637,0.294219,0.969692,ACTIVE,,,,0
P02025,sikacredit,SC-C000055,Very High,0.758033,1.226325,0.979915,0.278546,0.900591,ACTIVE,,,,0
P02763,sikacredit,SC-C000056,Moderate,0.69958,0.957296,0.832863,0.345196,0.990733,ACTIVE,,,,0
P02629,sikacredit,SC-C000057,Moderate,0.644731,1.200173,1.169763,0.577625,0.881725,ACTIVE,,,,0
P01970,sikacredit,SC-C000058,Low,0.729376,1.000921,0.947708,0.947443,0.99739,ACTIVE,,,,0
P02812,sikacredit,SC-C000059,High,0.943378,1.099061,0.868896,0.216559,0.770885,ACTIVE,,,,0
P02318,sikacredit,SC-C000060,Moderate,1.435388,1.040975,0.937867,0.183576,0.796134,ACTIVE,,,,0
P02130,sikacredit,SC-C000061,Very Low,1.477404,0.945324,1.022702,0.051133,0.900077,ACTIVE,,,,0
P00517,sikacredit,SC-C000062,Very Low,0.666019,0.996789,0.803019,0.933702,0.780841,ACTIVE,,,,0
P01174,sikacredit,SC-C000063,Low,0.810319,0.770723,1.099856,0.066225,0.883984,ACTIVE,,,,0
P02902,sikacredit,SC-C000064,Moderate,1.224023,1.043301,1.028173,0.660959,0.901491,ACTIVE,,,,0
P02426,sikacredit,SC-C000065,Moderate,0.562531,1.055329,1.194715,0.881528,0.777024,ACTIVE,,,,0
P02535,sikacredit,SC-C000066,Low,0.857881,1.105216,0.846008,0.96765,0.82599,ACTIVE,,,,0
P00184,sikacredit,SC-C000067,Moderate,1.148357,0.756445,0.835143,0.980149,0.899787,ACTIVE,,,,0
P01764,sikacredit,SC-C000068,Moderate,0.821299,0.844001,1.118449,0.069533,0.953289,ACTIVE,,,,0
P00250,sikacredit,SC-C000069,Moderate,1.058539,1.216801,0.870503,0.471551,0.846992,ACTIVE,,,,0
P01364,sikacredit,SC-C000070,Low,0.939908,0.860141,1.086603,0.508356,0.879863,ACTIVE,,,,0
P01919,sikacredit,SC-C000071,Very Low,0.711519,1.208635,1.193031,0.308518,0.899101,ACTIVE,,,,0
P00723,sikacredit,SC-C000072,Moderate,1.090015,1.17197,0.903522,0.976898,0.952044,ACTIVE,,,,0
P00104,sikacredit,SC-C000073,Low,0.962534,0.79083,1.003177,0.785763,0.778278,ACTIVE,,,,0
P01743,sikacredit,SC-C000074,High,1.355487,0.780228,1.194874,0.477481,0.759407,ACTIVE,,,,0
P00667,sikacredit,SC-C000075,Low,0.802308,0.917058,1.095771,0.607729,0.753433,ACTIVE,,,,0
P00408,sikacredit,SC-C000076,Moderate,1.252094,0.921096,1.130005,0.744092,0.866516,ACTIVE,,,,0
P01876,sikacredit,SC-C000077,Low,0.784273,0.843351,1.04728,0.542058,0.818659,ACTIVE,,,,0
P02500,sikacredit,SC-C000078,Moderate,1.59287,0.981841,0.839174,0.481522,0.829603,ACTIVE,,,,0
P00555,sikacredit,SC-C000079,High,0.951203,0.979561,1.188351,0.176911,0.992087,ACTIVE,,,,0
P02747,sikacredit,SC-C000080,Moderate,0.770643,1.061916,0.981244,0.457617,0.843786,ACTIVE,,,,0
P02458,sikacredit,SC-C000081,High,0.822643,0.865788,1.193371,0.592993,0.758058,ACTIVE,,,,0
P02547,sikacredit,SC-C000082,Moderate,0.75284,1.146479,1.110466,0.409681,0.848192,ACTIVE,,,,0
P01074,sikacredit,SC-C000083,Moderate,0.745436,0.789581,0.834257,0.508207,0.773327,ACTIVE,,,,0
P00401,sikacredit,SC-C000084,Very Low,1.14086,0.766372,1.163718,0.904742,0.872333,ACTIVE,,,,0
P01707,sikacredit,SC-C000085,Very High,1.031278,0.844441,0.996375,0.635257,0.848758,ACTIVE,,,,0
P02194,sikacredit,SC-C000086,Moderate,1.518978,0.957127,1.11196,0.861686,0.91253,ACTIVE,,,,0
P01561,sikacredit,SC-C000087,Low,0.928509,1.144665,0.863906,0.39071,0.959223,ACTIVE,,,,0
P00493,sikacredit,SC-C000088,Low,1.254043,0.909713,0.864359,0.835308,0.910029,ACTIVE,,,,0
P01189,sikacredit,SC-C000089,Very Low,0.878048,1.062783,1.093025,0.257614,0.984071,ACTIVE,,,,0
P02529,sikacredit,SC-C000090,Low,0.966352,1.003411,1.090986,0.740455,0.996547,ACTIVE,,,,0
P01076,sikacredit,SC-C000091,Low,1.545207,0.873053,1.111312,0.476419,0.991106,ACTIVE,,,,0
P00522,sikacredit,SC-C000092,Low,1.352241,1.123228,0.809853,0.548018,0.832551,ACTIVE,,,,0
P00188,sikacredit,SC-C000093,High,0.88627,1.184792,0.901264,0.641988,0.753208,ACTIVE,,,,0
P02014,sikacredit,SC-C000094,Very High,0.858445,0.770607,0.928007,0.957599,0.88854,ACTIVE,,,,0
P02843,sikacredit,SC-C000095,Moderate,1.559513,1.099732,0.948191,0.113605,0.780377,ACTIVE,,,,0
P00261,sikacredit,SC-C000096,Very High,0.730374,1.201912,0.964232,0.702923,0.867539,ACTIVE,,,,0
P00845,sikacredit,SC-C000097,Moderate,1.158929,0.812729,0.87771,0.272585,0.934043,ACTIVE,,,,0
P02830,sikacredit,SC-C000098,High,0.587983,0.766715,0.830355,0.947135,0.879143,ACTIVE,,,,0
P02852,sikacredit,SC-C000099,Moderate,1.04723,0.907159,0.957503,0.331166,0.895211,ACTIVE,S13,Medium,Multi-event,0
P00938,sikacredit,SC-C000100,Moderate,0.695267,0.830957,0.940518,0.150832,0.780554,ACTIVE,,,,0
P00932,sikacredit,SC-C000101,Moderate,0.977175,0.985613,0.821289,0.496299,0.862646,ACTIVE,,,,0
P01844,sikacredit,SC-C000102,Low,0.944935,1.228021,0.869166,0.537354,0.761364,ACTIVE,,,,0
P02923,sikacredit,SC-C000103,Moderate,1.445832,1.065074,0.990199,0.285262,0.818331,ACTIVE,,,,0
P02382,sikacredit,SC-C000104,Moderate,0.863873,1.208387,1.17884,0.08983,0.777533,ACTIVE,,,,0
P01926,sikacredit,SC-C000105,Moderate,0.998772,1.205117,1.164263,0.089181,0.756072,ACTIVE,,,,0
P00861,sikacredit,SC-C000106,Moderate,1.294768,0.993436,1.191144,0.530429,0.909557,ACTIVE,,,,0
P01947,sikacredit,SC-C000107,High,1.117153,0.951743,0.997588,0.273995,0.900684,ACTIVE,,,,0
P00129,sikacredit,SC-C000108,Low,1.371269,1.008439,1.023694,0.160386,0.995923,ACTIVE,,,,0
P01013,sikacredit,SC-C000109,Very Low,0.886978,1.134675,1.153485,0.528591,0.852114,ACTIVE,,,,0
P00536,sikacredit,SC-C000110,High,0.97568,1.098573,1.135329,0.295932,0.768681,ACTIVE,,,,0
P00077,sikacredit,SC-C000111,Moderate,0.818204,1.072162,0.825605,0.11182,0.939042,ACTIVE,,,,0
P00579,sikacredit,SC-C000112,Moderate,1.035974,0.914678,1.187333,0.063731,0.911565,ACTIVE,,,,0
P01440,sikacredit,SC-C000113,Moderate,1.127108,1.165002,1.016011,0.588642,0.916141,ACTIVE,,,,0
P00010,sikacredit,SC-C000114,Moderate,1.175553,0.944937,1.033022,0.061725,0.961254,ACTIVE,,,,0
P00100,sikacredit,SC-C000115,Low,0.779148,0.970335,0.905837,0.245858,0.981969,ACTIVE,,,,0
P02338,sikacredit,SC-C000116,Moderate,0.827689,1.051055,0.913151,0.459367,0.928109,ACTIVE,,,,0
P01214,sikacredit,SC-C000117,Very High,1.432463,0.78723,0.808792,0.417568,0.851577,ACTIVE,,,,0
P02863,sikacredit,SC-C000118,Moderate,1.207992,1.244604,1.002012,0.766937,0.957624,ACTIVE,,,,0
P00118,sikacredit,SC-C000119,Low,0.818361,1.220039,0.817302,0.757034,0.898678,ACTIVE,,,,0
P01850,sikacredit,SC-C000120,Moderate,0.838357,1.063494,0.902987,0.193536,0.842032,ACTIVE,,,,0
P00953,sikacredit,SC-C000121,Low,0.889256,0.767374,1.132797,0.737668,0.788568,ACTIVE,,,,0
P02249,sikacredit,SC-C000122,Moderate,1.292135,1.145144,0.975035,0.953836,0.864659,ACTIVE,,,,0
P02402,sikacredit,SC-C000123,Low,0.998987,1.178432,0.893994,0.656197,0.98856,ACTIVE,,,,0
P00152,sikacredit,SC-C000124,High,1.381421,1.093594,0.949111,0.903626,0.897381,ACTIVE,,,,0
P01399,sikacredit,SC-C000125,Very Low,0.789497,1.022421,0.815501,0.562216,0.958587,ACTIVE,,,,0
P01532,sikacredit,SC-C000126,Very Low,1.222141,1.008174,1.053494,0.191149,0.872792,ACTIVE,,,,0
P00493,sikacredit,SC-C000127,Moderate,1.210419,0.9306,0.991522,0.710178,0.829289,ACTIVE,,,,0
P01776,sikacredit,SC-C000128,Low,1.371863,1.216356,0.994363,0.357581,0.969558,ACTIVE,,,,0
P01590,sikacredit,SC-C000129,Very High,1.034296,1.005159,1.098109,0.195619,0.947285,ACTIVE,,,,0
P02304,sikacredit,SC-C000130,Moderate,0.821183,1.110889,1.049371,0.5465,0.936145,ACTIVE,,,,0
P01186,sikacredit,SC-C000131,Very Low,1.072499,0.821111,0.906819,0.627509,0.958129,ACTIVE,,,,0
P02006,sikacredit,SC-C000132,Moderate,0.824111,1.139795,1.186195,0.604389,0.752602,ACTIVE,,,,0
P00216,sikacredit,SC-C000133,Low,1.296087,0.893374,0.857485,0.793543,0.957635,ACTIVE,,,,0
P02235,sikacredit,SC-C000134,Very Low,0.74528,1.113863,1.080524,0.580758,0.897272,ACTIVE,,,,0
P01506,sikacredit,SC-C000135,Low,1.099265,0.796416,1.089477,0.621328,0.988098,ACTIVE,,,,0
P01575,sikacredit,SC-C000136,High,0.854823,1.144895,1.122118,0.549887,0.764684,ACTIVE,,,,0
P01337,sikacredit,SC-C000137,Moderate,1.11182,1.163259,0.808513,0.733559,0.764556,ACTIVE,,,,0
P02998,sikacredit,SC-C000138,Very Low,0.976422,1.049409,0.976289,0.780352,0.785893,ACTIVE,,,,0
P02311,sikacredit,SC-C000139,Very Low,1.494824,1.112822,0.976357,0.603673,0.873822,ACTIVE,,,,0
P02400,sikacredit,SC-C000140,Very High,1.279024,1.174382,1.010657,0.734824,0.926462,ACTIVE,,,,0
P02477,sikacredit,SC-C000141,Moderate,0.77502,1.092094,0.842105,0.486802,0.880395,ACTIVE,,,,0
P01914,sikacredit,SC-C000142,Moderate,0.885903,0.931386,1.095016,0.436385,0.995354,ACTIVE,,,,0
P01351,sikacredit,SC-C000143,Very High,0.934649,0.778286,0.829377,0.121753,0.909503,ACTIVE,,,,0
P01462,sikacredit,SC-C000144,Moderate,1.10628,1.072836,1.090468,0.507622,0.759097,ACTIVE,,,,0
P00620,sikacredit,SC-C000145,Very High,1.270197,0.999639,0.838983,0.801839,0.888953,ACTIVE,,,,0
P01388,sikacredit,SC-C000146,Moderate,0.806343,0.851204,0.920234,0.787344,0.874397,ACTIVE,,,,0
P02182,sikacredit,SC-C000147,Moderate,1.748309,0.912946,0.88293,0.55367,0.880065,ACTIVE,,,,0
P02739,sikacredit,SC-C000148,Moderate,0.746243,0.753284,1.086345,0.146988,0.850646,ACTIVE,,,,0
P02798,sikacredit,SC-C000149,High,1.299666,0.784098,0.8215,0.509632,0.869314,ACTIVE,,,,0
P02244,sikacredit,SC-C000150,Moderate,1.066009,0.891973,1.068293,0.284727,0.919673,ACTIVE,,,,0
P02820,sikacredit,SC-C000151,Moderate,1.245138,0.934948,1.020982,0.498287,0.852999,ACTIVE,,,,0
P00977,sikacredit,SC-C000152,Very Low,0.935977,0.798015,0.835503,0.681878,0.775394,ACTIVE,,,,0
P01106,sikacredit,SC-C000153,Very High,0.952973,0.931153,1.119307,0.561046,0.823799,ACTIVE,,,,0
P01599,sikacredit,SC-C000154,Moderate,0.878747,0.832011,0.988337,0.748686,0.892717,ACTIVE,,,,0
P02041,sikacredit,SC-C000155,Moderate,0.969155,0.992227,0.811284,0.051914,0.76021,ACTIVE,,,,0
P01712,sikacredit,SC-C000156,Moderate,1.058171,1.214547,1.01762,0.144539,0.807137,ACTIVE,,,,0
P02387,sikacredit,SC-C000157,Very Low,1.05625,1.103014,1.17596,0.770644,0.847471,ACTIVE,,,,0
P01659,sikacredit,SC-C000158,Moderate,1.264499,0.782424,1.176137,0.032887,0.929,ACTIVE,,,,0
P01823,sikacredit,SC-C000159,High,1.631834,0.76933,1.061913,0.869646,0.770912,ACTIVE,,,,0
P02130,sikacredit,SC-C000160,Moderate,0.790663,1.224356,1.0471,0.272462,0.890333,ACTIVE,,,,0
P02132,sikacredit,SC-C000161,Moderate,1.324743,0.833161,0.886638,0.30228,0.838236,ACTIVE,,,,0
P00386,sikacredit,SC-C000162,Moderate,0.831673,0.925033,0.997911,0.14218,0.785196,ACTIVE,,,,0
P00929,sikacredit,SC-C000163,Very Low,0.784746,1.169486,0.968496,0.601528,0.980038,ACTIVE,,,,0
P02922,sikacredit,SC-C000164,Low,1.137207,1.098183,0.995939,0.044446,0.950543,ACTIVE,,,,0
P01878,sikacredit,SC-C000165,Very Low,0.703898,0.855542,1.132606,0.680329,0.782269,ACTIVE,,,,0
P01586,sikacredit,SC-C000166,High,0.884854,0.793883,0.912795,0.994917,0.985031,ACTIVE,,,,0
P01180,sikacredit,SC-C000167,High,0.504382,0.852833,1.199984,0.639004,0.990493,ACTIVE,,,,0
P00766,sikacredit,SC-C000168,Moderate,1.254992,1.076383,1.13631,0.495931,0.972117,ACTIVE,,,,0
P00226,sikacredit,SC-C000169,High,1.319002,1.239786,0.809961,0.220365,0.874508,ACTIVE,,,,0
P02605,sikacredit,SC-C000170,Low,0.94554,0.77601,0.840772,0.941234,0.893636,ACTIVE,,,,0
P00762,sikacredit,SC-C000171,Moderate,1.318659,1.143121,0.975584,0.405179,0.961705,ACTIVE,,,,0
P00875,sikacredit,SC-C000172,Low,0.987759,0.816398,1.030266,0.616623,0.903178,ACTIVE,,,,0
P01011,sikacredit,SC-C000173,Moderate,1.002113,1.081453,1.106671,0.966866,0.810505,ACTIVE,,,,0
P01227,sikacredit,SC-C000174,Moderate,1.246192,0.890076,1.193199,0.138194,0.977979,ACTIVE,,,,0
P01088,sikacredit,SC-C000175,Low,0.901793,0.81474,1.159119,0.57101,0.818807,ACTIVE,,,,0
P01289,sikacredit,SC-C000176,Moderate,1.067922,0.808164,1.186765,0.903641,0.991382,ACTIVE,,,,0
P02810,sikacredit,SC-C000177,Very Low,1.452293,0.754162,0.881664,0.225063,0.953622,ACTIVE,,,,0
P01372,sikacredit,SC-C000178,Low,1.303738,0.96751,0.844653,0.004375,0.830326,ACTIVE,,,,0
P00314,sikacredit,SC-C000179,Low,0.769511,0.783245,0.980596,0.434831,0.879393,ACTIVE,,,,0
P01081,sikacredit,SC-C000180,Moderate,1.093234,1.002843,1.1809,0.054787,0.818776,ACTIVE,,,,0
P02072,sikacredit,SC-C000181,Low,1.378423,1.096037,0.848796,0.617017,0.753925,ACTIVE,,,,0
P00692,sikacredit,SC-C000182,Very High,1.06412,0.819358,1.095978,0.786,0.784967,ACTIVE,,,,0
P01314,sikacredit,SC-C000183,High,1.757473,1.161886,0.978561,0.422265,0.970207,ACTIVE,,,,0
P01858,sikacredit,SC-C000184,High,0.93392,0.953803,1.101621,0.387544,0.869932,ACTIVE,,,,0
P02278,sikacredit,SC-C000185,Very Low,0.805882,1.170246,0.813623,0.78475,0.877872,ACTIVE,,,,0
P00725,sikacredit,SC-C000186,Moderate,1.096998,0.880567,1.093399,0.526578,0.950624,ACTIVE,,,,0
P02494,sikacredit,SC-C000187,Very Low,1.083266,0.888551,0.936025,0.468129,0.864557,ACTIVE,,,,0
P02079,sikacredit,SC-C000188,Very Low,0.907064,0.896381,1.067504,0.3101,0.816051,ACTIVE,,,,0
P00600,sikacredit,SC-C000189,Moderate,0.686681,1.126709,1.011862,0.186114,0.761064,ACTIVE,,,,0
P00341,sikacredit,SC-C000190,Low,1.113062,1.091183,0.814293,0.004025,0.865447,ACTIVE,,,,0
P01302,sikacredit,SC-C000191,Low,1.180202,0.878393,1.175146,0.152116,0.92067,ACTIVE,,,,0
P01317,sikacredit,SC-C000192,Moderate,1.004464,0.952479,0.909958,0.557709,0.845682,ACTIVE,,,,0
P00125,sikacredit,SC-C000193,Moderate,0.937627,0.82793,0.914574,0.006655,0.98636,ACTIVE,,,,0
P01998,sikacredit,SC-C000194,Low,0.981357,0.909452,0.924974,0.250167,0.968042,ACTIVE,,,,0
P00160,sikacredit,SC-C000195,Low,0.668779,0.996002,1.163247,0.903866,0.924274,ACTIVE,,,,0
P01098,sikacredit,SC-C000196,Moderate,0.634776,0.853025,0.854785,0.331606,0.803095,ACTIVE,,,,0
P02377,sikacredit,SC-C000197,Moderate,1.258321,0.832547,1.093284,0.917615,0.83854,ACTIVE,,,,0
P02815,sikacredit,SC-C000198,High,1.038748,0.965061,1.076612,0.929248,0.948256,ACTIVE,,,,0
P02292,sikacredit,SC-C000199,High,1.063253,0.840061,1.013541,0.186476,0.848254,ACTIVE,,,,0
P02500,sikacredit,SC-C000200,Moderate,0.711334,1.079839,1.186416,0.578334,0.856752,ACTIVE,,,,0
P00526,sikacredit,SC-C000201,Moderate,1.319028,0.94738,1.136958,0.987644,0.774787,ACTIVE,,,,0
P02435,sikacredit,SC-C000202,Low,0.752245,1.038679,0.868839,0.598401,0.951322,ACTIVE,,,,0
P01034,sikacredit,SC-C000203,Low,1.080231,0.80456,0.987216,0.835421,0.988733,ACTIVE,,,,0
P01567,sikacredit,SC-C000204,High,1.127367,0.841108,0.934852,0.632209,0.957722,ACTIVE,,,,0
P01757,sikacredit,SC-C000205,High,1.364034,1.012605,1.14778,0.319545,0.930327,ACTIVE,,,,0
P01442,sikacredit,SC-C000206,Low,0.829873,1.050429,0.879799,0.328404,0.842521,ACTIVE,,,,0
P01939,sikacredit,SC-C000207,Moderate,1.049222,1.121824,1.084053,0.061726,0.837328,ACTIVE,,,,0
P01674,sikacredit,SC-C000208,Moderate,0.993557,0.754174,0.880557,0.348425,0.830131,ACTIVE,,,,0
P00812,sikacredit,SC-C000209,Moderate,1.126728,1.012232,0.941692,0.276501,0.808683,ACTIVE,,,,0
P00261,sikacredit,SC-C000210,Very Low,1.218982,0.851759,1.156335,0.109286,0.938194,ACTIVE,,,,0
P02362,sikacredit,SC-C000211,Very Low,0.982358,0.805466,0.858894,0.162505,0.892898,ACTIVE,,,,0
P02149,sikacredit,SC-C000212,Very Low,0.93674,0.807258,0.934888,0.970034,0.780743,ACTIVE,,,,0
P02109,sikacredit,SC-C000213,Low,0.825271,0.996333,0.990975,0.681475,0.917737,ACTIVE,,,,0
P02357,sikacredit,SC-C000214,Moderate,0.756808,1.182631,0.920275,0.457286,0.883953,ACTIVE,,,,0
P00706,sikacredit,SC-C000215,Moderate,1.067716,0.967106,1.168281,0.023768,0.775078,ACTIVE,,,,0
P02428,sikacredit,SC-C000216,Low,0.936799,1.11714,1.134637,0.611215,0.824625,ACTIVE,,,,0
P01251,sikacredit,SC-C000217,Very High,0.717415,0.809738,0.872142,0.354028,0.882042,ACTIVE,,,,0
P00563,sikacredit,SC-C000218,Low,1.139051,1.205688,1.034297,0.290046,0.849271,ACTIVE,,,,0
P01572,sikacredit,SC-C000219,Moderate,1.251547,0.982268,1.06821,0.388129,0.851889,ACTIVE,,,,0
P00911,sikacredit,SC-C000220,Moderate,0.934522,1.137605,0.880005,0.309237,0.973044,ACTIVE,,,,0
P00603,sikacredit,SC-C000221,Moderate,1.645934,0.817726,1.096462,0.958838,0.989872,ACTIVE,,,,0
P02905,sikacredit,SC-C000222,Moderate,1.951698,1.023751,0.917828,0.509594,0.955567,ACTIVE,,,,0
P02661,sikacredit,SC-C000223,Moderate,0.793139,0.933153,1.195682,0.088127,0.970291,ACTIVE,,,,0
P01505,sikacredit,SC-C000224,Moderate,0.844382,1.145918,0.829523,0.941532,0.847564,ACTIVE,,,,0
P02305,sikacredit,SC-C000225,Moderate,0.92326,1.046387,0.849713,0.906875,0.844677,ACTIVE,,,,0
P02314,sikacredit,SC-C000226,High,0.728279,0.916069,1.016176,0.110181,0.974074,ACTIVE,,,,0
P02336,sikacredit,SC-C000227,High,0.875926,0.765306,0.953775,0.352573,0.916006,ACTIVE,,,,0
P01810,sikacredit,SC-C000228,Very High,1.012271,1.027882,1.06067,0.101825,0.872542,ACTIVE,,,,0
P02399,sikacredit,SC-C000229,Very Low,0.850887,0.881932,0.962953,0.092949,0.785541,ACTIVE,,,,0
P01352,sikacredit,SC-C000230,Moderate,0.759223,1.038391,0.934679,0.583349,0.843371,ACTIVE,,,,0
P02736,sikacredit,SC-C000231,Moderate,0.93453,0.861649,1.124476,0.503064,0.751871,ACTIVE,,,,0
P02801,sikacredit,SC-C000232,High,1.052364,0.771939,1.032457,0.899634,0.778635,ACTIVE,,,,0
P01384,sikacredit,SC-C000233,Low,1.050764,1.174763,0.979428,0.160929,0.864677,ACTIVE,,,,0
P01806,sikacredit,SC-C000234,Low,0.889802,0.892855,1.094471,0.356091,0.93557,ACTIVE,,,,0
P02158,sikacredit,SC-C000235,High,0.799563,1.204183,1.173769,0.783778,0.999514,ACTIVE,,,,0
P01722,sikacredit,SC-C000236,Low,0.508535,1.138526,0.95758,0.895132,0.929769,ACTIVE,,,,0
P00163,sikacredit,SC-C000237,Very Low,0.933829,1.233663,1.130016,0.166371,0.920748,ACTIVE,,,,0
P01945,sikacredit,SC-C000238,Low,0.972857,1.018149,0.989769,0.686257,0.750293,ACTIVE,,,,0
P01123,sikacredit,SC-C000239,Low,0.971983,0.867496,1.189084,0.590272,0.916942,ACTIVE,,,,0
P01910,sikacredit,SC-C000240,Moderate,1.18636,1.052678,0.883092,0.832892,0.982414,ACTIVE,,,,0
P01689,sikacredit,SC-C000241,Moderate,1.253268,1.131524,1.122877,0.522825,0.934294,ACTIVE,,,,0
P01639,sikacredit,SC-C000242,Very Low,1.038778,0.986546,0.840111,0.697564,0.850238,ACTIVE,,,,0
P01366,sikacredit,SC-C000243,Low,1.536961,1.202915,0.928552,0.777041,0.8486,ACTIVE,,,,0
P01651,sikacredit,SC-C000244,Moderate,1.068607,0.836326,0.853262,0.78776,0.975726,ACTIVE,,,,0
P01067,sikacredit,SC-C000245,High,0.872841,1.005998,0.898539,0.458738,0.780877,ACTIVE,,,,0
P02883,sikacredit,SC-C000246,Low,0.687682,1.138534,0.882997,0.349048,0.953189,ACTIVE,,,,0
P02448,sikacredit,SC-C000247,Low,1.396059,1.083457,0.924739,0.394864,0.79176,ACTIVE,,,,0
P01547,sikacredit,SC-C000248,High,1.447471,0.77605,1.131565,0.816038,0.937716,ACTIVE,,,,0
P00731,sikacredit,SC-C000249,Low,0.76345,0.887541,1.095354,0.238091,0.903015,ACTIVE,,,,0
P00820,sikacredit,SC-C000250,High,0.975451,1.161124,1.156035,0.660421,0.946539,ACTIVE,,,,0
P01931,sikacredit,SC-C000251,Low,0.80579,0.891731,1.132897,0.694295,0.968126,ACTIVE,,,,0
P01349,sikacredit,SC-C000252,High,1.590915,1.182717,0.966024,0.007361,0.858519,ACTIVE,,,,0
P02035,sikacredit,SC-C000253,Moderate,0.958088,0.873671,1.040908,0.234632,0.769354,ACTIVE,,,,0
P00156,sikacredit,SC-C000254,Moderate,1.05246,0.944284,0.8939,0.342047,0.88392,ACTIVE,,,,0
P00456,sikacredit,SC-C000255,Very High,0.787232,1.012752,1.057626,0.537663,0.788739,ACTIVE,,,,0
P01444,sikacredit,SC-C000256,High,0.716886,1.217754,0.857864,0.275329,0.940247,ACTIVE,,,,0
P00397,sikacredit,SC-C000257,Low,0.735195,0.948206,1.052688,0.768984,0.870211,ACTIVE,,,,0
P02957,sikacredit,SC-C000258,Very Low,0.726087,1.11902,1.05843,0.450496,0.892911,ACTIVE,,,,0
P00256,sikacredit,SC-C000259,Moderate,1.195382,0.894174,0.841491,0.459893,0.805618,ACTIVE,,,,0
P00970,sikacredit,SC-C000260,Low,0.946526,0.843767,0.812874,0.423894,0.945065,ACTIVE,,,,0
P00385,sikacredit,SC-C000261,Moderate,1.078516,1.112978,1.128009,0.83664,0.891312,ACTIVE,,,,0
P02225,sikacredit,SC-C000262,High,1.239496,1.141999,1.022405,0.44253,0.811392,ACTIVE,,,,0
P01988,sikacredit,SC-C000263,Moderate,0.661218,0.812814,0.843086,0.025513,0.973073,ACTIVE,S13,Low,Detectable,0
P02337,sikacredit,SC-C000264,Moderate,0.934251,1.17534,0.95225,0.528313,0.800287,ACTIVE,,,,0
P01455,sikacredit,SC-C000265,Very Low,0.680221,1.152784,1.166393,0.869967,0.825013,ACTIVE,,,,0
P01866,sikacredit,SC-C000266,Moderate,1.130932,1.172598,0.984984,0.322712,0.979115,ACTIVE,,,,0
P02496,sikacredit,SC-C000267,Moderate,1.296571,0.953732,1.048844,0.32659,0.877329,ACTIVE,,,,0
P02042,sikacredit,SC-C000268,High,1.305586,0.7812,0.847431,0.447325,0.9336,ACTIVE,,,,0
P02700,sikacredit,SC-C000269,Moderate,1.273701,1.171268,1.171505,0.243448,0.824963,ACTIVE,,,,0
P01001,sikacredit,SC-C000270,Moderate,0.832625,1.006417,1.056823,0.458111,0.777996,ACTIVE,,,,0
P00690,sikacredit,SC-C000271,Low,0.893178,1.089236,1.190216,0.409275,0.791261,ACTIVE,,,,0
P00197,sikacredit,SC-C000272,Low,0.948098,1.110288,1.07892,0.906424,0.752295,ACTIVE,,,,0
P00252,sikacredit,SC-C000273,Low,0.850451,1.160798,0.839078,0.94221,0.902988,ACTIVE,,,,0
P01597,sikacredit,SC-C000274,Low,1.186302,1.059768,1.010211,0.469971,0.957065,ACTIVE,,,,0
P02864,sikacredit,SC-C000275,Moderate,1.3204,1.090328,1.015184,0.432166,0.84467,ACTIVE,,,,0
P02542,sikacredit,SC-C000276,Low,0.771795,1.011018,0.883181,0.466052,0.857118,ACTIVE,,,,0
P02449,sikacredit,SC-C000277,High,1.445029,0.819901,0.852056,0.166357,0.878776,ACTIVE,,,,0
P01244,sikacredit,SC-C000278,Low,1.340437,0.752419,0.976194,0.190765,0.967239,ACTIVE,,,,0
P01841,sikacredit,SC-C000279,Moderate,0.888329,0.990993,0.857401,0.379814,0.984997,ACTIVE,,,,0
P01967,sikacredit,SC-C000280,Very High,0.846613,1.210063,0.950791,0.151682,0.847001,ACTIVE,,,,0
P02191,sikacredit,SC-C000281,Moderate,1.008048,1.038592,0.807912,0.616326,0.953997,ACTIVE,,,,0
P02320,sikacredit,SC-C000282,Low,0.931942,0.917035,0.869901,0.472092,0.892074,ACTIVE,,,,0
P00752,sikacredit,SC-C000283,Low,1.035831,1.066604,1.020551,0.046898,0.952513,ACTIVE,,,,0
P02190,sikacredit,SC-C000284,Low,1.369108,0.916044,1.006652,0.104911,0.921177,ACTIVE,,,,0
P01837,sikacredit,SC-C000285,Moderate,1.131577,0.843284,1.129432,0.830701,0.783433,ACTIVE,,,,0
P01610,sikacredit,SC-C000286,Low,0.951241,1.194094,0.918661,0.669405,0.936208,ACTIVE,,,,0
P00788,sikacredit,SC-C000287,Low,1.527434,0.798263,1.107281,0.373108,0.773016,ACTIVE,,,,0
P01418,sikacredit,SC-C000288,High,0.928839,1.093607,0.968213,0.165742,0.824182,ACTIVE,,,,0
P01077,sikacredit,SC-C000289,High,1.280953,0.839603,0.850015,0.116391,0.813505,ACTIVE,,,,0
P02749,sikacredit,SC-C000290,High,0.979921,0.760702,1.126469,0.931116,0.96733,ACTIVE,,,,0
P01429,sikacredit,SC-C000291,Moderate,0.669532,1.012972,0.939767,0.814772,0.87948,ACTIVE,,,,0
P02941,sikacredit,SC-C000292,High,0.814216,0.997648,0.99775,0.851981,0.906388,ACTIVE,,,,0
P01389,sikacredit,SC-C000293,High,1.064836,1.215565,0.971552,0.612752,0.992957,ACTIVE,,,,0
P02166,sikacredit,SC-C000294,Low,0.690513,0.941386,0.856079,0.708175,0.783284,ACTIVE,,,,0
P02725,sikacredit,SC-C000295,Moderate,1.393945,1.076944,1.188484,0.750634,0.965171,ACTIVE,,,,0
P01242,sikacredit,SC-C000296,High,1.05508,1.130305,1.058259,0.772551,0.757481,ACTIVE,,,,0
P02259,sikacredit,SC-C000297,Low,0.714516,1.214727,1.141673,0.828031,0.794148,ACTIVE,,,,0
P01397,sikacredit,SC-C000298,Low,0.789043,0.802966,0.972725,0.324637,0.931806,ACTIVE,,,,0
P00870,sikacredit,SC-C000299,Low,1.110287,1.154982,0.948297,0.526449,0.964395,ACTIVE,,,,0
P02901,sikacredit,SC-C000300,Low,0.995466,1.18711,1.057084,0.33131,0.829234,ACTIVE,,,,0
P02757,sikacredit,SC-C000301,Low,1.197847,1.105431,0.981016,0.747062,0.919726,ACTIVE,,,,0
P00779,sikacredit,SC-C000302,Very High,0.830972,0.998197,1.014028,0.301401,0.991472,ACTIVE,,,,0
P01181,sikacredit,SC-C000303,Low,0.64144,0.878582,1.009456,0.10518,0.867924,ACTIVE,,,,0
P00238,sikacredit,SC-C000304,Low,0.872214,1.077012,0.976074,0.323336,0.942326,ACTIVE,,,,0
P01745,sikacredit,SC-C000305,Moderate,0.789466,0.974223,0.855314,0.165813,0.83842,ACTIVE,,,,0
P02030,sikacredit,SC-C000306,Moderate,0.751307,0.876796,1.024799,0.694048,0.940926,ACTIVE,,,,0
P00579,sikacredit,SC-C000307,Moderate,1.367734,0.941749,1.041923,0.308192,0.878903,ACTIVE,,,,0
P02792,sikacredit,SC-C000308,Moderate,0.671909,1.036624,0.942069,0.244535,0.978832,ACTIVE,,,,0
P02962,sikacredit,SC-C000309,Low,1.334523,1.108219,0.84599,0.009486,0.876589,ACTIVE,,,,0
P02340,sikacredit,SC-C000310,Very Low,1.063902,1.065661,1.120922,0.721686,0.953872,ACTIVE,,,,0
P00174,sikacredit,SC-C000311,Moderate,0.989386,0.788397,1.098337,0.294064,0.929365,ACTIVE,,,,0
P01953,sikacredit,SC-C000312,Very Low,1.124316,0.846696,1.186568,0.00202,0.807651,ACTIVE,,,,0
P02047,sikacredit,SC-C000313,Low,0.990353,0.870673,0.992708,0.87789,0.96258,ACTIVE,,,,0
P01128,sikacredit,SC-C000314,Moderate,1.055246,1.117454,1.046304,0.599082,0.815211,ACTIVE,,,,0
P00783,sikacredit,SC-C000315,Low,1.037915,1.230647,0.940397,0.656479,0.895129,ACTIVE,,,,0
P02364,sikacredit,SC-C000316,High,1.453719,0.938604,1.008331,0.324205,0.810431,ACTIVE,,,,0
P00676,sikacredit,SC-C000317,Moderate,0.986441,0.874654,0.915427,0.915072,0.905333,ACTIVE,,,,0
P00322,sikacredit,SC-C000318,Low,1.481197,0.845179,1.062026,0.90248,0.829246,ACTIVE,,,,0
P01169,sikacredit,SC-C000319,Very Low,0.83058,1.042199,1.021286,0.11562,0.882413,ACTIVE,,,,0
P02952,sikacredit,SC-C000320,High,1.067777,0.81797,1.006468,0.481442,0.906128,ACTIVE,,,,0
P01940,sikacredit,SC-C000321,Very Low,0.6254,1.056521,1.020099,0.322207,0.785788,ACTIVE,,,,0
P00768,sikacredit,SC-C000322,High,0.960435,1.155723,0.815066,0.52943,0.970479,ACTIVE,,,,0
P02640,sikacredit,SC-C000323,High,1.019823,0.822104,0.907752,0.66473,0.863954,ACTIVE,,,,0
P02806,sikacredit,SC-C000324,Low,1.12541,0.964615,1.075161,0.207755,0.804119,ACTIVE,,,,0
P01708,sikacredit,SC-C000325,Moderate,1.181889,0.920028,1.048467,0.142923,0.797472,ACTIVE,,,,0
P01876,sikacredit,SC-C000326,Low,1.218397,0.773393,1.16606,0.114857,0.997457,ACTIVE,,,,0
P00410,sikacredit,SC-C000327,Moderate,0.749125,0.91066,1.11092,0.234109,0.936517,ACTIVE,,,,0
P01669,sikacredit,SC-C000328,Moderate,1.333975,0.801596,1.123278,0.390699,0.796843,ACTIVE,,,,0
P02953,sikacredit,SC-C000329,Low,0.791256,1.15244,1.049505,0.287652,0.99534,ACTIVE,,,,0
P02525,sikacredit,SC-C000330,Low,1.194688,0.856552,0.827137,0.190115,0.851229,ACTIVE,,,,0
P00562,sikacredit,SC-C000331,Low,1.144189,0.930665,0.974944,0.087409,0.922939,ACTIVE,,,,0
P01900,sikacredit,SC-C000332,Moderate,0.763668,1.052467,1.137893,0.691361,0.987839,ACTIVE,,,,0
P00166,sikacredit,SC-C000333,Low,0.745942,0.846041,1.127501,0.678349,0.953247,ACTIVE,,,,0
P02603,sikacredit,SC-C000334,Very High,0.945648,0.975349,1.004187,0.849004,0.970561,ACTIVE,,,,0
P02474,sikacredit,SC-C000335,Very Low,0.978255,1.17087,0.878656,0.644778,0.862205,ACTIVE,,,,0
P00672,sikacredit,SC-C000336,High,1.081543,0.987606,1.189341,0.117119,0.849435,ACTIVE,,,,0
P02193,sikacredit,SC-C000337,Very High,0.803553,1.066956,1.001626,0.608996,0.986235,ACTIVE,,,,0
P01958,sikacredit,SC-C000338,Moderate,1.046609,1.102361,0.82534,0.112262,0.851984,ACTIVE,,,,0
P02434,sikacredit,SC-C000339,Very Low,0.531255,1.101441,0.977004,0.560792,0.862297,ACTIVE,,,,0
P00822,sikacredit,SC-C000340,Moderate,1.105342,1.059917,1.058472,0.003033,0.941845,ACTIVE,,,,0
P00352,sikacredit,SC-C000341,Moderate,1.047172,1.083041,1.162192,0.449899,0.966929,ACTIVE,,,,0
P02584,sikacredit,SC-C000342,Low,0.982752,0.948487,1.005742,0.796245,0.837238,ACTIVE,,,,0
P02546,sikacredit,SC-C000343,Low,1.204433,0.845342,1.199848,0.923784,0.849679,ACTIVE,,,,0
P01265,sikacredit,SC-C000344,Very Low,0.958311,1.058992,0.824543,0.144356,0.931108,ACTIVE,,,,0
P02544,sikacredit,SC-C000345,Low,0.585853,1.007624,1.075096,0.738546,0.843567,ACTIVE,,,,0
P00634,sikacredit,SC-C000346,Very Low,0.948781,1.162152,1.08267,0.573545,0.881119,ACTIVE,,,,0
P02485,sikacredit,SC-C000347,Low,1.575022,0.794675,1.171186,0.232594,0.934147,ACTIVE,,,,0
P01261,sikacredit,SC-C000348,High,0.782543,1.006529,0.828873,0.080669,0.876261,ACTIVE,,,,0
P02458,sikacredit,SC-C000349,High,0.946003,1.12235,1.035601,0.609096,0.992876,ACTIVE,,,,0
P00611,sikacredit,SC-C000350,Moderate,1.18474,1.046925,1.05904,0.521777,0.813963,ACTIVE,,,,0
P00467,sikacredit,SC-C000351,Moderate,0.713125,1.248699,1.145888,0.030169,0.852554,ACTIVE,,,,0
P02117,sikacredit,SC-C000352,Very Low,1.112173,0.75404,1.168569,0.735493,0.781043,ACTIVE,,,,0
P00889,sikacredit,SC-C000353,Very High,0.559798,1.122925,1.143722,0.709233,0.941351,ACTIVE,,,,0
P01709,sikacredit,SC-C000354,Low,1.134651,1.21179,1.180184,0.58108,0.778599,ACTIVE,,,,0
P00750,sikacredit,SC-C000355,Moderate,0.538911,1.011195,0.956914,0.897261,0.781933,ACTIVE,,,,0
P02316,sikacredit,SC-C000356,Very Low,1.11459,0.812438,1.136785,0.871187,0.797881,ACTIVE,,,,0
P01454,sikacredit,SC-C000357,Moderate,0.728331,0.798957,1.15099,0.653916,0.832597,ACTIVE,S06,Medium,Ambiguous,0
P02409,sikacredit,SC-C000358,Very Low,1.189848,1.128416,0.936909,0.164712,0.833574,ACTIVE,,,,0
P00366,sikacredit,SC-C000359,Low,1.101296,0.752697,1.127869,0.569256,0.777716,ACTIVE,,,,0
P02671,sikacredit,SC-C000360,Low,1.576782,1.201528,0.850027,0.023803,0.848644,ACTIVE,,,,0
P02511,sikacredit,SC-C000361,Moderate,1.051789,1.048438,1.156795,0.17848,0.782793,ACTIVE,,,,0
P01642,sikacredit,SC-C000362,Low,0.926178,1.03585,1.052613,0.26906,0.7874,ACTIVE,,,,0
P01785,sikacredit,SC-C000363,Low,1.144953,1.184153,1.026544,0.068381,0.80117,ACTIVE,,,,0
P00721,sikacredit,SC-C000364,Moderate,0.751257,0.835888,0.918639,0.80635,0.75327,ACTIVE,,,,0
P00573,sikacredit,SC-C000365,Moderate,0.687087,1.038006,0.948638,0.156715,0.862763,ACTIVE,,,,0
P02419,sikacredit,SC-C000366,Moderate,1.436976,0.83487,1.042392,0.512854,0.914453,ACTIVE,,,,0
P02722,sikacredit,SC-C000367,Moderate,1.257038,0.957554,1.02627,0.554668,0.831605,ACTIVE,,,,0
P00412,sikacredit,SC-C000368,Low,0.813426,1.141224,0.858395,0.878038,0.895724,ACTIVE,,,,0
P00387,sikacredit,SC-C000369,High,1.482395,0.764467,1.032044,0.742607,0.788278,ACTIVE,,,,0
P01926,sikacredit,SC-C000370,Moderate,2.15586,0.877225,1.080134,0.530883,0.753221,ACTIVE,,,,0
P01323,sikacredit,SC-C000371,Low,0.873867,1.09865,1.054883,0.571658,0.915784,ACTIVE,,,,0
P02232,sikacredit,SC-C000372,Moderate,1.466565,0.898685,0.877037,0.826136,0.798748,ACTIVE,,,,0
P02839,sikacredit,SC-C000373,Moderate,0.769431,1.071953,0.947092,0.654407,0.774397,ACTIVE,,,,0
P00819,sikacredit,SC-C000374,Very High,1.253592,1.116809,1.120659,0.032807,0.959232,ACTIVE,,,,0
P00135,sikacredit,SC-C000375,Moderate,1.252375,1.022106,1.016883,0.157798,0.847171,ACTIVE,,,,0
P02382,sikacredit,SC-C000376,High,1.095815,1.228957,1.185642,0.365059,0.851069,ACTIVE,,,,0
P01284,sikacredit,SC-C000377,Moderate,0.847837,0.795846,0.90744,0.260333,0.804217,ACTIVE,,,,0
P00469,sikacredit,SC-C000378,Moderate,1.325153,0.996023,0.990091,0.761095,0.8988,ACTIVE,,,,0
P02301,sikacredit,SC-C000379,Very High,1.195739,0.874484,1.043918,0.3353,0.995452,ACTIVE,,,,0
P00913,sikacredit,SC-C000380,Low,0.589858,0.885768,0.893264,0.653144,0.920725,ACTIVE,,,,0
P02833,sikacredit,SC-C000381,Low,1.200555,0.994875,0.980184,0.492779,0.816578,ACTIVE,,,,0
P00396,sikacredit,SC-C000382,Low,1.174456,0.834221,0.957292,0.52397,0.94639,ACTIVE,,,,0
P01422,sikacredit,SC-C000383,High,1.108862,0.82341,0.970067,0.798313,0.76197,ACTIVE,,,,0
P00218,sikacredit,SC-C000384,Moderate,0.888101,1.24344,0.963426,0.928841,0.826515,ACTIVE,,,,0
P01086,sikacredit,SC-C000385,Moderate,1.050389,1.155379,1.026831,0.33668,0.791976,ACTIVE,,,,0
P00662,sikacredit,SC-C000386,Moderate,1.239372,0.816745,0.988933,0.954543,0.765404,ACTIVE,,,,0
P02919,sikacredit,SC-C000387,Low,0.786173,1.13692,0.826037,0.039579,0.881008,ACTIVE,,,,0
P00686,sikacredit,SC-C000388,Very High,0.804913,0.772499,1.090217,0.414945,0.945954,ACTIVE,,,,0
P00566,sikacredit,SC-C000389,Moderate,0.703707,0.856852,0.808114,0.831184,0.823929,ACTIVE,,,,0
P02620,sikacredit,SC-C000390,Moderate,1.292785,0.838595,1.195753,0.296255,0.973167,ACTIVE,,,,0
P00947,sikacredit,SC-C000391,High,1.072606,0.781926,1.116511,0.275268,0.81432,ACTIVE,,,,0
P00318,sikacredit,SC-C000392,Moderate,0.687373,0.952202,0.814292,0.662712,0.777122,ACTIVE,,,,0
P00416,sikacredit,SC-C000393,Low,1.15507,0.949434,0.82982,0.69985,0.844096,ACTIVE,,,,0
P02076,sikacredit,SC-C000394,Very Low,0.951761,1.142539,0.862137,0.536989,0.918866,ACTIVE,,,,0
P00927,sikacredit,SC-C000395,Low,1.142733,0.843779,1.109316,0.8998,0.803214,ACTIVE,,,,0
P01304,sikacredit,SC-C000396,Moderate,0.934925,0.966111,1.027391,0.564149,0.961942,ACTIVE,,,,0
P00868,sikacredit,SC-C000397,Low,0.858472,0.954533,1.143551,0.533671,0.787335,ACTIVE,,,,0
P02770,sikacredit,SC-C000398,Low,0.762505,1.013602,1.185629,0.522052,0.855172,ACTIVE,S06,High,Contextual,0
P01019,sikacredit,SC-C000399,Very Low,1.060369,1.114326,0.836555,0.786281,0.858293,ACTIVE,,,,0
P02312,sikacredit,SC-C000400,Moderate,0.902362,1.068313,1.124305,0.313079,0.969245,ACTIVE,,,,0
P01663,sikacredit,SC-C000401,Low,1.238942,1.247739,1.109417,0.017672,0.770933,ACTIVE,,,,0
P02224,sikacredit,SC-C000402,Low,0.782679,0.954876,1.163199,0.646335,0.950846,ACTIVE,,,,0
P01943,sikacredit,SC-C000403,Low,0.875551,1.040885,0.820714,0.292519,0.825316,ACTIVE,,,,0
P01822,sikacredit,SC-C000404,Moderate,1.228412,0.793137,1.149316,0.373183,0.963953,ACTIVE,,,,0
P01870,sikacredit,SC-C000405,High,0.874396,1.068569,1.107172,0.653019,0.999979,ACTIVE,,,,0
P01502,sikacredit,SC-C000406,High,0.903104,1.15628,1.151239,0.154196,0.799578,ACTIVE,,,,0
P00372,sikacredit,SC-C000407,Moderate,0.895068,0.848767,0.942127,0.548112,0.989418,ACTIVE,,,,0
P00316,sikacredit,SC-C000408,High,1.387494,0.925217,1.104225,0.838482,0.791742,ACTIVE,,,,0
P00880,sikacredit,SC-C000409,Low,0.943305,0.849138,1.113495,0.302402,0.987481,ACTIVE,,,,0
P01229,sikacredit,SC-C000410,Low,1.303168,1.14552,0.943162,0.876005,0.807268,ACTIVE,,,,0
P01253,sikacredit,SC-C000411,Low,1.133645,0.853177,1.001738,0.298853,0.996289,ACTIVE,,,,0
P01640,sikacredit,SC-C000412,Low,0.823851,1.209656,1.168506,0.978846,0.97238,ACTIVE,,,,0
P01036,sikacredit,SC-C000413,Low,0.681922,0.875209,0.960845,0.230761,0.977975,ACTIVE,,,,0
P01814,sikacredit,SC-C000414,High,0.924741,0.885839,0.834297,0.64136,0.838282,ACTIVE,,,,0
P02655,sikacredit,SC-C000415,High,1.067285,0.800953,1.152609,0.514436,0.972443,ACTIVE,,,,0
P00502,sikacredit,SC-C000416,Moderate,1.134231,0.834286,1.14827,0.946883,0.797464,ACTIVE,,,,0
P02440,sikacredit,SC-C000417,Very Low,0.965373,0.895515,1.150016,0.875804,0.926358,ACTIVE,,,,0
P00147,sikacredit,SC-C000418,High,0.741179,0.777964,1.136185,0.482986,0.999221,ACTIVE,,,,0
P00789,sikacredit,SC-C000419,Moderate,0.952959,1.038522,0.99913,0.625269,0.954932,ACTIVE,,,,0
P01667,sikacredit,SC-C000420,Very Low,1.20835,1.132323,1.04065,0.329888,0.756931,ACTIVE,,,,0
P00697,sikacredit,SC-C000421,Moderate,1.033048,0.848719,1.107,0.890024,0.914095,ACTIVE,,,,0
P02502,sikacredit,SC-C000422,Moderate,0.804293,1.106593,0.886864,0.311231,0.81192,ACTIVE,,,,0
P00337,sikacredit,SC-C000423,Very Low,0.973449,1.147457,1.072557,0.739545,0.833692,ACTIVE,,,,0
P00239,sikacredit,SC-C000424,Low,0.60286,0.901336,0.952417,0.109709,0.938462,ACTIVE,,,,0
P02718,sikacredit,SC-C000425,Moderate,1.03009,1.130647,1.19726,0.753415,0.870062,ACTIVE,,,,0
P02929,sikacredit,SC-C000426,High,1.068767,0.99123,1.196229,0.931778,0.866537,ACTIVE,,,,0
P00413,sikacredit,SC-C000427,Very High,0.679134,0.968539,1.091105,0.667207,0.961203,ACTIVE,,,,0
P00687,sikacredit,SC-C000428,Low,1.02656,0.788556,1.024946,0.144258,0.92203,ACTIVE,,,,0
P00450,sikacredit,SC-C000429,High,0.94095,0.96996,1.059984,0.821435,0.904282,ACTIVE,,,,0
P01040,sikacredit,SC-C000430,Moderate,0.767872,0.834127,1.068384,0.612191,0.823736,ACTIVE,,,,0
P02759,sikacredit,SC-C000431,Low,1.128412,0.845603,0.935719,0.295117,0.971021,ACTIVE,,,,0
P02755,sikacredit,SC-C000432,Low,0.652281,1.206402,0.842642,0.754353,0.85533,ACTIVE,,,,0
P02773,sikacredit,SC-C000433,Low,0.810794,1.013114,1.033921,0.797715,0.829839,ACTIVE,,,,0
P02904,sikacredit,SC-C000434,High,1.103832,0.780945,0.880844,0.711571,0.90769,ACTIVE,,,,0
P02037,sikacredit,SC-C000435,Very High,0.872781,0.795034,1.090826,0.744606,0.862695,ACTIVE,,,,0
P00520,sikacredit,SC-C000436,High,1.006161,0.854833,0.898651,0.552133,0.762672,ACTIVE,,,,0
P01003,sikacredit,SC-C000437,Low,1.150719,1.145371,0.952821,0.40434,0.88944,ACTIVE,,,,0
P02807,sikacredit,SC-C000438,High,1.890685,1.090551,0.987884,0.080772,0.991481,ACTIVE,,,,0
P00149,sikacredit,SC-C000439,Low,0.741579,0.791069,1.038888,0.073546,0.776045,ACTIVE,,,,0
P02138,sikacredit,SC-C000440,Moderate,0.882868,0.788224,1.19467,0.872454,0.806948,ACTIVE,,,,0
P03001,sikacredit,SC-C000441,Low,0.998695,0.852386,1.06235,0.922042,0.766197,ACTIVE,,,,0
P03002,sikacredit,SC-C000442,Moderate,0.88545,0.829213,1.067184,0.654766,0.755016,ACTIVE,,,,0
P03003,sikacredit,SC-C000443,Moderate,0.525788,1.060969,1.170434,0.641869,0.946529,ACTIVE,,,,0
P03004,sikacredit,SC-C000444,Very Low,0.494594,1.042659,1.103265,0.496189,0.786731,ACTIVE,,,,0
P03005,sikacredit,SC-C000445,Very Low,1.406131,0.934077,0.956896,0.298142,0.830784,ACTIVE,,,,0
P03006,sikacredit,SC-C000446,Low,1.471418,0.816365,0.878256,0.555353,0.994785,ACTIVE,,,,0
P03007,sikacredit,SC-C000447,Moderate,0.857314,1.096101,1.075778,0.707516,0.926043,ACTIVE,,,,0
P03008,sikacredit,SC-C000448,Moderate,1.571787,0.943944,1.015197,0.259946,0.987846,ACTIVE,,,,0
P03009,sikacredit,SC-C000449,High,0.79394,0.994904,0.827039,0.118306,0.971261,ACTIVE,,,,0
P03010,sikacredit,SC-C000450,Low,1.113808,0.803742,1.026601,0.94109,0.931938,ACTIVE,,,,0
P03011,sikacredit,SC-C000451,Low,1.010439,0.994461,0.826841,0.10367,0.914637,ACTIVE,,,,0
P03012,sikacredit,SC-C000452,Moderate,1.652398,0.834018,1.188112,0.477963,0.853838,ACTIVE,,,,0
P03013,sikacredit,SC-C000453,Moderate,0.984254,0.946092,0.903786,0.47202,0.76789,ACTIVE,,,,0
P03014,sikacredit,SC-C000454,Moderate,1.203889,0.789963,0.955892,0.574706,0.973789,ACTIVE,,,,0
P03015,sikacredit,SC-C000455,Low,1.139472,1.158653,0.816769,0.678325,0.801091,ACTIVE,,,,0
P03016,sikacredit,SC-C000456,Very High,1.500686,1.083282,1.074327,0.551861,0.830711,ACTIVE,,,,0
P03017,sikacredit,SC-C000457,Very Low,1.83304,1.148035,0.914417,0.139047,0.817228,ACTIVE,,,,0
P03018,sikacredit,SC-C000458,High,0.786273,0.977715,1.063368,0.84888,0.901516,ACTIVE,,,,0
P03019,sikacredit,SC-C000459,Moderate,0.600468,1.205317,1.094882,0.130129,0.859729,ACTIVE,S13,Medium,Contextual,0
P03020,sikacredit,SC-C000460,Very High,0.964537,0.879973,1.157828,0.039307,0.936891,ACTIVE,,,,0
P03021,sikacredit,SC-C000461,High,0.952332,0.768456,1.17166,0.860016,0.938482,ACTIVE,,,,0
P03022,sikacredit,SC-C000462,High,1.22457,1.001228,0.840041,0.013274,0.816707,ACTIVE,,,,0
P03023,sikacredit,SC-C000463,Low,1.425507,1.164338,0.806052,0.051894,0.785337,ACTIVE,,,,0
P03024,sikacredit,SC-C000464,Moderate,0.73827,1.221661,1.104366,0.544834,0.841238,ACTIVE,,,,0
P03025,sikacredit,SC-C000465,Low,0.811935,0.937392,1.110348,0.593496,0.890417,ACTIVE,,,,0
P03026,sikacredit,SC-C000466,Moderate,0.913445,0.881847,0.818801,0.92593,0.830646,ACTIVE,,,,0
P03027,sikacredit,SC-C000467,Moderate,0.7324,1.133266,1.141174,0.772171,0.965891,ACTIVE,,,,0
P03028,sikacredit,SC-C000468,Very Low,0.60035,1.167287,1.138269,0.931767,0.92565,ACTIVE,,,,0
P03029,sikacredit,SC-C000469,High,1.076108,0.792993,1.195298,0.029552,0.949582,ACTIVE,,,,0
P03030,sikacredit,SC-C000470,Moderate,0.919533,0.920376,0.849513,0.942322,0.838168,ACTIVE,,,,0
P03031,sikacredit,SC-C000471,Moderate,0.995912,1.182854,0.973617,0.095176,0.767497,ACTIVE,,,,0
P03032,sikacredit,SC-C000472,Moderate,0.80794,1.132636,1.003617,0.709656,0.802702,ACTIVE,,,,0
P03033,sikacredit,SC-C000473,Moderate,0.721725,0.811638,1.158598,0.84865,0.921172,ACTIVE,,,,0
P03034,sikacredit,SC-C000474,Moderate,1.317348,1.227401,0.964359,0.17295,0.858863,ACTIVE,,,,0
P03035,sikacredit,SC-C000475,High,1.059475,1.177039,0.960829,0.776363,0.798994,ACTIVE,,,,0
P03036,sikacredit,SC-C000476,High,1.088468,0.87558,1.070973,0.645373,0.922299,ACTIVE,,,,0
P03037,sikacredit,SC-C000477,Very Low,0.865989,1.249031,1.065645,0.959516,0.884292,ACTIVE,,,,0
P03038,sikacredit,SC-C000478,Low,1.017846,1.162765,1.03743,0.354841,0.955757,ACTIVE,,,,0
P03039,sikacredit,SC-C000479,Moderate,0.943358,1.154505,1.033042,0.349413,0.923433,ACTIVE,,,,0
P03040,sikacredit,SC-C000480,Low,1.280606,0.7733,0.937052,0.244866,0.818432,ACTIVE,,,,0
P03041,sikacredit,SC-C000481,Low,0.750401,1.098026,1.117302,0.963361,0.96287,ACTIVE,,,,0
P03042,sikacredit,SC-C000482,Moderate,1.088873,0.771903,0.897886,0.235536,0.946378,ACTIVE,,,,0
P03043,sikacredit,SC-C000483,Low,0.657505,0.754251,1.124466,0.402403,0.80992,ACTIVE,,,,0
P03044,sikacredit,SC-C000484,Low,0.754938,0.817149,0.937618,0.570397,0.921981,ACTIVE,,,,0
P03045,sikacredit,SC-C000485,Very Low,0.992577,1.082171,1.046592,0.971053,0.875015,ACTIVE,,,,0
P03046,sikacredit,SC-C000486,High,1.344491,1.058078,1.091881,0.129757,0.997387,ACTIVE,,,,0
P03047,sikacredit,SC-C000487,Low,0.86077,1.012446,1.151976,0.23592,0.848582,ACTIVE,,,,0
P03048,sikacredit,SC-C000488,Low,0.998749,0.866388,0.836165,0.643467,0.809499,ACTIVE,,,,0
P03049,sikacredit,SC-C000489,Low,0.826606,1.050148,1.076127,0.595886,0.755977,ACTIVE,,,,0
P03050,sikacredit,SC-C000490,Low,0.977563,0.993948,1.148671,0.059733,0.831986,ACTIVE,,,,0
P03051,sikacredit,SC-C000491,Very Low,0.85601,0.879501,1.188985,0.27043,0.847052,ACTIVE,,,,0
P03052,sikacredit,SC-C000492,Low,1.146313,1.207755,0.944829,0.944589,0.915284,ACTIVE,,,,0
P03053,sikacredit,SC-C000493,Low,0.781013,1.060906,1.023381,0.259707,0.950373,ACTIVE,,,,0
P03054,sikacredit,SC-C000494,Low,1.16433,0.797727,1.180514,0.64434,0.928577,ACTIVE,,,,0
P03055,sikacredit,SC-C000495,Low,0.955824,1.164505,0.884223,0.621674,0.845522,ACTIVE,,,,0
P03056,sikacredit,SC-C000496,Moderate,1.279434,0.942525,0.838787,0.557025,0.944489,ACTIVE,,,,0
P03057,sikacredit,SC-C000497,Moderate,0.918793,0.764096,0.945988,0.674976,0.875223,ACTIVE,S06,Medium,Detectable,0
P03058,sikacredit,SC-C000498,Low,1.069484,1.181584,0.868095,0.565658,0.793183,ACTIVE,,,,0
P03059,sikacredit,SC-C000499,Moderate,0.754342,1.098493,1.071065,0.227421,0.765874,ACTIVE,,,,0
P03060,sikacredit,SC-C000500,High,1.010062,1.091133,1.086359,0.858808,0.996091,ACTIVE,,,,0
P03061,sikacredit,SC-C000501,Very Low,1.496497,0.895786,0.844004,0.768211,0.898468,ACTIVE,,,,0
P03062,sikacredit,SC-C000502,Very Low,0.993063,1.020372,1.072098,0.725672,0.926691,ACTIVE,,,,0
P03063,sikacredit,SC-C000503,High,1.266032,0.850647,1.194358,0.150022,0.760327,ACTIVE,,,,0
P03064,sikacredit,SC-C000504,High,0.817625,0.945817,0.985357,0.450325,0.946834,ACTIVE,,,,0
P03065,sikacredit,SC-C000505,Low,1.056003,0.887613,0.999144,0.741832,0.856918,ACTIVE,,,,0
P03066,sikacredit,SC-C000506,High,1.203716,0.953123,0.895465,0.405163,0.979045,ACTIVE,,,,0
P03067,sikacredit,SC-C000507,High,1.642493,1.045914,1.080857,0.316589,0.836217,ACTIVE,,,,0
P03068,sikacredit,SC-C000508,High,0.795556,1.083161,0.829081,0.817359,0.773697,ACTIVE,,,,0
P03069,sikacredit,SC-C000509,Moderate,0.725941,1.054913,1.014903,0.492487,0.908747,ACTIVE,,,,0
P03070,sikacredit,SC-C000510,Very Low,1.222695,1.104292,0.892477,0.542716,0.800005,ACTIVE,,,,0
P03071,sikacredit,SC-C000511,Moderate,1.465522,1.040615,1.134805,0.170913,0.845236,ACTIVE,,,,0
P03072,sikacredit,SC-C000512,Moderate,1.318995,1.169806,0.989405,0.781599,0.767159,ACTIVE,,,,0
P03073,sikacredit,SC-C000513,Moderate,0.88437,1.16337,0.923976,0.06371,0.833414,ACTIVE,,,,0
P03074,sikacredit,SC-C000514,Very High,1.125806,1.208075,0.800646,0.284032,0.849957,ACTIVE,,,,0
P03075,sikacredit,SC-C000515,Very High,0.756955,0.856906,1.088419,0.98482,0.752279,ACTIVE,,,,0
P03076,sikacredit,SC-C000516,Moderate,1.159844,0.846152,0.95043,0.558926,0.803466,ACTIVE,,,,0
P03077,sikacredit,SC-C000517,High,0.988053,0.985132,1.091639,0.373041,0.948379,ACTIVE,,,,0
P03078,sikacredit,SC-C000518,Very High,0.873409,1.229136,1.087459,0.064129,0.767945,ACTIVE,,,,0
P03079,sikacredit,SC-C000519,Moderate,1.089696,1.18191,1.197246,0.056135,0.853841,ACTIVE,,,,0
P03080,sikacredit,SC-C000520,Moderate,1.312494,0.982141,1.03434,0.709299,0.861364,ACTIVE,,,,0
P03081,sikacredit,SC-C000521,Moderate,1.006683,1.156438,1.074193,0.667974,0.813988,ACTIVE,,,,0
P03082,sikacredit,SC-C000522,Moderate,1.099231,1.133361,0.844381,0.277981,0.840095,ACTIVE,,,,0
P03083,sikacredit,SC-C000523,Moderate,1.140767,1.237849,1.038717,0.340705,0.782855,ACTIVE,,,,0
P03084,sikacredit,SC-C000524,High,0.923331,0.755467,1.184997,0.670849,0.784692,ACTIVE,,,,0
P03085,sikacredit,SC-C000525,High,1.067398,1.106599,1.18211,0.093482,0.767605,ACTIVE,,,,0
P03086,sikacredit,SC-C000526,High,1.289307,0.846979,0.933832,0.252434,0.762872,ACTIVE,,,,0
P03087,sikacredit,SC-C000527,Very Low,0.944713,0.830683,1.180523,0.095691,0.84084,ACTIVE,,,,0
P03088,sikacredit,SC-C000528,Low,0.743194,0.795788,0.816242,0.378257,0.927236,ACTIVE,,,,0
P03089,sikacredit,SC-C000529,Very Low,1.100608,0.929674,1.153253,0.083362,0.945571,ACTIVE,,,,0
P03090,sikacredit,SC-C000530,Very Low,1.176037,1.137993,0.945151,0.391845,0.909761,ACTIVE,,,,0
P03091,sikacredit,SC-C000531,Very Low,1.043307,1.147768,1.09476,0.026443,0.906652,ACTIVE,,,,0
P03092,sikacredit,SC-C000532,Very High,1.011213,0.975467,0.836464,0.180188,0.794079,ACTIVE,,,,0
P03093,sikacredit,SC-C000533,Low,1.244113,0.990693,1.08278,0.851142,0.821483,ACTIVE,,,,0
P03094,sikacredit,SC-C000534,Moderate,1.130953,1.15208,1.000602,0.659383,0.90727,ACTIVE,,,,0
P03095,sikacredit,SC-C000535,Low,0.916576,0.837454,1.154312,0.016555,0.994693,ACTIVE,,,,0
P03096,sikacredit,SC-C000536,Moderate,0.632117,0.79993,1.06316,0.485954,0.76259,ACTIVE,,,,0
P03097,sikacredit,SC-C000537,Moderate,1.532075,1.10116,0.943295,0.714253,0.988866,ACTIVE,,,,0
P03098,sikacredit,SC-C000538,Moderate,0.893789,0.861513,0.850955,0.56484,0.912804,ACTIVE,,,,0
P03099,sikacredit,SC-C000539,Low,0.990848,1.154427,0.800666,0.823722,0.889707,ACTIVE,,,,0
P03100,sikacredit,SC-C000540,Very Low,0.923945,0.816187,0.842561,0.86633,0.853102,ACTIVE,,,,0
P03101,sikacredit,SC-C000541,High,1.200273,0.907876,0.845965,0.698089,0.773745,ACTIVE,,,,0
P03102,sikacredit,SC-C000542,High,1.062703,0.883638,0.880134,0.315714,0.787692,ACTIVE,,,,0
P03103,sikacredit,SC-C000543,Low,0.881247,1.232293,1.126826,0.219556,0.937265,ACTIVE,,,,0
P03104,sikacredit,SC-C000544,Low,0.751821,0.923201,1.024765,0.588487,0.970038,ACTIVE,,,,0
P03105,sikacredit,SC-C000545,Moderate,0.669776,0.786948,1.104345,0.934778,0.811459,ACTIVE,,,,0
P03106,sikacredit,SC-C000546,Low,0.783731,1.188452,0.808796,0.97234,0.924958,ACTIVE,,,,0
P03107,sikacredit,SC-C000547,Moderate,1.122866,1.243423,1.036399,0.988525,0.940864,ACTIVE,,,,0
P03108,sikacredit,SC-C000548,Low,0.806731,0.858757,0.943269,0.033856,0.798292,ACTIVE,,,,0
P03109,sikacredit,SC-C000549,Moderate,0.980577,1.134587,0.993147,0.588478,0.861467,ACTIVE,,,,0
P03110,sikacredit,SC-C000550,Moderate,0.984717,0.936252,1.086822,0.772761,0.831977,ACTIVE,,,,0
P03111,sikacredit,SC-C000551,High,1.558368,1.070085,0.819843,0.53688,0.89879,ACTIVE,,,,0
P03112,sikacredit,SC-C000552,Moderate,1.166213,0.950369,0.910488,0.8787,0.879891,ACTIVE,,,,0
P03113,sikacredit,SC-C000553,Very Low,1.022466,1.047039,0.874591,0.280969,0.961097,ACTIVE,,,,0
P03114,sikacredit,SC-C000554,Moderate,0.994651,1.016789,1.168242,0.998552,0.893027,ACTIVE,,,,0
P03115,sikacredit,SC-C000555,Very High,1.356267,0.92346,1.003055,0.170056,0.944192,ACTIVE,,,,0
P03116,sikacredit,SC-C000556,Very High,0.926774,1.176471,0.85362,0.228413,0.767889,ACTIVE,,,,0
P03117,sikacredit,SC-C000557,Low,0.855256,0.885798,1.179226,0.881776,0.845612,ACTIVE,,,,0
P03118,sikacredit,SC-C000558,Moderate,1.23029,0.843063,1.003883,0.670317,0.91338,ACTIVE,,,,0
P03119,sikacredit,SC-C000559,High,0.824594,1.11206,1.008915,0.169341,0.784278,ACTIVE,,,,0
P03120,sikacredit,SC-C000560,Very High,0.942807,1.017216,0.858888,0.055074,0.90794,ACTIVE,,,,0
P03121,sikacredit,SC-C000561,Low,0.891701,0.910375,1.075764,0.064392,0.77485,ACTIVE,,,,0
P03122,sikacredit,SC-C000562,Low,1.093054,0.918528,0.901918,0.940358,0.895011,ACTIVE,,,,0
P03123,sikacredit,SC-C000563,Very Low,0.675307,0.852029,0.820431,0.537606,0.871628,ACTIVE,,,,0
P03124,sikacredit,SC-C000564,Low,1.070033,1.00955,1.100035,0.036139,0.847729,ACTIVE,,,,0
P03125,sikacredit,SC-C000565,Low,1.181281,0.996411,0.989858,0.592066,0.885962,ACTIVE,,,,0
P03126,sikacredit,SC-C000566,Moderate,0.992851,0.965172,0.865712,0.114928,0.821265,ACTIVE,,,,0
P03127,sikacredit,SC-C000567,High,1.039516,0.821344,0.836065,0.237229,0.98179,ACTIVE,,,,0
P03128,sikacredit,SC-C000568,Moderate,1.006991,0.9797,1.131516,0.243262,0.994948,ACTIVE,,,,0
P03129,sikacredit,SC-C000569,Low,1.071531,0.999728,1.167037,0.850855,0.993349,ACTIVE,,,,0
P03130,sikacredit,SC-C000570,Very High,1.262172,1.098926,0.871604,0.360445,0.910671,ACTIVE,,,,0
P03131,sikacredit,SC-C000571,Moderate,1.08967,1.113297,0.908559,0.375363,0.806859,ACTIVE,,,,0
P03132,sikacredit,SC-C000572,Very Low,0.899255,1.026774,0.803192,0.922991,0.977234,ACTIVE,,,,0
P03133,sikacredit,SC-C000573,Moderate,0.688656,0.928781,1.174372,0.008548,0.767354,ACTIVE,,,,0
P03134,sikacredit,SC-C000574,Low,1.144948,1.220196,0.828025,0.185001,0.947218,ACTIVE,,,,0
P03135,sikacredit,SC-C000575,Very Low,1.142608,0.887816,0.942291,0.580289,0.808102,ACTIVE,,,,0
P03136,sikacredit,SC-C000576,Very Low,0.924555,0.902761,0.916182,0.683669,0.779127,ACTIVE,,,,0
P03137,sikacredit,SC-C000577,Moderate,1.458836,1.169442,0.818033,0.193754,0.992012,ACTIVE,,,,0
P03138,sikacredit,SC-C000578,Moderate,0.991481,0.8145,0.957651,0.292088,0.883548,ACTIVE,,,,0
P03139,sikacredit,SC-C000579,High,1.024358,1.049488,0.856375,0.708525,0.942953,ACTIVE,,,,0
P03140,sikacredit,SC-C000580,Moderate,1.022309,0.899125,0.813191,0.17194,0.869062,ACTIVE,,,,0
P03141,sikacredit,SC-C000581,Very Low,0.960644,1.223989,0.888822,0.621629,0.763143,ACTIVE,,,,0
P03142,sikacredit,SC-C000582,Low,1.122507,1.103971,0.811236,0.047174,0.854695,ACTIVE,,,,0
P03143,sikacredit,SC-C000583,Low,0.85386,1.201664,1.108973,0.371229,0.894548,ACTIVE,,,,0
P03144,sikacredit,SC-C000584,Low,1.540977,1.014062,0.962087,0.629054,0.931362,ACTIVE,,,,0
P03145,sikacredit,SC-C000585,Very Low,1.06087,1.152782,1.108762,0.991767,0.810939,ACTIVE,,,,0
P03146,sikacredit,SC-C000586,Low,0.767534,0.995248,0.939756,0.38935,0.956738,ACTIVE,,,,0
P03147,sikacredit,SC-C000587,Very Low,0.839726,0.842218,1.163695,0.482621,0.844361,ACTIVE,,,,0
P03148,sikacredit,SC-C000588,Moderate,0.954025,0.884908,1.026232,0.610807,0.765237,ACTIVE,,,,0
P03149,sikacredit,SC-C000589,Moderate,0.731052,1.233412,0.94636,0.415409,0.983659,ACTIVE,,,,0
P03150,sikacredit,SC-C000590,Low,0.696802,1.235877,0.869855,0.294804,0.956357,ACTIVE,,,,0
P03151,sikacredit,SC-C000591,Moderate,1.157976,1.002471,0.818682,0.302117,0.785481,ACTIVE,,,,0
P03152,sikacredit,SC-C000592,Very Low,1.251891,1.059831,0.888226,0.558291,0.974642,ACTIVE,,,,0
P03153,sikacredit,SC-C000593,Low,1.178423,0.807548,0.810058,0.628579,0.93293,ACTIVE,,,,0
P03154,sikacredit,SC-C000594,Low,0.798891,0.887407,1.034089,0.916307,0.976245,ACTIVE,,,,0
P03155,sikacredit,SC-C000595,Moderate,0.719439,1.174891,1.065041,0.155838,0.999787,ACTIVE,,,,0
P03156,sikacredit,SC-C000596,Moderate,1.055721,1.006014,1.049604,0.918756,0.776209,ACTIVE,,,,0
P03157,sikacredit,SC-C000597,Moderate,1.499886,0.964283,0.979407,0.203798,0.75387,ACTIVE,,,,0
P03158,sikacredit,SC-C000598,Moderate,1.273936,0.831865,1.162813,0.676828,0.875979,ACTIVE,,,,0
P03159,sikacredit,SC-C000599,Low,1.024103,0.987729,0.995786,0.37542,0.871743,ACTIVE,,,,0
P03160,sikacredit,SC-C000600,Very Low,0.737252,0.981312,0.835597,0.653602,0.973867,ACTIVE,,,,0
P03161,sikacredit,SC-C000601,Moderate,0.793184,0.942251,1.177148,0.450767,0.851405,ACTIVE,,,,0
P03162,sikacredit,SC-C000602,Very High,1.215545,0.873516,0.942319,0.470921,0.973607,ACTIVE,,,,0
P03163,sikacredit,SC-C000603,Moderate,1.062298,0.91062,1.14704,0.072838,0.905344,ACTIVE,,,,0
P03164,sikacredit,SC-C000604,Very Low,1.106366,1.030097,0.824942,0.38819,0.807326,ACTIVE,,,,0
P03165,sikacredit,SC-C000605,Moderate,0.669146,1.09632,1.038594,0.058953,0.944905,ACTIVE,,,,0
P03166,sikacredit,SC-C000606,Moderate,1.495874,1.234157,0.975644,0.125965,0.880039,ACTIVE,,,,0
P03167,sikacredit,SC-C000607,Low,1.042139,0.816111,1.111315,0.694779,0.765252,ACTIVE,,,,0
P03168,sikacredit,SC-C000608,Moderate,0.738258,1.060654,1.187409,0.032615,0.843474,ACTIVE,,,,0
P03169,sikacredit,SC-C000609,Low,1.066716,1.199133,0.802718,0.367813,0.786137,ACTIVE,,,,0
P03170,sikacredit,SC-C000610,Moderate,1.160378,1.217955,1.138388,0.702727,0.841917,ACTIVE,,,,0
P03171,sikacredit,SC-C000611,Low,1.14226,1.110068,0.872915,0.96887,0.83849,ACTIVE,,,,0
P03172,sikacredit,SC-C000612,Low,0.569636,1.116949,1.01539,0.445744,0.871463,ACTIVE,,,,0
P03173,sikacredit,SC-C000613,Moderate,1.218091,0.829568,0.996517,0.708757,0.851371,ACTIVE,,,,0
P03174,sikacredit,SC-C000614,Moderate,1.389534,1.068947,0.818306,0.244783,0.781748,ACTIVE,,,,0
P03175,sikacredit,SC-C000615,High,1.035355,1.002523,0.880183,0.166413,0.798275,ACTIVE,,,,0
P03176,sikacredit,SC-C000616,Moderate,1.299785,1.190219,0.835436,0.529476,0.864771,ACTIVE,,,,0
P03177,sikacredit,SC-C000617,Very Low,0.840818,0.848217,0.818433,0.937154,0.778241,ACTIVE,,,,0
P03178,sikacredit,SC-C000618,Low,0.872654,1.173275,0.94792,0.656089,0.797794,ACTIVE,,,,0
P03179,sikacredit,SC-C000619,High,0.860858,0.999815,1.155904,0.27677,0.898661,ACTIVE,,,,0
P03180,sikacredit,SC-C000620,High,1.271992,0.832375,1.110802,0.05486,0.75866,ACTIVE,,,,0
P03181,sikacredit,SC-C000621,High,1.09036,0.991871,0.998176,0.352763,0.879349,ACTIVE,,,,0
P03182,sikacredit,SC-C000622,Moderate,1.485384,1.222848,1.098727,0.455362,0.944276,ACTIVE,,,,0
P03183,sikacredit,SC-C000623,Very Low,1.421919,1.103216,1.049314,0.766176,0.882201,ACTIVE,,,,0
P03184,sikacredit,SC-C000624,Very Low,0.926978,0.909514,0.869954,0.602676,0.84837,ACTIVE,,,,0
P03185,sikacredit,SC-C000625,Low,0.962917,1.238855,0.92543,0.505301,0.796796,ACTIVE,,,,0
P03186,sikacredit,SC-C000626,Moderate,0.76644,0.960428,0.801615,0.726026,0.764159,ACTIVE,,,,0
P03187,sikacredit,SC-C000627,High,0.978247,1.096496,0.957426,0.46447,0.931071,ACTIVE,,,,0
P03188,sikacredit,SC-C000628,High,0.878611,1.012769,0.985688,0.889471,0.79728,ACTIVE,,,,0
P03189,sikacredit,SC-C000629,Low,1.055033,1.174734,0.979764,0.035528,0.879958,ACTIVE,,,,0
P03190,sikacredit,SC-C000630,High,0.655947,0.872832,1.169269,0.763981,0.820151,ACTIVE,,,,0
P03191,sikacredit,SC-C000631,Moderate,0.90899,0.963796,1.012598,0.583398,0.947755,ACTIVE,,,,0
P03192,sikacredit,SC-C000632,Low,1.005166,0.780672,0.851398,0.956881,0.878372,ACTIVE,,,,0
P03193,sikacredit,SC-C000633,High,1.431502,0.878318,0.826209,0.804087,0.954682,ACTIVE,,,,0
P03194,sikacredit,SC-C000634,High,0.819158,1.169088,0.979723,0.914505,0.927698,ACTIVE,,,,0
P03195,sikacredit,SC-C000635,Moderate,0.770652,0.926218,1.08019,0.829063,0.754417,ACTIVE,,,,0
P03196,sikacredit,SC-C000636,Low,1.58456,1.09379,1.147493,0.934927,0.762269,ACTIVE,,,,0
P03197,sikacredit,SC-C000637,High,1.033979,0.973526,1.176519,0.840502,0.945112,ACTIVE,,,,0
P03198,sikacredit,SC-C000638,High,0.732704,1.021746,1.165919,0.214355,0.919492,ACTIVE,,,,0
P03199,sikacredit,SC-C000639,Low,0.990807,0.963145,0.961118,0.684459,0.990031,ACTIVE,,,,0
P03200,sikacredit,SC-C000640,Low,1.156647,1.126306,0.895365,0.597768,0.791061,ACTIVE,,,,0
P03201,sikacredit,SC-C000641,Moderate,0.995302,0.952334,1.09393,0.325803,0.811622,ACTIVE,,,,0
P03202,sikacredit,SC-C000642,Low,0.674145,0.784326,1.11059,0.622642,0.962626,ACTIVE,,,,0
P03203,sikacredit,SC-C000643,Very Low,0.90613,0.995094,0.930805,0.100804,0.905745,ACTIVE,,,,0
P03204,sikacredit,SC-C000644,Moderate,0.760936,0.855184,1.061658,0.69568,0.762187,ACTIVE,,,,0
P03205,sikacredit,SC-C000645,Low,1.034872,0.911499,1.064814,0.909144,0.817622,ACTIVE,,,,0
P03206,sikacredit,SC-C000646,Very Low,1.171151,0.965682,1.183238,0.607062,0.777957,ACTIVE,,,,0
P03207,sikacredit,SC-C000647,Moderate,0.868812,0.946294,1.183248,0.22968,0.751003,ACTIVE,,,,0
P03208,sikacredit,SC-C000648,Very Low,0.770736,0.854193,0.986704,0.1095,0.843038,ACTIVE,,,,0
P03209,sikacredit,SC-C000649,Very High,0.782469,0.827291,1.139947,0.460263,0.92976,ACTIVE,,,,0
P03210,sikacredit,SC-C000650,High,0.982178,1.188773,1.17957,0.825386,0.988826,ACTIVE,,,,0
P03211,sikacredit,SC-C000651,Low,0.958504,1.038651,1.023983,0.853228,0.817715,ACTIVE,,,,0
P03212,sikacredit,SC-C000652,Very Low,1.175321,0.818174,1.183058,0.411533,0.887304,ACTIVE,,,,0
P03213,sikacredit,SC-C000653,Moderate,1.043801,0.99723,0.916899,0.303936,0.973454,ACTIVE,,,,0
P03214,sikacredit,SC-C000654,Moderate,1.28451,1.071118,1.14877,0.025712,0.950187,ACTIVE,,,,0
P03215,sikacredit,SC-C000655,Very High,0.973543,1.192359,0.960231,0.94063,0.766637,ACTIVE,,,,0
P03216,sikacredit,SC-C000656,Moderate,1.41751,0.89206,0.973413,0.719095,0.994793,ACTIVE,,,,0
P03217,sikacredit,SC-C000657,Moderate,0.881412,1.092772,1.080627,0.914014,0.844754,ACTIVE,,,,0
P03218,sikacredit,SC-C000658,Very Low,1.491069,0.767368,1.082737,0.385388,0.962199,ACTIVE,,,,0
P03219,sikacredit,SC-C000659,Low,0.912646,0.973798,1.008834,0.617904,0.880208,ACTIVE,,,,0
P03220,sikacredit,SC-C000660,Low,1.248073,1.040098,1.0072,0.548626,0.8227,ACTIVE,,,,0
P03221,sikacredit,SC-C000661,Very High,0.702936,0.883377,0.964957,0.544282,0.982371,ACTIVE,,,,0
P03222,sikacredit,SC-C000662,Moderate,0.810616,1.004791,1.083653,0.385417,0.97193,ACTIVE,,,,0
P03223,sikacredit,SC-C000663,Very Low,1.122317,0.911777,1.140894,0.571019,0.877116,ACTIVE,,,,0
P03224,sikacredit,SC-C000664,Low,0.98461,0.816225,0.998124,0.932083,0.955289,ACTIVE,,,,0
P03225,sikacredit,SC-C000665,Low,0.928223,1.024553,1.05161,0.036829,0.89361,ACTIVE,,,,0
P03226,sikacredit,SC-C000666,Moderate,0.929818,1.150726,1.11826,0.095455,0.813459,ACTIVE,,,,0
P03227,sikacredit,SC-C000667,High,0.882218,1.09785,1.069225,0.143915,0.768449,ACTIVE,,,,0
P03228,sikacredit,SC-C000668,Low,1.000716,1.059258,0.811422,0.954722,0.80814,ACTIVE,,,,0
P03229,sikacredit,SC-C000669,High,0.827903,0.793837,1.125481,0.357282,0.880508,ACTIVE,,,,0
P03230,sikacredit,SC-C000670,Moderate,0.86482,0.804434,1.197892,0.632085,0.827284,ACTIVE,,,,0
P03231,sikacredit,SC-C000671,Very Low,1.379462,0.975642,1.112673,0.484228,0.901918,ACTIVE,,,,0
P03232,sikacredit,SC-C000672,Moderate,0.663158,1.045199,0.839553,0.635749,0.831045,ACTIVE,,,,0
P03233,sikacredit,SC-C000673,High,1.581201,0.896814,1.009977,0.642468,0.791515,ACTIVE,,,,0
P03234,sikacredit,SC-C000674,Moderate,0.730656,0.984041,1.173909,0.46184,0.902792,ACTIVE,,,,0
P03235,sikacredit,SC-C000675,Very Low,0.813874,1.207662,0.80145,0.955958,0.764039,ACTIVE,,,,0
P03236,sikacredit,SC-C000676,Low,0.931398,1.165731,0.86491,0.479173,0.817433,ACTIVE,,,,0
P03237,sikacredit,SC-C000677,Low,0.82571,1.015889,0.981577,0.403741,0.919209,ACTIVE,,,,0
P03238,sikacredit,SC-C000678,Very High,1.281727,0.933269,1.048465,0.361465,0.882857,ACTIVE,,,,0
P03239,sikacredit,SC-C000679,Low,0.952291,0.831498,0.920414,0.706234,0.758884,ACTIVE,,,,0
P03240,sikacredit,SC-C000680,Moderate,1.056693,1.24786,1.017798,0.007426,0.8876,ACTIVE,,,,0
P03241,sikacredit,SC-C000681,Low,0.951766,0.773167,0.977159,0.360307,0.964123,ACTIVE,,,,0
P03242,sikacredit,SC-C000682,High,0.985115,0.87746,1.187231,0.411981,0.836797,ACTIVE,,,,0
P03243,sikacredit,SC-C000683,Moderate,1.02472,1.119505,1.178856,0.237667,0.9776,ACTIVE,,,,0
P03244,sikacredit,SC-C000684,Low,1.006589,0.900199,1.010398,0.466363,0.980389,ACTIVE,,,,0
P03245,sikacredit,SC-C000685,High,0.915475,1.081772,1.078307,0.769878,0.911847,ACTIVE,,,,0
P03246,sikacredit,SC-C000686,Low,1.861235,0.856631,0.939756,0.426787,0.846094,ACTIVE,,,,0
P03247,sikacredit,SC-C000687,Moderate,1.266128,1.180149,0.943564,0.499101,0.804399,ACTIVE,,,,0
P03248,sikacredit,SC-C000688,High,0.596162,1.014579,1.090517,0.770328,0.976712,ACTIVE,,,,0
P03249,sikacredit,SC-C000689,Moderate,1.216269,0.858235,1.070556,0.391157,0.998172,ACTIVE,,,,0
P03250,sikacredit,SC-C000690,Moderate,1.017296,1.225482,0.891667,0.715654,0.952967,ACTIVE,,,,0
P03251,sikacredit,SC-C000691,Very High,0.951601,0.974799,1.151177,0.598936,0.900472,ACTIVE,,,,0
P03252,sikacredit,SC-C000692,Moderate,0.954134,0.761955,0.994195,0.017321,0.905751,ACTIVE,,,,0
P03253,sikacredit,SC-C000693,Very Low,1.261636,1.211416,0.881649,0.844581,0.889133,ACTIVE,,,,0
P03254,sikacredit,SC-C000694,Moderate,1.063335,0.886094,0.955864,0.949746,0.943101,ACTIVE,,,,0
P03255,sikacredit,SC-C000695,Very Low,0.87659,0.997697,1.046459,0.42502,0.825187,ACTIVE,,,,0
P03256,sikacredit,SC-C000696,Very Low,1.213053,1.180331,1.187072,0.661516,0.869598,ACTIVE,,,,0
P03257,sikacredit,SC-C000697,High,0.869988,0.800807,1.173052,0.847658,0.752027,ACTIVE,,,,0
P03258,sikacredit,SC-C000698,Low,0.952433,1.164063,1.064616,0.434022,0.79723,ACTIVE,,,,0
P03259,sikacredit,SC-C000699,Low,1.123503,0.845241,1.082925,0.441854,0.758839,ACTIVE,,,,0
P03260,sikacredit,SC-C000700,Moderate,1.706954,0.805371,1.12207,0.460214,0.832005,ACTIVE,,,,0
P03261,sikacredit,SC-C000701,Very Low,0.735933,0.7656,1.072944,0.097459,0.992029,ACTIVE,,,,0
P03262,sikacredit,SC-C000702,Low,1.126865,0.972306,0.961243,0.171856,0.878245,ACTIVE,,,,0
P03263,sikacredit,SC-C000703,High,0.81611,1.216899,1.14282,0.353729,0.783555,ACTIVE,,,,0
P03264,sikacredit,SC-C000704,Moderate,0.899072,1.207901,1.044339,0.825454,0.788802,ACTIVE,,,,0
P03265,sikacredit,SC-C000705,Moderate,0.694733,1.080729,1.145401,0.71334,0.868706,ACTIVE,,,,0
P03266,sikacredit,SC-C000706,Low,0.71749,0.990144,0.821522,0.973357,0.991662,ACTIVE,,,,0
P03267,sikacredit,SC-C000707,Moderate,0.711358,0.862698,0.829286,0.48573,0.886602,ACTIVE,,,,0
P03268,sikacredit,SC-C000708,Low,0.893917,0.788967,0.947027,0.583898,0.847162,ACTIVE,,,,0
P03269,sikacredit,SC-C000709,High,1.399495,1.073541,1.136228,0.054857,0.856465,ACTIVE,,,,0
P03270,sikacredit,SC-C000710,Moderate,1.01782,1.089244,0.810156,0.604471,0.970875,ACTIVE,,,,0
P03271,sikacredit,SC-C000711,Very Low,0.798492,1.023749,1.024479,0.112268,0.765658,ACTIVE,,,,0
P03272,sikacredit,SC-C000712,Low,0.439939,1.198903,0.922409,0.806102,0.786424,ACTIVE,,,,0
P03273,sikacredit,SC-C000713,Low,1.350379,1.177305,0.93665,0.463536,0.98785,ACTIVE,,,,0
P03274,sikacredit,SC-C000714,Moderate,1.132167,0.94095,0.848911,0.689992,0.812308,ACTIVE,,,,0
P03275,sikacredit,SC-C000715,Moderate,1.1169,1.010581,0.889397,0.721942,0.898342,ACTIVE,,,,0
P03276,sikacredit,SC-C000716,Low,1.075348,1.195782,1.046772,0.717616,0.977265,ACTIVE,,,,0
P03277,sikacredit,SC-C000717,Very Low,1.298373,0.767258,0.929704,0.924026,0.815573,ACTIVE,,,,0
P03278,sikacredit,SC-C000718,Very Low,1.180143,1.130442,0.859991,0.179934,0.790493,ACTIVE,,,,0
P03279,sikacredit,SC-C000719,Low,0.737698,0.940411,1.000917,0.036425,0.787231,ACTIVE,,,,0
P03280,sikacredit,SC-C000720,Moderate,0.860941,0.91163,1.009817,0.072485,0.973656,ACTIVE,,,,0
P03281,sikacredit,SC-C000721,Moderate,0.903162,0.811188,0.949965,0.514721,0.759942,ACTIVE,,,,0
P03282,sikacredit,SC-C000722,Low,0.92402,1.162504,1.121369,0.523052,0.909199,ACTIVE,,,,0
P03283,sikacredit,SC-C000723,Moderate,1.005316,1.047639,0.813818,0.490817,0.997493,ACTIVE,,,,0
P03284,sikacredit,SC-C000724,Very Low,1.108537,1.194102,1.024564,0.825504,0.821647,ACTIVE,,,,0
P03285,sikacredit,SC-C000725,Low,1.306281,0.833885,1.190184,0.833008,0.998375,ACTIVE,S13,Medium,Multi-event,0
P03286,sikacredit,SC-C000726,High,1.093092,1.100729,1.051556,0.727841,0.878764,ACTIVE,,,,0
P03287,sikacredit,SC-C000727,Very High,0.994158,1.061312,1.15281,0.971338,0.845443,ACTIVE,,,,0
P03288,sikacredit,SC-C000728,Very High,0.678158,0.847582,1.010264,0.951474,0.907305,ACTIVE,,,,0
P03289,sikacredit,SC-C000729,Low,1.076101,0.865712,1.016251,0.757274,0.834275,ACTIVE,,,,0
P03290,sikacredit,SC-C000730,High,0.847356,0.878035,1.006077,0.372894,0.983951,ACTIVE,,,,0
P03291,sikacredit,SC-C000731,Low,0.980834,0.961045,1.121922,0.122197,0.789935,ACTIVE,,,,0
P03292,sikacredit,SC-C000732,Very High,1.206964,1.187935,1.008637,0.510378,0.84888,ACTIVE,,,,0
P03293,sikacredit,SC-C000733,Very High,1.172528,1.076514,1.133754,0.85119,0.779066,ACTIVE,,,,0
P03294,sikacredit,SC-C000734,Moderate,1.432266,0.938753,1.137383,0.425554,0.866242,ACTIVE,,,,0
P03295,sikacredit,SC-C000735,Moderate,0.463703,0.830579,1.13021,0.55073,0.880094,ACTIVE,,,,0
P03296,sikacredit,SC-C000736,Low,1.032692,1.128924,0.928287,0.37942,0.980759,ACTIVE,,,,0
P03297,sikacredit,SC-C000737,High,2.252537,1.034879,0.903524,0.156216,0.935091,ACTIVE,,,,0
P03298,sikacredit,SC-C000738,Moderate,1.0264,1.047012,1.081361,0.410658,0.980714,ACTIVE,,,,0
P03299,sikacredit,SC-C000739,High,1.246955,0.91761,1.183162,0.537113,0.919148,ACTIVE,,,,0
P03300,sikacredit,SC-C000740,Moderate,1.345611,0.992081,1.03959,0.081393,0.934742,ACTIVE,,,,0
P03301,sikacredit,SC-C000741,Moderate,0.715944,0.973576,1.062937,0.694437,0.810282,ACTIVE,,,,0
P03302,sikacredit,SC-C000742,Low,1.002472,1.109552,0.880694,0.618086,0.82398,ACTIVE,,,,0
P03303,sikacredit,SC-C000743,Low,0.982097,1.235812,0.816742,0.912504,0.949761,ACTIVE,,,,0
P03304,sikacredit,SC-C000744,Moderate,0.877763,1.076544,1.069055,0.165704,0.973971,ACTIVE,,,,0
P03305,sikacredit,SC-C000745,Moderate,0.552196,1.192633,1.068106,0.01248,0.992411,ACTIVE,,,,0
P03306,sikacredit,SC-C000746,High,1.04928,1.120157,0.835757,0.035099,0.77618,ACTIVE,,,,0
P03307,sikacredit,SC-C000747,Moderate,1.011567,1.031904,1.061441,0.741265,0.761744,ACTIVE,,,,0
P03308,sikacredit,SC-C000748,Moderate,0.734818,1.076674,0.913505,0.348271,0.960892,ACTIVE,,,,0
P03309,sikacredit,SC-C000749,Moderate,1.304716,0.81218,0.988652,0.734862,0.807804,ACTIVE,,,,0
P03310,sikacredit,SC-C000750,Very Low,1.109958,1.163421,0.866109,0.613315,0.764813,ACTIVE,,,,0
P03311,sikacredit,SC-C000751,Very High,0.968671,1.061357,1.004258,0.102333,0.924158,ACTIVE,,,,0
P03312,sikacredit,SC-C000752,Low,1.342145,1.170399,0.91268,0.696833,0.865799,ACTIVE,,,,0
P03313,sikacredit,SC-C000753,Moderate,1.483569,1.177755,0.937823,0.400381,0.85678,ACTIVE,,,,0
P03314,sikacredit,SC-C000754,Very Low,0.952039,1.242985,0.959952,0.640516,0.948958,ACTIVE,,,,0
P03315,sikacredit,SC-C000755,Moderate,0.630789,0.876925,0.896563,0.497463,0.832281,ACTIVE,,,,0
P03316,sikacredit,SC-C000756,Low,0.888409,0.913814,1.00026,0.627437,0.946768,ACTIVE,,,,0
P03317,sikacredit,SC-C000757,Low,0.899292,1.231667,0.837444,0.858975,0.902253,ACTIVE,,,,0
P03318,sikacredit,SC-C000758,Very High,0.768425,1.161276,1.091884,0.900437,0.861677,ACTIVE,,,,0
P03319,sikacredit,SC-C000759,Low,0.919939,0.974606,0.85296,0.037993,0.840449,ACTIVE,,,,0
P03320,sikacredit,SC-C000760,Moderate,1.189312,0.969435,1.172736,0.503438,0.823947,ACTIVE,,,,0
P03321,sikacredit,SC-C000761,High,0.880737,1.242452,0.81258,0.225943,0.947221,ACTIVE,,,,0
P03322,sikacredit,SC-C000762,Moderate,0.897521,0.804773,1.115581,0.235297,0.763431,ACTIVE,,,,0
P03323,sikacredit,SC-C000763,High,1.169552,0.943398,0.887851,0.233853,0.889476,ACTIVE,,,,0
P03324,sikacredit,SC-C000764,Moderate,0.858591,0.997057,0.930296,0.938981,0.824656,ACTIVE,,,,0
P03325,sikacredit,SC-C000765,Very Low,0.62651,1.207774,1.087293,0.32596,0.759535,ACTIVE,,,,0
P03326,sikacredit,SC-C000766,High,0.88139,1.205788,1.169309,0.27764,0.924128,ACTIVE,S13,Medium,Contextual,0
P03327,sikacredit,SC-C000767,Very Low,1.448679,1.134,1.032246,0.328085,0.965659,ACTIVE,,,,0
P03328,sikacredit,SC-C000768,Very High,1.262955,0.964556,0.965555,0.560103,0.904276,ACTIVE,,,,0
P03329,sikacredit,SC-C000769,Low,0.865391,0.908058,1.067796,0.16721,0.974026,ACTIVE,,,,0
P03330,sikacredit,SC-C000770,Moderate,0.822019,0.815718,1.112547,0.018753,0.908984,ACTIVE,,,,0
P03331,sikacredit,SC-C000771,Low,0.767432,0.872005,0.903534,0.881091,0.981257,ACTIVE,,,,0
P03332,sikacredit,SC-C000772,Very High,0.720963,1.008458,1.120223,0.323535,0.752206,ACTIVE,,,,0
P03333,sikacredit,SC-C000773,High,0.799878,1.2059,1.059944,0.863492,0.986251,ACTIVE,,,,0
P03334,sikacredit,SC-C000774,High,1.079148,1.081904,0.878613,0.111519,0.981751,ACTIVE,,,,0
P03335,sikacredit,SC-C000775,Low,1.382228,1.153763,0.824243,0.698809,0.809861,ACTIVE,,,,0
P03336,sikacredit,SC-C000776,Very High,0.696894,1.105259,0.895975,0.213793,0.889381,ACTIVE,,,,0
P03337,sikacredit,SC-C000777,Moderate,1.026721,1.20509,1.000573,0.990717,0.78425,ACTIVE,,,,0
P03338,sikacredit,SC-C000778,Very Low,0.842262,1.11182,0.838276,0.899739,0.787945,ACTIVE,,,,0
P03339,sikacredit,SC-C000779,Low,0.740089,1.1537,1.128046,0.677897,0.849944,ACTIVE,,,,0
P03340,sikacredit,SC-C000780,Moderate,0.970152,0.947656,0.858734,0.687793,0.870562,ACTIVE,,,,0
P03341,sikacredit,SC-C000781,Very Low,1.520623,0.770265,1.059858,0.219096,0.818566,ACTIVE,,,,0
P03342,sikacredit,SC-C000782,Low,1.168135,0.966398,1.053673,0.561142,0.992239,ACTIVE,,,,0
P03343,sikacredit,SC-C000783,Low,1.348164,1.210185,0.999827,0.506019,0.92488,ACTIVE,,,,0
P03344,sikacredit,SC-C000784,Low,0.66184,0.848701,1.077005,0.468632,0.867898,ACTIVE,,,,0
P03345,sikacredit,SC-C000785,Very Low,1.03001,1.199524,0.917397,0.529199,0.777128,ACTIVE,,,,0
P03346,sikacredit,SC-C000786,Low,1.028006,1.122607,0.901929,0.030187,0.844722,ACTIVE,,,,0
P03347,sikacredit,SC-C000787,Low,1.539741,1.013133,0.929079,0.91602,0.78456,ACTIVE,,,,0
P03348,sikacredit,SC-C000788,Low,0.819195,1.045828,0.967575,0.102135,0.811864,ACTIVE,,,,0
P03349,sikacredit,SC-C000789,High,1.126074,0.867491,1.085236,0.398387,0.813797,ACTIVE,,,,0
P03350,sikacredit,SC-C000790,High,0.658099,1.20763,0.959668,0.557736,0.763428,ACTIVE,,,,0
P03351,sikacredit,SC-C000791,Low,0.572532,1.031159,1.094589,0.571314,0.997847,ACTIVE,,,,0
P03352,sikacredit,SC-C000792,High,1.370961,0.789223,0.990193,0.372685,0.82903,ACTIVE,,,,0
P03353,sikacredit,SC-C000793,Moderate,1.320525,1.239579,1.177878,0.837647,0.901772,ACTIVE,,,,0
P03354,sikacredit,SC-C000794,Moderate,0.898931,1.162993,0.875769,0.662366,0.775015,ACTIVE,,,,0
P03355,sikacredit,SC-C000795,Very Low,0.737326,1.213497,1.067418,0.891642,0.901729,ACTIVE,,,,0
P03356,sikacredit,SC-C000796,Very Low,0.894978,0.813005,0.966902,0.513534,0.971768,ACTIVE,S06,High,Cross-institution,0
P03357,sikacredit,SC-C000797,Low,1.028166,1.098749,0.907824,0.647838,0.760933,ACTIVE,,,,0
P03358,sikacredit,SC-C000798,Low,0.790183,0.845273,0.980762,0.936059,0.970417,ACTIVE,,,,0
P03359,sikacredit,SC-C000799,Low,0.611506,1.081532,1.03511,0.701269,0.932934,ACTIVE,,,,0
P03360,sikacredit,SC-C000800,Low,1.19785,0.825501,0.904879,0.137939,0.853979,ACTIVE,,,,0
P00348,oman_remit,OR-C000001,Moderate,1.160695,0.78354,0.893386,0.126489,0.820868,ACTIVE,,,,0
P02270,oman_remit,OR-C000002,Low,1.068681,1.199847,1.185641,0.08792,0.809896,ACTIVE,,,,0
P02465,oman_remit,OR-C000003,Very Low,0.968886,1.198441,0.906615,0.310844,0.785529,ACTIVE,,,,0
P01374,oman_remit,OR-C000004,High,0.976217,1.018639,1.049304,0.647037,0.864602,ACTIVE,,,,0
P01550,oman_remit,OR-C000005,Moderate,0.600886,1.176706,1.121366,0.931576,0.949155,ACTIVE,,,,0
P00518,oman_remit,OR-C000006,Low,0.898041,1.110291,0.827629,0.106641,0.800131,ACTIVE,,,,0
P01903,oman_remit,OR-C000007,High,0.766107,1.175987,0.899047,0.734889,0.991636,ACTIVE,,,,0
P00193,oman_remit,OR-C000008,Moderate,1.349408,1.065076,1.195355,0.714258,0.988252,ACTIVE,,,,0
P01115,oman_remit,OR-C000009,High,0.5438,1.029199,0.961283,0.353476,0.951581,ACTIVE,,,,0
P02866,oman_remit,OR-C000010,Low,0.952835,0.933188,1.163161,0.766642,0.952115,ACTIVE,,,,0
P00971,oman_remit,OR-C000011,High,0.95853,1.059885,1.148505,0.95301,0.836452,ACTIVE,,,,0
P00504,oman_remit,OR-C000012,High,0.687201,1.145469,0.871842,0.030182,0.846417,ACTIVE,,,,0
P02206,oman_remit,OR-C000013,Low,0.643854,0.912989,1.045032,0.271245,0.958183,ACTIVE,,,,0
P00955,oman_remit,OR-C000014,Very Low,1.420298,1.050701,0.803569,0.97161,0.96281,ACTIVE,,,,0
P00108,oman_remit,OR-C000015,Moderate,1.410882,1.091942,1.158644,0.337736,0.849904,ACTIVE,,,,0
P02432,oman_remit,OR-C000016,Moderate,0.850696,0.751992,0.880946,0.605156,0.837155,ACTIVE,,,,0
P00703,oman_remit,OR-C000017,Low,0.631013,1.191766,1.097888,0.302856,0.753267,ACTIVE,,,,0
P02269,oman_remit,OR-C000018,Moderate,1.149225,1.166847,0.857232,0.279074,0.756887,ACTIVE,,,,0
P02202,oman_remit,OR-C000019,Moderate,1.742467,0.988508,0.828438,0.105353,0.839095,ACTIVE,,,,0
P02225,oman_remit,OR-C000020,Low,0.893169,1.142961,0.914795,0.876499,0.823524,ACTIVE,,,,0
P00813,oman_remit,OR-C000021,High,0.962226,1.198007,1.04567,0.164357,0.862446,ACTIVE,,,,0
P01542,oman_remit,OR-C000022,High,1.142992,1.200276,0.86334,0.382938,0.833942,ACTIVE,,,,0
P02655,oman_remit,OR-C000023,Very Low,0.839945,1.211385,0.850228,0.02217,0.754176,ACTIVE,,,,0
P02958,oman_remit,OR-C000024,Moderate,1.01355,0.858298,0.827347,0.703739,0.985736,ACTIVE,,,,0
P02374,oman_remit,OR-C000025,Moderate,0.992591,1.150694,0.874731,0.0819,0.919078,ACTIVE,,,,0
P00634,oman_remit,OR-C000026,Low,1.11681,1.001841,1.110037,0.807545,0.959845,ACTIVE,,,,0
P01293,oman_remit,OR-C000027,Low,1.347472,0.805843,0.988913,0.498111,0.901364,ACTIVE,,,,0
P02540,oman_remit,OR-C000028,Moderate,1.147418,0.966024,0.960213,0.975209,0.884953,ACTIVE,,,,0
P00750,oman_remit,OR-C000029,Low,1.025274,0.837511,0.944157,0.757394,0.93942,ACTIVE,,,,0
P02179,oman_remit,OR-C000030,Low,1.04626,0.764913,0.853777,0.974555,0.815428,ACTIVE,,,,0
P02796,oman_remit,OR-C000031,Very Low,1.283339,0.975667,0.946607,0.789437,0.922806,ACTIVE,,,,0
P01883,oman_remit,OR-C000032,Moderate,0.911315,1.001537,0.9025,0.665199,0.767411,ACTIVE,,,,0
P02040,oman_remit,OR-C000033,Moderate,0.94854,1.068905,0.863621,0.673841,0.875778,ACTIVE,,,,0
P00910,oman_remit,OR-C000034,Moderate,1.071688,0.775112,1.163828,0.087091,0.997959,ACTIVE,,,,0
P01794,oman_remit,OR-C000035,High,1.391919,0.843507,0.904077,0.729256,0.817401,ACTIVE,,,,0
P00204,oman_remit,OR-C000036,Low,1.022924,0.922839,1.174555,0.916088,0.939304,ACTIVE,,,,0
P00912,oman_remit,OR-C000037,Very Low,1.442217,0.949201,0.977356,0.384166,0.872377,ACTIVE,,,,0
P01425,oman_remit,OR-C000038,Very High,0.965808,0.865825,1.037697,0.590365,0.921289,ACTIVE,,,,0
P01373,oman_remit,OR-C000039,High,0.737438,1.196373,0.958466,0.94881,0.82542,ACTIVE,,,,0
P02481,oman_remit,OR-C000040,Moderate,1.146623,0.826727,0.920329,0.624503,0.962096,ACTIVE,,,,0
P01301,oman_remit,OR-C000041,Very Low,1.003069,0.901686,1.067408,0.381395,0.909225,ACTIVE,,,,0
P00223,oman_remit,OR-C000042,Low,1.039808,0.758973,1.008532,0.297474,0.819456,ACTIVE,,,,0
P00988,oman_remit,OR-C000043,Moderate,1.455545,1.125328,0.827423,0.801795,0.978134,ACTIVE,,,,0
P00516,oman_remit,OR-C000044,Moderate,0.720735,0.887797,1.147879,0.983378,0.861495,ACTIVE,,,,0
P01365,oman_remit,OR-C000045,Moderate,1.066298,1.045317,0.869582,0.747502,0.890515,ACTIVE,,,,0
P02312,oman_remit,OR-C000046,Moderate,0.687003,0.879992,1.172718,0.899997,0.954031,ACTIVE,,,,0
P02177,oman_remit,OR-C000047,Moderate,0.714865,1.247183,1.139396,0.44578,0.919324,ACTIVE,,,,0
P02829,oman_remit,OR-C000048,Very Low,0.853984,1.238827,1.100634,0.921885,0.971018,ACTIVE,,,,0
P02525,oman_remit,OR-C000049,High,1.572487,1.180315,0.857025,0.631702,0.948129,ACTIVE,,,,0
P01837,oman_remit,OR-C000050,Very Low,1.804254,0.83397,0.918164,0.58713,0.951157,ACTIVE,,,,0
P02317,oman_remit,OR-C000051,High,1.004861,1.207198,1.155382,0.14953,0.851987,ACTIVE,,,,0
P01660,oman_remit,OR-C000052,Moderate,1.414019,1.073606,1.197686,0.891464,0.775728,ACTIVE,,,,0
P02226,oman_remit,OR-C000053,Low,1.271526,0.824929,0.941816,0.068646,0.868125,ACTIVE,,,,0
P01142,oman_remit,OR-C000054,Very High,0.953318,0.892667,1.055852,0.265814,0.804813,ACTIVE,,,,0
P02025,oman_remit,OR-C000055,High,0.798461,0.844621,0.890556,0.169786,0.816732,ACTIVE,,,,0
P02763,oman_remit,OR-C000056,Very Low,1.57702,0.992853,0.896659,0.459882,0.783038,ACTIVE,,,,0
P02629,oman_remit,OR-C000057,Low,1.218199,1.215731,1.100576,0.774981,0.910354,ACTIVE,,,,0
P01970,oman_remit,OR-C000058,Low,1.156283,0.861266,1.143295,0.528619,0.78026,ACTIVE,,,,0
P02812,oman_remit,OR-C000059,Moderate,1.178483,1.039148,1.105028,0.121497,0.950394,ACTIVE,,,,0
P02318,oman_remit,OR-C000060,Moderate,0.859066,1.009772,1.144372,0.870319,0.895395,ACTIVE,,,,0
P02130,oman_remit,OR-C000061,Very Low,0.724528,1.15929,1.119705,0.645464,0.864211,ACTIVE,,,,0
P00517,oman_remit,OR-C000062,Moderate,0.90241,0.798056,1.161846,0.915117,0.87494,ACTIVE,,,,0
P01174,oman_remit,OR-C000063,Low,0.900671,0.84851,1.16119,0.403352,0.974574,ACTIVE,,,,0
P02902,oman_remit,OR-C000064,Very High,0.964657,1.020432,0.872138,0.748102,0.935201,ACTIVE,,,,0
P02426,oman_remit,OR-C000065,Moderate,0.95941,0.877119,1.196292,0.196109,0.876973,ACTIVE,,,,0
P02535,oman_remit,OR-C000066,Moderate,0.728248,0.831946,1.078493,0.712473,0.853026,ACTIVE,,,,0
P00184,oman_remit,OR-C000067,Low,0.652736,1.195688,1.171906,0.423843,0.833131,ACTIVE,,,,0
P01764,oman_remit,OR-C000068,High,0.97052,1.111352,1.037715,0.310077,0.916096,ACTIVE,,,,0
P00250,oman_remit,OR-C000069,Very Low,0.774317,0.966988,0.96094,0.539574,0.782743,ACTIVE,,,,0
P01364,oman_remit,OR-C000070,Moderate,0.750029,0.864526,1.008269,0.175781,0.995349,ACTIVE,,,,0
P01919,oman_remit,OR-C000071,High,1.088011,0.991512,0.828869,0.940788,0.820463,ACTIVE,,,,0
P00723,oman_remit,OR-C000072,High,1.198271,1.196774,1.100989,0.572444,0.769888,ACTIVE,,,,0
P00104,oman_remit,OR-C000073,Moderate,0.790968,1.182723,1.000348,0.517912,0.831637,ACTIVE,,,,0
P01743,oman_remit,OR-C000074,Low,1.298541,1.138063,0.829856,0.800768,0.829292,ACTIVE,,,,0
P00667,oman_remit,OR-C000075,High,1.041846,0.857243,0.869104,0.514644,0.753261,ACTIVE,,,,0
P00408,oman_remit,OR-C000076,Moderate,0.956695,0.753517,0.954572,0.162167,0.950846,ACTIVE,,,,0
P01876,oman_remit,OR-C000077,Moderate,0.945914,0.801206,1.17684,0.64446,0.774292,ACTIVE,,,,0
P02500,oman_remit,OR-C000078,Moderate,1.531212,1.005005,0.971434,0.56483,0.84662,ACTIVE,,,,0
P00555,oman_remit,OR-C000079,Moderate,1.07561,1.036307,0.919681,0.473412,0.889413,ACTIVE,,,,0
P02747,oman_remit,OR-C000080,Moderate,0.979836,0.914333,0.995226,0.936177,0.977665,ACTIVE,,,,0
P02458,oman_remit,OR-C000081,Moderate,0.966714,1.064333,0.968351,0.176308,0.999286,ACTIVE,,,,0
P02547,oman_remit,OR-C000082,High,1.346206,0.975638,1.166708,0.384367,0.831415,ACTIVE,,,,0
P01074,oman_remit,OR-C000083,High,0.632387,1.16877,0.922177,0.760555,0.952024,ACTIVE,,,,0
P00401,oman_remit,OR-C000084,Moderate,1.503018,1.245305,1.10133,0.868428,0.751519,ACTIVE,,,,0
P01707,oman_remit,OR-C000085,Very Low,1.07221,0.971248,1.116484,0.021378,0.778527,ACTIVE,,,,0
P02194,oman_remit,OR-C000086,Low,1.058841,0.754835,1.063698,0.806155,0.791364,ACTIVE,,,,0
P01561,oman_remit,OR-C000087,Very High,0.863975,1.156359,1.116253,0.993751,0.974219,ACTIVE,,,,0
P00493,oman_remit,OR-C000088,Moderate,1.233095,1.069118,1.009927,0.464476,0.871114,ACTIVE,,,,0
P01189,oman_remit,OR-C000089,Moderate,1.274777,0.920037,0.933913,0.300625,0.951502,ACTIVE,,,,0
P02529,oman_remit,OR-C000090,Moderate,0.871532,1.070223,1.048632,0.076339,0.925824,ACTIVE,,,,0
P01076,oman_remit,OR-C000091,Low,0.677264,0.895745,0.842441,0.699605,0.815493,ACTIVE,,,,0
P00522,oman_remit,OR-C000092,Moderate,0.896689,0.858309,1.043578,0.27081,0.772613,ACTIVE,S07,Medium,Detectable,0
P00188,oman_remit,OR-C000093,Very High,1.347127,1.212483,1.173773,0.324035,0.944216,ACTIVE,S07,Low,Detectable,0
P02014,oman_remit,OR-C000094,Moderate,0.74983,1.2029,1.026377,0.031644,0.891151,ACTIVE,,,,0
P02843,oman_remit,OR-C000095,Very Low,1.074769,1.008199,1.199188,0.004227,0.788147,ACTIVE,,,,0
P00261,oman_remit,OR-C000096,Very Low,1.32466,0.975027,1.1352,0.342961,0.87048,ACTIVE,,,,0
P00845,oman_remit,OR-C000097,High,0.938104,1.048974,0.866871,0.349593,0.951259,ACTIVE,,,,0
P02830,oman_remit,OR-C000098,Very Low,1.346683,1.1959,0.834453,0.288106,0.805292,ACTIVE,,,,0
P02852,oman_remit,OR-C000099,Very Low,0.770568,0.919814,0.990577,0.039238,0.896472,ACTIVE,,,,0
P00938,oman_remit,OR-C000100,Moderate,1.083844,0.997395,1.182265,0.660324,0.994779,ACTIVE,,,,0
P00932,oman_remit,OR-C000101,Very Low,1.177555,0.78602,1.059676,0.535486,0.897746,ACTIVE,,,,0
P01844,oman_remit,OR-C000102,Very Low,1.141964,0.766056,1.154348,0.837058,0.771203,ACTIVE,,,,0
P02923,oman_remit,OR-C000103,Low,0.795585,1.060631,0.942431,0.188947,0.898636,ACTIVE,,,,0
P02382,oman_remit,OR-C000104,Moderate,1.013851,1.028888,0.971865,0.158011,0.799849,ACTIVE,,,,0
P01926,oman_remit,OR-C000105,Very High,1.453079,1.024002,1.116909,0.767331,0.759571,ACTIVE,,,,0
P00861,oman_remit,OR-C000106,Very Low,0.81182,0.962099,0.850772,0.460762,0.753062,ACTIVE,,,,0
P01947,oman_remit,OR-C000107,High,0.860867,1.150696,1.058954,0.920369,0.989969,ACTIVE,,,,0
P00129,oman_remit,OR-C000108,High,0.849621,1.119967,0.834302,0.847957,0.766981,ACTIVE,,,,0
P01013,oman_remit,OR-C000109,Moderate,1.189471,1.125109,0.917781,0.255206,0.84632,ACTIVE,,,,0
P00536,oman_remit,OR-C000110,Moderate,0.919797,1.051868,1.18734,0.232366,0.96429,ACTIVE,,,,0
P00077,oman_remit,OR-C000111,High,0.904221,0.973845,0.955521,0.520664,0.769853,ACTIVE,,,,0
P00579,oman_remit,OR-C000112,Moderate,1.208273,0.765192,1.188771,0.664044,0.897425,ACTIVE,,,,0
P01440,oman_remit,OR-C000113,High,1.059756,1.180464,0.911492,0.264621,0.835443,ACTIVE,,,,0
P00010,oman_remit,OR-C000114,Low,0.689482,0.964054,1.087228,0.045877,0.928159,ACTIVE,,,,0
P00100,oman_remit,OR-C000115,Moderate,1.140799,1.247455,0.903519,0.321536,0.946332,ACTIVE,,,,0
P02338,oman_remit,OR-C000116,Moderate,0.885885,0.927005,1.103848,0.307104,0.89808,ACTIVE,,,,0
P01214,oman_remit,OR-C000117,Moderate,1.366364,1.166236,1.106536,0.662727,0.933764,ACTIVE,,,,0
P02863,oman_remit,OR-C000118,Very High,1.16505,1.109461,1.004567,0.454302,0.894675,ACTIVE,,,,0
P00118,oman_remit,OR-C000119,Low,1.154834,1.019977,1.177629,0.560088,0.755304,ACTIVE,,,,0
P01850,oman_remit,OR-C000120,High,1.31552,1.022458,1.120846,0.458288,0.869136,ACTIVE,,,,0
P01299,oman_remit,OR-C000121,Moderate,1.240712,1.189077,0.970979,0.305193,0.92795,ACTIVE,,,,0
P02275,oman_remit,OR-C000122,High,0.851923,1.12979,0.802453,0.593082,0.98794,ACTIVE,,,,0
P00675,oman_remit,OR-C000123,High,1.196836,1.071909,1.118829,0.469896,0.78726,ACTIVE,,,,0
P02043,oman_remit,OR-C000124,Very Low,1.078342,0.822498,1.068221,0.290357,0.798104,ACTIVE,,,,0
P01080,oman_remit,OR-C000125,Low,1.190566,1.156361,0.821117,0.611691,0.861413,ACTIVE,,,,0
P02197,oman_remit,OR-C000126,Moderate,1.389386,1.216418,1.057066,0.894427,0.813792,ACTIVE,,,,0
P01808,oman_remit,OR-C000127,Low,0.834182,0.922062,1.121673,0.074229,0.970574,ACTIVE,,,,0
P01236,oman_remit,OR-C000128,High,1.19351,0.77584,1.021359,0.731044,0.792796,ACTIVE,,,,0
P01024,oman_remit,OR-C000129,High,0.904902,0.77403,1.018272,0.776556,0.812313,ACTIVE,,,,0
P01787,oman_remit,OR-C000130,Very Low,1.01267,1.018341,1.125836,0.29187,0.966206,ACTIVE,,,,0
P01101,oman_remit,OR-C000131,Moderate,1.253423,0.761482,1.133373,0.411119,0.876298,ACTIVE,,,,0
P01942,oman_remit,OR-C000132,Moderate,1.226748,0.774631,1.024175,0.66355,0.968795,ACTIVE,,,,0
P00051,oman_remit,OR-C000133,Moderate,1.703442,1.069248,1.102612,0.27927,0.922415,ACTIVE,,,,0
P00356,oman_remit,OR-C000134,Very Low,0.650231,0.831401,1.139565,0.034471,0.830179,ACTIVE,,,,0
P02354,oman_remit,OR-C000135,Moderate,1.114632,1.070745,0.838456,0.159673,0.976486,ACTIVE,,,,0
P02526,oman_remit,OR-C000136,High,1.363328,1.232507,1.081193,0.581209,0.941448,ACTIVE,,,,0
P01647,oman_remit,OR-C000137,Low,0.656309,0.87663,0.984098,0.403708,0.841754,ACTIVE,,,,0
P00112,oman_remit,OR-C000138,Very Low,0.840459,1.173861,1.039143,0.298816,0.96819,ACTIVE,,,,0
P02544,oman_remit,OR-C000139,Low,0.662789,1.081155,1.195068,0.35335,0.975177,ACTIVE,S07,High,Multi-event,0
P00053,oman_remit,OR-C000140,Moderate,1.024356,1.064466,1.085122,0.926178,0.960278,ACTIVE,,,,0
P02027,oman_remit,OR-C000141,High,1.09338,0.867186,0.867461,0.723505,0.977733,ACTIVE,,,,0
P00590,oman_remit,OR-C000142,Very High,1.256979,0.977889,1.041016,0.223718,0.873967,ACTIVE,,,,0
P02414,oman_remit,OR-C000143,Moderate,0.922713,1.243458,0.951699,0.557716,0.852667,ACTIVE,,,,0
P01105,oman_remit,OR-C000144,Low,1.085102,0.964195,0.944842,0.605022,0.754488,ACTIVE,,,,0
P00139,oman_remit,OR-C000145,Low,0.79705,1.244687,1.064235,0.465787,0.787357,ACTIVE,,,,0
P01775,oman_remit,OR-C000146,Low,1.013966,0.905079,0.966971,0.285213,0.901411,ACTIVE,,,,0
P02182,oman_remit,OR-C000147,Very Low,1.082263,1.133029,1.017484,0.565178,0.820086,ACTIVE,,,,0
P00869,oman_remit,OR-C000148,Moderate,0.810847,0.884296,1.115144,0.859078,0.910126,ACTIVE,,,,0
P02613,oman_remit,OR-C000149,Low,1.499106,0.960846,0.919378,0.64702,0.940285,ACTIVE,,,,0
P01421,oman_remit,OR-C000150,Moderate,1.035834,0.88141,1.113199,0.190315,0.803551,ACTIVE,,,,0
P00825,oman_remit,OR-C000151,Moderate,1.154314,0.885596,0.882972,0.135692,0.924845,ACTIVE,,,,0
P01580,oman_remit,OR-C000152,Moderate,0.861833,0.861693,0.975684,0.40043,0.958335,ACTIVE,,,,0
P01538,oman_remit,OR-C000153,Low,1.764008,1.051989,1.072678,0.065862,0.865208,ACTIVE,,,,0
P02314,oman_remit,OR-C000154,Low,1.012101,0.881209,1.184526,0.427863,0.921471,ACTIVE,,,,0
P00466,oman_remit,OR-C000155,Very Low,1.005007,0.870648,1.183058,0.748028,0.800193,ACTIVE,,,,0
P02061,oman_remit,OR-C000156,High,1.483654,1.230021,0.860114,0.635027,0.885215,ACTIVE,,,,0
P00117,oman_remit,OR-C000157,Low,0.86244,0.973383,0.861793,0.53932,0.873053,ACTIVE,,,,0
P02284,oman_remit,OR-C000158,Moderate,1.117907,0.968756,1.009113,0.766735,0.806993,ACTIVE,,,,0
P02345,oman_remit,OR-C000159,High,1.360298,1.105819,0.831584,0.287144,0.85166,ACTIVE,,,,0
P00383,oman_remit,OR-C000160,Low,0.676738,0.830244,1.095714,0.256337,0.935494,ACTIVE,,,,0
P00671,oman_remit,OR-C000161,Very Low,1.009589,1.240675,0.993251,0.55912,0.990671,ACTIVE,,,,0
P00906,oman_remit,OR-C000162,High,1.08759,0.993426,1.194423,0.501326,0.991176,ACTIVE,,,,0
P00207,oman_remit,OR-C000163,Low,1.074101,1.0137,0.96534,0.116463,0.918523,ACTIVE,,,,0
P01443,oman_remit,OR-C000164,Moderate,0.87484,1.084163,0.821939,0.090646,0.917154,ACTIVE,,,,0
P02568,oman_remit,OR-C000165,Very Low,0.970855,1.04367,1.15735,0.564868,0.949409,ACTIVE,,,,0
P01326,oman_remit,OR-C000166,Low,1.352109,0.756612,1.121654,0.215971,0.89305,ACTIVE,,,,0
P00492,oman_remit,OR-C000167,High,1.560963,0.887222,0.831926,0.298005,0.811882,ACTIVE,,,,0
P00357,oman_remit,OR-C000168,Moderate,1.469851,1.201521,1.067244,0.409269,0.752675,ACTIVE,,,,0
P01228,oman_remit,OR-C000169,Low,0.838069,1.051176,0.937043,0.924118,0.858725,ACTIVE,,,,0
P00039,oman_remit,OR-C000170,High,1.030941,0.863752,0.962259,0.804076,0.909454,ACTIVE,,,,0
P02792,oman_remit,OR-C000171,Very Low,1.211478,0.841412,0.955553,0.083319,0.98222,ACTIVE,,,,0
P02915,oman_remit,OR-C000172,Low,0.733453,1.068857,1.104838,0.767679,0.778179,ACTIVE,,,,0
P02239,oman_remit,OR-C000173,Low,0.716559,1.179094,0.968912,0.782563,0.807519,ACTIVE,,,,0
P01471,oman_remit,OR-C000174,Moderate,0.993854,1.018626,1.088265,0.654964,0.758364,ACTIVE,,,,0
P01519,oman_remit,OR-C000175,Moderate,0.95673,1.171348,0.971324,0.27756,0.806585,ACTIVE,,,,0
P02041,oman_remit,OR-C000176,High,0.866358,0.83227,1.195413,0.314749,0.76104,ACTIVE,,,,0
P02295,oman_remit,OR-C000177,Moderate,0.819245,0.872635,0.92591,0.233972,0.904776,ACTIVE,,,,0
P00187,oman_remit,OR-C000178,Very Low,1.049601,1.242245,0.941337,0.844272,0.780471,ACTIVE,,,,0
P01507,oman_remit,OR-C000179,High,1.006185,1.174701,0.918493,0.92848,0.842277,ACTIVE,,,,0
P02539,oman_remit,OR-C000180,Moderate,0.609972,0.893587,1.168415,0.724568,0.981116,ACTIVE,,,,0
P01684,oman_remit,OR-C000181,Moderate,2.059237,0.869518,1.146067,0.738526,0.76377,ACTIVE,,,,0
P00790,oman_remit,OR-C000182,High,0.693921,1.030066,1.102294,0.192791,0.924514,ACTIVE,,,,0
P01617,oman_remit,OR-C000183,Moderate,0.809427,0.767411,0.876701,0.681402,0.878041,ACTIVE,S07,Low,Contextual,0
P02291,oman_remit,OR-C000184,Moderate,1.13593,1.156067,0.903946,0.114853,0.953629,ACTIVE,,,,0
P01529,oman_remit,OR-C000185,Low,0.785899,1.022498,0.820045,0.913427,0.868493,ACTIVE,,,,0
P00544,oman_remit,OR-C000186,High,0.951923,1.197582,1.075697,0.977788,0.943339,ACTIVE,,,,0
P02322,oman_remit,OR-C000187,Low,0.532603,1.032562,0.8237,0.27166,0.889812,ACTIVE,,,,0
P02463,oman_remit,OR-C000188,Low,0.969551,1.087046,0.994658,0.768471,0.889069,ACTIVE,,,,0
P01811,oman_remit,OR-C000189,Moderate,1.052894,1.165937,0.947441,0.385226,0.978318,ACTIVE,,,,0
P00967,oman_remit,OR-C000190,High,0.93294,0.953482,1.091833,0.954778,0.793462,ACTIVE,,,,0
P00698,oman_remit,OR-C000191,Very Low,0.87875,1.181833,1.057906,0.785354,0.759496,ACTIVE,,,,0
P01724,oman_remit,OR-C000192,Very Low,1.21515,0.776153,0.9412,0.261044,0.796082,ACTIVE,,,,0
P01738,oman_remit,OR-C000193,High,1.482065,0.972748,1.090778,0.770513,0.950132,ACTIVE,,,,0
P02961,oman_remit,OR-C000194,High,0.881801,0.884822,0.92684,0.238398,0.849367,ACTIVE,,,,0
P02380,oman_remit,OR-C000195,Very High,0.92205,0.864792,0.936541,0.59267,0.87122,ACTIVE,,,,0
P00568,oman_remit,OR-C000196,Low,1.104985,1.240714,1.112075,0.139979,0.788372,ACTIVE,,,,0
P02876,oman_remit,OR-C000197,Very High,0.960268,1.065385,0.892536,0.486795,0.822868,ACTIVE,,,,0
P00349,oman_remit,OR-C000198,Low,1.124327,0.814395,0.886763,0.323312,0.999125,ACTIVE,,,,0
P01760,oman_remit,OR-C000199,Very High,0.733789,1.226506,1.14942,0.525638,0.958556,ACTIVE,,,,0
P00288,oman_remit,OR-C000200,Low,1.406387,0.880725,1.131469,0.249112,0.886097,ACTIVE,,,,0
P02434,oman_remit,OR-C000201,Very Low,0.836617,1.038449,1.051118,0.480581,0.948861,ACTIVE,,,,0
P00208,oman_remit,OR-C000202,Moderate,1.303771,1.241172,0.814109,0.001677,0.751461,ACTIVE,,,,0
P02727,oman_remit,OR-C000203,Moderate,0.951836,1.060009,0.808051,0.044431,0.892034,ACTIVE,,,,0
P01976,oman_remit,OR-C000204,Very Low,0.808872,0.815248,0.979902,0.270208,0.781869,ACTIVE,,,,0
P01936,oman_remit,OR-C000205,Low,1.00268,1.128363,0.938512,0.171998,0.915657,ACTIVE,,,,0
P02065,oman_remit,OR-C000206,Low,1.014118,0.762296,1.122009,0.509814,0.834681,ACTIVE,,,,0
P02875,oman_remit,OR-C000207,Very Low,1.080438,0.837773,1.063798,0.302166,0.91155,ACTIVE,,,,0
P02364,oman_remit,OR-C000208,Moderate,0.856775,0.983967,0.937451,0.055364,0.894958,ACTIVE,,,,0
P01827,oman_remit,OR-C000209,Low,1.131062,0.782969,1.158232,0.139156,0.960639,ACTIVE,,,,0
P00407,oman_remit,OR-C000210,Moderate,1.103412,0.953277,0.844088,0.665089,0.790164,ACTIVE,,,,0
P00538,oman_remit,OR-C000211,Moderate,0.933748,1.208529,1.104094,0.335273,0.766165,ACTIVE,,,,0
P00285,oman_remit,OR-C000212,Moderate,1.267842,0.770856,0.841311,0.023901,0.793762,ACTIVE,,,,0
P02835,oman_remit,OR-C000213,Very Low,0.64894,0.810505,0.916315,0.77765,0.770938,ACTIVE,,,,0
P00835,oman_remit,OR-C000214,Moderate,1.440068,1.179511,1.140652,0.326317,0.866717,ACTIVE,,,,0
P02416,oman_remit,OR-C000215,Very Low,1.163741,0.934755,0.827045,0.452957,0.953149,ACTIVE,,,,0
P00020,oman_remit,OR-C000216,Low,0.778573,0.843477,0.801631,0.396315,0.980998,ACTIVE,,,,0
P02393,oman_remit,OR-C000217,Low,1.051371,0.886116,1.192476,0.925035,0.881501,ACTIVE,,,,0
P02018,oman_remit,OR-C000218,Moderate,1.0376,1.146649,1.012814,0.373724,0.814828,ACTIVE,,,,0
P01662,oman_remit,OR-C000219,Low,0.567746,1.018118,1.065854,0.00732,0.807578,ACTIVE,,,,0
P02793,oman_remit,OR-C000220,Moderate,0.989411,1.032491,0.849278,0.229356,0.798359,ACTIVE,,,,0
P01890,oman_remit,OR-C000221,Very Low,0.944192,1.014707,0.940724,0.283748,0.881284,ACTIVE,,,,0
P00880,oman_remit,OR-C000222,Moderate,1.351461,1.18737,0.837659,0.752462,0.866571,ACTIVE,,,,0
P00350,oman_remit,OR-C000223,Moderate,0.783873,1.031741,1.115241,0.972727,0.842948,ACTIVE,,,,0
P02415,oman_remit,OR-C000224,Low,1.204851,1.100554,0.903667,0.333059,0.907085,ACTIVE,,,,0
P01104,oman_remit,OR-C000225,Low,1.010781,0.845667,0.848883,0.709369,0.797411,ACTIVE,,,,0
P03361,oman_remit,OR-C000226,Moderate,0.721509,1.239048,1.088973,0.552072,0.95111,ACTIVE,,,,0
P03362,oman_remit,OR-C000227,High,0.824338,1.127188,1.166913,0.42437,0.821829,ACTIVE,,,,0
P03363,oman_remit,OR-C000228,Very Low,0.956461,1.156692,1.105002,0.691795,0.908867,ACTIVE,,,,0
P03364,oman_remit,OR-C000229,Low,1.099626,0.92778,0.841691,0.276222,0.997665,ACTIVE,,,,0
P03365,oman_remit,OR-C000230,Moderate,0.828065,1.113441,1.157992,0.875926,0.788582,ACTIVE,,,,0
P03366,oman_remit,OR-C000231,Moderate,0.908221,1.131448,0.929169,0.233387,0.920907,ACTIVE,,,,0
P03367,oman_remit,OR-C000232,Moderate,0.820509,0.876688,0.951696,0.801348,0.836662,ACTIVE,,,,0
P03368,oman_remit,OR-C000233,Moderate,0.931737,0.927223,0.913897,0.006194,0.877387,ACTIVE,,,,0
P03369,oman_remit,OR-C000234,Very Low,1.022697,1.128234,1.187106,0.238255,0.938396,ACTIVE,,,,0
P03370,oman_remit,OR-C000235,Low,0.894703,1.247045,0.843616,0.311721,0.884319,ACTIVE,,,,0
P03371,oman_remit,OR-C000236,Very High,1.153598,1.101373,0.917374,0.509921,0.969391,ACTIVE,,,,0
P03372,oman_remit,OR-C000237,Very High,1.492401,1.08656,1.100752,0.061786,0.758849,ACTIVE,,,,0
P03373,oman_remit,OR-C000238,Low,0.674736,0.842592,0.950991,0.912468,0.833597,ACTIVE,,,,0
P03374,oman_remit,OR-C000239,Low,0.891012,1.014932,1.113928,0.301125,0.857975,ACTIVE,,,,0
P03375,oman_remit,OR-C000240,Very Low,0.59564,0.947038,1.192128,0.683976,0.78526,ACTIVE,,,,0
P03376,oman_remit,OR-C000241,Very Low,1.78383,1.04784,1.065954,0.843749,0.880053,ACTIVE,,,,0
P03377,oman_remit,OR-C000242,Low,1.179568,1.133619,0.996178,0.960629,0.83208,ACTIVE,,,,0
P03378,oman_remit,OR-C000243,High,1.338998,1.156028,0.852181,0.015205,0.860097,ACTIVE,,,,0
P03379,oman_remit,OR-C000244,Moderate,1.671802,1.203433,0.970821,0.883945,0.855607,ACTIVE,,,,0
P03380,oman_remit,OR-C000245,High,0.76279,0.934414,1.10862,0.79099,0.954736,ACTIVE,,,,0
P03381,oman_remit,OR-C000246,Low,1.045461,1.093067,1.189422,0.789032,0.894151,ACTIVE,,,,0
P03382,oman_remit,OR-C000247,Very Low,1.337422,1.228785,1.088841,0.175383,0.851274,ACTIVE,,,,0
P03383,oman_remit,OR-C000248,Very Low,0.983521,1.209185,0.988098,0.148992,0.873304,ACTIVE,,,,0
P03384,oman_remit,OR-C000249,Moderate,1.259064,0.952914,0.840225,0.975867,0.77831,ACTIVE,,,,0
P03385,oman_remit,OR-C000250,Low,0.623439,0.950972,0.823843,0.552923,0.851151,ACTIVE,,,,0
P03386,oman_remit,OR-C000251,Low,1.432852,1.236052,0.891159,0.782283,0.83143,ACTIVE,,,,0
P03387,oman_remit,OR-C000252,Moderate,1.531816,1.221681,0.957972,0.91061,0.896651,ACTIVE,,,,0
P03388,oman_remit,OR-C000253,High,0.667825,0.904112,1.133642,0.670928,0.942142,ACTIVE,,,,0
P03389,oman_remit,OR-C000254,Very Low,0.806869,1.162601,0.803162,0.005857,0.789681,ACTIVE,,,,0
P03390,oman_remit,OR-C000255,Moderate,1.004362,0.936464,1.170308,0.645031,0.899584,ACTIVE,,,,0
P03391,oman_remit,OR-C000256,Moderate,0.774604,0.917129,0.806982,0.894832,0.779826,ACTIVE,,,,0
P03392,oman_remit,OR-C000257,Moderate,0.869365,0.96061,1.109288,0.147768,0.993041,ACTIVE,,,,0
P03393,oman_remit,OR-C000258,Low,0.822317,0.948108,0.881264,0.15276,0.944438,ACTIVE,,,,0
P03394,oman_remit,OR-C000259,Moderate,1.041622,0.982343,0.933815,0.170563,0.917749,ACTIVE,,,,0
P03395,oman_remit,OR-C000260,Very Low,0.770997,0.906661,0.988256,0.550489,0.902164,ACTIVE,,,,0
P03396,oman_remit,OR-C000261,Low,1.406922,0.823789,0.80761,0.392806,0.759304,ACTIVE,,,,0
P03397,oman_remit,OR-C000262,Moderate,1.364166,0.923301,0.878571,0.871367,0.917731,ACTIVE,,,,0
P03398,oman_remit,OR-C000263,Low,0.978277,1.097422,1.144669,0.805107,0.966343,ACTIVE,,,,0
P03399,oman_remit,OR-C000264,Moderate,0.951486,0.756601,0.981992,0.84408,0.831421,ACTIVE,,,,0
P03400,oman_remit,OR-C000265,High,0.972712,1.196966,1.183299,0.230723,0.82614,ACTIVE,,,,0
P03401,oman_remit,OR-C000266,Very Low,1.229761,0.82437,0.893624,0.560612,0.930412,ACTIVE,,,,0
P03402,oman_remit,OR-C000267,Low,1.758928,0.99766,1.060931,0.106499,0.755591,ACTIVE,,,,0
P03403,oman_remit,OR-C000268,Low,1.428158,0.963815,1.026521,0.118985,0.912131,ACTIVE,,,,0
P03404,oman_remit,OR-C000269,High,0.996407,0.813114,1.103036,0.212314,0.886676,ACTIVE,,,,0
P03405,oman_remit,OR-C000270,Moderate,0.883093,1.091657,1.179335,0.328343,0.924778,ACTIVE,,,,0
P03406,oman_remit,OR-C000271,Moderate,1.217063,0.827647,0.918944,0.028867,0.912519,ACTIVE,,,,0
P03407,oman_remit,OR-C000272,Very Low,0.624922,1.082012,0.811162,0.469167,0.920845,ACTIVE,,,,0
P03408,oman_remit,OR-C000273,Low,0.708897,0.967001,1.123025,0.78673,0.816616,ACTIVE,,,,0
P03409,oman_remit,OR-C000274,Moderate,1.118491,1.008725,1.143831,0.084696,0.848786,ACTIVE,,,,0
P03410,oman_remit,OR-C000275,Moderate,1.198399,1.138147,1.157168,0.79702,0.858569,ACTIVE,,,,0
P03411,oman_remit,OR-C000276,Low,1.320141,0.784531,0.861651,0.780489,0.95397,ACTIVE,,,,0
P03412,oman_remit,OR-C000277,Low,1.154143,1.011751,0.871095,0.584099,0.890304,ACTIVE,,,,0
P03413,oman_remit,OR-C000278,Low,1.130981,1.11663,1.11138,0.003505,0.793886,ACTIVE,,,,0
P03414,oman_remit,OR-C000279,Very Low,1.25882,1.178961,0.975474,0.496728,0.785164,ACTIVE,,,,0
P03415,oman_remit,OR-C000280,Low,0.678752,0.804702,1.166767,0.341258,0.798674,ACTIVE,,,,0
P03416,oman_remit,OR-C000281,Very Low,0.8077,0.792848,0.968699,0.129175,0.849455,ACTIVE,,,,0
P03417,oman_remit,OR-C000282,Moderate,0.773471,0.781512,0.921522,0.067401,0.758755,ACTIVE,,,,0
P03418,oman_remit,OR-C000283,Very High,0.867388,0.86163,0.87224,0.657171,0.75155,ACTIVE,,,,0
P03419,oman_remit,OR-C000284,Moderate,0.916643,1.104999,0.910766,0.819227,0.90379,ACTIVE,,,,0
P03420,oman_remit,OR-C000285,Very High,1.060012,1.113186,1.035206,0.063571,0.951098,ACTIVE,,,,0
P03421,oman_remit,OR-C000286,Moderate,1.202521,1.214189,1.056009,0.703325,0.786084,ACTIVE,,,,0
P03422,oman_remit,OR-C000287,High,0.791329,1.120906,1.064399,0.271007,0.935912,ACTIVE,,,,0
P03423,oman_remit,OR-C000288,Very Low,1.124092,0.884577,1.186191,0.604745,0.782647,ACTIVE,,,,0
P03424,oman_remit,OR-C000289,High,0.975663,1.160254,0.805889,0.793124,0.952069,ACTIVE,,,,0
P03425,oman_remit,OR-C000290,Low,0.93939,0.953393,1.011133,0.855037,0.826144,ACTIVE,,,,0
P03426,oman_remit,OR-C000291,High,1.074022,0.820645,1.157762,0.057549,0.910047,ACTIVE,,,,0
P03427,oman_remit,OR-C000292,Very Low,1.010122,1.00862,1.055626,0.044009,0.774453,ACTIVE,,,,0
P03428,oman_remit,OR-C000293,Very Low,1.16297,0.943393,0.849542,0.192504,0.996728,ACTIVE,,,,0
P03429,oman_remit,OR-C000294,Very High,1.327824,0.851433,1.018692,0.774058,0.860519,ACTIVE,,,,0
P03430,oman_remit,OR-C000295,High,1.148689,1.146872,1.017867,0.243086,0.935457,ACTIVE,,,,0
P03431,oman_remit,OR-C000296,Very High,0.786458,0.768302,1.057726,0.957972,0.866171,ACTIVE,,,,0
P03432,oman_remit,OR-C000297,Very Low,1.119408,1.042349,0.978025,0.108214,0.876978,ACTIVE,,,,0
P03433,oman_remit,OR-C000298,High,1.107668,1.077593,0.818305,0.743289,0.981558,ACTIVE,,,,0
P03434,oman_remit,OR-C000299,Moderate,0.90152,0.868646,1.112334,0.304967,0.949656,ACTIVE,,,,0
P03435,oman_remit,OR-C000300,Moderate,0.943781,0.752888,0.857487,0.196762,0.750009,ACTIVE,,,,0
P03436,oman_remit,OR-C000301,High,1.20124,0.833698,1.158757,0.083272,0.834617,ACTIVE,,,,0
P03437,oman_remit,OR-C000302,Very High,0.685013,0.798835,1.101379,0.134521,0.977186,ACTIVE,,,,0
P03438,oman_remit,OR-C000303,High,1.288989,0.822105,0.986999,0.252896,0.91563,ACTIVE,,,,0
P03439,oman_remit,OR-C000304,Low,1.148004,1.153366,0.983789,0.577742,0.802988,ACTIVE,,,,0
P03440,oman_remit,OR-C000305,Moderate,1.071816,0.811324,1.008396,0.962628,0.949709,ACTIVE,,,,0
P03441,oman_remit,OR-C000306,Moderate,0.869254,1.063452,0.997186,0.932911,0.983359,ACTIVE,,,,0
P03442,oman_remit,OR-C000307,Moderate,0.819507,1.037331,0.844525,0.13375,0.889783,ACTIVE,,,,0
P03443,oman_remit,OR-C000308,High,0.712568,0.756274,1.04936,0.522997,0.888607,ACTIVE,,,,0
P03444,oman_remit,OR-C000309,Moderate,0.983019,0.949544,1.015848,0.148413,0.825885,ACTIVE,,,,0
P03445,oman_remit,OR-C000310,Low,0.570567,0.839382,1.032478,0.68964,0.849712,ACTIVE,,,,0
P03446,oman_remit,OR-C000311,High,1.566126,0.80357,1.019122,0.335369,0.9378,ACTIVE,,,,0
P03447,oman_remit,OR-C000312,Moderate,0.766714,1.00198,0.829169,0.779464,0.830844,ACTIVE,,,,0
P03448,oman_remit,OR-C000313,Moderate,1.271219,0.806474,1.182975,0.516376,0.894313,ACTIVE,,,,0
P03449,oman_remit,OR-C000314,High,1.164651,1.087741,0.83858,0.832515,0.975592,ACTIVE,,,,0
P03450,oman_remit,OR-C000315,Low,0.493624,1.197626,1.059568,0.07733,0.794172,ACTIVE,,,,0
P03451,oman_remit,OR-C000316,Moderate,1.069027,1.037371,0.988979,0.660692,0.793217,ACTIVE,,,,0
P03452,oman_remit,OR-C000317,Moderate,0.984138,0.860074,1.127714,0.729625,0.881703,ACTIVE,,,,0
P03453,oman_remit,OR-C000318,Low,0.989287,1.209886,1.070915,0.368031,0.765712,ACTIVE,,,,0
P03454,oman_remit,OR-C000319,Very Low,1.041127,1.077602,1.161303,0.040242,0.895183,ACTIVE,,,,0
P03455,oman_remit,OR-C000320,High,1.442663,0.868875,0.926473,0.250435,0.778369,ACTIVE,,,,0
P03456,oman_remit,OR-C000321,Moderate,1.349424,1.049645,0.834865,0.217588,0.995131,ACTIVE,,,,0
P03457,oman_remit,OR-C000322,Low,0.68679,0.811833,1.089281,0.756128,0.844243,ACTIVE,,,,0
P03458,oman_remit,OR-C000323,Very Low,0.687458,1.096845,0.852432,0.272997,0.826933,ACTIVE,,,,0
P03459,oman_remit,OR-C000324,Moderate,1.350501,0.983575,1.093711,0.132349,0.895108,ACTIVE,,,,0
P03460,oman_remit,OR-C000325,Very High,0.674847,0.93951,0.899091,0.260057,0.80262,ACTIVE,,,,0
P03461,oman_remit,OR-C000326,Low,1.362313,0.814355,1.16471,0.638911,0.988292,ACTIVE,,,,0
P03462,oman_remit,OR-C000327,Very High,1.633143,0.954301,0.942877,0.601444,0.78117,ACTIVE,,,,0
P03463,oman_remit,OR-C000328,Very Low,0.970239,0.76527,0.840195,0.520872,0.846019,ACTIVE,,,,0
P03464,oman_remit,OR-C000329,Moderate,1.960009,1.151214,0.882162,0.600608,0.890622,ACTIVE,,,,0
P03465,oman_remit,OR-C000330,High,0.823708,0.752636,1.166784,0.222211,0.890056,ACTIVE,,,,0
P03466,oman_remit,OR-C000331,Very Low,0.969332,0.841862,0.834055,0.903528,0.802654,ACTIVE,,,,0
P03467,oman_remit,OR-C000332,Moderate,0.626755,1.119299,1.008731,0.544913,0.838136,ACTIVE,,,,0
P03468,oman_remit,OR-C000333,Low,0.831979,0.954043,0.92739,0.247739,0.807334,ACTIVE,,,,0
P03469,oman_remit,OR-C000334,High,1.220586,0.812568,1.174916,0.566542,0.892999,ACTIVE,,,,0
P03470,oman_remit,OR-C000335,Moderate,1.392928,1.139884,1.001326,0.779304,0.870629,ACTIVE,,,,0
P03471,oman_remit,OR-C000336,High,1.018243,0.962076,1.005866,0.942719,0.809474,ACTIVE,,,,0
P03472,oman_remit,OR-C000337,Very Low,0.891695,1.122966,1.001098,0.04479,0.938775,ACTIVE,,,,0
P03473,oman_remit,OR-C000338,Low,0.551477,1.07311,1.178791,0.430716,0.959837,ACTIVE,,,,0
P03474,oman_remit,OR-C000339,Moderate,1.144511,0.870988,1.081889,0.059217,0.834798,ACTIVE,,,,0
P03475,oman_remit,OR-C000340,Very Low,0.95775,1.004594,1.028861,0.722996,0.817258,ACTIVE,,,,0
P03476,oman_remit,OR-C000341,Very High,0.82135,0.971117,1.139136,0.132636,0.833361,ACTIVE,,,,0
P03477,oman_remit,OR-C000342,Low,1.223577,1.24817,1.128375,0.408834,0.917117,ACTIVE,,,,0
P03478,oman_remit,OR-C000343,Very Low,0.759133,1.079788,0.994407,0.246804,0.917569,ACTIVE,,,,0
P03479,oman_remit,OR-C000344,High,1.478964,1.065598,0.847543,0.642834,0.949727,ACTIVE,,,,0
P03480,oman_remit,OR-C000345,High,1.247146,1.161245,1.033616,0.133734,0.855229,ACTIVE,,,,0
P03481,oman_remit,OR-C000346,Low,1.034755,1.176932,1.106287,0.4036,0.978051,ACTIVE,,,,0
P03482,oman_remit,OR-C000347,Low,1.164561,1.130032,0.981901,0.095752,0.762556,ACTIVE,,,,0
P03483,oman_remit,OR-C000348,Moderate,1.078362,1.001187,0.93004,0.010215,0.833441,ACTIVE,,,,0
P03484,oman_remit,OR-C000349,High,1.198726,1.18054,1.148706,0.651392,0.939568,ACTIVE,,,,0
P03485,oman_remit,OR-C000350,Low,1.507078,0.941701,0.94668,0.647259,0.873677,ACTIVE,,,,0
P03486,oman_remit,OR-C000351,Moderate,0.958718,1.208581,1.003804,0.525876,0.878437,ACTIVE,,,,0
P03487,oman_remit,OR-C000352,High,0.602676,0.985247,1.029285,0.269701,0.931866,ACTIVE,,,,0
P03488,oman_remit,OR-C000353,Low,1.04744,0.83202,1.16967,0.517286,0.899125,ACTIVE,,,,0
P03489,oman_remit,OR-C000354,Very Low,0.947206,0.933182,1.133884,0.354323,0.99435,ACTIVE,,,,0
P03490,oman_remit,OR-C000355,Low,1.379023,1.088144,0.870453,0.679823,0.752247,ACTIVE,,,,0
P03491,oman_remit,OR-C000356,Low,0.978881,1.097912,0.978556,0.736115,0.881178,ACTIVE,,,,0
P03492,oman_remit,OR-C000357,High,0.90438,1.026573,0.831655,0.151222,0.944904,ACTIVE,,,,0
P03493,oman_remit,OR-C000358,Low,0.991092,0.880861,1.03228,0.478284,0.754673,ACTIVE,,,,0
P03494,oman_remit,OR-C000359,High,0.784876,0.931039,1.019722,0.982453,0.792817,ACTIVE,,,,0
P03495,oman_remit,OR-C000360,High,1.113137,1.072127,1.137022,0.163176,0.833485,ACTIVE,,,,0
P03496,oman_remit,OR-C000361,Moderate,0.679464,1.008698,0.922914,0.803147,0.888047,ACTIVE,,,,0
P03497,oman_remit,OR-C000362,Low,1.010874,0.818224,1.119542,0.521838,0.826035,ACTIVE,,,,0
P03498,oman_remit,OR-C000363,Moderate,1.364453,1.098573,0.87058,0.842579,0.992096,ACTIVE,,,,0
P03499,oman_remit,OR-C000364,High,0.90584,0.90177,1.161213,0.087399,0.7798,ACTIVE,,,,0
P03500,oman_remit,OR-C000365,Low,0.982267,0.891469,1.079987,0.589801,0.836588,ACTIVE,,,,0
P03501,oman_remit,OR-C000366,Moderate,1.177677,0.892308,1.024661,0.155454,0.982922,ACTIVE,,,,0
P03502,oman_remit,OR-C000367,Low,0.906892,1.170646,0.949852,0.307404,0.92429,ACTIVE,,,,0
P03503,oman_remit,OR-C000368,Low,1.749968,1.17394,0.822751,0.281494,0.915475,ACTIVE,,,,0
P03504,oman_remit,OR-C000369,High,0.828436,0.958631,1.070195,0.408437,0.99161,ACTIVE,,,,0
P03505,oman_remit,OR-C000370,High,1.367603,1.144776,1.18364,0.048757,0.955637,ACTIVE,,,,0
P03506,oman_remit,OR-C000371,Low,0.812955,0.816533,0.871045,0.886521,0.835299,ACTIVE,,,,0
P03507,oman_remit,OR-C000372,Low,0.676191,1.086025,0.933117,0.852578,0.807829,ACTIVE,,,,0
P03508,oman_remit,OR-C000373,Moderate,1.308787,1.09968,1.152931,0.68821,0.876984,ACTIVE,,,,0
P03509,oman_remit,OR-C000374,Moderate,1.53661,0.788912,1.179629,0.386703,0.929343,ACTIVE,,,,0
P03510,oman_remit,OR-C000375,Very Low,1.021597,1.217327,0.923666,0.493365,0.996886,ACTIVE,,,,0
P03511,oman_remit,OR-C000376,Very High,1.176495,0.942281,1.077775,0.428216,0.996045,ACTIVE,,,,0
P03512,oman_remit,OR-C000377,High,0.522735,1.113676,1.107616,0.509976,0.836808,ACTIVE,,,,0
P03513,oman_remit,OR-C000378,Very Low,1.775778,0.916332,1.086114,0.942407,0.941348,ACTIVE,,,,0
P03514,oman_remit,OR-C000379,Moderate,1.330533,1.23011,1.116295,0.481368,0.94338,ACTIVE,,,,0
P03515,oman_remit,OR-C000380,Very Low,0.799794,0.965564,0.830871,0.780825,0.776647,ACTIVE,,,,0
P03516,oman_remit,OR-C000381,Moderate,1.535633,1.097722,1.131419,0.016411,0.777669,ACTIVE,,,,0
P03517,oman_remit,OR-C000382,Very Low,0.910215,1.082614,1.117931,0.785372,0.789785,ACTIVE,,,,0
P03518,oman_remit,OR-C000383,High,1.104925,0.989495,0.967077,0.778803,0.94061,ACTIVE,,,,0
P03519,oman_remit,OR-C000384,Very High,1.022146,1.201014,0.948856,0.555416,0.865677,ACTIVE,,,,0
P03520,oman_remit,OR-C000385,High,1.295272,1.028664,1.128958,0.369589,0.75256,ACTIVE,,,,0
P03521,oman_remit,OR-C000386,Moderate,1.431645,1.077854,1.035263,0.188159,0.881198,ACTIVE,,,,0
P03522,oman_remit,OR-C000387,Low,1.241461,0.782027,0.89485,0.180101,0.981027,ACTIVE,,,,0
P03523,oman_remit,OR-C000388,Moderate,1.775765,0.769923,1.141324,0.57604,0.821112,ACTIVE,,,,0
P03524,oman_remit,OR-C000389,Low,0.983612,0.766294,1.152601,0.779903,0.89038,ACTIVE,,,,0
P03525,oman_remit,OR-C000390,Moderate,0.882124,0.913901,0.95271,0.611417,0.825781,ACTIVE,,,,0
P03526,oman_remit,OR-C000391,Moderate,0.69365,1.170493,1.017083,0.295629,0.996441,ACTIVE,,,,0
P03527,oman_remit,OR-C000392,Moderate,0.898436,1.168517,0.883533,0.536957,0.824124,ACTIVE,,,,0
P03528,oman_remit,OR-C000393,Moderate,0.938088,0.764877,0.909504,0.315968,0.774539,ACTIVE,,,,0
P03529,oman_remit,OR-C000394,Moderate,0.96447,1.208999,1.137355,0.464869,0.940888,ACTIVE,,,,0
P03530,oman_remit,OR-C000395,Low,0.935084,0.846116,0.837882,0.63766,0.950892,ACTIVE,,,,0
P03531,oman_remit,OR-C000396,Low,1.253108,1.02184,0.908605,0.538224,0.990371,ACTIVE,,,,0
P03532,oman_remit,OR-C000397,Low,0.625745,1.129098,1.115985,0.79122,0.766082,ACTIVE,,,,0
P03533,oman_remit,OR-C000398,Moderate,1.03256,0.770259,1.17652,0.544708,0.81376,ACTIVE,,,,0
P03534,oman_remit,OR-C000399,High,1.033243,1.241465,1.180789,0.079028,0.952274,ACTIVE,,,,0
P03535,oman_remit,OR-C000400,Very Low,0.830795,0.904888,1.153561,0.878072,0.84174,ACTIVE,,,,0
P03536,oman_remit,OR-C000401,Very High,0.581768,1.174252,1.062329,0.916805,0.803862,ACTIVE,,,,0
P03537,oman_remit,OR-C000402,High,0.911217,0.773985,1.109943,0.587966,0.813709,ACTIVE,,,,0
P03538,oman_remit,OR-C000403,Low,1.009255,1.156545,1.167646,0.707054,0.78914,ACTIVE,,,,0
P03539,oman_remit,OR-C000404,Moderate,0.862258,0.832277,0.889068,0.818211,0.90672,ACTIVE,,,,0
P03540,oman_remit,OR-C000405,Very Low,0.933315,1.118956,1.148325,0.57512,0.939398,ACTIVE,,,,0
P03541,oman_remit,OR-C000406,Moderate,0.938996,0.846607,1.174565,0.781031,0.989246,ACTIVE,,,,0
P03542,oman_remit,OR-C000407,Low,0.853895,0.977154,1.103166,0.01709,0.871118,ACTIVE,,,,0
P03543,oman_remit,OR-C000408,Moderate,1.102586,1.185651,1.126589,0.749761,0.846425,ACTIVE,,,,0
P03544,oman_remit,OR-C000409,Moderate,1.076976,1.020087,1.066024,0.455746,0.925175,ACTIVE,,,,0
P03545,oman_remit,OR-C000410,Low,0.70523,0.928798,0.938733,0.959037,0.982935,ACTIVE,,,,0
P03546,oman_remit,OR-C000411,Low,1.135243,1.093458,0.925749,0.726467,0.914111,ACTIVE,,,,0
P03547,oman_remit,OR-C000412,Very High,1.62887,1.200904,1.192098,0.823097,0.938496,ACTIVE,,,,0
P03548,oman_remit,OR-C000413,Moderate,1.041473,1.146287,1.196666,0.797036,0.764989,ACTIVE,,,,0
P03549,oman_remit,OR-C000414,Low,1.234872,0.828968,1.135076,0.037501,0.909515,ACTIVE,,,,0
P03550,oman_remit,OR-C000415,Moderate,1.117016,0.857858,0.806634,0.770621,0.869415,ACTIVE,,,,0
P03551,oman_remit,OR-C000416,Moderate,0.849664,0.78602,0.928429,0.475871,0.834393,ACTIVE,,,,0
P03552,oman_remit,OR-C000417,Very High,1.18236,0.890193,1.065906,0.76373,0.887929,ACTIVE,,,,0
P03553,oman_remit,OR-C000418,High,0.627417,1.064869,1.17692,0.626513,0.86116,ACTIVE,,,,0
P03554,oman_remit,OR-C000419,Moderate,1.124095,0.997803,0.985136,0.431489,0.803752,ACTIVE,,,,0
P03555,oman_remit,OR-C000420,Moderate,1.23297,1.158908,1.02698,0.858635,0.892519,ACTIVE,,,,0
P03556,oman_remit,OR-C000421,Low,0.81291,0.773423,0.899604,0.806814,0.779901,ACTIVE,,,,0
P03557,oman_remit,OR-C000422,Low,0.774232,0.774272,0.821148,0.911601,0.92241,ACTIVE,,,,0
P03558,oman_remit,OR-C000423,Moderate,1.030031,0.817266,0.89589,0.104733,0.940845,ACTIVE,,,,0
P03559,oman_remit,OR-C000424,Moderate,0.789628,1.210672,0.873424,0.399395,0.840621,ACTIVE,,,,0
P03560,oman_remit,OR-C000425,Very Low,1.197473,0.805843,1.0139,0.907343,0.789252,ACTIVE,,,,0
P03561,oman_remit,OR-C000426,Moderate,1.041824,0.90171,1.198624,0.288854,0.927301,ACTIVE,,,,0
P03562,oman_remit,OR-C000427,Very Low,1.416179,1.010029,0.883674,0.396526,0.992427,ACTIVE,,,,0
P03563,oman_remit,OR-C000428,Low,1.307631,0.750672,0.918354,0.878393,0.90378,ACTIVE,,,,0
P03564,oman_remit,OR-C000429,Very Low,1.027668,1.019889,1.011236,0.250418,0.783519,ACTIVE,,,,0
P03565,oman_remit,OR-C000430,Very Low,1.202896,0.952472,1.153421,0.665848,0.975637,ACTIVE,,,,0
P03566,oman_remit,OR-C000431,High,1.39677,1.0713,0.989366,0.770276,0.985332,ACTIVE,,,,0
P03567,oman_remit,OR-C000432,Low,0.836186,0.994646,1.100281,0.327449,0.777355,ACTIVE,,,,0
P03568,oman_remit,OR-C000433,Moderate,1.3221,0.92631,1.173248,0.022644,0.752897,ACTIVE,,,,0
P03569,oman_remit,OR-C000434,Moderate,0.934797,0.988002,1.113168,0.453962,0.888277,ACTIVE,,,,0
P03570,oman_remit,OR-C000435,High,0.999966,0.788935,1.190974,0.379873,0.843848,ACTIVE,,,,0
P03571,oman_remit,OR-C000436,Moderate,0.608053,1.047406,1.045842,0.447033,0.794544,ACTIVE,,,,0
P03572,oman_remit,OR-C000437,High,1.365477,1.076732,0.876884,0.802411,0.827316,ACTIVE,,,,0
P03573,oman_remit,OR-C000438,Low,1.063092,1.245806,1.049872,0.816939,0.807095,ACTIVE,,,,0
P03574,oman_remit,OR-C000439,Moderate,1.544534,0.93128,1.024573,0.797246,0.852667,ACTIVE,,,,0
P03575,oman_remit,OR-C000440,Very Low,1.059944,0.778713,1.07545,0.029285,0.789024,ACTIVE,,,,0
P03576,oman_remit,OR-C000441,Moderate,0.768795,1.064286,0.835513,0.245012,0.767059,ACTIVE,,,,0
P03577,oman_remit,OR-C000442,Moderate,0.981719,1.234527,1.10117,0.04588,0.886499,ACTIVE,,,,0
P03578,oman_remit,OR-C000443,Very Low,1.122795,1.151184,1.092657,0.490212,0.793507,ACTIVE,,,,0
P03579,oman_remit,OR-C000444,Moderate,1.280754,1.112945,1.143297,0.697813,0.778933,ACTIVE,,,,0
P03580,oman_remit,OR-C000445,Moderate,1.049462,0.91107,0.98921,0.872592,0.824014,ACTIVE,,,,0
P03581,oman_remit,OR-C000446,Moderate,0.861406,0.916434,0.917765,0.838455,0.935212,ACTIVE,,,,0
P03582,oman_remit,OR-C000447,High,1.020035,0.989097,0.975094,0.196478,0.964276,ACTIVE,,,,0
P03583,oman_remit,OR-C000448,High,1.049277,0.789431,1.123202,0.261602,0.771718,ACTIVE,,,,0
P03584,oman_remit,OR-C000449,Low,1.078513,1.127845,1.105467,0.333067,0.797052,ACTIVE,,,,0
P03585,oman_remit,OR-C000450,Moderate,1.254974,1.015155,1.032536,0.428394,0.766657,ACTIVE,,,,0
P03586,oman_remit,OR-C000451,Low,1.201741,0.983212,0.939883,0.579352,0.852179,ACTIVE,,,,0
P03587,oman_remit,OR-C000452,Low,1.061723,1.195748,1.035921,0.977559,0.984464,ACTIVE,,,,0
P03588,oman_remit,OR-C000453,Very Low,0.895322,1.030625,0.994201,0.960702,0.950362,ACTIVE,,,,0
P03589,oman_remit,OR-C000454,Low,1.067918,1.019495,0.839551,0.089342,0.90819,ACTIVE,,,,0
P03590,oman_remit,OR-C000455,Low,1.64654,1.157385,1.186,0.35397,0.841181,ACTIVE,,,,0
P03591,oman_remit,OR-C000456,Low,0.808783,0.757733,0.846167,0.211109,0.996203,ACTIVE,,,,0
P03592,oman_remit,OR-C000457,Moderate,0.883687,0.927059,0.856134,0.774467,0.921648,ACTIVE,,,,0
P03593,oman_remit,OR-C000458,High,1.323845,1.214186,0.849301,0.880852,0.889139,ACTIVE,,,,0
P03594,oman_remit,OR-C000459,Moderate,0.833201,0.902807,1.177582,0.701745,0.950432,ACTIVE,,,,0
P03595,oman_remit,OR-C000460,Moderate,0.828208,1.11477,1.16239,0.335436,0.894426,ACTIVE,,,,0
P03596,oman_remit,OR-C000461,Moderate,1.162197,1.17447,0.976689,0.317464,0.82462,ACTIVE,,,,0
P03597,oman_remit,OR-C000462,Moderate,1.446288,1.14942,1.019151,0.875365,0.902352,ACTIVE,,,,0
P03598,oman_remit,OR-C000463,High,1.284151,0.846874,0.833723,0.839171,0.756899,ACTIVE,,,,0
P03599,oman_remit,OR-C000464,Moderate,1.425354,0.79125,0.943649,0.573243,0.784269,ACTIVE,,,,0
P03600,oman_remit,OR-C000465,Moderate,0.980483,1.00623,1.088956,0.36294,0.753394,ACTIVE,,,,0
P03601,oman_remit,OR-C000466,Moderate,0.70654,0.924072,0.895966,0.025876,0.893598,ACTIVE,,,,0
P03602,oman_remit,OR-C000467,Moderate,1.495606,0.752269,0.885306,0.611423,0.77474,ACTIVE,,,,0
P03603,oman_remit,OR-C000468,Moderate,1.525382,1.066825,1.16229,0.875488,0.777213,ACTIVE,,,,0
P03604,oman_remit,OR-C000469,Moderate,1.57444,1.066497,1.162576,0.740687,0.973638,ACTIVE,,,,0
P03605,oman_remit,OR-C000470,High,0.859451,0.767246,0.951972,0.001925,0.972193,ACTIVE,,,,0
P03606,oman_remit,OR-C000471,Very Low,0.936901,1.145527,1.087483,0.45073,0.751277,ACTIVE,,,,0
P03607,oman_remit,OR-C000472,High,1.113538,1.005,0.88494,0.509191,0.790075,ACTIVE,,,,0
P03608,oman_remit,OR-C000473,Low,0.751023,0.92058,0.807068,0.293152,0.880366,ACTIVE,,,,0
P03609,oman_remit,OR-C000474,Low,0.453789,0.881983,0.811381,0.467962,0.810787,ACTIVE,,,,0
P03610,oman_remit,OR-C000475,Low,1.156078,1.1438,0.914561,0.769369,0.98492,ACTIVE,,,,0
P03611,oman_remit,OR-C000476,Moderate,0.783451,0.820785,1.066318,0.712467,0.785461,ACTIVE,,,,0
P03612,oman_remit,OR-C000477,Moderate,1.513191,1.03514,0.842762,0.699699,0.987423,ACTIVE,,,,0
P03613,oman_remit,OR-C000478,Very Low,1.724874,1.097087,0.926657,0.725889,0.974883,ACTIVE,,,,0
P03614,oman_remit,OR-C000479,High,1.229472,0.919902,0.944997,0.094783,0.903146,ACTIVE,,,,0
P03615,oman_remit,OR-C000480,Moderate,1.489981,1.097656,1.151966,0.454137,0.788872,ACTIVE,,,,0
P03616,oman_remit,OR-C000481,Low,0.70891,1.209498,0.96577,0.781125,0.984512,ACTIVE,,,,0
P03617,oman_remit,OR-C000482,Very Low,0.923275,0.868668,0.990892,0.532829,0.945363,ACTIVE,,,,0
P03618,oman_remit,OR-C000483,Moderate,0.597411,0.799646,1.072202,0.67119,0.754436,ACTIVE,,,,0
P03619,oman_remit,OR-C000484,Low,0.804431,0.935808,0.815951,0.029774,0.976499,ACTIVE,,,,0
P03620,oman_remit,OR-C000485,Very Low,1.142131,1.023864,0.879461,0.816106,0.885629,ACTIVE,,,,0
P03621,oman_remit,OR-C000486,Moderate,0.671576,1.064673,1.178846,0.270383,0.873495,ACTIVE,,,,0
P03622,oman_remit,OR-C000487,Low,0.956139,1.069136,1.012632,0.271426,0.859288,ACTIVE,,,,0
P03623,oman_remit,OR-C000488,Low,1.591775,1.10728,0.827875,0.194471,0.985154,ACTIVE,,,,0
P03624,oman_remit,OR-C000489,High,1.065365,0.97406,1.056769,0.307931,0.946796,ACTIVE,,,,0
P03625,oman_remit,OR-C000490,Low,0.962161,0.835377,0.854881,0.56643,0.792141,ACTIVE,,,,0
P03626,oman_remit,OR-C000491,Moderate,1.283611,0.919997,0.933668,0.883115,0.781843,ACTIVE,,,,0
P03627,oman_remit,OR-C000492,Very Low,0.890411,1.225003,0.830114,0.192578,0.753975,ACTIVE,,,,0
P03628,oman_remit,OR-C000493,Moderate,0.940482,1.087459,1.180291,0.005809,0.775206,ACTIVE,,,,0
P03629,oman_remit,OR-C000494,High,1.027194,1.082036,0.920527,0.844313,0.781237,ACTIVE,,,,0
P03630,oman_remit,OR-C000495,Low,0.757278,1.092461,0.988216,0.804502,0.933036,ACTIVE,,,,0
P03631,oman_remit,OR-C000496,Moderate,0.553429,1.214575,0.870178,0.549796,0.840869,ACTIVE,,,,0
P03632,oman_remit,OR-C000497,Low,0.97521,1.18761,1.055708,0.994394,0.854771,ACTIVE,,,,0
P03633,oman_remit,OR-C000498,Moderate,0.854655,0.857227,0.846785,0.826964,0.91306,ACTIVE,,,,0
P03634,oman_remit,OR-C000499,Low,0.802732,1.185339,0.963524,0.995819,0.77178,ACTIVE,,,,0
P03635,oman_remit,OR-C000500,Moderate,0.832081,0.986205,0.827635,0.740598,0.867235,ACTIVE,,,,0
