synthetic_person_id,source_entity,source_customer_id
P00001,ananse.customer,AN-C000001
P00002,ananse.customer,AN-C000002
P00003,ananse.customer,AN-C000003
P00004,ananse.customer,AN-C000004
P00005,ananse.customer,AN-C000005
P00006,ananse.customer,AN-C000006
P00007,ananse.customer,AN-C000007
P00008,ananse.customer,AN-C000008
P00009,ananse.customer,AN-C000009
P00010,ananse.customer,AN-C000010
P00011,ananse.customer,AN-C000011
P00012,ananse.customer,AN-C000012
P00013,ananse.customer,AN-C000013
P00014,ananse.customer,AN-C000014
P00015,ananse.customer,AN-C000015
P00016,ananse.customer,AN-C000016
P00017,ananse.customer,AN-C000017
P00018,ananse.customer,AN-C000018
P00019,ananse.customer,AN-C000019
P00020,ananse.customer,AN-C000020
P00021,ananse.customer,AN-C000021
P00022,ananse.customer,AN-C000022
P00023,ananse.customer,AN-C000023
P00024,ananse.customer,AN-C000024
P00025,ananse.customer,AN-C000025
P00026,ananse.customer,AN-C000026
P00027,ananse.customer,AN-C000027
P00028,ananse.customer,AN-C000028
P00029,ananse.customer,AN-C000029
P00030,ananse.customer,AN-C000030
P00031,ananse.customer,AN-C000031
P00032,ananse.customer,AN-C000032
P00033,ananse.customer,AN-C000033
P00034,ananse.customer,AN-C000034
P00035,ananse.customer,AN-C000035
P00036,ananse.customer,AN-C000036
P00037,ananse.customer,AN-C000037
P00038,ananse.customer,AN-C000038
P00039,ananse.customer,AN-C000039
P00040,ananse.customer,AN-C000040
P00041,ananse.customer,AN-C000041
P00042,ananse.customer,AN-C000042
P00043,ananse.customer,AN-C000043
P00044,ananse.customer,AN-C000044
P00045,ananse.customer,AN-C000045
P00046,ananse.customer,AN-C000046
P00047,ananse.customer,AN-C000047
P00048,ananse.customer,AN-C000048
P00049,ananse.customer,AN-C000049
P00050,ananse.customer,AN-C000050
P00051,ananse.customer,AN-C000051
P00052,ananse.customer,AN-C000052
P00053,ananse.customer,AN-C000053
P00054,ananse.customer,AN-C000054
P00055,ananse.customer,AN-C000055
P00056,ananse.customer,AN-C000056
P00057,ananse.customer,AN-C000057
P00058,ananse.customer,AN-C000058
P00059,ananse.customer,AN-C000059
P00060,ananse.customer,AN-C000060
P00061,ananse.customer,AN-C000061
P00062,ananse.customer,AN-C000062
P00063,ananse.customer,AN-C000063
P00064,ananse.customer,AN-C000064
P00065,ananse.customer,AN-C000065
P00066,ananse.customer,AN-C000066
P00067,ananse.customer,AN-C000067
P00068,ananse.customer,AN-C000068
P00069,ananse.customer,AN-C000069
P00070,ananse.customer,AN-C000070
P00071,ananse.customer,AN-C000071
P00072,ananse.customer,AN-C000072
P00073,ananse.customer,AN-C000073
P00074,ananse.customer,AN-C000074
P00075,ananse.customer,AN-C000075
P00076,ananse.customer,AN-C000076
P00077,ananse.customer,AN-C000077
P00078,ananse.customer,AN-C000078
P00079,ananse.customer,AN-C000079
P00080,ananse.customer,AN-C000080
P00081,ananse.customer,AN-C000081
P00082,ananse.customer,AN-C000082
P00083,ananse.customer,AN-C000083
P00084,ananse.customer,AN-C000084
P00085,ananse.customer,AN-C000085
P00086,ananse.customer,AN-C000086
P00087,ananse.customer,AN-C000087
P00088,ananse.customer,AN-C000088
P00089,ananse.customer,AN-C000089
P00090,ananse.customer,AN-C000090
P00091,ananse.customer,AN-C000091
P00092,ananse.customer,AN-C000092
P00093,ananse.customer,AN-C000093
P00094,ananse.customer,AN-C000094
P00095,ananse.customer,AN-C000095
P00096,ananse.customer,AN-C000096
P00097,ananse.customer,AN-C000097
P00098,ananse.customer,AN-C000098
P00099,ananse.customer,AN-C000099
P00100,ananse.customer,AN-C000100
P00101,ananse.customer,AN-C000101
P00102,ananse.customer,AN-C000102
P00103,ananse.customer,AN-C000103
P00104,ananse.customer,AN-C000104
P00105,ananse.customer,AN-C000105
P00106,ananse.customer,AN-C000106
P00107,ananse.customer,AN-C000107
P00108,ananse.customer,AN-C000108
P00109,ananse.customer,AN-C000109
P00110,ananse.customer,AN-C000110
P00111,ananse.customer,AN-C000111
P00112,ananse.customer,AN-C000112
P00113,ananse.customer,AN-C000113
P00114,ananse.customer,AN-C000114
P00115,ananse.customer,AN-C000115
P00116,ananse.customer,AN-C000116
P00117,ananse.customer,AN-C000117
P00118,ananse.customer,AN-C000118
P00119,ananse.customer,AN-C000119
P00120,ananse.customer,AN-C000120
P00121,ananse.customer,AN-C000121
P00122,ananse.customer,AN-C000122
P00123,ananse.customer,AN-C000123
P00124,ananse.customer,AN-C000124
P00125,ananse.customer,AN-C000125
P00126,ananse.customer,AN-C000126
P00127,ananse.customer,AN-C000127
P00128,ananse.customer,AN-C000128
P00129,ananse.customer,AN-C000129
P00130,ananse.customer,AN-C000130
P00131,ananse.customer,AN-C000131
P00132,ananse.customer,AN-C000132
P00133,ananse.customer,AN-C000133
P00134,ananse.customer,AN-C000134
P00135,ananse.customer,AN-C000135
P00136,ananse.customer,AN-C000136
P00137,ananse.customer,AN-C000137
P00138,ananse.customer,AN-C000138
P00139,ananse.customer,AN-C000139
P00140,ananse.customer,AN-C000140
P00141,ananse.customer,AN-C000141
P00142,ananse.customer,AN-C000142
P00143,ananse.customer,AN-C000143
P00144,ananse.customer,AN-C000144
P00145,ananse.customer,AN-C000145
P00146,ananse.customer,AN-C000146
P00147,ananse.customer,AN-C000147
P00148,ananse.customer,AN-C000148
P00149,ananse.customer,AN-C000149
P00150,ananse.customer,AN-C000150
P00151,ananse.customer,AN-C000151
P00152,ananse.customer,AN-C000152
P00153,ananse.customer,AN-C000153
P00154,ananse.customer,AN-C000154
P00155,ananse.customer,AN-C000155
P00156,ananse.customer,AN-C000156
P00157,ananse.customer,AN-C000157
P00158,ananse.customer,AN-C000158
P00159,ananse.customer,AN-C000159
P00160,ananse.customer,AN-C000160
P00161,ananse.customer,AN-C000161
P00162,ananse.customer,AN-C000162
P00163,ananse.customer,AN-C000163
P00164,ananse.customer,AN-C000164
P00165,ananse.customer,AN-C000165
P00166,ananse.customer,AN-C000166
P00167,ananse.customer,AN-C000167
P00168,ananse.customer,AN-C000168
P00169,ananse.customer,AN-C000169
P00170,ananse.customer,AN-C000170
P00171,ananse.customer,AN-C000171
P00172,ananse.customer,AN-C000172
P00173,ananse.customer,AN-C000173
P00174,ananse.customer,AN-C000174
P00175,ananse.customer,AN-C000175
P00176,ananse.customer,AN-C000176
P00177,ananse.customer,AN-C000177
P00178,ananse.customer,AN-C000178
P00179,ananse.customer,AN-C000179
P00180,ananse.customer,AN-C000180
P00181,ananse.customer,AN-C000181
P00182,ananse.customer,AN-C000182
P00183,ananse.customer,AN-C000183
P00184,ananse.customer,AN-C000184
P00185,ananse.customer,AN-C000185
P00186,ananse.customer,AN-C000186
P00187,ananse.customer,AN-C000187
P00188,ananse.customer,AN-C000188
P00189,ananse.customer,AN-C000189
P00190,ananse.customer,AN-C000190
P00191,ananse.customer,AN-C000191
P00192,ananse.customer,AN-C000192
P00193,ananse.customer,AN-C000193
P00194,ananse.customer,AN-C000194
P00195,ananse.customer,AN-C000195
P00196,ananse.customer,AN-C000196
P00197,ananse.customer,AN-C000197
P00198,ananse.customer,AN-C000198
P00199,ananse.customer,AN-C000199
P00200,ananse.customer,AN-C000200
P00201,ananse.customer,AN-C000201
P00202,ananse.customer,AN-C000202
P00203,ananse.customer,AN-C000203
P00204,ananse.customer,AN-C000204
P00205,ananse.customer,AN-C000205
P00206,ananse.customer,AN-C000206
P00207,ananse.customer,AN-C000207
P00208,ananse.customer,AN-C000208
P00209,ananse.customer,AN-C000209
P00210,ananse.customer,AN-C000210
P00211,ananse.customer,AN-C000211
P00212,ananse.customer,AN-C000212
P00213,ananse.customer,AN-C000213
P00214,ananse.customer,AN-C000214
P00215,ananse.customer,AN-C000215
P00216,ananse.customer,AN-C000216
P00217,ananse.customer,AN-C000217
P00218,ananse.customer,AN-C000218
P00219,ananse.customer,AN-C000219
P00220,ananse.customer,AN-C000220
P00221,ananse.customer,AN-C000221
P00222,ananse.customer,AN-C000222
P00223,ananse.customer,AN-C000223
P00224,ananse.customer,AN-C000224
P00225,ananse.customer,AN-C000225
P00226,ananse.customer,AN-C000226
P00227,ananse.customer,AN-C000227
P00228,ananse.customer,AN-C000228
P00229,ananse.customer,AN-C000229
P00230,ananse.customer,AN-C000230
P00231,ananse.customer,AN-C000231
P00232,ananse.customer,AN-C000232
P00233,ananse.customer,AN-C000233
P00234,ananse.customer,AN-C000234
P00235,ananse.customer,AN-C000235
P00236,ananse.customer,AN-C000236
P00237,ananse.customer,AN-C000237
P00238,ananse.customer,AN-C000238
P00239,ananse.customer,AN-C000239
P00240,ananse.customer,AN-C000240
P00241,ananse.customer,AN-C000241
P00242,ananse.customer,AN-C000242
P00243,ananse.customer,AN-C000243
P00244,ananse.customer,AN-C000244
P00245,ananse.customer,AN-C000245
P00246,ananse.customer,AN-C000246
P00247,ananse.customer,AN-C000247
P00248,ananse.customer,AN-C000248
P00249,ananse.customer,AN-C000249
P00250,ananse.customer,AN-C000250
P00251,ananse.customer,AN-C000251
P00252,ananse.customer,AN-C000252
P00253,ananse.customer,AN-C000253
P00254,ananse.customer,AN-C000254
P00255,ananse.customer,AN-C000255
P00256,ananse.customer,AN-C000256
P00257,ananse.customer,AN-C000257
P00258,ananse.customer,AN-C000258
P00259,ananse.customer,AN-C000259
P00260,ananse.customer,AN-C000260
P00261,ananse.customer,AN-C000261
P00262,ananse.customer,AN-C000262
P00263,ananse.customer,AN-C000263
P00264,ananse.customer,AN-C000264
P00265,ananse.customer,AN-C000265
P00266,ananse.customer,AN-C000266
P00267,ananse.customer,AN-C000267
P00268,ananse.customer,AN-C000268
P00269,ananse.customer,AN-C000269
P00270,ananse.customer,AN-C000270
P00271,ananse.customer,AN-C000271
P00272,ananse.customer,AN-C000272
P00273,ananse.customer,AN-C000273
P00274,ananse.customer,AN-C000274
P00275,ananse.customer,AN-C000275
P00276,ananse.customer,AN-C000276
P00277,ananse.customer,AN-C000277
P00278,ananse.customer,AN-C000278
P00279,ananse.customer,AN-C000279
P00280,ananse.customer,AN-C000280
P00281,ananse.customer,AN-C000281
P00282,ananse.customer,AN-C000282
P00283,ananse.customer,AN-C000283
P00284,ananse.customer,AN-C000284
P00285,ananse.customer,AN-C000285
P00286,ananse.customer,AN-C000286
P00287,ananse.customer,AN-C000287
P00288,ananse.customer,AN-C000288
P00289,ananse.customer,AN-C000289
P00290,ananse.customer,AN-C000290
P00291,ananse.customer,AN-C000291
P00292,ananse.customer,AN-C000292
P00293,ananse.customer,AN-C000293
P00294,ananse.customer,AN-C000294
P00295,ananse.customer,AN-C000295
P00296,ananse.customer,AN-C000296
P00297,ananse.customer,AN-C000297
P00298,ananse.customer,AN-C000298
P00299,ananse.customer,AN-C000299
P00300,ananse.customer,AN-C000300
P00301,ananse.customer,AN-C000301
P00302,ananse.customer,AN-C000302
P00303,ananse.customer,AN-C000303
P00304,ananse.customer,AN-C000304
P00305,ananse.customer,AN-C000305
P00306,ananse.customer,AN-C000306
P00307,ananse.customer,AN-C000307
P00308,ananse.customer,AN-C000308
P00309,ananse.customer,AN-C000309
P00310,ananse.customer,AN-C000310
P00311,ananse.customer,AN-C000311
P00312,ananse.customer,AN-C000312
P00313,ananse.customer,AN-C000313
P00314,ananse.customer,AN-C000314
P00315,ananse.customer,AN-C000315
P00316,ananse.customer,AN-C000316
P00317,ananse.customer,AN-C000317
P00318,ananse.customer,AN-C000318
P00319,ananse.customer,AN-C000319
P00320,ananse.customer,AN-C000320
P00321,ananse.customer,AN-C000321
P00322,ananse.customer,AN-C000322
P00323,ananse.customer,AN-C000323
P00324,ananse.customer,AN-C000324
P00325,ananse.customer,AN-C000325
P00326,ananse.customer,AN-C000326
P00327,ananse.customer,AN-C000327
P00328,ananse.customer,AN-C000328
P00329,ananse.customer,AN-C000329
P00330,ananse.customer,AN-C000330
P00331,ananse.customer,AN-C000331
P00332,ananse.customer,AN-C000332
P00333,ananse.customer,AN-C000333
P00334,ananse.customer,AN-C000334
P00335,ananse.customer,AN-C000335
P00336,ananse.customer,AN-C000336
P00337,ananse.customer,AN-C000337
P00338,ananse.customer,AN-C000338
P00339,ananse.customer,AN-C000339
P00340,ananse.customer,AN-C000340
P00341,ananse.customer,AN-C000341
P00342,ananse.customer,AN-C000342
P00343,ananse.customer,AN-C000343
P00344,ananse.customer,AN-C000344
P00345,ananse.customer,AN-C000345
P00346,ananse.customer,AN-C000346
P00347,ananse.customer,AN-C000347
P00348,ananse.customer,AN-C000348
P00349,ananse.customer,AN-C000349
P00350,ananse.customer,AN-C000350
P00351,ananse.customer,AN-C000351
P00352,ananse.customer,AN-C000352
P00353,ananse.customer,AN-C000353
P00354,ananse.customer,AN-C000354
P00355,ananse.customer,AN-C000355
P00356,ananse.customer,AN-C000356
P00357,ananse.customer,AN-C000357
P00358,ananse.customer,AN-C000358
P00359,ananse.customer,AN-C000359
P00360,ananse.customer,AN-C000360
P00361,ananse.customer,AN-C000361
P00362,ananse.customer,AN-C000362
P00363,ananse.customer,AN-C000363
P00364,ananse.customer,AN-C000364
P00365,ananse.customer,AN-C000365
P00366,ananse.customer,AN-C000366
P00367,ananse.customer,AN-C000367
P00368,ananse.customer,AN-C000368
P00369,ananse.customer,AN-C000369
P00370,ananse.customer,AN-C000370
P00371,ananse.customer,AN-C000371
P00372,ananse.customer,AN-C000372
P00373,ananse.customer,AN-C000373
P00374,ananse.customer,AN-C000374
P00375,ananse.customer,AN-C000375
P00376,ananse.customer,AN-C000376
P00377,ananse.customer,AN-C000377
P00378,ananse.customer,AN-C000378
P00379,ananse.customer,AN-C000379
P00380,ananse.customer,AN-C000380
P00381,ananse.customer,AN-C000381
P00382,ananse.customer,AN-C000382
P00383,ananse.customer,AN-C000383
P00384,ananse.customer,AN-C000384
P00385,ananse.customer,AN-C000385
P00386,ananse.customer,AN-C000386
P00387,ananse.customer,AN-C000387
P00388,ananse.customer,AN-C000388
P00389,ananse.customer,AN-C000389
P00390,ananse.customer,AN-C000390
P00391,ananse.customer,AN-C000391
P00392,ananse.customer,AN-C000392
P00393,ananse.customer,AN-C000393
P00394,ananse.customer,AN-C000394
P00395,ananse.customer,AN-C000395
P00396,ananse.customer,AN-C000396
P00397,ananse.customer,AN-C000397
P00398,ananse.customer,AN-C000398
P00399,ananse.customer,AN-C000399
P00400,ananse.customer,AN-C000400
P00401,ananse.customer,AN-C000401
P00402,ananse.customer,AN-C000402
P00403,ananse.customer,AN-C000403
P00404,ananse.customer,AN-C000404
P00405,ananse.customer,AN-C000405
P00406,ananse.customer,AN-C000406
P00407,ananse.customer,AN-C000407
P00408,ananse.customer,AN-C000408
P00409,ananse.customer,AN-C000409
P00410,ananse.customer,AN-C000410
P00411,ananse.customer,AN-C000411
P00412,ananse.customer,AN-C000412
P00413,ananse.customer,AN-C000413
P00414,ananse.customer,AN-C000414
P00415,ananse.customer,AN-C000415
P00416,ananse.customer,AN-C000416
P00417,ananse.customer,AN-C000417
P00418,ananse.customer,AN-C000418
P00419,ananse.customer,AN-C000419
P00420,ananse.customer,AN-C000420
P00421,ananse.customer,AN-C000421
P00422,ananse.customer,AN-C000422
P00423,ananse.customer,AN-C000423
P00424,ananse.customer,AN-C000424
P00425,ananse.customer,AN-C000425
P00426,ananse.customer,AN-C000426
P00427,ananse.customer,AN-C000427
P00428,ananse.customer,AN-C000428
P00429,ananse.customer,AN-C000429
P00430,ananse.customer,AN-C000430
P00431,ananse.customer,AN-C000431
P00432,ananse.customer,AN-C000432
P00433,ananse.customer,AN-C000433
P00434,ananse.customer,AN-C000434
P00435,ananse.customer,AN-C000435
P00436,ananse.customer,AN-C000436
P00437,ananse.customer,AN-C000437
P00438,ananse.customer,AN-C000438
P00439,ananse.customer,AN-C000439
P00440,ananse.customer,AN-C000440
P00441,ananse.customer,AN-C000441
P00442,ananse.customer,AN-C000442
P00443,ananse.customer,AN-C000443
P00444,ananse.customer,AN-C000444
P00445,ananse.customer,AN-C000445
P00446,ananse.customer,AN-C000446
P00447,ananse.customer,AN-C000447
P00448,ananse.customer,AN-C000448
P00449,ananse.customer,AN-C000449
P00450,ananse.customer,AN-C000450
P00451,ananse.customer,AN-C000451
P00452,ananse.customer,AN-C000452
P00453,ananse.customer,AN-C000453
P00454,ananse.customer,AN-C000454
P00455,ananse.customer,AN-C000455
P00456,ananse.customer,AN-C000456
P00457,ananse.customer,AN-C000457
P00458,ananse.customer,AN-C000458
P00459,ananse.customer,AN-C000459
P00460,ananse.customer,AN-C000460
P00461,ananse.customer,AN-C000461
P00462,ananse.customer,AN-C000462
P00463,ananse.customer,AN-C000463
P00464,ananse.customer,AN-C000464
P00465,ananse.customer,AN-C000465
P00466,ananse.customer,AN-C000466
P00467,ananse.customer,AN-C000467
P00468,ananse.customer,AN-C000468
P00469,ananse.customer,AN-C000469
P00470,ananse.customer,AN-C000470
P00471,ananse.customer,AN-C000471
P00472,ananse.customer,AN-C000472
P00473,ananse.customer,AN-C000473
P00474,ananse.customer,AN-C000474
P00475,ananse.customer,AN-C000475
P00476,ananse.customer,AN-C000476
P00477,ananse.customer,AN-C000477
P00478,ananse.customer,AN-C000478
P00479,ananse.customer,AN-C000479
P00480,ananse.customer,AN-C000480
P00481,ananse.customer,AN-C000481
P00482,ananse.customer,AN-C000482
P00483,ananse.customer,AN-C000483
P00484,ananse.customer,AN-C000484
P00485,ananse.customer,AN-C000485
P00486,ananse.customer,AN-C000486
P00487,ananse.customer,AN-C000487
P00488,ananse.customer,AN-C000488
P00489,ananse.customer,AN-C000489
P00490,ananse.customer,AN-C000490
P00491,ananse.customer,AN-C000491
P00492,ananse.customer,AN-C000492
P00493,ananse.customer,AN-C000493
P00494,ananse.customer,AN-C000494
P00495,ananse.customer,AN-C000495
P00496,ananse.customer,AN-C000496
P00497,ananse.customer,AN-C000497
P00498,ananse.customer,AN-C000498
P00499,ananse.customer,AN-C000499
P00500,ananse.customer,AN-C000500
P00501,ananse.customer,AN-C000501
P00502,ananse.customer,AN-C000502
P00503,ananse.customer,AN-C000503
P00504,ananse.customer,AN-C000504
P00505,ananse.customer,AN-C000505
P00506,ananse.customer,AN-C000506
P00507,ananse.customer,AN-C000507
P00508,ananse.customer,AN-C000508
P00509,ananse.customer,AN-C000509
P00510,ananse.customer,AN-C000510
P00511,ananse.customer,AN-C000511
P00512,ananse.customer,AN-C000512
P00513,ananse.customer,AN-C000513
P00514,ananse.customer,AN-C000514
P00515,ananse.customer,AN-C000515
P00516,ananse.customer,AN-C000516
P00517,ananse.customer,AN-C000517
P00518,ananse.customer,AN-C000518
P00519,ananse.customer,AN-C000519
P00520,ananse.customer,AN-C000520
P00521,ananse.customer,AN-C000521
P00522,ananse.customer,AN-C000522
P00523,ananse.customer,AN-C000523
P00524,ananse.customer,AN-C000524
P00525,ananse.customer,AN-C000525
P00526,ananse.customer,AN-C000526
P00527,ananse.customer,AN-C000527
P00528,ananse.customer,AN-C000528
P00529,ananse.customer,AN-C000529
P00530,ananse.customer,AN-C000530
P00531,ananse.customer,AN-C000531
P00532,ananse.customer,AN-C000532
P00533,ananse.customer,AN-C000533
P00534,ananse.customer,AN-C000534
P00535,ananse.customer,AN-C000535
P00536,ananse.customer,AN-C000536
P00537,ananse.customer,AN-C000537
P00538,ananse.customer,AN-C000538
P00539,ananse.customer,AN-C000539
P00540,ananse.customer,AN-C000540
P00541,ananse.customer,AN-C000541
P00542,ananse.customer,AN-C000542
P00543,ananse.customer,AN-C000543
P00544,ananse.customer,AN-C000544
P00545,ananse.customer,AN-C000545
P00546,ananse.customer,AN-C000546
P00547,ananse.customer,AN-C000547
P00548,ananse.customer,AN-C000548
P00549,ananse.customer,AN-C000549
P00550,ananse.customer,AN-C000550
P00551,ananse.customer,AN-C000551
P00552,ananse.customer,AN-C000552
P00553,ananse.customer,AN-C000553
P00554,ananse.customer,AN-C000554
P00555,ananse.customer,AN-C000555
P00556,ananse.customer,AN-C000556
P00557,ananse.customer,AN-C000557
P00558,ananse.customer,AN-C000558
P00559,ananse.customer,AN-C000559
P00560,ananse.customer,AN-C000560
P00561,ananse.customer,AN-C000561
P00562,ananse.customer,AN-C000562
P00563,ananse.customer,AN-C000563
P00564,ananse.customer,AN-C000564
P00565,ananse.customer,AN-C000565
P00566,ananse.customer,AN-C000566
P00567,ananse.customer,AN-C000567
P00568,ananse.customer,AN-C000568
P00569,ananse.customer,AN-C000569
P00570,ananse.customer,AN-C000570
P00571,ananse.customer,AN-C000571
P00572,ananse.customer,AN-C000572
P00573,ananse.customer,AN-C000573
P00574,ananse.customer,AN-C000574
P00575,ananse.customer,AN-C000575
P00576,ananse.customer,AN-C000576
P00577,ananse.customer,AN-C000577
P00578,ananse.customer,AN-C000578
P00579,ananse.customer,AN-C000579
P00580,ananse.customer,AN-C000580
P00581,ananse.customer,AN-C000581
P00582,ananse.customer,AN-C000582
P00583,ananse.customer,AN-C000583
P00584,ananse.customer,AN-C000584
P00585,ananse.customer,AN-C000585
P00586,ananse.customer,AN-C000586
P00587,ananse.customer,AN-C000587
P00588,ananse.customer,AN-C000588
P00589,ananse.customer,AN-C000589
P00590,ananse.customer,AN-C000590
P00591,ananse.customer,AN-C000591
P00592,ananse.customer,AN-C000592
P00593,ananse.customer,AN-C000593
P00594,ananse.customer,AN-C000594
P00595,ananse.customer,AN-C000595
P00596,ananse.customer,AN-C000596
P00597,ananse.customer,AN-C000597
P00598,ananse.customer,AN-C000598
P00599,ananse.customer,AN-C000599
P00600,ananse.customer,AN-C000600
P00601,ananse.customer,AN-C000601
P00602,ananse.customer,AN-C000602
P00603,ananse.customer,AN-C000603
P00604,ananse.customer,AN-C000604
P00605,ananse.customer,AN-C000605
P00606,ananse.customer,AN-C000606
P00607,ananse.customer,AN-C000607
P00608,ananse.customer,AN-C000608
P00609,ananse.customer,AN-C000609
P00610,ananse.customer,AN-C000610
P00611,ananse.customer,AN-C000611
P00612,ananse.customer,AN-C000612
P00613,ananse.customer,AN-C000613
P00614,ananse.customer,AN-C000614
P00615,ananse.customer,AN-C000615
P00616,ananse.customer,AN-C000616
P00617,ananse.customer,AN-C000617
P00618,ananse.customer,AN-C000618
P00619,ananse.customer,AN-C000619
P00620,ananse.customer,AN-C000620
P00621,ananse.customer,AN-C000621
P00622,ananse.customer,AN-C000622
P00623,ananse.customer,AN-C000623
P00624,ananse.customer,AN-C000624
P00625,ananse.customer,AN-C000625
P00626,ananse.customer,AN-C000626
P00627,ananse.customer,AN-C000627
P00628,ananse.customer,AN-C000628
P00629,ananse.customer,AN-C000629
P00630,ananse.customer,AN-C000630
P00631,ananse.customer,AN-C000631
P00632,ananse.customer,AN-C000632
P00633,ananse.customer,AN-C000633
P00634,ananse.customer,AN-C000634
P00635,ananse.customer,AN-C000635
P00636,ananse.customer,AN-C000636
P00637,ananse.customer,AN-C000637
P00638,ananse.customer,AN-C000638
P00639,ananse.customer,AN-C000639
P00640,ananse.customer,AN-C000640
P00641,ananse.customer,AN-C000641
P00642,ananse.customer,AN-C000642
P00643,ananse.customer,AN-C000643
P00644,ananse.customer,AN-C000644
P00645,ananse.customer,AN-C000645
P00646,ananse.customer,AN-C000646
P00647,ananse.customer,AN-C000647
P00648,ananse.customer,AN-C000648
P00649,ananse.customer,AN-C000649
P00650,ananse.customer,AN-C000650
P00651,ananse.customer,AN-C000651
P00652,ananse.customer,AN-C000652
P00653,ananse.customer,AN-C000653
P00654,ananse.customer,AN-C000654
P00655,ananse.customer,AN-C000655
P00656,ananse.customer,AN-C000656
P00657,ananse.customer,AN-C000657
P00658,ananse.customer,AN-C000658
P00659,ananse.customer,AN-C000659
P00660,ananse.customer,AN-C000660
P00661,ananse.customer,AN-C000661
P00662,ananse.customer,AN-C000662
P00663,ananse.customer,AN-C000663
P00664,ananse.customer,AN-C000664
P00665,ananse.customer,AN-C000665
P00666,ananse.customer,AN-C000666
P00667,ananse.customer,AN-C000667
P00668,ananse.customer,AN-C000668
P00669,ananse.customer,AN-C000669
P00670,ananse.customer,AN-C000670
P00671,ananse.customer,AN-C000671
P00672,ananse.customer,AN-C000672
P00673,ananse.customer,AN-C000673
P00674,ananse.customer,AN-C000674
P00675,ananse.customer,AN-C000675
P00676,ananse.customer,AN-C000676
P00677,ananse.customer,AN-C000677
P00678,ananse.customer,AN-C000678
P00679,ananse.customer,AN-C000679
P00680,ananse.customer,AN-C000680
P00681,ananse.customer,AN-C000681
P00682,ananse.customer,AN-C000682
P00683,ananse.customer,AN-C000683
P00684,ananse.customer,AN-C000684
P00685,ananse.customer,AN-C000685
P00686,ananse.customer,AN-C000686
P00687,ananse.customer,AN-C000687
P00688,ananse.customer,AN-C000688
P00689,ananse.customer,AN-C000689
P00690,ananse.customer,AN-C000690
P00691,ananse.customer,AN-C000691
P00692,ananse.customer,AN-C000692
P00693,ananse.customer,AN-C000693
P00694,ananse.customer,AN-C000694
P00695,ananse.customer,AN-C000695
P00696,ananse.customer,AN-C000696
P00697,ananse.customer,AN-C000697
P00698,ananse.customer,AN-C000698
P00699,ananse.customer,AN-C000699
P00700,ananse.customer,AN-C000700
P00701,ananse.customer,AN-C000701
P00702,ananse.customer,AN-C000702
P00703,ananse.customer,AN-C000703
P00704,ananse.customer,AN-C000704
P00705,ananse.customer,AN-C000705
P00706,ananse.customer,AN-C000706
P00707,ananse.customer,AN-C000707
P00708,ananse.customer,AN-C000708
P00709,ananse.customer,AN-C000709
P00710,ananse.customer,AN-C000710
P00711,ananse.customer,AN-C000711
P00712,ananse.customer,AN-C000712
P00713,ananse.customer,AN-C000713
P00714,ananse.customer,AN-C000714
P00715,ananse.customer,AN-C000715
P00716,ananse.customer,AN-C000716
P00717,ananse.customer,AN-C000717
P00718,ananse.customer,AN-C000718
P00719,ananse.customer,AN-C000719
P00720,ananse.customer,AN-C000720
P00721,ananse.customer,AN-C000721
P00722,ananse.customer,AN-C000722
P00723,ananse.customer,AN-C000723
P00724,ananse.customer,AN-C000724
P00725,ananse.customer,AN-C000725
P00726,ananse.customer,AN-C000726
P00727,ananse.customer,AN-C000727
P00728,ananse.customer,AN-C000728
P00729,ananse.customer,AN-C000729
P00730,ananse.customer,AN-C000730
P00731,ananse.customer,AN-C000731
P00732,ananse.customer,AN-C000732
P00733,ananse.customer,AN-C000733
P00734,ananse.customer,AN-C000734
P00735,ananse.customer,AN-C000735
P00736,ananse.customer,AN-C000736
P00737,ananse.customer,AN-C000737
P00738,ananse.customer,AN-C000738
P00739,ananse.customer,AN-C000739
P00740,ananse.customer,AN-C000740
P00741,ananse.customer,AN-C000741
P00742,ananse.customer,AN-C000742
P00743,ananse.customer,AN-C000743
P00744,ananse.customer,AN-C000744
P00745,ananse.customer,AN-C000745
P00746,ananse.customer,AN-C000746
P00747,ananse.customer,AN-C000747
P00748,ananse.customer,AN-C000748
P00749,ananse.customer,AN-C000749
P00750,ananse.customer,AN-C000750
P00751,ananse.customer,AN-C000751
P00752,ananse.customer,AN-C000752
P00753,ananse.customer,AN-C000753
P00754,ananse.customer,AN-C000754
P00755,ananse.customer,AN-C000755
P00756,ananse.customer,AN-C000756
P00757,ananse.customer,AN-C000757
P00758,ananse.customer,AN-C000758
P00759,ananse.customer,AN-C000759
P00760,ananse.customer,AN-C000760
P00761,ananse.customer,AN-C000761
P00762,ananse.customer,AN-C000762
P00763,ananse.customer,AN-C000763
P00764,ananse.customer,AN-C000764
P00765,ananse.customer,AN-C000765
P00766,ananse.customer,AN-C000766
P00767,ananse.customer,AN-C000767
P00768,ananse.customer,AN-C000768
P00769,ananse.customer,AN-C000769
P00770,ananse.customer,AN-C000770
P00771,ananse.customer,AN-C000771
P00772,ananse.customer,AN-C000772
P00773,ananse.customer,AN-C000773
P00774,ananse.customer,AN-C000774
P00775,ananse.customer,AN-C000775
P00776,ananse.customer,AN-C000776
P00777,ananse.customer,AN-C000777
P00778,ananse.customer,AN-C000778
P00779,ananse.customer,AN-C000779
P00780,ananse.customer,AN-C000780
P00781,ananse.customer,AN-C000781
P00782,ananse.customer,AN-C000782
P00783,ananse.customer,AN-C000783
P00784,ananse.customer,AN-C000784
P00785,ananse.customer,AN-C000785
P00786,ananse.customer,AN-C000786
P00787,ananse.customer,AN-C000787
P00788,ananse.customer,AN-C000788
P00789,ananse.customer,AN-C000789
P00790,ananse.customer,AN-C000790
P00791,ananse.customer,AN-C000791
P00792,ananse.customer,AN-C000792
P00793,ananse.customer,AN-C000793
P00794,ananse.customer,AN-C000794
P00795,ananse.customer,AN-C000795
P00796,ananse.customer,AN-C000796
P00797,ananse.customer,AN-C000797
P00798,ananse.customer,AN-C000798
P00799,ananse.customer,AN-C000799
P00800,ananse.customer,AN-C000800
P00801,ananse.customer,AN-C000801
P00802,ananse.customer,AN-C000802
P00803,ananse.customer,AN-C000803
P00804,ananse.customer,AN-C000804
P00805,ananse.customer,AN-C000805
P00806,ananse.customer,AN-C000806
P00807,ananse.customer,AN-C000807
P00808,ananse.customer,AN-C000808
P00809,ananse.customer,AN-C000809
P00810,ananse.customer,AN-C000810
P00811,ananse.customer,AN-C000811
P00812,ananse.customer,AN-C000812
P00813,ananse.customer,AN-C000813
P00814,ananse.customer,AN-C000814
P00815,ananse.customer,AN-C000815
P00816,ananse.customer,AN-C000816
P00817,ananse.customer,AN-C000817
P00818,ananse.customer,AN-C000818
P00819,ananse.customer,AN-C000819
P00820,ananse.customer,AN-C000820
P00821,ananse.customer,AN-C000821
P00822,ananse.customer,AN-C000822
P00823,ananse.customer,AN-C000823
P00824,ananse.customer,AN-C000824
P00825,ananse.customer,AN-C000825
P00826,ananse.customer,AN-C000826
P00827,ananse.customer,AN-C000827
P00828,ananse.customer,AN-C000828
P00829,ananse.customer,AN-C000829
P00830,ananse.customer,AN-C000830
P00831,ananse.customer,AN-C000831
P00832,ananse.customer,AN-C000832
P00833,ananse.customer,AN-C000833
P00834,ananse.customer,AN-C000834
P00835,ananse.customer,AN-C000835
P00836,ananse.customer,AN-C000836
P00837,ananse.customer,AN-C000837
P00838,ananse.customer,AN-C000838
P00839,ananse.customer,AN-C000839
P00840,ananse.customer,AN-C000840
P00841,ananse.customer,AN-C000841
P00842,ananse.customer,AN-C000842
P00843,ananse.customer,AN-C000843
P00844,ananse.customer,AN-C000844
P00845,ananse.customer,AN-C000845
P00846,ananse.customer,AN-C000846
P00847,ananse.customer,AN-C000847
P00848,ananse.customer,AN-C000848
P00849,ananse.customer,AN-C000849
P00850,ananse.customer,AN-C000850
P00851,ananse.customer,AN-C000851
P00852,ananse.customer,AN-C000852
P00853,ananse.customer,AN-C000853
P00854,ananse.customer,AN-C000854
P00855,ananse.customer,AN-C000855
P00856,ananse.customer,AN-C000856
P00857,ananse.customer,AN-C000857
P00858,ananse.customer,AN-C000858
P00859,ananse.customer,AN-C000859
P00860,ananse.customer,AN-C000860
P00861,ananse.customer,AN-C000861
P00862,ananse.customer,AN-C000862
P00863,ananse.customer,AN-C000863
P00864,ananse.customer,AN-C000864
P00865,ananse.customer,AN-C000865
P00866,ananse.customer,AN-C000866
P00867,ananse.customer,AN-C000867
P00868,ananse.customer,AN-C000868
P00869,ananse.customer,AN-C000869
P00870,ananse.customer,AN-C000870
P00871,ananse.customer,AN-C000871
P00872,ananse.customer,AN-C000872
P00873,ananse.customer,AN-C000873
P00874,ananse.customer,AN-C000874
P00875,ananse.customer,AN-C000875
P00876,ananse.customer,AN-C000876
P00877,ananse.customer,AN-C000877
P00878,ananse.customer,AN-C000878
P00879,ananse.customer,AN-C000879
P00880,ananse.customer,AN-C000880
P00881,ananse.customer,AN-C000881
P00882,ananse.customer,AN-C000882
P00883,ananse.customer,AN-C000883
P00884,ananse.customer,AN-C000884
P00885,ananse.customer,AN-C000885
P00886,ananse.customer,AN-C000886
P00887,ananse.customer,AN-C000887
P00888,ananse.customer,AN-C000888
P00889,ananse.customer,AN-C000889
P00890,ananse.customer,AN-C000890
P00891,ananse.customer,AN-C000891
P00892,ananse.customer,AN-C000892
P00893,ananse.customer,AN-C000893
P00894,ananse.customer,AN-C000894
P00895,ananse.customer,AN-C000895
P00896,ananse.customer,AN-C000896
P00897,ananse.customer,AN-C000897
P00898,ananse.customer,AN-C000898
P00899,ananse.customer,AN-C000899
P00900,ananse.customer,AN-C000900
P00901,ananse.customer,AN-C000901
P00902,ananse.customer,AN-C000902
P00903,ananse.customer,AN-C000903
P00904,ananse.customer,AN-C000904
P00905,ananse.customer,AN-C000905
P00906,ananse.customer,AN-C000906
P00907,ananse.customer,AN-C000907
P00908,ananse.customer,AN-C000908
P00909,ananse.customer,AN-C000909
P00910,ananse.customer,AN-C000910
P00911,ananse.customer,AN-C000911
P00912,ananse.customer,AN-C000912
P00913,ananse.customer,AN-C000913
P00914,ananse.customer,AN-C000914
P00915,ananse.customer,AN-C000915
P00916,ananse.customer,AN-C000916
P00917,ananse.customer,AN-C000917
P00918,ananse.customer,AN-C000918
P00919,ananse.customer,AN-C000919
P00920,ananse.customer,AN-C000920
P00921,ananse.customer,AN-C000921
P00922,ananse.customer,AN-C000922
P00923,ananse.customer,AN-C000923
P00924,ananse.customer,AN-C000924
P00925,ananse.customer,AN-C000925
P00926,ananse.customer,AN-C000926
P00927,ananse.customer,AN-C000927
P00928,ananse.customer,AN-C000928
P00929,ananse.customer,AN-C000929
P00930,ananse.customer,AN-C000930
P00931,ananse.customer,AN-C000931
P00932,ananse.customer,AN-C000932
P00933,ananse.customer,AN-C000933
P00934,ananse.customer,AN-C000934
P00935,ananse.customer,AN-C000935
P00936,ananse.customer,AN-C000936
P00937,ananse.customer,AN-C000937
P00938,ananse.customer,AN-C000938
P00939,ananse.customer,AN-C000939
P00940,ananse.customer,AN-C000940
P00941,ananse.customer,AN-C000941
P00942,ananse.customer,AN-C000942
P00943,ananse.customer,AN-C000943
P00944,ananse.customer,AN-C000944
P00945,ananse.customer,AN-C000945
P00946,ananse.customer,AN-C000946
P00947,ananse.customer,AN-C000947
P00948,ananse.customer,AN-C000948
P00949,ananse.customer,AN-C000949
P00950,ananse.customer,AN-C000950
P00951,ananse.customer,AN-C000951
P00952,ananse.customer,AN-C000952
P00953,ananse.customer,AN-C000953
P00954,ananse.customer,AN-C000954
P00955,ananse.customer,AN-C000955
P00956,ananse.customer,AN-C000956
P00957,ananse.customer,AN-C000957
P00958,ananse.customer,AN-C000958
P00959,ananse.customer,AN-C000959
P00960,ananse.customer,AN-C000960
P00961,ananse.customer,AN-C000961
P00962,ananse.customer,AN-C000962
P00963,ananse.customer,AN-C000963
P00964,ananse.customer,AN-C000964
P00965,ananse.customer,AN-C000965
P00966,ananse.customer,AN-C000966
P00967,ananse.customer,AN-C000967
P00968,ananse.customer,AN-C000968
P00969,ananse.customer,AN-C000969
P00970,ananse.customer,AN-C000970
P00971,ananse.customer,AN-C000971
P00972,ananse.customer,AN-C000972
P00973,ananse.customer,AN-C000973
P00974,ananse.customer,AN-C000974
P00975,ananse.customer,AN-C000975
P00976,ananse.customer,AN-C000976
P00977,ananse.customer,AN-C000977
P00978,ananse.customer,AN-C000978
P00979,ananse.customer,AN-C000979
P00980,ananse.customer,AN-C000980
P00981,ananse.customer,AN-C000981
P00982,ananse.customer,AN-C000982
P00983,ananse.customer,AN-C000983
P00984,ananse.customer,AN-C000984
P00985,ananse.customer,AN-C000985
P00986,ananse.customer,AN-C000986
P00987,ananse.customer,AN-C000987
P00988,ananse.customer,AN-C000988
P00989,ananse.customer,AN-C000989
P00990,ananse.customer,AN-C000990
P00991,ananse.customer,AN-C000991
P00992,ananse.customer,AN-C000992
P00993,ananse.customer,AN-C000993
P00994,ananse.customer,AN-C000994
P00995,ananse.customer,AN-C000995
P00996,ananse.customer,AN-C000996
P00997,ananse.customer,AN-C000997
P00998,ananse.customer,AN-C000998
P00999,ananse.customer,AN-C000999
P01000,ananse.customer,AN-C001000
P01001,ananse.customer,AN-C001001
P01002,ananse.customer,AN-C001002
P01003,ananse.customer,AN-C001003
P01004,ananse.customer,AN-C001004
P01005,ananse.customer,AN-C001005
P01006,ananse.customer,AN-C001006
P01007,ananse.customer,AN-C001007
P01008,ananse.customer,AN-C001008
P01009,ananse.customer,AN-C001009
P01010,ananse.customer,AN-C001010
P01011,ananse.customer,AN-C001011
P01012,ananse.customer,AN-C001012
P01013,ananse.customer,AN-C001013
P01014,ananse.customer,AN-C001014
P01015,ananse.customer,AN-C001015
P01016,ananse.customer,AN-C001016
P01017,ananse.customer,AN-C001017
P01018,ananse.customer,AN-C001018
P01019,ananse.customer,AN-C001019
P01020,ananse.customer,AN-C001020
P01021,ananse.customer,AN-C001021
P01022,ananse.customer,AN-C001022
P01023,ananse.customer,AN-C001023
P01024,ananse.customer,AN-C001024
P01025,ananse.customer,AN-C001025
P01026,ananse.customer,AN-C001026
P01027,ananse.customer,AN-C001027
P01028,ananse.customer,AN-C001028
P01029,ananse.customer,AN-C001029
P01030,ananse.customer,AN-C001030
P01031,ananse.customer,AN-C001031
P01032,ananse.customer,AN-C001032
P01033,ananse.customer,AN-C001033
P01034,ananse.customer,AN-C001034
P01035,ananse.customer,AN-C001035
P01036,ananse.customer,AN-C001036
P01037,ananse.customer,AN-C001037
P01038,ananse.customer,AN-C001038
P01039,ananse.customer,AN-C001039
P01040,ananse.customer,AN-C001040
P01041,ananse.customer,AN-C001041
P01042,ananse.customer,AN-C001042
P01043,ananse.customer,AN-C001043
P01044,ananse.customer,AN-C001044
P01045,ananse.customer,AN-C001045
P01046,ananse.customer,AN-C001046
P01047,ananse.customer,AN-C001047
P01048,ananse.customer,AN-C001048
P01049,ananse.customer,AN-C001049
P01050,ananse.customer,AN-C001050
P01051,ananse.customer,AN-C001051
P01052,ananse.customer,AN-C001052
P01053,ananse.customer,AN-C001053
P01054,ananse.customer,AN-C001054
P01055,ananse.customer,AN-C001055
P01056,ananse.customer,AN-C001056
P01057,ananse.customer,AN-C001057
P01058,ananse.customer,AN-C001058
P01059,ananse.customer,AN-C001059
P01060,ananse.customer,AN-C001060
P01061,ananse.customer,AN-C001061
P01062,ananse.customer,AN-C001062
P01063,ananse.customer,AN-C001063
P01064,ananse.customer,AN-C001064
P01065,ananse.customer,AN-C001065
P01066,ananse.customer,AN-C001066
P01067,ananse.customer,AN-C001067
P01068,ananse.customer,AN-C001068
P01069,ananse.customer,AN-C001069
P01070,ananse.customer,AN-C001070
P01071,ananse.customer,AN-C001071
P01072,ananse.customer,AN-C001072
P01073,ananse.customer,AN-C001073
P01074,ananse.customer,AN-C001074
P01075,ananse.customer,AN-C001075
P01076,ananse.customer,AN-C001076
P01077,ananse.customer,AN-C001077
P01078,ananse.customer,AN-C001078
P01079,ananse.customer,AN-C001079
P01080,ananse.customer,AN-C001080
P01081,ananse.customer,AN-C001081
P01082,ananse.customer,AN-C001082
P01083,ananse.customer,AN-C001083
P01084,ananse.customer,AN-C001084
P01085,ananse.customer,AN-C001085
P01086,ananse.customer,AN-C001086
P01087,ananse.customer,AN-C001087
P01088,ananse.customer,AN-C001088
P01089,ananse.customer,AN-C001089
P01090,ananse.customer,AN-C001090
P01091,ananse.customer,AN-C001091
P01092,ananse.customer,AN-C001092
P01093,ananse.customer,AN-C001093
P01094,ananse.customer,AN-C001094
P01095,ananse.customer,AN-C001095
P01096,ananse.customer,AN-C001096
P01097,ananse.customer,AN-C001097
P01098,ananse.customer,AN-C001098
P01099,ananse.customer,AN-C001099
P01100,ananse.customer,AN-C001100
P01101,ananse.customer,AN-C001101
P01102,ananse.customer,AN-C001102
P01103,ananse.customer,AN-C001103
P01104,ananse.customer,AN-C001104
P01105,ananse.customer,AN-C001105
P01106,ananse.customer,AN-C001106
P01107,ananse.customer,AN-C001107
P01108,ananse.customer,AN-C001108
P01109,ananse.customer,AN-C001109
P01110,ananse.customer,AN-C001110
P01111,ananse.customer,AN-C001111
P01112,ananse.customer,AN-C001112
P01113,ananse.customer,AN-C001113
P01114,ananse.customer,AN-C001114
P01115,ananse.customer,AN-C001115
P01116,ananse.customer,AN-C001116
P01117,ananse.customer,AN-C001117
P01118,ananse.customer,AN-C001118
P01119,ananse.customer,AN-C001119
P01120,ananse.customer,AN-C001120
P01121,ananse.customer,AN-C001121
P01122,ananse.customer,AN-C001122
P01123,ananse.customer,AN-C001123
P01124,ananse.customer,AN-C001124
P01125,ananse.customer,AN-C001125
P01126,ananse.customer,AN-C001126
P01127,ananse.customer,AN-C001127
P01128,ananse.customer,AN-C001128
P01129,ananse.customer,AN-C001129
P01130,ananse.customer,AN-C001130
P01131,ananse.customer,AN-C001131
P01132,ananse.customer,AN-C001132
P01133,ananse.customer,AN-C001133
P01134,ananse.customer,AN-C001134
P01135,ananse.customer,AN-C001135
P01136,ananse.customer,AN-C001136
P01137,ananse.customer,AN-C001137
P01138,ananse.customer,AN-C001138
P01139,ananse.customer,AN-C001139
P01140,ananse.customer,AN-C001140
P01141,ananse.customer,AN-C001141
P01142,ananse.customer,AN-C001142
P01143,ananse.customer,AN-C001143
P01144,ananse.customer,AN-C001144
P01145,ananse.customer,AN-C001145
P01146,ananse.customer,AN-C001146
P01147,ananse.customer,AN-C001147
P01148,ananse.customer,AN-C001148
P01149,ananse.customer,AN-C001149
P01150,ananse.customer,AN-C001150
P01151,ananse.customer,AN-C001151
P01152,ananse.customer,AN-C001152
P01153,ananse.customer,AN-C001153
P01154,ananse.customer,AN-C001154
P01155,ananse.customer,AN-C001155
P01156,ananse.customer,AN-C001156
P01157,ananse.customer,AN-C001157
P01158,ananse.customer,AN-C001158
P01159,ananse.customer,AN-C001159
P01160,ananse.customer,AN-C001160
P01161,ananse.customer,AN-C001161
P01162,ananse.customer,AN-C001162
P01163,ananse.customer,AN-C001163
P01164,ananse.customer,AN-C001164
P01165,ananse.customer,AN-C001165
P01166,ananse.customer,AN-C001166
P01167,ananse.customer,AN-C001167
P01168,ananse.customer,AN-C001168
P01169,ananse.customer,AN-C001169
P01170,ananse.customer,AN-C001170
P01171,ananse.customer,AN-C001171
P01172,ananse.customer,AN-C001172
P01173,ananse.customer,AN-C001173
P01174,ananse.customer,AN-C001174
P01175,ananse.customer,AN-C001175
P01176,ananse.customer,AN-C001176
P01177,ananse.customer,AN-C001177
P01178,ananse.customer,AN-C001178
P01179,ananse.customer,AN-C001179
P01180,ananse.customer,AN-C001180
P01181,ananse.customer,AN-C001181
P01182,ananse.customer,AN-C001182
P01183,ananse.customer,AN-C001183
P01184,ananse.customer,AN-C001184
P01185,ananse.customer,AN-C001185
P01186,ananse.customer,AN-C001186
P01187,ananse.customer,AN-C001187
P01188,ananse.customer,AN-C001188
P01189,ananse.customer,AN-C001189
P01190,ananse.customer,AN-C001190
P01191,ananse.customer,AN-C001191
P01192,ananse.customer,AN-C001192
P01193,ananse.customer,AN-C001193
P01194,ananse.customer,AN-C001194
P01195,ananse.customer,AN-C001195
P01196,ananse.customer,AN-C001196
P01197,ananse.customer,AN-C001197
P01198,ananse.customer,AN-C001198
P01199,ananse.customer,AN-C001199
P01200,ananse.customer,AN-C001200
P01201,ananse.customer,AN-C001201
P01202,ananse.customer,AN-C001202
P01203,ananse.customer,AN-C001203
P01204,ananse.customer,AN-C001204
P01205,ananse.customer,AN-C001205
P01206,ananse.customer,AN-C001206
P01207,ananse.customer,AN-C001207
P01208,ananse.customer,AN-C001208
P01209,ananse.customer,AN-C001209
P01210,ananse.customer,AN-C001210
P01211,ananse.customer,AN-C001211
P01212,ananse.customer,AN-C001212
P01213,ananse.customer,AN-C001213
P01214,ananse.customer,AN-C001214
P01215,ananse.customer,AN-C001215
P01216,ananse.customer,AN-C001216
P01217,ananse.customer,AN-C001217
P01218,ananse.customer,AN-C001218
P01219,ananse.customer,AN-C001219
P01220,ananse.customer,AN-C001220
P01221,ananse.customer,AN-C001221
P01222,ananse.customer,AN-C001222
P01223,ananse.customer,AN-C001223
P01224,ananse.customer,AN-C001224
P01225,ananse.customer,AN-C001225
P01226,ananse.customer,AN-C001226
P01227,ananse.customer,AN-C001227
P01228,ananse.customer,AN-C001228
P01229,ananse.customer,AN-C001229
P01230,ananse.customer,AN-C001230
P01231,ananse.customer,AN-C001231
P01232,ananse.customer,AN-C001232
P01233,ananse.customer,AN-C001233
P01234,ananse.customer,AN-C001234
P01235,ananse.customer,AN-C001235
P01236,ananse.customer,AN-C001236
P01237,ananse.customer,AN-C001237
P01238,ananse.customer,AN-C001238
P01239,ananse.customer,AN-C001239
P01240,ananse.customer,AN-C001240
P01241,ananse.customer,AN-C001241
P01242,ananse.customer,AN-C001242
P01243,ananse.customer,AN-C001243
P01244,ananse.customer,AN-C001244
P01245,ananse.customer,AN-C001245
P01246,ananse.customer,AN-C001246
P01247,ananse.customer,AN-C001247
P01248,ananse.customer,AN-C001248
P01249,ananse.customer,AN-C001249
P01250,ananse.customer,AN-C001250
P01251,ananse.customer,AN-C001251
P01252,ananse.customer,AN-C001252
P01253,ananse.customer,AN-C001253
P01254,ananse.customer,AN-C001254
P01255,ananse.customer,AN-C001255
P01256,ananse.customer,AN-C001256
P01257,ananse.customer,AN-C001257
P01258,ananse.customer,AN-C001258
P01259,ananse.customer,AN-C001259
P01260,ananse.customer,AN-C001260
P01261,ananse.customer,AN-C001261
P01262,ananse.customer,AN-C001262
P01263,ananse.customer,AN-C001263
P01264,ananse.customer,AN-C001264
P01265,ananse.customer,AN-C001265
P01266,ananse.customer,AN-C001266
P01267,ananse.customer,AN-C001267
P01268,ananse.customer,AN-C001268
P01269,ananse.customer,AN-C001269
P01270,ananse.customer,AN-C001270
P01271,ananse.customer,AN-C001271
P01272,ananse.customer,AN-C001272
P01273,ananse.customer,AN-C001273
P01274,ananse.customer,AN-C001274
P01275,ananse.customer,AN-C001275
P01276,ananse.customer,AN-C001276
P01277,ananse.customer,AN-C001277
P01278,ananse.customer,AN-C001278
P01279,ananse.customer,AN-C001279
P01280,ananse.customer,AN-C001280
P01281,ananse.customer,AN-C001281
P01282,ananse.customer,AN-C001282
P01283,ananse.customer,AN-C001283
P01284,ananse.customer,AN-C001284
P01285,ananse.customer,AN-C001285
P01286,ananse.customer,AN-C001286
P01287,ananse.customer,AN-C001287
P01288,ananse.customer,AN-C001288
P01289,ananse.customer,AN-C001289
P01290,ananse.customer,AN-C001290
P01291,ananse.customer,AN-C001291
P01292,ananse.customer,AN-C001292
P01293,ananse.customer,AN-C001293
P01294,ananse.customer,AN-C001294
P01295,ananse.customer,AN-C001295
P01296,ananse.customer,AN-C001296
P01297,ananse.customer,AN-C001297
P01298,ananse.customer,AN-C001298
P01299,ananse.customer,AN-C001299
P01300,ananse.customer,AN-C001300
P01301,ananse.customer,AN-C001301
P01302,ananse.customer,AN-C001302
P01303,ananse.customer,AN-C001303
P01304,ananse.customer,AN-C001304
P01305,ananse.customer,AN-C001305
P01306,ananse.customer,AN-C001306
P01307,ananse.customer,AN-C001307
P01308,ananse.customer,AN-C001308
P01309,ananse.customer,AN-C001309
P01310,ananse.customer,AN-C001310
P01311,ananse.customer,AN-C001311
P01312,ananse.customer,AN-C001312
P01313,ananse.customer,AN-C001313
P01314,ananse.customer,AN-C001314
P01315,ananse.customer,AN-C001315
P01316,ananse.customer,AN-C001316
P01317,ananse.customer,AN-C001317
P01318,ananse.customer,AN-C001318
P01319,ananse.customer,AN-C001319
P01320,ananse.customer,AN-C001320
P01321,ananse.customer,AN-C001321
P01322,ananse.customer,AN-C001322
P01323,ananse.customer,AN-C001323
P01324,ananse.customer,AN-C001324
P01325,ananse.customer,AN-C001325
P01326,ananse.customer,AN-C001326
P01327,ananse.customer,AN-C001327
P01328,ananse.customer,AN-C001328
P01329,ananse.customer,AN-C001329
P01330,ananse.customer,AN-C001330
P01331,ananse.customer,AN-C001331
P01332,ananse.customer,AN-C001332
P01333,ananse.customer,AN-C001333
P01334,ananse.customer,AN-C001334
P01335,ananse.customer,AN-C001335
P01336,ananse.customer,AN-C001336
P01337,ananse.customer,AN-C001337
P01338,ananse.customer,AN-C001338
P01339,ananse.customer,AN-C001339
P01340,ananse.customer,AN-C001340
P01341,ananse.customer,AN-C001341
P01342,ananse.customer,AN-C001342
P01343,ananse.customer,AN-C001343
P01344,ananse.customer,AN-C001344
P01345,ananse.customer,AN-C001345
P01346,ananse.customer,AN-C001346
P01347,ananse.customer,AN-C001347
P01348,ananse.customer,AN-C001348
P01349,ananse.customer,AN-C001349
P01350,ananse.customer,AN-C001350
P01351,ananse.customer,AN-C001351
P01352,ananse.customer,AN-C001352
P01353,ananse.customer,AN-C001353
P01354,ananse.customer,AN-C001354
P01355,ananse.customer,AN-C001355
P01356,ananse.customer,AN-C001356
P01357,ananse.customer,AN-C001357
P01358,ananse.customer,AN-C001358
P01359,ananse.customer,AN-C001359
P01360,ananse.customer,AN-C001360
P01361,ananse.customer,AN-C001361
P01362,ananse.customer,AN-C001362
P01363,ananse.customer,AN-C001363
P01364,ananse.customer,AN-C001364
P01365,ananse.customer,AN-C001365
P01366,ananse.customer,AN-C001366
P01367,ananse.customer,AN-C001367
P01368,ananse.customer,AN-C001368
P01369,ananse.customer,AN-C001369
P01370,ananse.customer,AN-C001370
P01371,ananse.customer,AN-C001371
P01372,ananse.customer,AN-C001372
P01373,ananse.customer,AN-C001373
P01374,ananse.customer,AN-C001374
P01375,ananse.customer,AN-C001375
P01376,ananse.customer,AN-C001376
P01377,ananse.customer,AN-C001377
P01378,ananse.customer,AN-C001378
P01379,ananse.customer,AN-C001379
P01380,ananse.customer,AN-C001380
P01381,ananse.customer,AN-C001381
P01382,ananse.customer,AN-C001382
P01383,ananse.customer,AN-C001383
P01384,ananse.customer,AN-C001384
P01385,ananse.customer,AN-C001385
P01386,ananse.customer,AN-C001386
P01387,ananse.customer,AN-C001387
P01388,ananse.customer,AN-C001388
P01389,ananse.customer,AN-C001389
P01390,ananse.customer,AN-C001390
P01391,ananse.customer,AN-C001391
P01392,ananse.customer,AN-C001392
P01393,ananse.customer,AN-C001393
P01394,ananse.customer,AN-C001394
P01395,ananse.customer,AN-C001395
P01396,ananse.customer,AN-C001396
P01397,ananse.customer,AN-C001397
P01398,ananse.customer,AN-C001398
P01399,ananse.customer,AN-C001399
P01400,ananse.customer,AN-C001400
P01401,ananse.customer,AN-C001401
P01402,ananse.customer,AN-C001402
P01403,ananse.customer,AN-C001403
P01404,ananse.customer,AN-C001404
P01405,ananse.customer,AN-C001405
P01406,ananse.customer,AN-C001406
P01407,ananse.customer,AN-C001407
P01408,ananse.customer,AN-C001408
P01409,ananse.customer,AN-C001409
P01410,ananse.customer,AN-C001410
P01411,ananse.customer,AN-C001411
P01412,ananse.customer,AN-C001412
P01413,ananse.customer,AN-C001413
P01414,ananse.customer,AN-C001414
P01415,ananse.customer,AN-C001415
P01416,ananse.customer,AN-C001416
P01417,ananse.customer,AN-C001417
P01418,ananse.customer,AN-C001418
P01419,ananse.customer,AN-C001419
P01420,ananse.customer,AN-C001420
P01421,ananse.customer,AN-C001421
P01422,ananse.customer,AN-C001422
P01423,ananse.customer,AN-C001423
P01424,ananse.customer,AN-C001424
P01425,ananse.customer,AN-C001425
P01426,ananse.customer,AN-C001426
P01427,ananse.customer,AN-C001427
P01428,ananse.customer,AN-C001428
P01429,ananse.customer,AN-C001429
P01430,ananse.customer,AN-C001430
P01431,ananse.customer,AN-C001431
P01432,ananse.customer,AN-C001432
P01433,ananse.customer,AN-C001433
P01434,ananse.customer,AN-C001434
P01435,ananse.customer,AN-C001435
P01436,ananse.customer,AN-C001436
P01437,ananse.customer,AN-C001437
P01438,ananse.customer,AN-C001438
P01439,ananse.customer,AN-C001439
P01440,ananse.customer,AN-C001440
P01441,ananse.customer,AN-C001441
P01442,ananse.customer,AN-C001442
P01443,ananse.customer,AN-C001443
P01444,ananse.customer,AN-C001444
P01445,ananse.customer,AN-C001445
P01446,ananse.customer,AN-C001446
P01447,ananse.customer,AN-C001447
P01448,ananse.customer,AN-C001448
P01449,ananse.customer,AN-C001449
P01450,ananse.customer,AN-C001450
P01451,ananse.customer,AN-C001451
P01452,ananse.customer,AN-C001452
P01453,ananse.customer,AN-C001453
P01454,ananse.customer,AN-C001454
P01455,ananse.customer,AN-C001455
P01456,ananse.customer,AN-C001456
P01457,ananse.customer,AN-C001457
P01458,ananse.customer,AN-C001458
P01459,ananse.customer,AN-C001459
P01460,ananse.customer,AN-C001460
P01461,ananse.customer,AN-C001461
P01462,ananse.customer,AN-C001462
P01463,ananse.customer,AN-C001463
P01464,ananse.customer,AN-C001464
P01465,ananse.customer,AN-C001465
P01466,ananse.customer,AN-C001466
P01467,ananse.customer,AN-C001467
P01468,ananse.customer,AN-C001468
P01469,ananse.customer,AN-C001469
P01470,ananse.customer,AN-C001470
P01471,ananse.customer,AN-C001471
P01472,ananse.customer,AN-C001472
P01473,ananse.customer,AN-C001473
P01474,ananse.customer,AN-C001474
P01475,ananse.customer,AN-C001475
P01476,ananse.customer,AN-C001476
P01477,ananse.customer,AN-C001477
P01478,ananse.customer,AN-C001478
P01479,ananse.customer,AN-C001479
P01480,ananse.customer,AN-C001480
P01481,ananse.customer,AN-C001481
P01482,ananse.customer,AN-C001482
P01483,ananse.customer,AN-C001483
P01484,ananse.customer,AN-C001484
P01485,ananse.customer,AN-C001485
P01486,ananse.customer,AN-C001486
P01487,ananse.customer,AN-C001487
P01488,ananse.customer,AN-C001488
P01489,ananse.customer,AN-C001489
P01490,ananse.customer,AN-C001490
P01491,ananse.customer,AN-C001491
P01492,ananse.customer,AN-C001492
P01493,ananse.customer,AN-C001493
P01494,ananse.customer,AN-C001494
P01495,ananse.customer,AN-C001495
P01496,ananse.customer,AN-C001496
P01497,ananse.customer,AN-C001497
P01498,ananse.customer,AN-C001498
P01499,ananse.customer,AN-C001499
P01500,ananse.customer,AN-C001500
P01501,ananse.customer,AN-C001501
P01502,ananse.customer,AN-C001502
P01503,ananse.customer,AN-C001503
P01504,ananse.customer,AN-C001504
P01505,ananse.customer,AN-C001505
P01506,ananse.customer,AN-C001506
P01507,ananse.customer,AN-C001507
P01508,ananse.customer,AN-C001508
P01509,ananse.customer,AN-C001509
P01510,ananse.customer,AN-C001510
P01511,ananse.customer,AN-C001511
P01512,ananse.customer,AN-C001512
P01513,ananse.customer,AN-C001513
P01514,ananse.customer,AN-C001514
P01515,ananse.customer,AN-C001515
P01516,ananse.customer,AN-C001516
P01517,ananse.customer,AN-C001517
P01518,ananse.customer,AN-C001518
P01519,ananse.customer,AN-C001519
P01520,ananse.customer,AN-C001520
P01521,ananse.customer,AN-C001521
P01522,ananse.customer,AN-C001522
P01523,ananse.customer,AN-C001523
P01524,ananse.customer,AN-C001524
P01525,ananse.customer,AN-C001525
P01526,ananse.customer,AN-C001526
P01527,ananse.customer,AN-C001527
P01528,ananse.customer,AN-C001528
P01529,ananse.customer,AN-C001529
P01530,ananse.customer,AN-C001530
P01531,ananse.customer,AN-C001531
P01532,ananse.customer,AN-C001532
P01533,ananse.customer,AN-C001533
P01534,ananse.customer,AN-C001534
P01535,ananse.customer,AN-C001535
P01536,ananse.customer,AN-C001536
P01537,ananse.customer,AN-C001537
P01538,ananse.customer,AN-C001538
P01539,ananse.customer,AN-C001539
P01540,ananse.customer,AN-C001540
P01541,ananse.customer,AN-C001541
P01542,ananse.customer,AN-C001542
P01543,ananse.customer,AN-C001543
P01544,ananse.customer,AN-C001544
P01545,ananse.customer,AN-C001545
P01546,ananse.customer,AN-C001546
P01547,ananse.customer,AN-C001547
P01548,ananse.customer,AN-C001548
P01549,ananse.customer,AN-C001549
P01550,ananse.customer,AN-C001550
P01551,ananse.customer,AN-C001551
P01552,ananse.customer,AN-C001552
P01553,ananse.customer,AN-C001553
P01554,ananse.customer,AN-C001554
P01555,ananse.customer,AN-C001555
P01556,ananse.customer,AN-C001556
P01557,ananse.customer,AN-C001557
P01558,ananse.customer,AN-C001558
P01559,ananse.customer,AN-C001559
P01560,ananse.customer,AN-C001560
P01561,ananse.customer,AN-C001561
P01562,ananse.customer,AN-C001562
P01563,ananse.customer,AN-C001563
P01564,ananse.customer,AN-C001564
P01565,ananse.customer,AN-C001565
P01566,ananse.customer,AN-C001566
P01567,ananse.customer,AN-C001567
P01568,ananse.customer,AN-C001568
P01569,ananse.customer,AN-C001569
P01570,ananse.customer,AN-C001570
P01571,ananse.customer,AN-C001571
P01572,ananse.customer,AN-C001572
P01573,ananse.customer,AN-C001573
P01574,ananse.customer,AN-C001574
P01575,ananse.customer,AN-C001575
P01576,ananse.customer,AN-C001576
P01577,ananse.customer,AN-C001577
P01578,ananse.customer,AN-C001578
P01579,ananse.customer,AN-C001579
P01580,ananse.customer,AN-C001580
P01581,ananse.customer,AN-C001581
P01582,ananse.customer,AN-C001582
P01583,ananse.customer,AN-C001583
P01584,ananse.customer,AN-C001584
P01585,ananse.customer,AN-C001585
P01586,ananse.customer,AN-C001586
P01587,ananse.customer,AN-C001587
P01588,ananse.customer,AN-C001588
P01589,ananse.customer,AN-C001589
P01590,ananse.customer,AN-C001590
P01591,ananse.customer,AN-C001591
P01592,ananse.customer,AN-C001592
P01593,ananse.customer,AN-C001593
P01594,ananse.customer,AN-C001594
P01595,ananse.customer,AN-C001595
P01596,ananse.customer,AN-C001596
P01597,ananse.customer,AN-C001597
P01598,ananse.customer,AN-C001598
P01599,ananse.customer,AN-C001599
P01600,ananse.customer,AN-C001600
P01601,ananse.customer,AN-C001601
P01602,ananse.customer,AN-C001602
P01603,ananse.customer,AN-C001603
P01604,ananse.customer,AN-C001604
P01605,ananse.customer,AN-C001605
P01606,ananse.customer,AN-C001606
P01607,ananse.customer,AN-C001607
P01608,ananse.customer,AN-C001608
P01609,ananse.customer,AN-C001609
P01610,ananse.customer,AN-C001610
P01611,ananse.customer,AN-C001611
P01612,ananse.customer,AN-C001612
P01613,ananse.customer,AN-C001613
P01614,ananse.customer,AN-C001614
P01615,ananse.customer,AN-C001615
P01616,ananse.customer,AN-C001616
P01617,ananse.customer,AN-C001617
P01618,ananse.customer,AN-C001618
P01619,ananse.customer,AN-C001619
P01620,ananse.customer,AN-C001620
P01621,ananse.customer,AN-C001621
P01622,ananse.customer,AN-C001622
P01623,ananse.customer,AN-C001623
P01624,ananse.customer,AN-C001624
P01625,ananse.customer,AN-C001625
P01626,ananse.customer,AN-C001626
P01627,ananse.customer,AN-C001627
P01628,ananse.customer,AN-C001628
P01629,ananse.customer,AN-C001629
P01630,ananse.customer,AN-C001630
P01631,ananse.customer,AN-C001631
P01632,ananse.customer,AN-C001632
P01633,ananse.customer,AN-C001633
P01634,ananse.customer,AN-C001634
P01635,ananse.customer,AN-C001635
P01636,ananse.customer,AN-C001636
P01637,ananse.customer,AN-C001637
P01638,ananse.customer,AN-C001638
P01639,ananse.customer,AN-C001639
P01640,ananse.customer,AN-C001640
P01641,ananse.customer,AN-C001641
P01642,ananse.customer,AN-C001642
P01643,ananse.customer,AN-C001643
P01644,ananse.customer,AN-C001644
P01645,ananse.customer,AN-C001645
P01646,ananse.customer,AN-C001646
P01647,ananse.customer,AN-C001647
P01648,ananse.customer,AN-C001648
P01649,ananse.customer,AN-C001649
P01650,ananse.customer,AN-C001650
P01651,ananse.customer,AN-C001651
P01652,ananse.customer,AN-C001652
P01653,ananse.customer,AN-C001653
P01654,ananse.customer,AN-C001654
P01655,ananse.customer,AN-C001655
P01656,ananse.customer,AN-C001656
P01657,ananse.customer,AN-C001657
P01658,ananse.customer,AN-C001658
P01659,ananse.customer,AN-C001659
P01660,ananse.customer,AN-C001660
P01661,ananse.customer,AN-C001661
P01662,ananse.customer,AN-C001662
P01663,ananse.customer,AN-C001663
P01664,ananse.customer,AN-C001664
P01665,ananse.customer,AN-C001665
P01666,ananse.customer,AN-C001666
P01667,ananse.customer,AN-C001667
P01668,ananse.customer,AN-C001668
P01669,ananse.customer,AN-C001669
P01670,ananse.customer,AN-C001670
P01671,ananse.customer,AN-C001671
P01672,ananse.customer,AN-C001672
P01673,ananse.customer,AN-C001673
P01674,ananse.customer,AN-C001674
P01675,ananse.customer,AN-C001675
P01676,ananse.customer,AN-C001676
P01677,ananse.customer,AN-C001677
P01678,ananse.customer,AN-C001678
P01679,ananse.customer,AN-C001679
P01680,ananse.customer,AN-C001680
P01681,ananse.customer,AN-C001681
P01682,ananse.customer,AN-C001682
P01683,ananse.customer,AN-C001683
P01684,ananse.customer,AN-C001684
P01685,ananse.customer,AN-C001685
P01686,ananse.customer,AN-C001686
P01687,ananse.customer,AN-C001687
P01688,ananse.customer,AN-C001688
P01689,ananse.customer,AN-C001689
P01690,ananse.customer,AN-C001690
P01691,ananse.customer,AN-C001691
P01692,ananse.customer,AN-C001692
P01693,ananse.customer,AN-C001693
P01694,ananse.customer,AN-C001694
P01695,ananse.customer,AN-C001695
P01696,ananse.customer,AN-C001696
P01697,ananse.customer,AN-C001697
P01698,ananse.customer,AN-C001698
P01699,ananse.customer,AN-C001699
P01700,ananse.customer,AN-C001700
P01701,ananse.customer,AN-C001701
P01702,ananse.customer,AN-C001702
P01703,ananse.customer,AN-C001703
P01704,ananse.customer,AN-C001704
P01705,ananse.customer,AN-C001705
P01706,ananse.customer,AN-C001706
P01707,ananse.customer,AN-C001707
P01708,ananse.customer,AN-C001708
P01709,ananse.customer,AN-C001709
P01710,ananse.customer,AN-C001710
P01711,ananse.customer,AN-C001711
P01712,ananse.customer,AN-C001712
P01713,ananse.customer,AN-C001713
P01714,ananse.customer,AN-C001714
P01715,ananse.customer,AN-C001715
P01716,ananse.customer,AN-C001716
P01717,ananse.customer,AN-C001717
P01718,ananse.customer,AN-C001718
P01719,ananse.customer,AN-C001719
P01720,ananse.customer,AN-C001720
P01721,ananse.customer,AN-C001721
P01722,ananse.customer,AN-C001722
P01723,ananse.customer,AN-C001723
P01724,ananse.customer,AN-C001724
P01725,ananse.customer,AN-C001725
P01726,ananse.customer,AN-C001726
P01727,ananse.customer,AN-C001727
P01728,ananse.customer,AN-C001728
P01729,ananse.customer,AN-C001729
P01730,ananse.customer,AN-C001730
P01731,ananse.customer,AN-C001731
P01732,ananse.customer,AN-C001732
P01733,ananse.customer,AN-C001733
P01734,ananse.customer,AN-C001734
P01735,ananse.customer,AN-C001735
P01736,ananse.customer,AN-C001736
P01737,ananse.customer,AN-C001737
P01738,ananse.customer,AN-C001738
P01739,ananse.customer,AN-C001739
P01740,ananse.customer,AN-C001740
P01741,ananse.customer,AN-C001741
P01742,ananse.customer,AN-C001742
P01743,ananse.customer,AN-C001743
P01744,ananse.customer,AN-C001744
P01745,ananse.customer,AN-C001745
P01746,ananse.customer,AN-C001746
P01747,ananse.customer,AN-C001747
P01748,ananse.customer,AN-C001748
P01749,ananse.customer,AN-C001749
P01750,ananse.customer,AN-C001750
P01751,ananse.customer,AN-C001751
P01752,ananse.customer,AN-C001752
P01753,ananse.customer,AN-C001753
P01754,ananse.customer,AN-C001754
P01755,ananse.customer,AN-C001755
P01756,ananse.customer,AN-C001756
P01757,ananse.customer,AN-C001757
P01758,ananse.customer,AN-C001758
P01759,ananse.customer,AN-C001759
P01760,ananse.customer,AN-C001760
P01761,ananse.customer,AN-C001761
P01762,ananse.customer,AN-C001762
P01763,ananse.customer,AN-C001763
P01764,ananse.customer,AN-C001764
P01765,ananse.customer,AN-C001765
P01766,ananse.customer,AN-C001766
P01767,ananse.customer,AN-C001767
P01768,ananse.customer,AN-C001768
P01769,ananse.customer,AN-C001769
P01770,ananse.customer,AN-C001770
P01771,ananse.customer,AN-C001771
P01772,ananse.customer,AN-C001772
P01773,ananse.customer,AN-C001773
P01774,ananse.customer,AN-C001774
P01775,ananse.customer,AN-C001775
P01776,ananse.customer,AN-C001776
P01777,ananse.customer,AN-C001777
P01778,ananse.customer,AN-C001778
P01779,ananse.customer,AN-C001779
P01780,ananse.customer,AN-C001780
P01781,ananse.customer,AN-C001781
P01782,ananse.customer,AN-C001782
P01783,ananse.customer,AN-C001783
P01784,ananse.customer,AN-C001784
P01785,ananse.customer,AN-C001785
P01786,ananse.customer,AN-C001786
P01787,ananse.customer,AN-C001787
P01788,ananse.customer,AN-C001788
P01789,ananse.customer,AN-C001789
P01790,ananse.customer,AN-C001790
P01791,ananse.customer,AN-C001791
P01792,ananse.customer,AN-C001792
P01793,ananse.customer,AN-C001793
P01794,ananse.customer,AN-C001794
P01795,ananse.customer,AN-C001795
P01796,ananse.customer,AN-C001796
P01797,ananse.customer,AN-C001797
P01798,ananse.customer,AN-C001798
P01799,ananse.customer,AN-C001799
P01800,ananse.customer,AN-C001800
P01801,ananse.customer,AN-C001801
P01802,ananse.customer,AN-C001802
P01803,ananse.customer,AN-C001803
P01804,ananse.customer,AN-C001804
P01805,ananse.customer,AN-C001805
P01806,ananse.customer,AN-C001806
P01807,ananse.customer,AN-C001807
P01808,ananse.customer,AN-C001808
P01809,ananse.customer,AN-C001809
P01810,ananse.customer,AN-C001810
P01811,ananse.customer,AN-C001811
P01812,ananse.customer,AN-C001812
P01813,ananse.customer,AN-C001813
P01814,ananse.customer,AN-C001814
P01815,ananse.customer,AN-C001815
P01816,ananse.customer,AN-C001816
P01817,ananse.customer,AN-C001817
P01818,ananse.customer,AN-C001818
P01819,ananse.customer,AN-C001819
P01820,ananse.customer,AN-C001820
P01821,ananse.customer,AN-C001821
P01822,ananse.customer,AN-C001822
P01823,ananse.customer,AN-C001823
P01824,ananse.customer,AN-C001824
P01825,ananse.customer,AN-C001825
P01826,ananse.customer,AN-C001826
P01827,ananse.customer,AN-C001827
P01828,ananse.customer,AN-C001828
P01829,ananse.customer,AN-C001829
P01830,ananse.customer,AN-C001830
P01831,ananse.customer,AN-C001831
P01832,ananse.customer,AN-C001832
P01833,ananse.customer,AN-C001833
P01834,ananse.customer,AN-C001834
P01835,ananse.customer,AN-C001835
P01836,ananse.customer,AN-C001836
P01837,ananse.customer,AN-C001837
P01838,ananse.customer,AN-C001838
P01839,ananse.customer,AN-C001839
P01840,ananse.customer,AN-C001840
P01841,ananse.customer,AN-C001841
P01842,ananse.customer,AN-C001842
P01843,ananse.customer,AN-C001843
P01844,ananse.customer,AN-C001844
P01845,ananse.customer,AN-C001845
P01846,ananse.customer,AN-C001846
P01847,ananse.customer,AN-C001847
P01848,ananse.customer,AN-C001848
P01849,ananse.customer,AN-C001849
P01850,ananse.customer,AN-C001850
P01851,ananse.customer,AN-C001851
P01852,ananse.customer,AN-C001852
P01853,ananse.customer,AN-C001853
P01854,ananse.customer,AN-C001854
P01855,ananse.customer,AN-C001855
P01856,ananse.customer,AN-C001856
P01857,ananse.customer,AN-C001857
P01858,ananse.customer,AN-C001858
P01859,ananse.customer,AN-C001859
P01860,ananse.customer,AN-C001860
P01861,ananse.customer,AN-C001861
P01862,ananse.customer,AN-C001862
P01863,ananse.customer,AN-C001863
P01864,ananse.customer,AN-C001864
P01865,ananse.customer,AN-C001865
P01866,ananse.customer,AN-C001866
P01867,ananse.customer,AN-C001867
P01868,ananse.customer,AN-C001868
P01869,ananse.customer,AN-C001869
P01870,ananse.customer,AN-C001870
P01871,ananse.customer,AN-C001871
P01872,ananse.customer,AN-C001872
P01873,ananse.customer,AN-C001873
P01874,ananse.customer,AN-C001874
P01875,ananse.customer,AN-C001875
P01876,ananse.customer,AN-C001876
P01877,ananse.customer,AN-C001877
P01878,ananse.customer,AN-C001878
P01879,ananse.customer,AN-C001879
P01880,ananse.customer,AN-C001880
P01881,ananse.customer,AN-C001881
P01882,ananse.customer,AN-C001882
P01883,ananse.customer,AN-C001883
P01884,ananse.customer,AN-C001884
P01885,ananse.customer,AN-C001885
P01886,ananse.customer,AN-C001886
P01887,ananse.customer,AN-C001887
P01888,ananse.customer,AN-C001888
P01889,ananse.customer,AN-C001889
P01890,ananse.customer,AN-C001890
P01891,ananse.customer,AN-C001891
P01892,ananse.customer,AN-C001892
P01893,ananse.customer,AN-C001893
P01894,ananse.customer,AN-C001894
P01895,ananse.customer,AN-C001895
P01896,ananse.customer,AN-C001896
P01897,ananse.customer,AN-C001897
P01898,ananse.customer,AN-C001898
P01899,ananse.customer,AN-C001899
P01900,ananse.customer,AN-C001900
P01901,ananse.customer,AN-C001901
P01902,ananse.customer,AN-C001902
P01903,ananse.customer,AN-C001903
P01904,ananse.customer,AN-C001904
P01905,ananse.customer,AN-C001905
P01906,ananse.customer,AN-C001906
P01907,ananse.customer,AN-C001907
P01908,ananse.customer,AN-C001908
P01909,ananse.customer,AN-C001909
P01910,ananse.customer,AN-C001910
P01911,ananse.customer,AN-C001911
P01912,ananse.customer,AN-C001912
P01913,ananse.customer,AN-C001913
P01914,ananse.customer,AN-C001914
P01915,ananse.customer,AN-C001915
P01916,ananse.customer,AN-C001916
P01917,ananse.customer,AN-C001917
P01918,ananse.customer,AN-C001918
P01919,ananse.customer,AN-C001919
P01920,ananse.customer,AN-C001920
P01921,ananse.customer,AN-C001921
P01922,ananse.customer,AN-C001922
P01923,ananse.customer,AN-C001923
P01924,ananse.customer,AN-C001924
P01925,ananse.customer,AN-C001925
P01926,ananse.customer,AN-C001926
P01927,ananse.customer,AN-C001927
P01928,ananse.customer,AN-C001928
P01929,ananse.customer,AN-C001929
P01930,ananse.customer,AN-C001930
P01931,ananse.customer,AN-C001931
P01932,ananse.customer,AN-C001932
P01933,ananse.customer,AN-C001933
P01934,ananse.customer,AN-C001934
P01935,ananse.customer,AN-C001935
P01936,ananse.customer,AN-C001936
P01937,ananse.customer,AN-C001937
P01938,ananse.customer,AN-C001938
P01939,ananse.customer,AN-C001939
P01940,ananse.customer,AN-C001940
P01941,ananse.customer,AN-C001941
P01942,ananse.customer,AN-C001942
P01943,ananse.customer,AN-C001943
P01944,ananse.customer,AN-C001944
P01945,ananse.customer,AN-C001945
P01946,ananse.customer,AN-C001946
P01947,ananse.customer,AN-C001947
P01948,ananse.customer,AN-C001948
P01949,ananse.customer,AN-C001949
P01950,ananse.customer,AN-C001950
P01951,ananse.customer,AN-C001951
P01952,ananse.customer,AN-C001952
P01953,ananse.customer,AN-C001953
P01954,ananse.customer,AN-C001954
P01955,ananse.customer,AN-C001955
P01956,ananse.customer,AN-C001956
P01957,ananse.customer,AN-C001957
P01958,ananse.customer,AN-C001958
P01959,ananse.customer,AN-C001959
P01960,ananse.customer,AN-C001960
P01961,ananse.customer,AN-C001961
P01962,ananse.customer,AN-C001962
P01963,ananse.customer,AN-C001963
P01964,ananse.customer,AN-C001964
P01965,ananse.customer,AN-C001965
P01966,ananse.customer,AN-C001966
P01967,ananse.customer,AN-C001967
P01968,ananse.customer,AN-C001968
P01969,ananse.customer,AN-C001969
P01970,ananse.customer,AN-C001970
P01971,ananse.customer,AN-C001971
P01972,ananse.customer,AN-C001972
P01973,ananse.customer,AN-C001973
P01974,ananse.customer,AN-C001974
P01975,ananse.customer,AN-C001975
P01976,ananse.customer,AN-C001976
P01977,ananse.customer,AN-C001977
P01978,ananse.customer,AN-C001978
P01979,ananse.customer,AN-C001979
P01980,ananse.customer,AN-C001980
P01981,ananse.customer,AN-C001981
P01982,ananse.customer,AN-C001982
P01983,ananse.customer,AN-C001983
P01984,ananse.customer,AN-C001984
P01985,ananse.customer,AN-C001985
P01986,ananse.customer,AN-C001986
P01987,ananse.customer,AN-C001987
P01988,ananse.customer,AN-C001988
P01989,ananse.customer,AN-C001989
P01990,ananse.customer,AN-C001990
P01991,ananse.customer,AN-C001991
P01992,ananse.customer,AN-C001992
P01993,ananse.customer,AN-C001993
P01994,ananse.customer,AN-C001994
P01995,ananse.customer,AN-C001995
P01996,ananse.customer,AN-C001996
P01997,ananse.customer,AN-C001997
P01998,ananse.customer,AN-C001998
P01999,ananse.customer,AN-C001999
P02000,ananse.customer,AN-C002000
P02001,ananse.customer,AN-C002001
P02002,ananse.customer,AN-C002002
P02003,ananse.customer,AN-C002003
P02004,ananse.customer,AN-C002004
P02005,ananse.customer,AN-C002005
P02006,ananse.customer,AN-C002006
P02007,ananse.customer,AN-C002007
P02008,ananse.customer,AN-C002008
P02009,ananse.customer,AN-C002009
P02010,ananse.customer,AN-C002010
P02011,ananse.customer,AN-C002011
P02012,ananse.customer,AN-C002012
P02013,ananse.customer,AN-C002013
P02014,ananse.customer,AN-C002014
P02015,ananse.customer,AN-C002015
P02016,ananse.customer,AN-C002016
P02017,ananse.customer,AN-C002017
P02018,ananse.customer,AN-C002018
P02019,ananse.customer,AN-C002019
P02020,ananse.customer,AN-C002020
P02021,ananse.customer,AN-C002021
P02022,ananse.customer,AN-C002022
P02023,ananse.customer,AN-C002023
P02024,ananse.customer,AN-C002024
P02025,ananse.customer,AN-C002025
P02026,ananse.customer,AN-C002026
P02027,ananse.customer,AN-C002027
P02028,ananse.customer,AN-C002028
P02029,ananse.customer,AN-C002029
P02030,ananse.customer,AN-C002030
P02031,ananse.customer,AN-C002031
P02032,ananse.customer,AN-C002032
P02033,ananse.customer,AN-C002033
P02034,ananse.customer,AN-C002034
P02035,ananse.customer,AN-C002035
P02036,ananse.customer,AN-C002036
P02037,ananse.customer,AN-C002037
P02038,ananse.customer,AN-C002038
P02039,ananse.customer,AN-C002039
P02040,ananse.customer,AN-C002040
P02041,ananse.customer,AN-C002041
P02042,ananse.customer,AN-C002042
P02043,ananse.customer,AN-C002043
P02044,ananse.customer,AN-C002044
P02045,ananse.customer,AN-C002045
P02046,ananse.customer,AN-C002046
P02047,ananse.customer,AN-C002047
P02048,ananse.customer,AN-C002048
P02049,ananse.customer,AN-C002049
P02050,ananse.customer,AN-C002050
P02051,ananse.customer,AN-C002051
P02052,ananse.customer,AN-C002052
P02053,ananse.customer,AN-C002053
P02054,ananse.customer,AN-C002054
P02055,ananse.customer,AN-C002055
P02056,ananse.customer,AN-C002056
P02057,ananse.customer,AN-C002057
P02058,ananse.customer,AN-C002058
P02059,ananse.customer,AN-C002059
P02060,ananse.customer,AN-C002060
P02061,ananse.customer,AN-C002061
P02062,ananse.customer,AN-C002062
P02063,ananse.customer,AN-C002063
P02064,ananse.customer,AN-C002064
P02065,ananse.customer,AN-C002065
P02066,ananse.customer,AN-C002066
P02067,ananse.customer,AN-C002067
P02068,ananse.customer,AN-C002068
P02069,ananse.customer,AN-C002069
P02070,ananse.customer,AN-C002070
P02071,ananse.customer,AN-C002071
P02072,ananse.customer,AN-C002072
P02073,ananse.customer,AN-C002073
P02074,ananse.customer,AN-C002074
P02075,ananse.customer,AN-C002075
P02076,ananse.customer,AN-C002076
P02077,ananse.customer,AN-C002077
P02078,ananse.customer,AN-C002078
P02079,ananse.customer,AN-C002079
P02080,ananse.customer,AN-C002080
P02081,ananse.customer,AN-C002081
P02082,ananse.customer,AN-C002082
P02083,ananse.customer,AN-C002083
P02084,ananse.customer,AN-C002084
P02085,ananse.customer,AN-C002085
P02086,ananse.customer,AN-C002086
P02087,ananse.customer,AN-C002087
P02088,ananse.customer,AN-C002088
P02089,ananse.customer,AN-C002089
P02090,ananse.customer,AN-C002090
P02091,ananse.customer,AN-C002091
P02092,ananse.customer,AN-C002092
P02093,ananse.customer,AN-C002093
P02094,ananse.customer,AN-C002094
P02095,ananse.customer,AN-C002095
P02096,ananse.customer,AN-C002096
P02097,ananse.customer,AN-C002097
P02098,ananse.customer,AN-C002098
P02099,ananse.customer,AN-C002099
P02100,ananse.customer,AN-C002100
P02101,ananse.customer,AN-C002101
P02102,ananse.customer,AN-C002102
P02103,ananse.customer,AN-C002103
P02104,ananse.customer,AN-C002104
P02105,ananse.customer,AN-C002105
P02106,ananse.customer,AN-C002106
P02107,ananse.customer,AN-C002107
P02108,ananse.customer,AN-C002108
P02109,ananse.customer,AN-C002109
P02110,ananse.customer,AN-C002110
P02111,ananse.customer,AN-C002111
P02112,ananse.customer,AN-C002112
P02113,ananse.customer,AN-C002113
P02114,ananse.customer,AN-C002114
P02115,ananse.customer,AN-C002115
P02116,ananse.customer,AN-C002116
P02117,ananse.customer,AN-C002117
P02118,ananse.customer,AN-C002118
P02119,ananse.customer,AN-C002119
P02120,ananse.customer,AN-C002120
P02121,ananse.customer,AN-C002121
P02122,ananse.customer,AN-C002122
P02123,ananse.customer,AN-C002123
P02124,ananse.customer,AN-C002124
P02125,ananse.customer,AN-C002125
P02126,ananse.customer,AN-C002126
P02127,ananse.customer,AN-C002127
P02128,ananse.customer,AN-C002128
P02129,ananse.customer,AN-C002129
P02130,ananse.customer,AN-C002130
P02131,ananse.customer,AN-C002131
P02132,ananse.customer,AN-C002132
P02133,ananse.customer,AN-C002133
P02134,ananse.customer,AN-C002134
P02135,ananse.customer,AN-C002135
P02136,ananse.customer,AN-C002136
P02137,ananse.customer,AN-C002137
P02138,ananse.customer,AN-C002138
P02139,ananse.customer,AN-C002139
P02140,ananse.customer,AN-C002140
P02141,ananse.customer,AN-C002141
P02142,ananse.customer,AN-C002142
P02143,ananse.customer,AN-C002143
P02144,ananse.customer,AN-C002144
P02145,ananse.customer,AN-C002145
P02146,ananse.customer,AN-C002146
P02147,ananse.customer,AN-C002147
P02148,ananse.customer,AN-C002148
P02149,ananse.customer,AN-C002149
P02150,ananse.customer,AN-C002150
P02151,ananse.customer,AN-C002151
P02152,ananse.customer,AN-C002152
P02153,ananse.customer,AN-C002153
P02154,ananse.customer,AN-C002154
P02155,ananse.customer,AN-C002155
P02156,ananse.customer,AN-C002156
P02157,ananse.customer,AN-C002157
P02158,ananse.customer,AN-C002158
P02159,ananse.customer,AN-C002159
P02160,ananse.customer,AN-C002160
P02161,ananse.customer,AN-C002161
P02162,ananse.customer,AN-C002162
P02163,ananse.customer,AN-C002163
P02164,ananse.customer,AN-C002164
P02165,ananse.customer,AN-C002165
P02166,ananse.customer,AN-C002166
P02167,ananse.customer,AN-C002167
P02168,ananse.customer,AN-C002168
P02169,ananse.customer,AN-C002169
P02170,ananse.customer,AN-C002170
P02171,ananse.customer,AN-C002171
P02172,ananse.customer,AN-C002172
P02173,ananse.customer,AN-C002173
P02174,ananse.customer,AN-C002174
P02175,ananse.customer,AN-C002175
P02176,ananse.customer,AN-C002176
P02177,ananse.customer,AN-C002177
P02178,ananse.customer,AN-C002178
P02179,ananse.customer,AN-C002179
P02180,ananse.customer,AN-C002180
P02181,ananse.customer,AN-C002181
P02182,ananse.customer,AN-C002182
P02183,ananse.customer,AN-C002183
P02184,ananse.customer,AN-C002184
P02185,ananse.customer,AN-C002185
P02186,ananse.customer,AN-C002186
P02187,ananse.customer,AN-C002187
P02188,ananse.customer,AN-C002188
P02189,ananse.customer,AN-C002189
P02190,ananse.customer,AN-C002190
P02191,ananse.customer,AN-C002191
P02192,ananse.customer,AN-C002192
P02193,ananse.customer,AN-C002193
P02194,ananse.customer,AN-C002194
P02195,ananse.customer,AN-C002195
P02196,ananse.customer,AN-C002196
P02197,ananse.customer,AN-C002197
P02198,ananse.customer,AN-C002198
P02199,ananse.customer,AN-C002199
P02200,ananse.customer,AN-C002200
P02201,ananse.customer,AN-C002201
P02202,ananse.customer,AN-C002202
P02203,ananse.customer,AN-C002203
P02204,ananse.customer,AN-C002204
P02205,ananse.customer,AN-C002205
P02206,ananse.customer,AN-C002206
P02207,ananse.customer,AN-C002207
P02208,ananse.customer,AN-C002208
P02209,ananse.customer,AN-C002209
P02210,ananse.customer,AN-C002210
P02211,ananse.customer,AN-C002211
P02212,ananse.customer,AN-C002212
P02213,ananse.customer,AN-C002213
P02214,ananse.customer,AN-C002214
P02215,ananse.customer,AN-C002215
P02216,ananse.customer,AN-C002216
P02217,ananse.customer,AN-C002217
P02218,ananse.customer,AN-C002218
P02219,ananse.customer,AN-C002219
P02220,ananse.customer,AN-C002220
P02221,ananse.customer,AN-C002221
P02222,ananse.customer,AN-C002222
P02223,ananse.customer,AN-C002223
P02224,ananse.customer,AN-C002224
P02225,ananse.customer,AN-C002225
P02226,ananse.customer,AN-C002226
P02227,ananse.customer,AN-C002227
P02228,ananse.customer,AN-C002228
P02229,ananse.customer,AN-C002229
P02230,ananse.customer,AN-C002230
P02231,ananse.customer,AN-C002231
P02232,ananse.customer,AN-C002232
P02233,ananse.customer,AN-C002233
P02234,ananse.customer,AN-C002234
P02235,ananse.customer,AN-C002235
P02236,ananse.customer,AN-C002236
P02237,ananse.customer,AN-C002237
P02238,ananse.customer,AN-C002238
P02239,ananse.customer,AN-C002239
P02240,ananse.customer,AN-C002240
P02241,ananse.customer,AN-C002241
P02242,ananse.customer,AN-C002242
P02243,ananse.customer,AN-C002243
P02244,ananse.customer,AN-C002244
P02245,ananse.customer,AN-C002245
P02246,ananse.customer,AN-C002246
P02247,ananse.customer,AN-C002247
P02248,ananse.customer,AN-C002248
P02249,ananse.customer,AN-C002249
P02250,ananse.customer,AN-C002250
P02251,ananse.customer,AN-C002251
P02252,ananse.customer,AN-C002252
P02253,ananse.customer,AN-C002253
P02254,ananse.customer,AN-C002254
P02255,ananse.customer,AN-C002255
P02256,ananse.customer,AN-C002256
P02257,ananse.customer,AN-C002257
P02258,ananse.customer,AN-C002258
P02259,ananse.customer,AN-C002259
P02260,ananse.customer,AN-C002260
P02261,ananse.customer,AN-C002261
P02262,ananse.customer,AN-C002262
P02263,ananse.customer,AN-C002263
P02264,ananse.customer,AN-C002264
P02265,ananse.customer,AN-C002265
P02266,ananse.customer,AN-C002266
P02267,ananse.customer,AN-C002267
P02268,ananse.customer,AN-C002268
P02269,ananse.customer,AN-C002269
P02270,ananse.customer,AN-C002270
P02271,ananse.customer,AN-C002271
P02272,ananse.customer,AN-C002272
P02273,ananse.customer,AN-C002273
P02274,ananse.customer,AN-C002274
P02275,ananse.customer,AN-C002275
P02276,ananse.customer,AN-C002276
P02277,ananse.customer,AN-C002277
P02278,ananse.customer,AN-C002278
P02279,ananse.customer,AN-C002279
P02280,ananse.customer,AN-C002280
P02281,ananse.customer,AN-C002281
P02282,ananse.customer,AN-C002282
P02283,ananse.customer,AN-C002283
P02284,ananse.customer,AN-C002284
P02285,ananse.customer,AN-C002285
P02286,ananse.customer,AN-C002286
P02287,ananse.customer,AN-C002287
P02288,ananse.customer,AN-C002288
P02289,ananse.customer,AN-C002289
P02290,ananse.customer,AN-C002290
P02291,ananse.customer,AN-C002291
P02292,ananse.customer,AN-C002292
P02293,ananse.customer,AN-C002293
P02294,ananse.customer,AN-C002294
P02295,ananse.customer,AN-C002295
P02296,ananse.customer,AN-C002296
P02297,ananse.customer,AN-C002297
P02298,ananse.customer,AN-C002298
P02299,ananse.customer,AN-C002299
P02300,ananse.customer,AN-C002300
P02301,ananse.customer,AN-C002301
P02302,ananse.customer,AN-C002302
P02303,ananse.customer,AN-C002303
P02304,ananse.customer,AN-C002304
P02305,ananse.customer,AN-C002305
P02306,ananse.customer,AN-C002306
P02307,ananse.customer,AN-C002307
P02308,ananse.customer,AN-C002308
P02309,ananse.customer,AN-C002309
P02310,ananse.customer,AN-C002310
P02311,ananse.customer,AN-C002311
P02312,ananse.customer,AN-C002312
P02313,ananse.customer,AN-C002313
P02314,ananse.customer,AN-C002314
P02315,ananse.customer,AN-C002315
P02316,ananse.customer,AN-C002316
P02317,ananse.customer,AN-C002317
P02318,ananse.customer,AN-C002318
P02319,ananse.customer,AN-C002319
P02320,ananse.customer,AN-C002320
P02321,ananse.customer,AN-C002321
P02322,ananse.customer,AN-C002322
P02323,ananse.customer,AN-C002323
P02324,ananse.customer,AN-C002324
P02325,ananse.customer,AN-C002325
P02326,ananse.customer,AN-C002326
P02327,ananse.customer,AN-C002327
P02328,ananse.customer,AN-C002328
P02329,ananse.customer,AN-C002329
P02330,ananse.customer,AN-C002330
P02331,ananse.customer,AN-C002331
P02332,ananse.customer,AN-C002332
P02333,ananse.customer,AN-C002333
P02334,ananse.customer,AN-C002334
P02335,ananse.customer,AN-C002335
P02336,ananse.customer,AN-C002336
P02337,ananse.customer,AN-C002337
P02338,ananse.customer,AN-C002338
P02339,ananse.customer,AN-C002339
P02340,ananse.customer,AN-C002340
P02341,ananse.customer,AN-C002341
P02342,ananse.customer,AN-C002342
P02343,ananse.customer,AN-C002343
P02344,ananse.customer,AN-C002344
P02345,ananse.customer,AN-C002345
P02346,ananse.customer,AN-C002346
P02347,ananse.customer,AN-C002347
P02348,ananse.customer,AN-C002348
P02349,ananse.customer,AN-C002349
P02350,ananse.customer,AN-C002350
P02351,ananse.customer,AN-C002351
P02352,ananse.customer,AN-C002352
P02353,ananse.customer,AN-C002353
P02354,ananse.customer,AN-C002354
P02355,ananse.customer,AN-C002355
P02356,ananse.customer,AN-C002356
P02357,ananse.customer,AN-C002357
P02358,ananse.customer,AN-C002358
P02359,ananse.customer,AN-C002359
P02360,ananse.customer,AN-C002360
P02361,ananse.customer,AN-C002361
P02362,ananse.customer,AN-C002362
P02363,ananse.customer,AN-C002363
P02364,ananse.customer,AN-C002364
P02365,ananse.customer,AN-C002365
P02366,ananse.customer,AN-C002366
P02367,ananse.customer,AN-C002367
P02368,ananse.customer,AN-C002368
P02369,ananse.customer,AN-C002369
P02370,ananse.customer,AN-C002370
P02371,ananse.customer,AN-C002371
P02372,ananse.customer,AN-C002372
P02373,ananse.customer,AN-C002373
P02374,ananse.customer,AN-C002374
P02375,ananse.customer,AN-C002375
P02376,ananse.customer,AN-C002376
P02377,ananse.customer,AN-C002377
P02378,ananse.customer,AN-C002378
P02379,ananse.customer,AN-C002379
P02380,ananse.customer,AN-C002380
P02381,ananse.customer,AN-C002381
P02382,ananse.customer,AN-C002382
P02383,ananse.customer,AN-C002383
P02384,ananse.customer,AN-C002384
P02385,ananse.customer,AN-C002385
P02386,ananse.customer,AN-C002386
P02387,ananse.customer,AN-C002387
P02388,ananse.customer,AN-C002388
P02389,ananse.customer,AN-C002389
P02390,ananse.customer,AN-C002390
P02391,ananse.customer,AN-C002391
P02392,ananse.customer,AN-C002392
P02393,ananse.customer,AN-C002393
P02394,ananse.customer,AN-C002394
P02395,ananse.customer,AN-C002395
P02396,ananse.customer,AN-C002396
P02397,ananse.customer,AN-C002397
P02398,ananse.customer,AN-C002398
P02399,ananse.customer,AN-C002399
P02400,ananse.customer,AN-C002400
P02401,ananse.customer,AN-C002401
P02402,ananse.customer,AN-C002402
P02403,ananse.customer,AN-C002403
P02404,ananse.customer,AN-C002404
P02405,ananse.customer,AN-C002405
P02406,ananse.customer,AN-C002406
P02407,ananse.customer,AN-C002407
P02408,ananse.customer,AN-C002408
P02409,ananse.customer,AN-C002409
P02410,ananse.customer,AN-C002410
P02411,ananse.customer,AN-C002411
P02412,ananse.customer,AN-C002412
P02413,ananse.customer,AN-C002413
P02414,ananse.customer,AN-C002414
P02415,ananse.customer,AN-C002415
P02416,ananse.customer,AN-C002416
P02417,ananse.customer,AN-C002417
P02418,ananse.customer,AN-C002418
P02419,ananse.customer,AN-C002419
P02420,ananse.customer,AN-C002420
P02421,ananse.customer,AN-C002421
P02422,ananse.customer,AN-C002422
P02423,ananse.customer,AN-C002423
P02424,ananse.customer,AN-C002424
P02425,ananse.customer,AN-C002425
P02426,ananse.customer,AN-C002426
P02427,ananse.customer,AN-C002427
P02428,ananse.customer,AN-C002428
P02429,ananse.customer,AN-C002429
P02430,ananse.customer,AN-C002430
P02431,ananse.customer,AN-C002431
P02432,ananse.customer,AN-C002432
P02433,ananse.customer,AN-C002433
P02434,ananse.customer,AN-C002434
P02435,ananse.customer,AN-C002435
P02436,ananse.customer,AN-C002436
P02437,ananse.customer,AN-C002437
P02438,ananse.customer,AN-C002438
P02439,ananse.customer,AN-C002439
P02440,ananse.customer,AN-C002440
P02441,ananse.customer,AN-C002441
P02442,ananse.customer,AN-C002442
P02443,ananse.customer,AN-C002443
P02444,ananse.customer,AN-C002444
P02445,ananse.customer,AN-C002445
P02446,ananse.customer,AN-C002446
P02447,ananse.customer,AN-C002447
P02448,ananse.customer,AN-C002448
P02449,ananse.customer,AN-C002449
P02450,ananse.customer,AN-C002450
P02451,ananse.customer,AN-C002451
P02452,ananse.customer,AN-C002452
P02453,ananse.customer,AN-C002453
P02454,ananse.customer,AN-C002454
P02455,ananse.customer,AN-C002455
P02456,ananse.customer,AN-C002456
P02457,ananse.customer,AN-C002457
P02458,ananse.customer,AN-C002458
P02459,ananse.customer,AN-C002459
P02460,ananse.customer,AN-C002460
P02461,ananse.customer,AN-C002461
P02462,ananse.customer,AN-C002462
P02463,ananse.customer,AN-C002463
P02464,ananse.customer,AN-C002464
P02465,ananse.customer,AN-C002465
P02466,ananse.customer,AN-C002466
P02467,ananse.customer,AN-C002467
P02468,ananse.customer,AN-C002468
P02469,ananse.customer,AN-C002469
P02470,ananse.customer,AN-C002470
P02471,ananse.customer,AN-C002471
P02472,ananse.customer,AN-C002472
P02473,ananse.customer,AN-C002473
P02474,ananse.customer,AN-C002474
P02475,ananse.customer,AN-C002475
P02476,ananse.customer,AN-C002476
P02477,ananse.customer,AN-C002477
P02478,ananse.customer,AN-C002478
P02479,ananse.customer,AN-C002479
P02480,ananse.customer,AN-C002480
P02481,ananse.customer,AN-C002481
P02482,ananse.customer,AN-C002482
P02483,ananse.customer,AN-C002483
P02484,ananse.customer,AN-C002484
P02485,ananse.customer,AN-C002485
P02486,ananse.customer,AN-C002486
P02487,ananse.customer,AN-C002487
P02488,ananse.customer,AN-C002488
P02489,ananse.customer,AN-C002489
P02490,ananse.customer,AN-C002490
P02491,ananse.customer,AN-C002491
P02492,ananse.customer,AN-C002492
P02493,ananse.customer,AN-C002493
P02494,ananse.customer,AN-C002494
P02495,ananse.customer,AN-C002495
P02496,ananse.customer,AN-C002496
P02497,ananse.customer,AN-C002497
P02498,ananse.customer,AN-C002498
P02499,ananse.customer,AN-C002499
P02500,ananse.customer,AN-C002500
P02501,ananse.customer,AN-C002501
P02502,ananse.customer,AN-C002502
P02503,ananse.customer,AN-C002503
P02504,ananse.customer,AN-C002504
P02505,ananse.customer,AN-C002505
P02506,ananse.customer,AN-C002506
P02507,ananse.customer,AN-C002507
P02508,ananse.customer,AN-C002508
P02509,ananse.customer,AN-C002509
P02510,ananse.customer,AN-C002510
P02511,ananse.customer,AN-C002511
P02512,ananse.customer,AN-C002512
P02513,ananse.customer,AN-C002513
P02514,ananse.customer,AN-C002514
P02515,ananse.customer,AN-C002515
P02516,ananse.customer,AN-C002516
P02517,ananse.customer,AN-C002517
P02518,ananse.customer,AN-C002518
P02519,ananse.customer,AN-C002519
P02520,ananse.customer,AN-C002520
P02521,ananse.customer,AN-C002521
P02522,ananse.customer,AN-C002522
P02523,ananse.customer,AN-C002523
P02524,ananse.customer,AN-C002524
P02525,ananse.customer,AN-C002525
P02526,ananse.customer,AN-C002526
P02527,ananse.customer,AN-C002527
P02528,ananse.customer,AN-C002528
P02529,ananse.customer,AN-C002529
P02530,ananse.customer,AN-C002530
P02531,ananse.customer,AN-C002531
P02532,ananse.customer,AN-C002532
P02533,ananse.customer,AN-C002533
P02534,ananse.customer,AN-C002534
P02535,ananse.customer,AN-C002535
P02536,ananse.customer,AN-C002536
P02537,ananse.customer,AN-C002537
P02538,ananse.customer,AN-C002538
P02539,ananse.customer,AN-C002539
P02540,ananse.customer,AN-C002540
P02541,ananse.customer,AN-C002541
P02542,ananse.customer,AN-C002542
P02543,ananse.customer,AN-C002543
P02544,ananse.customer,AN-C002544
P02545,ananse.customer,AN-C002545
P02546,ananse.customer,AN-C002546
P02547,ananse.customer,AN-C002547
P02548,ananse.customer,AN-C002548
P02549,ananse.customer,AN-C002549
P02550,ananse.customer,AN-C002550
P02551,ananse.customer,AN-C002551
P02552,ananse.customer,AN-C002552
P02553,ananse.customer,AN-C002553
P02554,ananse.customer,AN-C002554
P02555,ananse.customer,AN-C002555
P02556,ananse.customer,AN-C002556
P02557,ananse.customer,AN-C002557
P02558,ananse.customer,AN-C002558
P02559,ananse.customer,AN-C002559
P02560,ananse.customer,AN-C002560
P02561,ananse.customer,AN-C002561
P02562,ananse.customer,AN-C002562
P02563,ananse.customer,AN-C002563
P02564,ananse.customer,AN-C002564
P02565,ananse.customer,AN-C002565
P02566,ananse.customer,AN-C002566
P02567,ananse.customer,AN-C002567
P02568,ananse.customer,AN-C002568
P02569,ananse.customer,AN-C002569
P02570,ananse.customer,AN-C002570
P02571,ananse.customer,AN-C002571
P02572,ananse.customer,AN-C002572
P02573,ananse.customer,AN-C002573
P02574,ananse.customer,AN-C002574
P02575,ananse.customer,AN-C002575
P02576,ananse.customer,AN-C002576
P02577,ananse.customer,AN-C002577
P02578,ananse.customer,AN-C002578
P02579,ananse.customer,AN-C002579
P02580,ananse.customer,AN-C002580
P02581,ananse.customer,AN-C002581
P02582,ananse.customer,AN-C002582
P02583,ananse.customer,AN-C002583
P02584,ananse.customer,AN-C002584
P02585,ananse.customer,AN-C002585
P02586,ananse.customer,AN-C002586
P02587,ananse.customer,AN-C002587
P02588,ananse.customer,AN-C002588
P02589,ananse.customer,AN-C002589
P02590,ananse.customer,AN-C002590
P02591,ananse.customer,AN-C002591
P02592,ananse.customer,AN-C002592
P02593,ananse.customer,AN-C002593
P02594,ananse.customer,AN-C002594
P02595,ananse.customer,AN-C002595
P02596,ananse.customer,AN-C002596
P02597,ananse.customer,AN-C002597
P02598,ananse.customer,AN-C002598
P02599,ananse.customer,AN-C002599
P02600,ananse.customer,AN-C002600
P02601,ananse.customer,AN-C002601
P02602,ananse.customer,AN-C002602
P02603,ananse.customer,AN-C002603
P02604,ananse.customer,AN-C002604
P02605,ananse.customer,AN-C002605
P02606,ananse.customer,AN-C002606
P02607,ananse.customer,AN-C002607
P02608,ananse.customer,AN-C002608
P02609,ananse.customer,AN-C002609
P02610,ananse.customer,AN-C002610
P02611,ananse.customer,AN-C002611
P02612,ananse.customer,AN-C002612
P02613,ananse.customer,AN-C002613
P02614,ananse.customer,AN-C002614
P02615,ananse.customer,AN-C002615
P02616,ananse.customer,AN-C002616
P02617,ananse.customer,AN-C002617
P02618,ananse.customer,AN-C002618
P02619,ananse.customer,AN-C002619
P02620,ananse.customer,AN-C002620
P02621,ananse.customer,AN-C002621
P02622,ananse.customer,AN-C002622
P02623,ananse.customer,AN-C002623
P02624,ananse.customer,AN-C002624
P02625,ananse.customer,AN-C002625
P02626,ananse.customer,AN-C002626
P02627,ananse.customer,AN-C002627
P02628,ananse.customer,AN-C002628
P02629,ananse.customer,AN-C002629
P02630,ananse.customer,AN-C002630
P02631,ananse.customer,AN-C002631
P02632,ananse.customer,AN-C002632
P02633,ananse.customer,AN-C002633
P02634,ananse.customer,AN-C002634
P02635,ananse.customer,AN-C002635
P02636,ananse.customer,AN-C002636
P02637,ananse.customer,AN-C002637
P02638,ananse.customer,AN-C002638
P02639,ananse.customer,AN-C002639
P02640,ananse.customer,AN-C002640
P02641,ananse.customer,AN-C002641
P02642,ananse.customer,AN-C002642
P02643,ananse.customer,AN-C002643
P02644,ananse.customer,AN-C002644
P02645,ananse.customer,AN-C002645
P02646,ananse.customer,AN-C002646
P02647,ananse.customer,AN-C002647
P02648,ananse.customer,AN-C002648
P02649,ananse.customer,AN-C002649
P02650,ananse.customer,AN-C002650
P02651,ananse.customer,AN-C002651
P02652,ananse.customer,AN-C002652
P02653,ananse.customer,AN-C002653
P02654,ananse.customer,AN-C002654
P02655,ananse.customer,AN-C002655
P02656,ananse.customer,AN-C002656
P02657,ananse.customer,AN-C002657
P02658,ananse.customer,AN-C002658
P02659,ananse.customer,AN-C002659
P02660,ananse.customer,AN-C002660
P02661,ananse.customer,AN-C002661
P02662,ananse.customer,AN-C002662
P02663,ananse.customer,AN-C002663
P02664,ananse.customer,AN-C002664
P02665,ananse.customer,AN-C002665
P02666,ananse.customer,AN-C002666
P02667,ananse.customer,AN-C002667
P02668,ananse.customer,AN-C002668
P02669,ananse.customer,AN-C002669
P02670,ananse.customer,AN-C002670
P02671,ananse.customer,AN-C002671
P02672,ananse.customer,AN-C002672
P02673,ananse.customer,AN-C002673
P02674,ananse.customer,AN-C002674
P02675,ananse.customer,AN-C002675
P02676,ananse.customer,AN-C002676
P02677,ananse.customer,AN-C002677
P02678,ananse.customer,AN-C002678
P02679,ananse.customer,AN-C002679
P02680,ananse.customer,AN-C002680
P02681,ananse.customer,AN-C002681
P02682,ananse.customer,AN-C002682
P02683,ananse.customer,AN-C002683
P02684,ananse.customer,AN-C002684
P02685,ananse.customer,AN-C002685
P02686,ananse.customer,AN-C002686
P02687,ananse.customer,AN-C002687
P02688,ananse.customer,AN-C002688
P02689,ananse.customer,AN-C002689
P02690,ananse.customer,AN-C002690
P02691,ananse.customer,AN-C002691
P02692,ananse.customer,AN-C002692
P02693,ananse.customer,AN-C002693
P02694,ananse.customer,AN-C002694
P02695,ananse.customer,AN-C002695
P02696,ananse.customer,AN-C002696
P02697,ananse.customer,AN-C002697
P02698,ananse.customer,AN-C002698
P02699,ananse.customer,AN-C002699
P02700,ananse.customer,AN-C002700
P02701,ananse.customer,AN-C002701
P02702,ananse.customer,AN-C002702
P02703,ananse.customer,AN-C002703
P02704,ananse.customer,AN-C002704
P02705,ananse.customer,AN-C002705
P02706,ananse.customer,AN-C002706
P02707,ananse.customer,AN-C002707
P02708,ananse.customer,AN-C002708
P02709,ananse.customer,AN-C002709
P02710,ananse.customer,AN-C002710
P02711,ananse.customer,AN-C002711
P02712,ananse.customer,AN-C002712
P02713,ananse.customer,AN-C002713
P02714,ananse.customer,AN-C002714
P02715,ananse.customer,AN-C002715
P02716,ananse.customer,AN-C002716
P02717,ananse.customer,AN-C002717
P02718,ananse.customer,AN-C002718
P02719,ananse.customer,AN-C002719
P02720,ananse.customer,AN-C002720
P02721,ananse.customer,AN-C002721
P02722,ananse.customer,AN-C002722
P02723,ananse.customer,AN-C002723
P02724,ananse.customer,AN-C002724
P02725,ananse.customer,AN-C002725
P02726,ananse.customer,AN-C002726
P02727,ananse.customer,AN-C002727
P02728,ananse.customer,AN-C002728
P02729,ananse.customer,AN-C002729
P02730,ananse.customer,AN-C002730
P02731,ananse.customer,AN-C002731
P02732,ananse.customer,AN-C002732
P02733,ananse.customer,AN-C002733
P02734,ananse.customer,AN-C002734
P02735,ananse.customer,AN-C002735
P02736,ananse.customer,AN-C002736
P02737,ananse.customer,AN-C002737
P02738,ananse.customer,AN-C002738
P02739,ananse.customer,AN-C002739
P02740,ananse.customer,AN-C002740
P02741,ananse.customer,AN-C002741
P02742,ananse.customer,AN-C002742
P02743,ananse.customer,AN-C002743
P02744,ananse.customer,AN-C002744
P02745,ananse.customer,AN-C002745
P02746,ananse.customer,AN-C002746
P02747,ananse.customer,AN-C002747
P02748,ananse.customer,AN-C002748
P02749,ananse.customer,AN-C002749
P02750,ananse.customer,AN-C002750
P02751,ananse.customer,AN-C002751
P02752,ananse.customer,AN-C002752
P02753,ananse.customer,AN-C002753
P02754,ananse.customer,AN-C002754
P02755,ananse.customer,AN-C002755
P02756,ananse.customer,AN-C002756
P02757,ananse.customer,AN-C002757
P02758,ananse.customer,AN-C002758
P02759,ananse.customer,AN-C002759
P02760,ananse.customer,AN-C002760
P02761,ananse.customer,AN-C002761
P02762,ananse.customer,AN-C002762
P02763,ananse.customer,AN-C002763
P02764,ananse.customer,AN-C002764
P02765,ananse.customer,AN-C002765
P02766,ananse.customer,AN-C002766
P02767,ananse.customer,AN-C002767
P02768,ananse.customer,AN-C002768
P02769,ananse.customer,AN-C002769
P02770,ananse.customer,AN-C002770
P02771,ananse.customer,AN-C002771
P02772,ananse.customer,AN-C002772
P02773,ananse.customer,AN-C002773
P02774,ananse.customer,AN-C002774
P02775,ananse.customer,AN-C002775
P02776,ananse.customer,AN-C002776
P02777,ananse.customer,AN-C002777
P02778,ananse.customer,AN-C002778
P02779,ananse.customer,AN-C002779
P02780,ananse.customer,AN-C002780
P02781,ananse.customer,AN-C002781
P02782,ananse.customer,AN-C002782
P02783,ananse.customer,AN-C002783
P02784,ananse.customer,AN-C002784
P02785,ananse.customer,AN-C002785
P02786,ananse.customer,AN-C002786
P02787,ananse.customer,AN-C002787
P02788,ananse.customer,AN-C002788
P02789,ananse.customer,AN-C002789
P02790,ananse.customer,AN-C002790
P02791,ananse.customer,AN-C002791
P02792,ananse.customer,AN-C002792
P02793,ananse.customer,AN-C002793
P02794,ananse.customer,AN-C002794
P02795,ananse.customer,AN-C002795
P02796,ananse.customer,AN-C002796
P02797,ananse.customer,AN-C002797
P02798,ananse.customer,AN-C002798
P02799,ananse.customer,AN-C002799
P02800,ananse.customer,AN-C002800
P02801,ananse.customer,AN-C002801
P02802,ananse.customer,AN-C002802
P02803,ananse.customer,AN-C002803
P02804,ananse.customer,AN-C002804
P02805,ananse.customer,AN-C002805
P02806,ananse.customer,AN-C002806
P02807,ananse.customer,AN-C002807
P02808,ananse.customer,AN-C002808
P02809,ananse.customer,AN-C002809
P02810,ananse.customer,AN-C002810
P02811,ananse.customer,AN-C002811
P02812,ananse.customer,AN-C002812
P02813,ananse.customer,AN-C002813
P02814,ananse.customer,AN-C002814
P02815,ananse.customer,AN-C002815
P02816,ananse.customer,AN-C002816
P02817,ananse.customer,AN-C002817
P02818,ananse.customer,AN-C002818
P02819,ananse.customer,AN-C002819
P02820,ananse.customer,AN-C002820
P02821,ananse.customer,AN-C002821
P02822,ananse.customer,AN-C002822
P02823,ananse.customer,AN-C002823
P02824,ananse.customer,AN-C002824
P02825,ananse.customer,AN-C002825
P02826,ananse.customer,AN-C002826
P02827,ananse.customer,AN-C002827
P02828,ananse.customer,AN-C002828
P02829,ananse.customer,AN-C002829
P02830,ananse.customer,AN-C002830
P02831,ananse.customer,AN-C002831
P02832,ananse.customer,AN-C002832
P02833,ananse.customer,AN-C002833
P02834,ananse.customer,AN-C002834
P02835,ananse.customer,AN-C002835
P02836,ananse.customer,AN-C002836
P02837,ananse.customer,AN-C002837
P02838,ananse.customer,AN-C002838
P02839,ananse.customer,AN-C002839
P02840,ananse.customer,AN-C002840
P02841,ananse.customer,AN-C002841
P02842,ananse.customer,AN-C002842
P02843,ananse.customer,AN-C002843
P02844,ananse.customer,AN-C002844
P02845,ananse.customer,AN-C002845
P02846,ananse.customer,AN-C002846
P02847,ananse.customer,AN-C002847
P02848,ananse.customer,AN-C002848
P02849,ananse.customer,AN-C002849
P02850,ananse.customer,AN-C002850
P02851,ananse.customer,AN-C002851
P02852,ananse.customer,AN-C002852
P02853,ananse.customer,AN-C002853
P02854,ananse.customer,AN-C002854
P02855,ananse.customer,AN-C002855
P02856,ananse.customer,AN-C002856
P02857,ananse.customer,AN-C002857
P02858,ananse.customer,AN-C002858
P02859,ananse.customer,AN-C002859
P02860,ananse.customer,AN-C002860
P02861,ananse.customer,AN-C002861
P02862,ananse.customer,AN-C002862
P02863,ananse.customer,AN-C002863
P02864,ananse.customer,AN-C002864
P02865,ananse.customer,AN-C002865
P02866,ananse.customer,AN-C002866
P02867,ananse.customer,AN-C002867
P02868,ananse.customer,AN-C002868
P02869,ananse.customer,AN-C002869
P02870,ananse.customer,AN-C002870
P02871,ananse.customer,AN-C002871
P02872,ananse.customer,AN-C002872
P02873,ananse.customer,AN-C002873
P02874,ananse.customer,AN-C002874
P02875,ananse.customer,AN-C002875
P02876,ananse.customer,AN-C002876
P02877,ananse.customer,AN-C002877
P02878,ananse.customer,AN-C002878
P02879,ananse.customer,AN-C002879
P02880,ananse.customer,AN-C002880
P02881,ananse.customer,AN-C002881
P02882,ananse.customer,AN-C002882
P02883,ananse.customer,AN-C002883
P02884,ananse.customer,AN-C002884
P02885,ananse.customer,AN-C002885
P02886,ananse.customer,AN-C002886
P02887,ananse.customer,AN-C002887
P02888,ananse.customer,AN-C002888
P02889,ananse.customer,AN-C002889
P02890,ananse.customer,AN-C002890
P02891,ananse.customer,AN-C002891
P02892,ananse.customer,AN-C002892
P02893,ananse.customer,AN-C002893
P02894,ananse.customer,AN-C002894
P02895,ananse.customer,AN-C002895
P02896,ananse.customer,AN-C002896
P02897,ananse.customer,AN-C002897
P02898,ananse.customer,AN-C002898
P02899,ananse.customer,AN-C002899
P02900,ananse.customer,AN-C002900
P02901,ananse.customer,AN-C002901
P02902,ananse.customer,AN-C002902
P02903,ananse.customer,AN-C002903
P02904,ananse.customer,AN-C002904
P02905,ananse.customer,AN-C002905
P02906,ananse.customer,AN-C002906
P02907,ananse.customer,AN-C002907
P02908,ananse.customer,AN-C002908
P02909,ananse.customer,AN-C002909
P02910,ananse.customer,AN-C002910
P02911,ananse.customer,AN-C002911
P02912,ananse.customer,AN-C002912
P02913,ananse.customer,AN-C002913
P02914,ananse.customer,AN-C002914
P02915,ananse.customer,AN-C002915
P02916,ananse.customer,AN-C002916
P02917,ananse.customer,AN-C002917
P02918,ananse.customer,AN-C002918
P02919,ananse.customer,AN-C002919
P02920,ananse.customer,AN-C002920
P02921,ananse.customer,AN-C002921
P02922,ananse.customer,AN-C002922
P02923,ananse.customer,AN-C002923
P02924,ananse.customer,AN-C002924
P02925,ananse.customer,AN-C002925
P02926,ananse.customer,AN-C002926
P02927,ananse.customer,AN-C002927
P02928,ananse.customer,AN-C002928
P02929,ananse.customer,AN-C002929
P02930,ananse.customer,AN-C002930
P02931,ananse.customer,AN-C002931
P02932,ananse.customer,AN-C002932
P02933,ananse.customer,AN-C002933
P02934,ananse.customer,AN-C002934
P02935,ananse.customer,AN-C002935
P02936,ananse.customer,AN-C002936
P02937,ananse.customer,AN-C002937
P02938,ananse.customer,AN-C002938
P02939,ananse.customer,AN-C002939
P02940,ananse.customer,AN-C002940
P02941,ananse.customer,AN-C002941
P02942,ananse.customer,AN-C002942
P02943,ananse.customer,AN-C002943
P02944,ananse.customer,AN-C002944
P02945,ananse.customer,AN-C002945
P02946,ananse.customer,AN-C002946
P02947,ananse.customer,AN-C002947
P02948,ananse.customer,AN-C002948
P02949,ananse.customer,AN-C002949
P02950,ananse.customer,AN-C002950
P02951,ananse.customer,AN-C002951
P02952,ananse.customer,AN-C002952
P02953,ananse.customer,AN-C002953
P02954,ananse.customer,AN-C002954
P02955,ananse.customer,AN-C002955
P02956,ananse.customer,AN-C002956
P02957,ananse.customer,AN-C002957
P02958,ananse.customer,AN-C002958
P02959,ananse.customer,AN-C002959
P02960,ananse.customer,AN-C002960
P02961,ananse.customer,AN-C002961
P02962,ananse.customer,AN-C002962
P02963,ananse.customer,AN-C002963
P02964,ananse.customer,AN-C002964
P02965,ananse.customer,AN-C002965
P02966,ananse.customer,AN-C002966
P02967,ananse.customer,AN-C002967
P02968,ananse.customer,AN-C002968
P02969,ananse.customer,AN-C002969
P02970,ananse.customer,AN-C002970
P02971,ananse.customer,AN-C002971
P02972,ananse.customer,AN-C002972
P02973,ananse.customer,AN-C002973
P02974,ananse.customer,AN-C002974
P02975,ananse.customer,AN-C002975
P02976,ananse.customer,AN-C002976
P02977,ananse.customer,AN-C002977
P02978,ananse.customer,AN-C002978
P02979,ananse.customer,AN-C002979
P02980,ananse.customer,AN-C002980
P02981,ananse.customer,AN-C002981
P02982,ananse.customer,AN-C002982
P02983,ananse.customer,AN-C002983
P02984,ananse.customer,AN-C002984
P02985,ananse.customer,AN-C002985
P02986,ananse.customer,AN-C002986
P02987,ananse.customer,AN-C002987
P02988,ananse.customer,AN-C002988
P02989,ananse.customer,AN-C002989
P02990,ananse.customer,AN-C002990
P02991,ananse.customer,AN-C002991
P02992,ananse.customer,AN-C002992
P02993,ananse.customer,AN-C002993
P02994,ananse.customer,AN-C002994
P02995,ananse.customer,AN-C002995
P02996,ananse.customer,AN-C002996
P02997,ananse.customer,AN-C002997
P02998,ananse.customer,AN-C002998
P02999,ananse.customer,AN-C002999
P03000,ananse.customer,AN-C003000
P00348,sikacredit.customer,SC-C000001
P02270,sikacredit.customer,SC-C000002
P02465,sikacredit.customer,SC-C000003
P01374,sikacredit.customer,SC-C000004
P01550,sikacredit.customer,SC-C000005
P00518,sikacredit.customer,SC-C000006
P01903,sikacredit.customer,SC-C000007
P00193,sikacredit.customer,SC-C000008
P01115,sikacredit.customer,SC-C000009
P02866,sikacredit.customer,SC-C000010
P00971,sikacredit.customer,SC-C000011
P00504,sikacredit.customer,SC-C000012
P02206,sikacredit.customer,SC-C000013
P00955,sikacredit.customer,SC-C000014
P00108,sikacredit.customer,SC-C000015
P02432,sikacredit.customer,SC-C000016
P00703,sikacredit.customer,SC-C000017
P02269,sikacredit.customer,SC-C000018
P02202,sikacredit.customer,SC-C000019
P02225,sikacredit.customer,SC-C000020
P00813,sikacredit.customer,SC-C000021
P01542,sikacredit.customer,SC-C000022
P02655,sikacredit.customer,SC-C000023
P02958,sikacredit.customer,SC-C000024
P02374,sikacredit.customer,SC-C000025
P00634,sikacredit.customer,SC-C000026
P01293,sikacredit.customer,SC-C000027
P02540,sikacredit.customer,SC-C000028
P00750,sikacredit.customer,SC-C000029
P02179,sikacredit.customer,SC-C000030
P02796,sikacredit.customer,SC-C000031
P01883,sikacredit.customer,SC-C000032
P02040,sikacredit.customer,SC-C000033
P00910,sikacredit.customer,SC-C000034
P01794,sikacredit.customer,SC-C000035
P00204,sikacredit.customer,SC-C000036
P00912,sikacredit.customer,SC-C000037
P01425,sikacredit.customer,SC-C000038
P01373,sikacredit.customer,SC-C000039
P02481,sikacredit.customer,SC-C000040
P01301,sikacredit.customer,SC-C000041
P00223,sikacredit.customer,SC-C000042
P00988,sikacredit.customer,SC-C000043
P00516,sikacredit.customer,SC-C000044
P01365,sikacredit.customer,SC-C000045
P02312,sikacredit.customer,SC-C000046
P02177,sikacredit.customer,SC-C000047
P02829,sikacredit.customer,SC-C000048
P02525,sikacredit.customer,SC-C000049
P01837,sikacredit.customer,SC-C000050
P02317,sikacredit.customer,SC-C000051
P01660,sikacredit.customer,SC-C000052
P02226,sikacredit.customer,SC-C000053
P01142,sikacredit.customer,SC-C000054
P02025,sikacredit.customer,SC-C000055
P02763,sikacredit.customer,SC-C000056
P02629,sikacredit.customer,SC-C000057
P01970,sikacredit.customer,SC-C000058
P02812,sikacredit.customer,SC-C000059
P02318,sikacredit.customer,SC-C000060
P02130,sikacredit.customer,SC-C000061
P00517,sikacredit.customer,SC-C000062
P01174,sikacredit.customer,SC-C000063
P02902,sikacredit.customer,SC-C000064
P02426,sikacredit.customer,SC-C000065
P02535,sikacredit.customer,SC-C000066
P00184,sikacredit.customer,SC-C000067
P01764,sikacredit.customer,SC-C000068
P00250,sikacredit.customer,SC-C000069
P01364,sikacredit.customer,SC-C000070
P01919,sikacredit.customer,SC-C000071
P00723,sikacredit.customer,SC-C000072
P00104,sikacredit.customer,SC-C000073
P01743,sikacredit.customer,SC-C000074
P00667,sikacredit.customer,SC-C000075
P00408,sikacredit.customer,SC-C000076
P01876,sikacredit.customer,SC-C000077
P02500,sikacredit.customer,SC-C000078
P00555,sikacredit.customer,SC-C000079
P02747,sikacredit.customer,SC-C000080
P02458,sikacredit.customer,SC-C000081
P02547,sikacredit.customer,SC-C000082
P01074,sikacredit.customer,SC-C000083
P00401,sikacredit.customer,SC-C000084
P01707,sikacredit.customer,SC-C000085
P02194,sikacredit.customer,SC-C000086
P01561,sikacredit.customer,SC-C000087
P00493,sikacredit.customer,SC-C000088
P01189,sikacredit.customer,SC-C000089
P02529,sikacredit.customer,SC-C000090
P01076,sikacredit.customer,SC-C000091
P00522,sikacredit.customer,SC-C000092
P00188,sikacredit.customer,SC-C000093
P02014,sikacredit.customer,SC-C000094
P02843,sikacredit.customer,SC-C000095
P00261,sikacredit.customer,SC-C000096
P00845,sikacredit.customer,SC-C000097
P02830,sikacredit.customer,SC-C000098
P02852,sikacredit.customer,SC-C000099
P00938,sikacredit.customer,SC-C000100
P00932,sikacredit.customer,SC-C000101
P01844,sikacredit.customer,SC-C000102
P02923,sikacredit.customer,SC-C000103
P02382,sikacredit.customer,SC-C000104
P01926,sikacredit.customer,SC-C000105
P00861,sikacredit.customer,SC-C000106
P01947,sikacredit.customer,SC-C000107
P00129,sikacredit.customer,SC-C000108
P01013,sikacredit.customer,SC-C000109
P00536,sikacredit.customer,SC-C000110
P00077,sikacredit.customer,SC-C000111
P00579,sikacredit.customer,SC-C000112
P01440,sikacredit.customer,SC-C000113
P00010,sikacredit.customer,SC-C000114
P00100,sikacredit.customer,SC-C000115
P02338,sikacredit.customer,SC-C000116
P01214,sikacredit.customer,SC-C000117
P02863,sikacredit.customer,SC-C000118
P00118,sikacredit.customer,SC-C000119
P01850,sikacredit.customer,SC-C000120
P00953,sikacredit.customer,SC-C000121
P02249,sikacredit.customer,SC-C000122
P02402,sikacredit.customer,SC-C000123
P00152,sikacredit.customer,SC-C000124
P01399,sikacredit.customer,SC-C000125
P01532,sikacredit.customer,SC-C000126
P00493,sikacredit.customer,SC-C000127
P01776,sikacredit.customer,SC-C000128
P01590,sikacredit.customer,SC-C000129
P02304,sikacredit.customer,SC-C000130
P01186,sikacredit.customer,SC-C000131
P02006,sikacredit.customer,SC-C000132
P00216,sikacredit.customer,SC-C000133
P02235,sikacredit.customer,SC-C000134
P01506,sikacredit.customer,SC-C000135
P01575,sikacredit.customer,SC-C000136
P01337,sikacredit.customer,SC-C000137
P02998,sikacredit.customer,SC-C000138
P02311,sikacredit.customer,SC-C000139
P02400,sikacredit.customer,SC-C000140
P02477,sikacredit.customer,SC-C000141
P01914,sikacredit.customer,SC-C000142
P01351,sikacredit.customer,SC-C000143
P01462,sikacredit.customer,SC-C000144
P00620,sikacredit.customer,SC-C000145
P01388,sikacredit.customer,SC-C000146
P02182,sikacredit.customer,SC-C000147
P02739,sikacredit.customer,SC-C000148
P02798,sikacredit.customer,SC-C000149
P02244,sikacredit.customer,SC-C000150
P02820,sikacredit.customer,SC-C000151
P00977,sikacredit.customer,SC-C000152
P01106,sikacredit.customer,SC-C000153
P01599,sikacredit.customer,SC-C000154
P02041,sikacredit.customer,SC-C000155
P01712,sikacredit.customer,SC-C000156
P02387,sikacredit.customer,SC-C000157
P01659,sikacredit.customer,SC-C000158
P01823,sikacredit.customer,SC-C000159
P02130,sikacredit.customer,SC-C000160
P02132,sikacredit.customer,SC-C000161
P00386,sikacredit.customer,SC-C000162
P00929,sikacredit.customer,SC-C000163
P02922,sikacredit.customer,SC-C000164
P01878,sikacredit.customer,SC-C000165
P01586,sikacredit.customer,SC-C000166
P01180,sikacredit.customer,SC-C000167
P00766,sikacredit.customer,SC-C000168
P00226,sikacredit.customer,SC-C000169
P02605,sikacredit.customer,SC-C000170
P00762,sikacredit.customer,SC-C000171
P00875,sikacredit.customer,SC-C000172
P01011,sikacredit.customer,SC-C000173
P01227,sikacredit.customer,SC-C000174
P01088,sikacredit.customer,SC-C000175
P01289,sikacredit.customer,SC-C000176
P02810,sikacredit.customer,SC-C000177
P01372,sikacredit.customer,SC-C000178
P00314,sikacredit.customer,SC-C000179
P01081,sikacredit.customer,SC-C000180
P02072,sikacredit.customer,SC-C000181
P00692,sikacredit.customer,SC-C000182
P01314,sikacredit.customer,SC-C000183
P01858,sikacredit.customer,SC-C000184
P02278,sikacredit.customer,SC-C000185
P00725,sikacredit.customer,SC-C000186
P02494,sikacredit.customer,SC-C000187
P02079,sikacredit.customer,SC-C000188
P00600,sikacredit.customer,SC-C000189
P00341,sikacredit.customer,SC-C000190
P01302,sikacredit.customer,SC-C000191
P01317,sikacredit.customer,SC-C000192
P00125,sikacredit.customer,SC-C000193
P01998,sikacredit.customer,SC-C000194
P00160,sikacredit.customer,SC-C000195
P01098,sikacredit.customer,SC-C000196
P02377,sikacredit.customer,SC-C000197
P02815,sikacredit.customer,SC-C000198
P02292,sikacredit.customer,SC-C000199
P02500,sikacredit.customer,SC-C000200
P00526,sikacredit.customer,SC-C000201
P02435,sikacredit.customer,SC-C000202
P01034,sikacredit.customer,SC-C000203
P01567,sikacredit.customer,SC-C000204
P01757,sikacredit.customer,SC-C000205
P01442,sikacredit.customer,SC-C000206
P01939,sikacredit.customer,SC-C000207
P01674,sikacredit.customer,SC-C000208
P00812,sikacredit.customer,SC-C000209
P00261,sikacredit.customer,SC-C000210
P02362,sikacredit.customer,SC-C000211
P02149,sikacredit.customer,SC-C000212
P02109,sikacredit.customer,SC-C000213
P02357,sikacredit.customer,SC-C000214
P00706,sikacredit.customer,SC-C000215
P02428,sikacredit.customer,SC-C000216
P01251,sikacredit.customer,SC-C000217
P00563,sikacredit.customer,SC-C000218
P01572,sikacredit.customer,SC-C000219
P00911,sikacredit.customer,SC-C000220
P00603,sikacredit.customer,SC-C000221
P02905,sikacredit.customer,SC-C000222
P02661,sikacredit.customer,SC-C000223
P01505,sikacredit.customer,SC-C000224
P02305,sikacredit.customer,SC-C000225
P02314,sikacredit.customer,SC-C000226
P02336,sikacredit.customer,SC-C000227
P01810,sikacredit.customer,SC-C000228
P02399,sikacredit.customer,SC-C000229
P01352,sikacredit.customer,SC-C000230
P02736,sikacredit.customer,SC-C000231
P02801,sikacredit.customer,SC-C000232
P01384,sikacredit.customer,SC-C000233
P01806,sikacredit.customer,SC-C000234
P02158,sikacredit.customer,SC-C000235
P01722,sikacredit.customer,SC-C000236
P00163,sikacredit.customer,SC-C000237
P01945,sikacredit.customer,SC-C000238
P01123,sikacredit.customer,SC-C000239
P01910,sikacredit.customer,SC-C000240
P01689,sikacredit.customer,SC-C000241
P01639,sikacredit.customer,SC-C000242
P01366,sikacredit.customer,SC-C000243
P01651,sikacredit.customer,SC-C000244
P01067,sikacredit.customer,SC-C000245
P02883,sikacredit.customer,SC-C000246
P02448,sikacredit.customer,SC-C000247
P01547,sikacredit.customer,SC-C000248
P00731,sikacredit.customer,SC-C000249
P00820,sikacredit.customer,SC-C000250
P01931,sikacredit.customer,SC-C000251
P01349,sikacredit.customer,SC-C000252
P02035,sikacredit.customer,SC-C000253
P00156,sikacredit.customer,SC-C000254
P00456,sikacredit.customer,SC-C000255
P01444,sikacredit.customer,SC-C000256
P00397,sikacredit.customer,SC-C000257
P02957,sikacredit.customer,SC-C000258
P00256,sikacredit.customer,SC-C000259
P00970,sikacredit.customer,SC-C000260
P00385,sikacredit.customer,SC-C000261
P02225,sikacredit.customer,SC-C000262
P01988,sikacredit.customer,SC-C000263
P02337,sikacredit.customer,SC-C000264
P01455,sikacredit.customer,SC-C000265
P01866,sikacredit.customer,SC-C000266
P02496,sikacredit.customer,SC-C000267
P02042,sikacredit.customer,SC-C000268
P02700,sikacredit.customer,SC-C000269
P01001,sikacredit.customer,SC-C000270
P00690,sikacredit.customer,SC-C000271
P00197,sikacredit.customer,SC-C000272
P00252,sikacredit.customer,SC-C000273
P01597,sikacredit.customer,SC-C000274
P02864,sikacredit.customer,SC-C000275
P02542,sikacredit.customer,SC-C000276
P02449,sikacredit.customer,SC-C000277
P01244,sikacredit.customer,SC-C000278
P01841,sikacredit.customer,SC-C000279
P01967,sikacredit.customer,SC-C000280
P02191,sikacredit.customer,SC-C000281
P02320,sikacredit.customer,SC-C000282
P00752,sikacredit.customer,SC-C000283
P02190,sikacredit.customer,SC-C000284
P01837,sikacredit.customer,SC-C000285
P01610,sikacredit.customer,SC-C000286
P00788,sikacredit.customer,SC-C000287
P01418,sikacredit.customer,SC-C000288
P01077,sikacredit.customer,SC-C000289
P02749,sikacredit.customer,SC-C000290
P01429,sikacredit.customer,SC-C000291
P02941,sikacredit.customer,SC-C000292
P01389,sikacredit.customer,SC-C000293
P02166,sikacredit.customer,SC-C000294
P02725,sikacredit.customer,SC-C000295
P01242,sikacredit.customer,SC-C000296
P02259,sikacredit.customer,SC-C000297
P01397,sikacredit.customer,SC-C000298
P00870,sikacredit.customer,SC-C000299
P02901,sikacredit.customer,SC-C000300
P02757,sikacredit.customer,SC-C000301
P00779,sikacredit.customer,SC-C000302
P01181,sikacredit.customer,SC-C000303
P00238,sikacredit.customer,SC-C000304
P01745,sikacredit.customer,SC-C000305
P02030,sikacredit.customer,SC-C000306
P00579,sikacredit.customer,SC-C000307
P02792,sikacredit.customer,SC-C000308
P02962,sikacredit.customer,SC-C000309
P02340,sikacredit.customer,SC-C000310
P00174,sikacredit.customer,SC-C000311
P01953,sikacredit.customer,SC-C000312
P02047,sikacredit.customer,SC-C000313
P01128,sikacredit.customer,SC-C000314
P00783,sikacredit.customer,SC-C000315
P02364,sikacredit.customer,SC-C000316
P00676,sikacredit.customer,SC-C000317
P00322,sikacredit.customer,SC-C000318
P01169,sikacredit.customer,SC-C000319
P02952,sikacredit.customer,SC-C000320
P01940,sikacredit.customer,SC-C000321
P00768,sikacredit.customer,SC-C000322
P02640,sikacredit.customer,SC-C000323
P02806,sikacredit.customer,SC-C000324
P01708,sikacredit.customer,SC-C000325
P01876,sikacredit.customer,SC-C000326
P00410,sikacredit.customer,SC-C000327
P01669,sikacredit.customer,SC-C000328
P02953,sikacredit.customer,SC-C000329
P02525,sikacredit.customer,SC-C000330
P00562,sikacredit.customer,SC-C000331
P01900,sikacredit.customer,SC-C000332
P00166,sikacredit.customer,SC-C000333
P02603,sikacredit.customer,SC-C000334
P02474,sikacredit.customer,SC-C000335
P00672,sikacredit.customer,SC-C000336
P02193,sikacredit.customer,SC-C000337
P01958,sikacredit.customer,SC-C000338
P02434,sikacredit.customer,SC-C000339
P00822,sikacredit.customer,SC-C000340
P00352,sikacredit.customer,SC-C000341
P02584,sikacredit.customer,SC-C000342
P02546,sikacredit.customer,SC-C000343
P01265,sikacredit.customer,SC-C000344
P02544,sikacredit.customer,SC-C000345
P00634,sikacredit.customer,SC-C000346
P02485,sikacredit.customer,SC-C000347
P01261,sikacredit.customer,SC-C000348
P02458,sikacredit.customer,SC-C000349
P00611,sikacredit.customer,SC-C000350
P00467,sikacredit.customer,SC-C000351
P02117,sikacredit.customer,SC-C000352
P00889,sikacredit.customer,SC-C000353
P01709,sikacredit.customer,SC-C000354
P00750,sikacredit.customer,SC-C000355
P02316,sikacredit.customer,SC-C000356
P01454,sikacredit.customer,SC-C000357
P02409,sikacredit.customer,SC-C000358
P00366,sikacredit.customer,SC-C000359
P02671,sikacredit.customer,SC-C000360
P02511,sikacredit.customer,SC-C000361
P01642,sikacredit.customer,SC-C000362
P01785,sikacredit.customer,SC-C000363
P00721,sikacredit.customer,SC-C000364
P00573,sikacredit.customer,SC-C000365
P02419,sikacredit.customer,SC-C000366
P02722,sikacredit.customer,SC-C000367
P00412,sikacredit.customer,SC-C000368
P00387,sikacredit.customer,SC-C000369
P01926,sikacredit.customer,SC-C000370
P01323,sikacredit.customer,SC-C000371
P02232,sikacredit.customer,SC-C000372
P02839,sikacredit.customer,SC-C000373
P00819,sikacredit.customer,SC-C000374
P00135,sikacredit.customer,SC-C000375
P02382,sikacredit.customer,SC-C000376
P01284,sikacredit.customer,SC-C000377
P00469,sikacredit.customer,SC-C000378
P02301,sikacredit.customer,SC-C000379
P00913,sikacredit.customer,SC-C000380
P02833,sikacredit.customer,SC-C000381
P00396,sikacredit.customer,SC-C000382
P01422,sikacredit.customer,SC-C000383
P00218,sikacredit.customer,SC-C000384
P01086,sikacredit.customer,SC-C000385
P00662,sikacredit.customer,SC-C000386
P02919,sikacredit.customer,SC-C000387
P00686,sikacredit.customer,SC-C000388
P00566,sikacredit.customer,SC-C000389
P02620,sikacredit.customer,SC-C000390
P00947,sikacredit.customer,SC-C000391
P00318,sikacredit.customer,SC-C000392
P00416,sikacredit.customer,SC-C000393
P02076,sikacredit.customer,SC-C000394
P00927,sikacredit.customer,SC-C000395
P01304,sikacredit.customer,SC-C000396
P00868,sikacredit.customer,SC-C000397
P02770,sikacredit.customer,SC-C000398
P01019,sikacredit.customer,SC-C000399
P02312,sikacredit.customer,SC-C000400
P01663,sikacredit.customer,SC-C000401
P02224,sikacredit.customer,SC-C000402
P01943,sikacredit.customer,SC-C000403
P01822,sikacredit.customer,SC-C000404
P01870,sikacredit.customer,SC-C000405
P01502,sikacredit.customer,SC-C000406
P00372,sikacredit.customer,SC-C000407
P00316,sikacredit.customer,SC-C000408
P00880,sikacredit.customer,SC-C000409
P01229,sikacredit.customer,SC-C000410
P01253,sikacredit.customer,SC-C000411
P01640,sikacredit.customer,SC-C000412
P01036,sikacredit.customer,SC-C000413
P01814,sikacredit.customer,SC-C000414
P02655,sikacredit.customer,SC-C000415
P00502,sikacredit.customer,SC-C000416
P02440,sikacredit.customer,SC-C000417
P00147,sikacredit.customer,SC-C000418
P00789,sikacredit.customer,SC-C000419
P01667,sikacredit.customer,SC-C000420
P00697,sikacredit.customer,SC-C000421
P02502,sikacredit.customer,SC-C000422
P00337,sikacredit.customer,SC-C000423
P00239,sikacredit.customer,SC-C000424
P02718,sikacredit.customer,SC-C000425
P02929,sikacredit.customer,SC-C000426
P00413,sikacredit.customer,SC-C000427
P00687,sikacredit.customer,SC-C000428
P00450,sikacredit.customer,SC-C000429
P01040,sikacredit.customer,SC-C000430
P02759,sikacredit.customer,SC-C000431
P02755,sikacredit.customer,SC-C000432
P02773,sikacredit.customer,SC-C000433
P02904,sikacredit.customer,SC-C000434
P02037,sikacredit.customer,SC-C000435
P00520,sikacredit.customer,SC-C000436
P01003,sikacredit.customer,SC-C000437
P02807,sikacredit.customer,SC-C000438
P00149,sikacredit.customer,SC-C000439
P02138,sikacredit.customer,SC-C000440
P03001,sikacredit.customer,SC-C000441
P03002,sikacredit.customer,SC-C000442
P03003,sikacredit.customer,SC-C000443
P03004,sikacredit.customer,SC-C000444
P03005,sikacredit.customer,SC-C000445
P03006,sikacredit.customer,SC-C000446
P03007,sikacredit.customer,SC-C000447
P03008,sikacredit.customer,SC-C000448
P03009,sikacredit.customer,SC-C000449
P03010,sikacredit.customer,SC-C000450
P03011,sikacredit.customer,SC-C000451
P03012,sikacredit.customer,SC-C000452
P03013,sikacredit.customer,SC-C000453
P03014,sikacredit.customer,SC-C000454
P03015,sikacredit.customer,SC-C000455
P03016,sikacredit.customer,SC-C000456
P03017,sikacredit.customer,SC-C000457
P03018,sikacredit.customer,SC-C000458
P03019,sikacredit.customer,SC-C000459
P03020,sikacredit.customer,SC-C000460
P03021,sikacredit.customer,SC-C000461
P03022,sikacredit.customer,SC-C000462
P03023,sikacredit.customer,SC-C000463
P03024,sikacredit.customer,SC-C000464
P03025,sikacredit.customer,SC-C000465
P03026,sikacredit.customer,SC-C000466
P03027,sikacredit.customer,SC-C000467
P03028,sikacredit.customer,SC-C000468
P03029,sikacredit.customer,SC-C000469
P03030,sikacredit.customer,SC-C000470
P03031,sikacredit.customer,SC-C000471
P03032,sikacredit.customer,SC-C000472
P03033,sikacredit.customer,SC-C000473
P03034,sikacredit.customer,SC-C000474
P03035,sikacredit.customer,SC-C000475
P03036,sikacredit.customer,SC-C000476
P03037,sikacredit.customer,SC-C000477
P03038,sikacredit.customer,SC-C000478
P03039,sikacredit.customer,SC-C000479
P03040,sikacredit.customer,SC-C000480
P03041,sikacredit.customer,SC-C000481
P03042,sikacredit.customer,SC-C000482
P03043,sikacredit.customer,SC-C000483
P03044,sikacredit.customer,SC-C000484
P03045,sikacredit.customer,SC-C000485
P03046,sikacredit.customer,SC-C000486
P03047,sikacredit.customer,SC-C000487
P03048,sikacredit.customer,SC-C000488
P03049,sikacredit.customer,SC-C000489
P03050,sikacredit.customer,SC-C000490
P03051,sikacredit.customer,SC-C000491
P03052,sikacredit.customer,SC-C000492
P03053,sikacredit.customer,SC-C000493
P03054,sikacredit.customer,SC-C000494
P03055,sikacredit.customer,SC-C000495
P03056,sikacredit.customer,SC-C000496
P03057,sikacredit.customer,SC-C000497
P03058,sikacredit.customer,SC-C000498
P03059,sikacredit.customer,SC-C000499
P03060,sikacredit.customer,SC-C000500
P03061,sikacredit.customer,SC-C000501
P03062,sikacredit.customer,SC-C000502
P03063,sikacredit.customer,SC-C000503
P03064,sikacredit.customer,SC-C000504
P03065,sikacredit.customer,SC-C000505
P03066,sikacredit.customer,SC-C000506
P03067,sikacredit.customer,SC-C000507
P03068,sikacredit.customer,SC-C000508
P03069,sikacredit.customer,SC-C000509
P03070,sikacredit.customer,SC-C000510
P03071,sikacredit.customer,SC-C000511
P03072,sikacredit.customer,SC-C000512
P03073,sikacredit.customer,SC-C000513
P03074,sikacredit.customer,SC-C000514
P03075,sikacredit.customer,SC-C000515
P03076,sikacredit.customer,SC-C000516
P03077,sikacredit.customer,SC-C000517
P03078,sikacredit.customer,SC-C000518
P03079,sikacredit.customer,SC-C000519
P03080,sikacredit.customer,SC-C000520
P03081,sikacredit.customer,SC-C000521
P03082,sikacredit.customer,SC-C000522
P03083,sikacredit.customer,SC-C000523
P03084,sikacredit.customer,SC-C000524
P03085,sikacredit.customer,SC-C000525
P03086,sikacredit.customer,SC-C000526
P03087,sikacredit.customer,SC-C000527
P03088,sikacredit.customer,SC-C000528
P03089,sikacredit.customer,SC-C000529
P03090,sikacredit.customer,SC-C000530
P03091,sikacredit.customer,SC-C000531
P03092,sikacredit.customer,SC-C000532
P03093,sikacredit.customer,SC-C000533
P03094,sikacredit.customer,SC-C000534
P03095,sikacredit.customer,SC-C000535
P03096,sikacredit.customer,SC-C000536
P03097,sikacredit.customer,SC-C000537
P03098,sikacredit.customer,SC-C000538
P03099,sikacredit.customer,SC-C000539
P03100,sikacredit.customer,SC-C000540
P03101,sikacredit.customer,SC-C000541
P03102,sikacredit.customer,SC-C000542
P03103,sikacredit.customer,SC-C000543
P03104,sikacredit.customer,SC-C000544
P03105,sikacredit.customer,SC-C000545
P03106,sikacredit.customer,SC-C000546
P03107,sikacredit.customer,SC-C000547
P03108,sikacredit.customer,SC-C000548
P03109,sikacredit.customer,SC-C000549
P03110,sikacredit.customer,SC-C000550
P03111,sikacredit.customer,SC-C000551
P03112,sikacredit.customer,SC-C000552
P03113,sikacredit.customer,SC-C000553
P03114,sikacredit.customer,SC-C000554
P03115,sikacredit.customer,SC-C000555
P03116,sikacredit.customer,SC-C000556
P03117,sikacredit.customer,SC-C000557
P03118,sikacredit.customer,SC-C000558
P03119,sikacredit.customer,SC-C000559
P03120,sikacredit.customer,SC-C000560
P03121,sikacredit.customer,SC-C000561
P03122,sikacredit.customer,SC-C000562
P03123,sikacredit.customer,SC-C000563
P03124,sikacredit.customer,SC-C000564
P03125,sikacredit.customer,SC-C000565
P03126,sikacredit.customer,SC-C000566
P03127,sikacredit.customer,SC-C000567
P03128,sikacredit.customer,SC-C000568
P03129,sikacredit.customer,SC-C000569
P03130,sikacredit.customer,SC-C000570
P03131,sikacredit.customer,SC-C000571
P03132,sikacredit.customer,SC-C000572
P03133,sikacredit.customer,SC-C000573
P03134,sikacredit.customer,SC-C000574
P03135,sikacredit.customer,SC-C000575
P03136,sikacredit.customer,SC-C000576
P03137,sikacredit.customer,SC-C000577
P03138,sikacredit.customer,SC-C000578
P03139,sikacredit.customer,SC-C000579
P03140,sikacredit.customer,SC-C000580
P03141,sikacredit.customer,SC-C000581
P03142,sikacredit.customer,SC-C000582
P03143,sikacredit.customer,SC-C000583
P03144,sikacredit.customer,SC-C000584
P03145,sikacredit.customer,SC-C000585
P03146,sikacredit.customer,SC-C000586
P03147,sikacredit.customer,SC-C000587
P03148,sikacredit.customer,SC-C000588
P03149,sikacredit.customer,SC-C000589
P03150,sikacredit.customer,SC-C000590
P03151,sikacredit.customer,SC-C000591
P03152,sikacredit.customer,SC-C000592
P03153,sikacredit.customer,SC-C000593
P03154,sikacredit.customer,SC-C000594
P03155,sikacredit.customer,SC-C000595
P03156,sikacredit.customer,SC-C000596
P03157,sikacredit.customer,SC-C000597
P03158,sikacredit.customer,SC-C000598
P03159,sikacredit.customer,SC-C000599
P03160,sikacredit.customer,SC-C000600
P03161,sikacredit.customer,SC-C000601
P03162,sikacredit.customer,SC-C000602
P03163,sikacredit.customer,SC-C000603
P03164,sikacredit.customer,SC-C000604
P03165,sikacredit.customer,SC-C000605
P03166,sikacredit.customer,SC-C000606
P03167,sikacredit.customer,SC-C000607
P03168,sikacredit.customer,SC-C000608
P03169,sikacredit.customer,SC-C000609
P03170,sikacredit.customer,SC-C000610
P03171,sikacredit.customer,SC-C000611
P03172,sikacredit.customer,SC-C000612
P03173,sikacredit.customer,SC-C000613
P03174,sikacredit.customer,SC-C000614
P03175,sikacredit.customer,SC-C000615
P03176,sikacredit.customer,SC-C000616
P03177,sikacredit.customer,SC-C000617
P03178,sikacredit.customer,SC-C000618
P03179,sikacredit.customer,SC-C000619
P03180,sikacredit.customer,SC-C000620
P03181,sikacredit.customer,SC-C000621
P03182,sikacredit.customer,SC-C000622
P03183,sikacredit.customer,SC-C000623
P03184,sikacredit.customer,SC-C000624
P03185,sikacredit.customer,SC-C000625
P03186,sikacredit.customer,SC-C000626
P03187,sikacredit.customer,SC-C000627
P03188,sikacredit.customer,SC-C000628
P03189,sikacredit.customer,SC-C000629
P03190,sikacredit.customer,SC-C000630
P03191,sikacredit.customer,SC-C000631
P03192,sikacredit.customer,SC-C000632
P03193,sikacredit.customer,SC-C000633
P03194,sikacredit.customer,SC-C000634
P03195,sikacredit.customer,SC-C000635
P03196,sikacredit.customer,SC-C000636
P03197,sikacredit.customer,SC-C000637
P03198,sikacredit.customer,SC-C000638
P03199,sikacredit.customer,SC-C000639
P03200,sikacredit.customer,SC-C000640
P03201,sikacredit.customer,SC-C000641
P03202,sikacredit.customer,SC-C000642
P03203,sikacredit.customer,SC-C000643
P03204,sikacredit.customer,SC-C000644
P03205,sikacredit.customer,SC-C000645
P03206,sikacredit.customer,SC-C000646
P03207,sikacredit.customer,SC-C000647
P03208,sikacredit.customer,SC-C000648
P03209,sikacredit.customer,SC-C000649
P03210,sikacredit.customer,SC-C000650
P03211,sikacredit.customer,SC-C000651
P03212,sikacredit.customer,SC-C000652
P03213,sikacredit.customer,SC-C000653
P03214,sikacredit.customer,SC-C000654
P03215,sikacredit.customer,SC-C000655
P03216,sikacredit.customer,SC-C000656
P03217,sikacredit.customer,SC-C000657
P03218,sikacredit.customer,SC-C000658
P03219,sikacredit.customer,SC-C000659
P03220,sikacredit.customer,SC-C000660
P03221,sikacredit.customer,SC-C000661
P03222,sikacredit.customer,SC-C000662
P03223,sikacredit.customer,SC-C000663
P03224,sikacredit.customer,SC-C000664
P03225,sikacredit.customer,SC-C000665
P03226,sikacredit.customer,SC-C000666
P03227,sikacredit.customer,SC-C000667
P03228,sikacredit.customer,SC-C000668
P03229,sikacredit.customer,SC-C000669
P03230,sikacredit.customer,SC-C000670
P03231,sikacredit.customer,SC-C000671
P03232,sikacredit.customer,SC-C000672
P03233,sikacredit.customer,SC-C000673
P03234,sikacredit.customer,SC-C000674
P03235,sikacredit.customer,SC-C000675
P03236,sikacredit.customer,SC-C000676
P03237,sikacredit.customer,SC-C000677
P03238,sikacredit.customer,SC-C000678
P03239,sikacredit.customer,SC-C000679
P03240,sikacredit.customer,SC-C000680
P03241,sikacredit.customer,SC-C000681
P03242,sikacredit.customer,SC-C000682
P03243,sikacredit.customer,SC-C000683
P03244,sikacredit.customer,SC-C000684
P03245,sikacredit.customer,SC-C000685
P03246,sikacredit.customer,SC-C000686
P03247,sikacredit.customer,SC-C000687
P03248,sikacredit.customer,SC-C000688
P03249,sikacredit.customer,SC-C000689
P03250,sikacredit.customer,SC-C000690
P03251,sikacredit.customer,SC-C000691
P03252,sikacredit.customer,SC-C000692
P03253,sikacredit.customer,SC-C000693
P03254,sikacredit.customer,SC-C000694
P03255,sikacredit.customer,SC-C000695
P03256,sikacredit.customer,SC-C000696
P03257,sikacredit.customer,SC-C000697
P03258,sikacredit.customer,SC-C000698
P03259,sikacredit.customer,SC-C000699
P03260,sikacredit.customer,SC-C000700
P03261,sikacredit.customer,SC-C000701
P03262,sikacredit.customer,SC-C000702
P03263,sikacredit.customer,SC-C000703
P03264,sikacredit.customer,SC-C000704
P03265,sikacredit.customer,SC-C000705
P03266,sikacredit.customer,SC-C000706
P03267,sikacredit.customer,SC-C000707
P03268,sikacredit.customer,SC-C000708
P03269,sikacredit.customer,SC-C000709
P03270,sikacredit.customer,SC-C000710
P03271,sikacredit.customer,SC-C000711
P03272,sikacredit.customer,SC-C000712
P03273,sikacredit.customer,SC-C000713
P03274,sikacredit.customer,SC-C000714
P03275,sikacredit.customer,SC-C000715
P03276,sikacredit.customer,SC-C000716
P03277,sikacredit.customer,SC-C000717
P03278,sikacredit.customer,SC-C000718
P03279,sikacredit.customer,SC-C000719
P03280,sikacredit.customer,SC-C000720
P03281,sikacredit.customer,SC-C000721
P03282,sikacredit.customer,SC-C000722
P03283,sikacredit.customer,SC-C000723
P03284,sikacredit.customer,SC-C000724
P03285,sikacredit.customer,SC-C000725
P03286,sikacredit.customer,SC-C000726
P03287,sikacredit.customer,SC-C000727
P03288,sikacredit.customer,SC-C000728
P03289,sikacredit.customer,SC-C000729
P03290,sikacredit.customer,SC-C000730
P03291,sikacredit.customer,SC-C000731
P03292,sikacredit.customer,SC-C000732
P03293,sikacredit.customer,SC-C000733
P03294,sikacredit.customer,SC-C000734
P03295,sikacredit.customer,SC-C000735
P03296,sikacredit.customer,SC-C000736
P03297,sikacredit.customer,SC-C000737
P03298,sikacredit.customer,SC-C000738
P03299,sikacredit.customer,SC-C000739
P03300,sikacredit.customer,SC-C000740
P03301,sikacredit.customer,SC-C000741
P03302,sikacredit.customer,SC-C000742
P03303,sikacredit.customer,SC-C000743
P03304,sikacredit.customer,SC-C000744
P03305,sikacredit.customer,SC-C000745
P03306,sikacredit.customer,SC-C000746
P03307,sikacredit.customer,SC-C000747
P03308,sikacredit.customer,SC-C000748
P03309,sikacredit.customer,SC-C000749
P03310,sikacredit.customer,SC-C000750
P03311,sikacredit.customer,SC-C000751
P03312,sikacredit.customer,SC-C000752
P03313,sikacredit.customer,SC-C000753
P03314,sikacredit.customer,SC-C000754
P03315,sikacredit.customer,SC-C000755
P03316,sikacredit.customer,SC-C000756
P03317,sikacredit.customer,SC-C000757
P03318,sikacredit.customer,SC-C000758
P03319,sikacredit.customer,SC-C000759
P03320,sikacredit.customer,SC-C000760
P03321,sikacredit.customer,SC-C000761
P03322,sikacredit.customer,SC-C000762
P03323,sikacredit.customer,SC-C000763
P03324,sikacredit.customer,SC-C000764
P03325,sikacredit.customer,SC-C000765
P03326,sikacredit.customer,SC-C000766
P03327,sikacredit.customer,SC-C000767
P03328,sikacredit.customer,SC-C000768
P03329,sikacredit.customer,SC-C000769
P03330,sikacredit.customer,SC-C000770
P03331,sikacredit.customer,SC-C000771
P03332,sikacredit.customer,SC-C000772
P03333,sikacredit.customer,SC-C000773
P03334,sikacredit.customer,SC-C000774
P03335,sikacredit.customer,SC-C000775
P03336,sikacredit.customer,SC-C000776
P03337,sikacredit.customer,SC-C000777
P03338,sikacredit.customer,SC-C000778
P03339,sikacredit.customer,SC-C000779
P03340,sikacredit.customer,SC-C000780
P03341,sikacredit.customer,SC-C000781
P03342,sikacredit.customer,SC-C000782
P03343,sikacredit.customer,SC-C000783
P03344,sikacredit.customer,SC-C000784
P03345,sikacredit.customer,SC-C000785
P03346,sikacredit.customer,SC-C000786
P03347,sikacredit.customer,SC-C000787
P03348,sikacredit.customer,SC-C000788
P03349,sikacredit.customer,SC-C000789
P03350,sikacredit.customer,SC-C000790
P03351,sikacredit.customer,SC-C000791
P03352,sikacredit.customer,SC-C000792
P03353,sikacredit.customer,SC-C000793
P03354,sikacredit.customer,SC-C000794
P03355,sikacredit.customer,SC-C000795
P03356,sikacredit.customer,SC-C000796
P03357,sikacredit.customer,SC-C000797
P03358,sikacredit.customer,SC-C000798
P03359,sikacredit.customer,SC-C000799
P03360,sikacredit.customer,SC-C000800
P00348,oman_remit.customer,OR-C000001
P02270,oman_remit.customer,OR-C000002
P02465,oman_remit.customer,OR-C000003
P01374,oman_remit.customer,OR-C000004
P01550,oman_remit.customer,OR-C000005
P00518,oman_remit.customer,OR-C000006
P01903,oman_remit.customer,OR-C000007
P00193,oman_remit.customer,OR-C000008
P01115,oman_remit.customer,OR-C000009
P02866,oman_remit.customer,OR-C000010
P00971,oman_remit.customer,OR-C000011
P00504,oman_remit.customer,OR-C000012
P02206,oman_remit.customer,OR-C000013
P00955,oman_remit.customer,OR-C000014
P00108,oman_remit.customer,OR-C000015
P02432,oman_remit.customer,OR-C000016
P00703,oman_remit.customer,OR-C000017
P02269,oman_remit.customer,OR-C000018
P02202,oman_remit.customer,OR-C000019
P02225,oman_remit.customer,OR-C000020
P00813,oman_remit.customer,OR-C000021
P01542,oman_remit.customer,OR-C000022
P02655,oman_remit.customer,OR-C000023
P02958,oman_remit.customer,OR-C000024
P02374,oman_remit.customer,OR-C000025
P00634,oman_remit.customer,OR-C000026
P01293,oman_remit.customer,OR-C000027
P02540,oman_remit.customer,OR-C000028
P00750,oman_remit.customer,OR-C000029
P02179,oman_remit.customer,OR-C000030
P02796,oman_remit.customer,OR-C000031
P01883,oman_remit.customer,OR-C000032
P02040,oman_remit.customer,OR-C000033
P00910,oman_remit.customer,OR-C000034
P01794,oman_remit.customer,OR-C000035
P00204,oman_remit.customer,OR-C000036
P00912,oman_remit.customer,OR-C000037
P01425,oman_remit.customer,OR-C000038
P01373,oman_remit.customer,OR-C000039
P02481,oman_remit.customer,OR-C000040
P01301,oman_remit.customer,OR-C000041
P00223,oman_remit.customer,OR-C000042
P00988,oman_remit.customer,OR-C000043
P00516,oman_remit.customer,OR-C000044
P01365,oman_remit.customer,OR-C000045
P02312,oman_remit.customer,OR-C000046
P02177,oman_remit.customer,OR-C000047
P02829,oman_remit.customer,OR-C000048
P02525,oman_remit.customer,OR-C000049
P01837,oman_remit.customer,OR-C000050
P02317,oman_remit.customer,OR-C000051
P01660,oman_remit.customer,OR-C000052
P02226,oman_remit.customer,OR-C000053
P01142,oman_remit.customer,OR-C000054
P02025,oman_remit.customer,OR-C000055
P02763,oman_remit.customer,OR-C000056
P02629,oman_remit.customer,OR-C000057
P01970,oman_remit.customer,OR-C000058
P02812,oman_remit.customer,OR-C000059
P02318,oman_remit.customer,OR-C000060
P02130,oman_remit.customer,OR-C000061
P00517,oman_remit.customer,OR-C000062
P01174,oman_remit.customer,OR-C000063
P02902,oman_remit.customer,OR-C000064
P02426,oman_remit.customer,OR-C000065
P02535,oman_remit.customer,OR-C000066
P00184,oman_remit.customer,OR-C000067
P01764,oman_remit.customer,OR-C000068
P00250,oman_remit.customer,OR-C000069
P01364,oman_remit.customer,OR-C000070
P01919,oman_remit.customer,OR-C000071
P00723,oman_remit.customer,OR-C000072
P00104,oman_remit.customer,OR-C000073
P01743,oman_remit.customer,OR-C000074
P00667,oman_remit.customer,OR-C000075
P00408,oman_remit.customer,OR-C000076
P01876,oman_remit.customer,OR-C000077
P02500,oman_remit.customer,OR-C000078
P00555,oman_remit.customer,OR-C000079
P02747,oman_remit.customer,OR-C000080
P02458,oman_remit.customer,OR-C000081
P02547,oman_remit.customer,OR-C000082
P01074,oman_remit.customer,OR-C000083
P00401,oman_remit.customer,OR-C000084
P01707,oman_remit.customer,OR-C000085
P02194,oman_remit.customer,OR-C000086
P01561,oman_remit.customer,OR-C000087
P00493,oman_remit.customer,OR-C000088
P01189,oman_remit.customer,OR-C000089
P02529,oman_remit.customer,OR-C000090
P01076,oman_remit.customer,OR-C000091
P00522,oman_remit.customer,OR-C000092
P00188,oman_remit.customer,OR-C000093
P02014,oman_remit.customer,OR-C000094
P02843,oman_remit.customer,OR-C000095
P00261,oman_remit.customer,OR-C000096
P00845,oman_remit.customer,OR-C000097
P02830,oman_remit.customer,OR-C000098
P02852,oman_remit.customer,OR-C000099
P00938,oman_remit.customer,OR-C000100
P00932,oman_remit.customer,OR-C000101
P01844,oman_remit.customer,OR-C000102
P02923,oman_remit.customer,OR-C000103
P02382,oman_remit.customer,OR-C000104
P01926,oman_remit.customer,OR-C000105
P00861,oman_remit.customer,OR-C000106
P01947,oman_remit.customer,OR-C000107
P00129,oman_remit.customer,OR-C000108
P01013,oman_remit.customer,OR-C000109
P00536,oman_remit.customer,OR-C000110
P00077,oman_remit.customer,OR-C000111
P00579,oman_remit.customer,OR-C000112
P01440,oman_remit.customer,OR-C000113
P00010,oman_remit.customer,OR-C000114
P00100,oman_remit.customer,OR-C000115
P02338,oman_remit.customer,OR-C000116
P01214,oman_remit.customer,OR-C000117
P02863,oman_remit.customer,OR-C000118
P00118,oman_remit.customer,OR-C000119
P01850,oman_remit.customer,OR-C000120
P01299,oman_remit.customer,OR-C000121
P02275,oman_remit.customer,OR-C000122
P00675,oman_remit.customer,OR-C000123
P02043,oman_remit.customer,OR-C000124
P01080,oman_remit.customer,OR-C000125
P02197,oman_remit.customer,OR-C000126
P01808,oman_remit.customer,OR-C000127
P01236,oman_remit.customer,OR-C000128
P01024,oman_remit.customer,OR-C000129
P01787,oman_remit.customer,OR-C000130
P01101,oman_remit.customer,OR-C000131
P01942,oman_remit.customer,OR-C000132
P00051,oman_remit.customer,OR-C000133
P00356,oman_remit.customer,OR-C000134
P02354,oman_remit.customer,OR-C000135
P02526,oman_remit.customer,OR-C000136
P01647,oman_remit.customer,OR-C000137
P00112,oman_remit.customer,OR-C000138
P02544,oman_remit.customer,OR-C000139
P00053,oman_remit.customer,OR-C000140
P02027,oman_remit.customer,OR-C000141
P00590,oman_remit.customer,OR-C000142
P02414,oman_remit.customer,OR-C000143
P01105,oman_remit.customer,OR-C000144
P00139,oman_remit.customer,OR-C000145
P01775,oman_remit.customer,OR-C000146
P02182,oman_remit.customer,OR-C000147
P00869,oman_remit.customer,OR-C000148
P02613,oman_remit.customer,OR-C000149
P01421,oman_remit.customer,OR-C000150
P00825,oman_remit.customer,OR-C000151
P01580,oman_remit.customer,OR-C000152
P01538,oman_remit.customer,OR-C000153
P02314,oman_remit.customer,OR-C000154
P00466,oman_remit.customer,OR-C000155
P02061,oman_remit.customer,OR-C000156
P00117,oman_remit.customer,OR-C000157
P02284,oman_remit.customer,OR-C000158
P02345,oman_remit.customer,OR-C000159
P00383,oman_remit.customer,OR-C000160
P00671,oman_remit.customer,OR-C000161
P00906,oman_remit.customer,OR-C000162
P00207,oman_remit.customer,OR-C000163
P01443,oman_remit.customer,OR-C000164
P02568,oman_remit.customer,OR-C000165
P01326,oman_remit.customer,OR-C000166
P00492,oman_remit.customer,OR-C000167
P00357,oman_remit.customer,OR-C000168
P01228,oman_remit.customer,OR-C000169
P00039,oman_remit.customer,OR-C000170
P02792,oman_remit.customer,OR-C000171
P02915,oman_remit.customer,OR-C000172
P02239,oman_remit.customer,OR-C000173
P01471,oman_remit.customer,OR-C000174
P01519,oman_remit.customer,OR-C000175
P02041,oman_remit.customer,OR-C000176
P02295,oman_remit.customer,OR-C000177
P00187,oman_remit.customer,OR-C000178
P01507,oman_remit.customer,OR-C000179
P02539,oman_remit.customer,OR-C000180
P01684,oman_remit.customer,OR-C000181
P00790,oman_remit.customer,OR-C000182
P01617,oman_remit.customer,OR-C000183
P02291,oman_remit.customer,OR-C000184
P01529,oman_remit.customer,OR-C000185
P00544,oman_remit.customer,OR-C000186
P02322,oman_remit.customer,OR-C000187
P02463,oman_remit.customer,OR-C000188
P01811,oman_remit.customer,OR-C000189
P00967,oman_remit.customer,OR-C000190
P00698,oman_remit.customer,OR-C000191
P01724,oman_remit.customer,OR-C000192
P01738,oman_remit.customer,OR-C000193
P02961,oman_remit.customer,OR-C000194
P02380,oman_remit.customer,OR-C000195
P00568,oman_remit.customer,OR-C000196
P02876,oman_remit.customer,OR-C000197
P00349,oman_remit.customer,OR-C000198
P01760,oman_remit.customer,OR-C000199
P00288,oman_remit.customer,OR-C000200
P02434,oman_remit.customer,OR-C000201
P00208,oman_remit.customer,OR-C000202
P02727,oman_remit.customer,OR-C000203
P01976,oman_remit.customer,OR-C000204
P01936,oman_remit.customer,OR-C000205
P02065,oman_remit.customer,OR-C000206
P02875,oman_remit.customer,OR-C000207
P02364,oman_remit.customer,OR-C000208
P01827,oman_remit.customer,OR-C000209
P00407,oman_remit.customer,OR-C000210
P00538,oman_remit.customer,OR-C000211
P00285,oman_remit.customer,OR-C000212
P02835,oman_remit.customer,OR-C000213
P00835,oman_remit.customer,OR-C000214
P02416,oman_remit.customer,OR-C000215
P00020,oman_remit.customer,OR-C000216
P02393,oman_remit.customer,OR-C000217
P02018,oman_remit.customer,OR-C000218
P01662,oman_remit.customer,OR-C000219
P02793,oman_remit.customer,OR-C000220
P01890,oman_remit.customer,OR-C000221
P00880,oman_remit.customer,OR-C000222
P00350,oman_remit.customer,OR-C000223
P02415,oman_remit.customer,OR-C000224
P01104,oman_remit.customer,OR-C000225
P03361,oman_remit.customer,OR-C000226
P03362,oman_remit.customer,OR-C000227
P03363,oman_remit.customer,OR-C000228
P03364,oman_remit.customer,OR-C000229
P03365,oman_remit.customer,OR-C000230
P03366,oman_remit.customer,OR-C000231
P03367,oman_remit.customer,OR-C000232
P03368,oman_remit.customer,OR-C000233
P03369,oman_remit.customer,OR-C000234
P03370,oman_remit.customer,OR-C000235
P03371,oman_remit.customer,OR-C000236
P03372,oman_remit.customer,OR-C000237
P03373,oman_remit.customer,OR-C000238
P03374,oman_remit.customer,OR-C000239
P03375,oman_remit.customer,OR-C000240
P03376,oman_remit.customer,OR-C000241
P03377,oman_remit.customer,OR-C000242
P03378,oman_remit.customer,OR-C000243
P03379,oman_remit.customer,OR-C000244
P03380,oman_remit.customer,OR-C000245
P03381,oman_remit.customer,OR-C000246
P03382,oman_remit.customer,OR-C000247
P03383,oman_remit.customer,OR-C000248
P03384,oman_remit.customer,OR-C000249
P03385,oman_remit.customer,OR-C000250
P03386,oman_remit.customer,OR-C000251
P03387,oman_remit.customer,OR-C000252
P03388,oman_remit.customer,OR-C000253
P03389,oman_remit.customer,OR-C000254
P03390,oman_remit.customer,OR-C000255
P03391,oman_remit.customer,OR-C000256
P03392,oman_remit.customer,OR-C000257
P03393,oman_remit.customer,OR-C000258
P03394,oman_remit.customer,OR-C000259
P03395,oman_remit.customer,OR-C000260
P03396,oman_remit.customer,OR-C000261
P03397,oman_remit.customer,OR-C000262
P03398,oman_remit.customer,OR-C000263
P03399,oman_remit.customer,OR-C000264
P03400,oman_remit.customer,OR-C000265
P03401,oman_remit.customer,OR-C000266
P03402,oman_remit.customer,OR-C000267
P03403,oman_remit.customer,OR-C000268
P03404,oman_remit.customer,OR-C000269
P03405,oman_remit.customer,OR-C000270
P03406,oman_remit.customer,OR-C000271
P03407,oman_remit.customer,OR-C000272
P03408,oman_remit.customer,OR-C000273
P03409,oman_remit.customer,OR-C000274
P03410,oman_remit.customer,OR-C000275
P03411,oman_remit.customer,OR-C000276
P03412,oman_remit.customer,OR-C000277
P03413,oman_remit.customer,OR-C000278
P03414,oman_remit.customer,OR-C000279
P03415,oman_remit.customer,OR-C000280
P03416,oman_remit.customer,OR-C000281
P03417,oman_remit.customer,OR-C000282
P03418,oman_remit.customer,OR-C000283
P03419,oman_remit.customer,OR-C000284
P03420,oman_remit.customer,OR-C000285
P03421,oman_remit.customer,OR-C000286
P03422,oman_remit.customer,OR-C000287
P03423,oman_remit.customer,OR-C000288
P03424,oman_remit.customer,OR-C000289
P03425,oman_remit.customer,OR-C000290
P03426,oman_remit.customer,OR-C000291
P03427,oman_remit.customer,OR-C000292
P03428,oman_remit.customer,OR-C000293
P03429,oman_remit.customer,OR-C000294
P03430,oman_remit.customer,OR-C000295
P03431,oman_remit.customer,OR-C000296
P03432,oman_remit.customer,OR-C000297
P03433,oman_remit.customer,OR-C000298
P03434,oman_remit.customer,OR-C000299
P03435,oman_remit.customer,OR-C000300
P03436,oman_remit.customer,OR-C000301
P03437,oman_remit.customer,OR-C000302
P03438,oman_remit.customer,OR-C000303
P03439,oman_remit.customer,OR-C000304
P03440,oman_remit.customer,OR-C000305
P03441,oman_remit.customer,OR-C000306
P03442,oman_remit.customer,OR-C000307
P03443,oman_remit.customer,OR-C000308
P03444,oman_remit.customer,OR-C000309
P03445,oman_remit.customer,OR-C000310
P03446,oman_remit.customer,OR-C000311
P03447,oman_remit.customer,OR-C000312
P03448,oman_remit.customer,OR-C000313
P03449,oman_remit.customer,OR-C000314
P03450,oman_remit.customer,OR-C000315
P03451,oman_remit.customer,OR-C000316
P03452,oman_remit.customer,OR-C000317
P03453,oman_remit.customer,OR-C000318
P03454,oman_remit.customer,OR-C000319
P03455,oman_remit.customer,OR-C000320
P03456,oman_remit.customer,OR-C000321
P03457,oman_remit.customer,OR-C000322
P03458,oman_remit.customer,OR-C000323
P03459,oman_remit.customer,OR-C000324
P03460,oman_remit.customer,OR-C000325
P03461,oman_remit.customer,OR-C000326
P03462,oman_remit.customer,OR-C000327
P03463,oman_remit.customer,OR-C000328
P03464,oman_remit.customer,OR-C000329
P03465,oman_remit.customer,OR-C000330
P03466,oman_remit.customer,OR-C000331
P03467,oman_remit.customer,OR-C000332
P03468,oman_remit.customer,OR-C000333
P03469,oman_remit.customer,OR-C000334
P03470,oman_remit.customer,OR-C000335
P03471,oman_remit.customer,OR-C000336
P03472,oman_remit.customer,OR-C000337
P03473,oman_remit.customer,OR-C000338
P03474,oman_remit.customer,OR-C000339
P03475,oman_remit.customer,OR-C000340
P03476,oman_remit.customer,OR-C000341
P03477,oman_remit.customer,OR-C000342
P03478,oman_remit.customer,OR-C000343
P03479,oman_remit.customer,OR-C000344
P03480,oman_remit.customer,OR-C000345
P03481,oman_remit.customer,OR-C000346
P03482,oman_remit.customer,OR-C000347
P03483,oman_remit.customer,OR-C000348
P03484,oman_remit.customer,OR-C000349
P03485,oman_remit.customer,OR-C000350
P03486,oman_remit.customer,OR-C000351
P03487,oman_remit.customer,OR-C000352
P03488,oman_remit.customer,OR-C000353
P03489,oman_remit.customer,OR-C000354
P03490,oman_remit.customer,OR-C000355
P03491,oman_remit.customer,OR-C000356
P03492,oman_remit.customer,OR-C000357
P03493,oman_remit.customer,OR-C000358
P03494,oman_remit.customer,OR-C000359
P03495,oman_remit.customer,OR-C000360
P03496,oman_remit.customer,OR-C000361
P03497,oman_remit.customer,OR-C000362
P03498,oman_remit.customer,OR-C000363
P03499,oman_remit.customer,OR-C000364
P03500,oman_remit.customer,OR-C000365
P03501,oman_remit.customer,OR-C000366
P03502,oman_remit.customer,OR-C000367
P03503,oman_remit.customer,OR-C000368
P03504,oman_remit.customer,OR-C000369
P03505,oman_remit.customer,OR-C000370
P03506,oman_remit.customer,OR-C000371
P03507,oman_remit.customer,OR-C000372
P03508,oman_remit.customer,OR-C000373
P03509,oman_remit.customer,OR-C000374
P03510,oman_remit.customer,OR-C000375
P03511,oman_remit.customer,OR-C000376
P03512,oman_remit.customer,OR-C000377
P03513,oman_remit.customer,OR-C000378
P03514,oman_remit.customer,OR-C000379
P03515,oman_remit.customer,OR-C000380
P03516,oman_remit.customer,OR-C000381
P03517,oman_remit.customer,OR-C000382
P03518,oman_remit.customer,OR-C000383
P03519,oman_remit.customer,OR-C000384
P03520,oman_remit.customer,OR-C000385
P03521,oman_remit.customer,OR-C000386
P03522,oman_remit.customer,OR-C000387
P03523,oman_remit.customer,OR-C000388
P03524,oman_remit.customer,OR-C000389
P03525,oman_remit.customer,OR-C000390
P03526,oman_remit.customer,OR-C000391
P03527,oman_remit.customer,OR-C000392
P03528,oman_remit.customer,OR-C000393
P03529,oman_remit.customer,OR-C000394
P03530,oman_remit.customer,OR-C000395
P03531,oman_remit.customer,OR-C000396
P03532,oman_remit.customer,OR-C000397
P03533,oman_remit.customer,OR-C000398
P03534,oman_remit.customer,OR-C000399
P03535,oman_remit.customer,OR-C000400
P03536,oman_remit.customer,OR-C000401
P03537,oman_remit.customer,OR-C000402
P03538,oman_remit.customer,OR-C000403
P03539,oman_remit.customer,OR-C000404
P03540,oman_remit.customer,OR-C000405
P03541,oman_remit.customer,OR-C000406
P03542,oman_remit.customer,OR-C000407
P03543,oman_remit.customer,OR-C000408
P03544,oman_remit.customer,OR-C000409
P03545,oman_remit.customer,OR-C000410
P03546,oman_remit.customer,OR-C000411
P03547,oman_remit.customer,OR-C000412
P03548,oman_remit.customer,OR-C000413
P03549,oman_remit.customer,OR-C000414
P03550,oman_remit.customer,OR-C000415
P03551,oman_remit.customer,OR-C000416
P03552,oman_remit.customer,OR-C000417
P03553,oman_remit.customer,OR-C000418
P03554,oman_remit.customer,OR-C000419
P03555,oman_remit.customer,OR-C000420
P03556,oman_remit.customer,OR-C000421
P03557,oman_remit.customer,OR-C000422
P03558,oman_remit.customer,OR-C000423
P03559,oman_remit.customer,OR-C000424
P03560,oman_remit.customer,OR-C000425
P03561,oman_remit.customer,OR-C000426
P03562,oman_remit.customer,OR-C000427
P03563,oman_remit.customer,OR-C000428
P03564,oman_remit.customer,OR-C000429
P03565,oman_remit.customer,OR-C000430
P03566,oman_remit.customer,OR-C000431
P03567,oman_remit.customer,OR-C000432
P03568,oman_remit.customer,OR-C000433
P03569,oman_remit.customer,OR-C000434
P03570,oman_remit.customer,OR-C000435
P03571,oman_remit.customer,OR-C000436
P03572,oman_remit.customer,OR-C000437
P03573,oman_remit.customer,OR-C000438
P03574,oman_remit.customer,OR-C000439
P03575,oman_remit.customer,OR-C000440
P03576,oman_remit.customer,OR-C000441
P03577,oman_remit.customer,OR-C000442
P03578,oman_remit.customer,OR-C000443
P03579,oman_remit.customer,OR-C000444
P03580,oman_remit.customer,OR-C000445
P03581,oman_remit.customer,OR-C000446
P03582,oman_remit.customer,OR-C000447
P03583,oman_remit.customer,OR-C000448
P03584,oman_remit.customer,OR-C000449
P03585,oman_remit.customer,OR-C000450
P03586,oman_remit.customer,OR-C000451
P03587,oman_remit.customer,OR-C000452
P03588,oman_remit.customer,OR-C000453
P03589,oman_remit.customer,OR-C000454
P03590,oman_remit.customer,OR-C000455
P03591,oman_remit.customer,OR-C000456
P03592,oman_remit.customer,OR-C000457
P03593,oman_remit.customer,OR-C000458
P03594,oman_remit.customer,OR-C000459
P03595,oman_remit.customer,OR-C000460
P03596,oman_remit.customer,OR-C000461
P03597,oman_remit.customer,OR-C000462
P03598,oman_remit.customer,OR-C000463
P03599,oman_remit.customer,OR-C000464
P03600,oman_remit.customer,OR-C000465
P03601,oman_remit.customer,OR-C000466
P03602,oman_remit.customer,OR-C000467
P03603,oman_remit.customer,OR-C000468
P03604,oman_remit.customer,OR-C000469
P03605,oman_remit.customer,OR-C000470
P03606,oman_remit.customer,OR-C000471
P03607,oman_remit.customer,OR-C000472
P03608,oman_remit.customer,OR-C000473
P03609,oman_remit.customer,OR-C000474
P03610,oman_remit.customer,OR-C000475
P03611,oman_remit.customer,OR-C000476
P03612,oman_remit.customer,OR-C000477
P03613,oman_remit.customer,OR-C000478
P03614,oman_remit.customer,OR-C000479
P03615,oman_remit.customer,OR-C000480
P03616,oman_remit.customer,OR-C000481
P03617,oman_remit.customer,OR-C000482
P03618,oman_remit.customer,OR-C000483
P03619,oman_remit.customer,OR-C000484
P03620,oman_remit.customer,OR-C000485
P03621,oman_remit.customer,OR-C000486
P03622,oman_remit.customer,OR-C000487
P03623,oman_remit.customer,OR-C000488
P03624,oman_remit.customer,OR-C000489
P03625,oman_remit.customer,OR-C000490
P03626,oman_remit.customer,OR-C000491
P03627,oman_remit.customer,OR-C000492
P03628,oman_remit.customer,OR-C000493
P03629,oman_remit.customer,OR-C000494
P03630,oman_remit.customer,OR-C000495
P03631,oman_remit.customer,OR-C000496
P03632,oman_remit.customer,OR-C000497
P03633,oman_remit.customer,OR-C000498
P03634,oman_remit.customer,OR-C000499
P03635,oman_remit.customer,OR-C000500
