remittance_id,customer_id,country_id,remittance_status,remittance_timestamp,transaction_location,amount,currency,transaction_channel
ORMT-00000001,OR-C000001,4,SUCCESSFUL,2024-10-23 17:16:54.000,Greater Accra|Madina,275.15,GHS,AGENT
ORMT-00000002,OR-C000001,2,SUCCESSFUL,2024-10-24 20:48:36.000,Greater Accra|Madina,1017.93,GHS,API
ORMT-00000003,OR-C000001,1,SUCCESSFUL,2024-12-07 09:44:48.000,Greater Accra|Madina,231.17,GHS,THIRD_PARTY
ORMT-00000006,OR-C000002,5,SUCCESSFUL,2024-11-22 08:32:26.000,Western|Tarkwa,727.31,GHS,AGENT
ORMT-00000007,OR-C000002,10,SUCCESSFUL,2024-11-28 13:02:59.000,Western|Tarkwa,136.9,GHS,AGENT
ORMT-00000008,OR-C000002,1,SUCCESSFUL,2024-12-08 15:32:44.000,Western|Tarkwa,689.14,GHS,AGENT
ORMT-00000009,OR-C000002,1,SUCCESSFUL,2024-12-24 08:42:36.000,Western|Tarkwa,575.14,GHS,WEB
ORMT-00000010,OR-C000002,1,SUCCESSFUL,2024-12-16 14:09:45.000,Western|Tarkwa,648.74,GHS,THIRD_PARTY
ORMT-00000011,OR-C000002,8,SUCCESSFUL,2024-12-20 14:40:25.000,Western|Tarkwa,470.23,GHS,WEB
ORMT-00000056,OR-C000003,2,SUCCESSFUL,2024-10-22 10:15:42.000,Bono East|Kintampo,393.54,GHS,AGENT
ORMT-00000057,OR-C000003,2,SUCCESSFUL,2024-10-30 13:14:48.000,Bono East|Kintampo,233.52,GHS,AGENT
ORMT-00000058,OR-C000003,4,SUCCESSFUL,2024-10-14 18:32:56.000,Bono East|Kintampo,598.34,GHS,WEB
ORMT-00000059,OR-C000003,4,SUCCESSFUL,2024-10-25 19:06:45.000,Bono East|Kintampo,163.51,GHS,AGENT
ORMT-00000060,OR-C000003,1,SUCCESSFUL,2024-11-27 15:41:09.000,Bono East|Kintampo,141.0,GHS,AGENT
ORMT-00000061,OR-C000003,6,SUCCESSFUL,2024-11-02 18:52:33.000,Bono East|Kintampo,633.17,GHS,THIRD_PARTY
ORMT-00000062,OR-C000003,4,SUCCESSFUL,2024-11-19 20:56:16.000,Bono East|Kintampo,3173.33,GHS,AGENT
ORMT-00000063,OR-C000003,4,SUCCESSFUL,2024-11-15 11:59:06.000,Bono East|Kintampo,1912.23,GHS,MOBILE_APP
ORMT-00000064,OR-C000003,3,SUCCESSFUL,2024-11-10 20:31:01.000,Bono East|Kintampo,777.71,GHS,AGENT
ORMT-00000065,OR-C000003,1,SUCCESSFUL,2024-11-04 12:05:57.000,Bono East|Kintampo,436.83,GHS,MOBILE_APP
ORMT-00000066,OR-C000003,6,SUCCESSFUL,2024-12-08 12:32:56.000,Bono East|Kintampo,497.19,GHS,MOBILE_APP
ORMT-00000067,OR-C000003,6,SUCCESSFUL,2024-12-22 11:11:36.000,Bono East|Kintampo,2104.33,GHS,THIRD_PARTY
ORMT-00000068,OR-C000003,3,SUCCESSFUL,2024-12-15 12:29:16.000,Bono East|Kintampo,538.28,GHS,MOBILE_APP
ORMT-00000069,OR-C000003,10,SUCCESSFUL,2024-12-26 14:01:42.000,Bono East|Kintampo,369.21,GHS,MOBILE_APP
ORMT-00000070,OR-C000003,2,SUCCESSFUL,2024-12-26 09:17:12.000,Bono East|Kintampo,2212.93,GHS,AGENT
ORMT-00000071,OR-C000003,10,SUCCESSFUL,2024-12-31 20:34:14.000,Bono East|Kintampo,924.54,GHS,AGENT
ORMT-00000113,OR-C000004,2,SUCCESSFUL,2024-12-26 08:07:21.000,Ashanti|Kumasi,523.58,GHS,AGENT
ORMT-00000122,OR-C000005,3,SUCCESSFUL,2024-12-02 12:15:36.000,Western|Tarkwa,445.92,GHS,MOBILE_APP
ORMT-00000126,OR-C000007,3,SUCCESSFUL,2024-12-28 08:42:03.000,Greater Accra|Kasoa,241.88,GHS,MOBILE_APP
ORMT-00000127,OR-C000007,3,SUCCESSFUL,2024-12-11 07:13:02.000,Greater Accra|Kasoa,369.9,GHS,AGENT
ORMT-00000165,OR-C000008,1,SUCCESSFUL,2024-12-31 19:46:51.000,Ahafo|Duayaw Nkwanta,1098.67,GHS,MOBILE_APP
ORMT-00000166,OR-C000008,1,SUCCESSFUL,2024-12-28 18:25:52.000,Ahafo|Duayaw Nkwanta,233.68,GHS,MOBILE_APP
ORMT-00000167,OR-C000008,3,SUCCESSFUL,2024-12-26 16:16:23.000,Ahafo|Duayaw Nkwanta,872.13,GHS,MOBILE_APP
ORMT-00000202,OR-C000009,8,SUCCESSFUL,2024-11-09 12:03:45.000,Western|Takoradi,336.76,GHS,MOBILE_APP
ORMT-00000228,OR-C000010,3,SUCCESSFUL,2024-10-11 08:11:57.000,Greater Accra|Tema,382.38,GHS,AGENT
ORMT-00000229,OR-C000010,2,SUCCESSFUL,2024-11-18 21:37:19.000,Greater Accra|Tema,1241.7,GHS,WEB
ORMT-00000230,OR-C000010,2,SUCCESSFUL,2024-11-17 11:03:54.000,Greater Accra|Tema,754.25,GHS,AGENT
ORMT-00000231,OR-C000010,2,SUCCESSFUL,2024-12-05 14:29:10.000,Greater Accra|Tema,2572.21,GHS,AGENT
ORMT-00000232,OR-C000010,2,SUCCESSFUL,2024-12-06 14:00:03.000,Greater Accra|Tema,924.34,GHS,WEB
ORMT-00000233,OR-C000010,1,SUCCESSFUL,2024-12-30 20:29:50.000,Greater Accra|Tema,980.4,GHS,WEB
ORMT-00000263,OR-C000011,4,SUCCESSFUL,2024-12-23 11:22:43.000,Ashanti|Obuasi,1377.06,GHS,THIRD_PARTY
ORMT-00000272,OR-C000012,1,SUCCESSFUL,2024-10-11 14:59:26.000,Volta|Hohoe,470.92,GHS,AGENT
ORMT-00000273,OR-C000012,8,SUCCESSFUL,2024-11-08 20:39:20.000,Volta|Hohoe,226.17,GHS,THIRD_PARTY
ORMT-00000274,OR-C000012,4,SUCCESSFUL,2024-12-28 08:56:07.000,Volta|Hohoe,384.06,GHS,THIRD_PARTY
ORMT-00000292,OR-C000013,3,SUCCESSFUL,2024-10-13 09:27:22.000,Oti|Dambai,616.95,GHS,AGENT
ORMT-00000345,OR-C000015,1,SUCCESSFUL,2024-10-24 16:27:34.000,Ashanti|Ejisu,635.26,GHS,AGENT
ORMT-00000346,OR-C000015,4,SUCCESSFUL,2024-10-29 08:43:06.000,Ashanti|Ejisu,560.99,GHS,MOBILE_APP
ORMT-00000347,OR-C000015,4,SUCCESSFUL,2024-10-25 16:54:01.000,Ashanti|Ejisu,349.0,GHS,AGENT
ORMT-00000348,OR-C000015,3,SUCCESSFUL,2024-11-29 15:45:55.000,Ashanti|Ejisu,312.97,GHS,AGENT
ORMT-00000349,OR-C000015,1,SUCCESSFUL,2024-11-02 20:27:21.000,Ashanti|Ejisu,426.37,GHS,AGENT
ORMT-00000350,OR-C000015,5,SUCCESSFUL,2024-12-17 13:38:15.000,Ashanti|Ejisu,557.72,GHS,AGENT
ORMT-00000374,OR-C000016,6,SUCCESSFUL,2024-12-30 20:58:48.000,Greater Accra|Tema,364.73,GHS,WEB
ORMT-00000385,OR-C000018,3,SUCCESSFUL,2024-10-21 14:51:01.000,Upper West|Wa,1071.26,GHS,WEB
ORMT-00000386,OR-C000018,2,SUCCESSFUL,2024-11-20 18:29:06.000,Upper West|Wa,593.26,GHS,AGENT
ORMT-00000387,OR-C000018,3,SUCCESSFUL,2024-11-15 15:18:55.000,Upper West|Wa,170.33,GHS,AGENT
ORMT-00000388,OR-C000018,5,SUCCESSFUL,2024-12-25 20:54:09.000,Upper West|Wa,1049.86,GHS,API
ORMT-00000418,OR-C000019,2,SUCCESSFUL,2024-10-14 12:39:21.000,Ahafo|Duayaw Nkwanta,366.54,GHS,AGENT
ORMT-00000419,OR-C000019,1,SUCCESSFUL,2024-11-29 17:38:31.000,Ahafo|Duayaw Nkwanta,747.2,GHS,AGENT
ORMT-00000420,OR-C000019,1,SUCCESSFUL,2024-11-24 21:16:46.000,Ahafo|Duayaw Nkwanta,179.23,GHS,THIRD_PARTY
ORMT-00000421,OR-C000019,10,SUCCESSFUL,2024-12-06 20:48:26.000,Ahafo|Duayaw Nkwanta,278.36,GHS,MOBILE_APP
ORMT-00000469,OR-C000021,7,SUCCESSFUL,2024-10-12 09:51:10.000,Bono East|Techiman,342.38,GHS,AGENT
ORMT-00000470,OR-C000021,2,SUCCESSFUL,2024-12-21 08:52:41.000,Bono East|Techiman,1654.1,GHS,API
ORMT-00000483,OR-C000022,2,SUCCESSFUL,2024-11-26 14:24:31.000,Greater Accra|Kasoa,311.89,GHS,THIRD_PARTY
ORMT-00000484,OR-C000022,1,SUCCESSFUL,2024-11-26 16:40:00.000,Greater Accra|Kasoa,73.04,GHS,API
ORMT-00000528,OR-C000024,1,SUCCESSFUL,2024-10-17 15:22:42.000,Bono East|Kintampo,1251.4,GHS,AGENT
ORMT-00000529,OR-C000024,3,SUCCESSFUL,2024-10-11 19:00:47.000,Bono East|Kintampo,1103.32,GHS,AGENT
ORMT-00000530,OR-C000024,1,SUCCESSFUL,2024-10-24 17:29:55.000,Bono East|Kintampo,329.12,GHS,API
ORMT-00000531,OR-C000024,1,SUCCESSFUL,2024-10-16 13:27:27.000,Bono East|Kintampo,431.08,GHS,THIRD_PARTY
ORMT-00000532,OR-C000024,1,SUCCESSFUL,2024-12-22 17:46:15.000,Bono East|Kintampo,238.42,GHS,API
ORMT-00000533,OR-C000024,4,SUCCESSFUL,2024-12-09 20:28:45.000,Bono East|Kintampo,166.06,GHS,MOBILE_APP
ORMT-00000550,OR-C000025,4,SUCCESSFUL,2024-11-24 08:48:26.000,Eastern|Nkawkaw,390.86,GHS,API
ORMT-00000551,OR-C000025,4,FAILED,2024-11-27 10:43:43.000,Eastern|Nkawkaw,215.86,GHS,WEB
ORMT-00000552,OR-C000025,2,SUCCESSFUL,2024-11-26 11:26:59.000,Eastern|Nkawkaw,372.8,GHS,AGENT
ORMT-00000553,OR-C000025,3,SUCCESSFUL,2024-11-22 09:30:51.000,Eastern|Nkawkaw,422.84,GHS,AGENT
ORMT-00000588,OR-C000026,2,SUCCESSFUL,2024-10-10 10:07:56.000,Oti|Dambai,1260.35,GHS,MOBILE_APP
ORMT-00000589,OR-C000026,4,SUCCESSFUL,2024-10-09 08:22:16.000,Oti|Dambai,499.86,GHS,API
ORMT-00000590,OR-C000026,5,SUCCESSFUL,2024-10-03 19:14:38.000,Oti|Dambai,459.14,GHS,MOBILE_APP
ORMT-00000591,OR-C000026,2,SUCCESSFUL,2024-10-18 08:29:50.000,Oti|Dambai,3683.31,GHS,AGENT
ORMT-00000592,OR-C000026,3,SUCCESSFUL,2024-10-14 21:27:05.000,Oti|Dambai,681.57,GHS,AGENT
ORMT-00000593,OR-C000026,1,SUCCESSFUL,2024-12-01 12:14:19.000,Oti|Dambai,144.96,GHS,MOBILE_APP
ORMT-00000594,OR-C000026,5,SUCCESSFUL,2024-12-21 18:39:18.000,Oti|Dambai,1697.79,GHS,MOBILE_APP
ORMT-00000617,OR-C000027,4,SUCCESSFUL,2024-12-10 11:20:13.000,Volta|Keta,1345.85,GHS,AGENT
ORMT-00000618,OR-C000027,4,SUCCESSFUL,2024-12-06 07:02:59.000,Volta|Keta,933.87,GHS,AGENT
ORMT-00000630,OR-C000028,1,SUCCESSFUL,2024-10-14 12:00:40.000,Ashanti|Obuasi,115.9,GHS,WEB
ORMT-00000674,OR-C000030,2,SUCCESSFUL,2024-10-21 10:06:50.000,Greater Accra|Kasoa,507.48,GHS,WEB
ORMT-00000675,OR-C000030,5,SUCCESSFUL,2024-10-22 09:52:31.000,Greater Accra|Kasoa,186.89,GHS,AGENT
ORMT-00000676,OR-C000030,4,SUCCESSFUL,2024-10-08 10:36:55.000,Greater Accra|Kasoa,965.33,GHS,THIRD_PARTY
ORMT-00000677,OR-C000030,2,SUCCESSFUL,2024-10-16 18:40:50.000,Greater Accra|Kasoa,2657.22,GHS,THIRD_PARTY
ORMT-00000678,OR-C000030,1,SUCCESSFUL,2024-10-15 11:08:35.000,Greater Accra|Kasoa,386.69,GHS,AGENT
ORMT-00000679,OR-C000030,1,SUCCESSFUL,2024-10-05 13:05:59.000,Greater Accra|Kasoa,691.41,GHS,WEB
ORMT-00000680,OR-C000030,3,SUCCESSFUL,2024-11-08 17:47:23.000,Greater Accra|Kasoa,1822.26,GHS,AGENT
ORMT-00000681,OR-C000030,3,FAILED,2024-11-28 17:15:55.000,Greater Accra|Kasoa,330.57,GHS,MOBILE_APP
ORMT-00000682,OR-C000030,1,SUCCESSFUL,2024-12-15 12:48:48.000,Greater Accra|Kasoa,1113.89,GHS,MOBILE_APP
ORMT-00000683,OR-C000030,5,SUCCESSFUL,2024-12-24 18:37:08.000,Greater Accra|Kasoa,265.59,GHS,MOBILE_APP
ORMT-00000773,OR-C000031,5,SUCCESSFUL,2024-10-07 20:54:37.000,Greater Accra|Madina,605.51,GHS,AGENT
ORMT-00000774,OR-C000031,10,SUCCESSFUL,2024-10-18 10:48:44.000,Greater Accra|Madina,304.38,GHS,API
ORMT-00000775,OR-C000031,6,SUCCESSFUL,2024-10-12 15:31:11.000,Greater Accra|Madina,527.84,GHS,WEB
ORMT-00000776,OR-C000031,1,SUCCESSFUL,2024-10-30 20:27:22.000,Greater Accra|Madina,572.83,GHS,THIRD_PARTY
ORMT-00000777,OR-C000031,2,SUCCESSFUL,2024-10-26 20:50:52.000,Greater Accra|Madina,279.65,GHS,THIRD_PARTY
ORMT-00000778,OR-C000031,2,SUCCESSFUL,2024-11-22 11:41:47.000,Greater Accra|Madina,391.43,GHS,AGENT
ORMT-00000779,OR-C000031,5,SUCCESSFUL,2024-11-26 21:49:02.000,Greater Accra|Madina,624.89,GHS,MOBILE_APP
ORMT-00000780,OR-C000031,6,SUCCESSFUL,2024-11-16 15:11:39.000,Greater Accra|Madina,1210.91,GHS,MOBILE_APP
ORMT-00000781,OR-C000031,1,SUCCESSFUL,2024-11-16 09:09:53.000,Greater Accra|Madina,1137.25,GHS,MOBILE_APP
ORMT-00000782,OR-C000031,8,SUCCESSFUL,2024-11-02 19:58:13.000,Greater Accra|Madina,1418.89,GHS,MOBILE_APP
ORMT-00000783,OR-C000031,10,SUCCESSFUL,2024-11-30 21:04:29.000,Greater Accra|Madina,766.62,GHS,AGENT
ORMT-00000784,OR-C000031,7,SUCCESSFUL,2024-12-15 15:16:05.000,Greater Accra|Madina,1363.19,GHS,AGENT
ORMT-00000785,OR-C000031,1,SUCCESSFUL,2024-12-06 16:49:34.000,Greater Accra|Madina,1300.13,GHS,AGENT
ORMT-00000786,OR-C000031,3,SUCCESSFUL,2024-12-12 21:34:24.000,Greater Accra|Madina,167.66,GHS,WEB
ORMT-00000787,OR-C000031,2,SUCCESSFUL,2024-12-26 15:26:28.000,Greater Accra|Madina,969.64,GHS,API
ORMT-00000788,OR-C000031,2,SUCCESSFUL,2024-12-08 20:56:11.000,Greater Accra|Madina,466.64,GHS,WEB
ORMT-00000789,OR-C000031,9,SUCCESSFUL,2024-12-10 09:59:10.000,Greater Accra|Madina,293.81,GHS,AGENT
ORMT-00000861,OR-C000032,4,SUCCESSFUL,2024-10-10 08:23:20.000,Greater Accra|Kasoa,537.68,GHS,MOBILE_APP
ORMT-00000862,OR-C000032,4,SUCCESSFUL,2024-11-01 13:17:35.000,Greater Accra|Kasoa,1104.22,GHS,WEB
ORMT-00000863,OR-C000032,4,SUCCESSFUL,2024-11-06 09:28:40.000,Greater Accra|Kasoa,553.81,GHS,AGENT
ORMT-00000864,OR-C000032,1,SUCCESSFUL,2024-11-06 11:26:19.000,Greater Accra|Kasoa,1196.56,GHS,WEB
ORMT-00000865,OR-C000032,3,SUCCESSFUL,2024-11-03 08:07:53.000,Greater Accra|Kasoa,368.97,GHS,AGENT
ORMT-00000866,OR-C000032,9,SUCCESSFUL,2024-11-25 16:51:41.000,Greater Accra|Kasoa,2632.51,GHS,MOBILE_APP
ORMT-00000867,OR-C000032,7,SUCCESSFUL,2024-12-26 13:37:24.000,Greater Accra|Kasoa,2586.7,GHS,WEB
ORMT-00000868,OR-C000032,10,SUCCESSFUL,2024-12-07 08:02:44.000,Greater Accra|Kasoa,1181.71,GHS,API
ORMT-00000917,OR-C000033,2,SUCCESSFUL,2024-10-31 16:58:22.000,Northern|Tamale,2165.45,GHS,API
ORMT-00000925,OR-C000034,6,SUCCESSFUL,2024-10-15 17:16:58.000,Ahafo|Goaso,866.84,GHS,THIRD_PARTY
ORMT-00000926,OR-C000034,2,SUCCESSFUL,2024-11-15 19:46:32.000,Ahafo|Goaso,112.92,GHS,MOBILE_APP
ORMT-00000927,OR-C000034,2,SUCCESSFUL,2024-12-24 13:38:19.000,Ahafo|Goaso,173.92,GHS,MOBILE_APP
ORMT-00000928,OR-C000034,4,SUCCESSFUL,2024-12-07 09:04:49.000,Ahafo|Goaso,428.78,GHS,WEB
ORMT-00000929,OR-C000034,3,SUCCESSFUL,2024-12-10 07:08:31.000,Ahafo|Goaso,263.14,GHS,WEB
ORMT-00000930,OR-C000034,5,SUCCESSFUL,2024-12-10 18:03:49.000,Ahafo|Goaso,576.32,GHS,MOBILE_APP
ORMT-00000931,OR-C000034,7,SUCCESSFUL,2024-12-28 14:30:44.000,Ahafo|Goaso,911.87,GHS,API
ORMT-00000961,OR-C000035,9,SUCCESSFUL,2024-11-17 16:56:16.000,Western|Axim,1703.7,GHS,MOBILE_APP
ORMT-00000962,OR-C000035,7,SUCCESSFUL,2024-12-29 16:55:38.000,Western|Axim,788.63,GHS,WEB
ORMT-00000972,OR-C000036,9,SUCCESSFUL,2024-12-25 19:59:16.000,Eastern|Koforidua,1836.23,GHS,AGENT
ORMT-00000979,OR-C000037,8,SUCCESSFUL,2024-12-14 21:22:03.000,Northern|Tamale,1918.33,GHS,WEB
ORMT-00001005,OR-C000040,9,SUCCESSFUL,2024-11-14 21:15:36.000,Greater Accra|Accra,132.85,GHS,AGENT
ORMT-00001006,OR-C000040,6,SUCCESSFUL,2024-11-12 18:11:21.000,Greater Accra|Accra,2081.61,GHS,AGENT
ORMT-00001007,OR-C000040,6,SUCCESSFUL,2024-12-25 10:50:23.000,Greater Accra|Accra,234.37,GHS,WEB
ORMT-00001053,OR-C000041,3,SUCCESSFUL,2024-10-30 18:06:32.000,Bono|Berekum,786.15,GHS,AGENT
ORMT-00001054,OR-C000041,5,SUCCESSFUL,2024-10-29 20:16:48.000,Bono|Berekum,557.58,GHS,AGENT
ORMT-00001055,OR-C000041,1,SUCCESSFUL,2024-10-24 11:37:45.000,Bono|Berekum,539.66,GHS,WEB
ORMT-00001056,OR-C000041,3,SUCCESSFUL,2024-10-11 21:59:44.000,Bono|Berekum,121.56,GHS,AGENT
ORMT-00001057,OR-C000041,1,SUCCESSFUL,2024-10-26 19:01:51.000,Bono|Berekum,299.61,GHS,THIRD_PARTY
ORMT-00001058,OR-C000041,2,SUCCESSFUL,2024-10-28 17:52:02.000,Bono|Berekum,1060.14,GHS,MOBILE_APP
ORMT-00001059,OR-C000041,1,SUCCESSFUL,2024-10-14 19:55:13.000,Bono|Berekum,433.9,GHS,AGENT
ORMT-00001060,OR-C000041,6,SUCCESSFUL,2024-11-07 21:53:03.000,Bono|Berekum,179.48,GHS,THIRD_PARTY
ORMT-00001061,OR-C000041,4,SUCCESSFUL,2024-11-18 15:11:05.000,Bono|Berekum,1512.74,GHS,WEB
ORMT-00001062,OR-C000041,4,SUCCESSFUL,2024-11-04 12:02:58.000,Bono|Berekum,652.39,GHS,MOBILE_APP
ORMT-00001063,OR-C000041,5,SUCCESSFUL,2024-11-04 16:22:35.000,Bono|Berekum,1433.63,GHS,AGENT
ORMT-00001064,OR-C000041,1,SUCCESSFUL,2024-11-15 17:25:07.000,Bono|Berekum,1292.85,GHS,AGENT
ORMT-00001065,OR-C000041,2,SUCCESSFUL,2024-12-04 16:33:08.000,Bono|Berekum,155.45,GHS,AGENT
ORMT-00001066,OR-C000041,1,SUCCESSFUL,2024-12-22 17:34:24.000,Bono|Berekum,311.32,GHS,AGENT
ORMT-00001067,OR-C000041,4,SUCCESSFUL,2024-12-31 15:31:40.000,Bono|Berekum,1061.32,GHS,AGENT
ORMT-00001131,OR-C000043,5,SUCCESSFUL,2024-10-28 21:24:14.000,Greater Accra|Tema,2576.88,GHS,AGENT
ORMT-00001132,OR-C000043,7,SUCCESSFUL,2024-10-14 17:55:04.000,Greater Accra|Tema,625.38,GHS,MOBILE_APP
ORMT-00001133,OR-C000043,1,SUCCESSFUL,2024-11-04 21:57:02.000,Greater Accra|Tema,2121.71,GHS,AGENT
ORMT-00001134,OR-C000043,4,SUCCESSFUL,2024-12-17 17:48:15.000,Greater Accra|Tema,1612.84,GHS,AGENT
ORMT-00001159,OR-C000044,3,SUCCESSFUL,2024-10-16 15:41:19.000,Upper East|Navrongo,4128.89,GHS,AGENT
ORMT-00001160,OR-C000044,1,SUCCESSFUL,2024-10-05 12:12:11.000,Upper East|Navrongo,307.79,GHS,THIRD_PARTY
ORMT-00001161,OR-C000044,1,SUCCESSFUL,2024-10-03 20:22:41.000,Upper East|Navrongo,3180.25,GHS,AGENT
ORMT-00001162,OR-C000044,1,FAILED,2024-10-07 13:13:14.000,Upper East|Navrongo,824.66,GHS,API
ORMT-00001163,OR-C000044,3,SUCCESSFUL,2024-11-22 19:20:49.000,Upper East|Navrongo,741.75,GHS,AGENT
ORMT-00001164,OR-C000044,7,SUCCESSFUL,2024-11-01 18:56:25.000,Upper East|Navrongo,516.79,GHS,WEB
ORMT-00001165,OR-C000044,5,SUCCESSFUL,2024-12-31 09:23:00.000,Upper East|Navrongo,3303.27,GHS,AGENT
ORMT-00001166,OR-C000044,1,SUCCESSFUL,2024-12-26 19:55:48.000,Upper East|Navrongo,1140.79,GHS,AGENT
ORMT-00001181,OR-C000045,2,SUCCESSFUL,2024-10-09 15:10:28.000,Oti|Dambai,2635.42,GHS,AGENT
ORMT-00001182,OR-C000045,4,SUCCESSFUL,2024-10-11 14:27:39.000,Oti|Dambai,258.68,GHS,MOBILE_APP
ORMT-00001183,OR-C000045,1,SUCCESSFUL,2024-11-06 14:38:19.000,Oti|Dambai,91.07,GHS,AGENT
ORMT-00001184,OR-C000045,1,SUCCESSFUL,2024-12-12 13:58:49.000,Oti|Dambai,539.5,GHS,MOBILE_APP
ORMT-00001192,OR-C000046,2,SUCCESSFUL,2024-10-25 15:39:24.000,Bono|Berekum,419.77,GHS,AGENT
ORMT-00001193,OR-C000046,2,SUCCESSFUL,2024-12-22 08:43:55.000,Bono|Berekum,594.39,GHS,THIRD_PARTY
ORMT-00001196,OR-C000047,2,SUCCESSFUL,2024-10-30 19:54:25.000,Central|Cape Coast,419.35,GHS,AGENT
ORMT-00001197,OR-C000047,9,SUCCESSFUL,2024-10-28 14:06:56.000,Central|Cape Coast,1312.92,GHS,API
ORMT-00001198,OR-C000047,5,SUCCESSFUL,2024-10-22 18:08:44.000,Central|Cape Coast,2789.41,GHS,MOBILE_APP
ORMT-00001199,OR-C000047,4,SUCCESSFUL,2024-10-22 13:27:12.000,Central|Cape Coast,167.34,GHS,MOBILE_APP
ORMT-00001200,OR-C000047,5,FAILED,2024-10-29 21:35:50.000,Central|Cape Coast,247.58,GHS,THIRD_PARTY
ORMT-00001201,OR-C000047,5,SUCCESSFUL,2024-10-26 16:55:03.000,Central|Cape Coast,4866.24,GHS,MOBILE_APP
ORMT-00001202,OR-C000047,1,FAILED,2024-10-19 17:56:00.000,Central|Cape Coast,151.88,GHS,MOBILE_APP
ORMT-00001203,OR-C000047,1,SUCCESSFUL,2024-10-24 20:57:38.000,Central|Cape Coast,587.45,GHS,API
ORMT-00001204,OR-C000047,1,SUCCESSFUL,2024-11-21 12:58:58.000,Central|Cape Coast,569.39,GHS,AGENT
ORMT-00001205,OR-C000047,1,SUCCESSFUL,2024-12-29 13:59:55.000,Central|Cape Coast,86.05,GHS,API
ORMT-00001206,OR-C000047,1,SUCCESSFUL,2024-12-13 13:59:02.000,Central|Cape Coast,773.71,GHS,WEB
ORMT-00001207,OR-C000047,5,SUCCESSFUL,2024-12-28 17:14:45.000,Central|Cape Coast,361.02,GHS,AGENT
ORMT-00001208,OR-C000047,9,SUCCESSFUL,2024-12-04 16:01:56.000,Central|Cape Coast,150.11,GHS,AGENT
ORMT-00001209,OR-C000047,5,SUCCESSFUL,2024-12-04 08:22:37.000,Central|Cape Coast,499.02,GHS,API
ORMT-00001210,OR-C000047,8,SUCCESSFUL,2024-12-19 17:44:30.000,Central|Cape Coast,1524.37,GHS,AGENT
ORMT-00001211,OR-C000047,1,SUCCESSFUL,2024-12-31 12:30:30.000,Central|Cape Coast,682.91,GHS,API
ORMT-00001251,OR-C000049,1,SUCCESSFUL,2024-10-05 10:42:25.000,Upper East|Navrongo,696.65,GHS,API
ORMT-00001252,OR-C000049,2,SUCCESSFUL,2024-10-25 07:47:32.000,Upper East|Navrongo,139.46,GHS,AGENT
ORMT-00001253,OR-C000049,6,SUCCESSFUL,2024-11-08 18:58:34.000,Upper East|Navrongo,1419.09,GHS,WEB
ORMT-00001254,OR-C000049,1,SUCCESSFUL,2024-12-12 11:49:21.000,Upper East|Navrongo,578.31,GHS,AGENT
ORMT-00001255,OR-C000049,2,SUCCESSFUL,2024-12-27 12:22:57.000,Upper East|Navrongo,4650.92,GHS,AGENT
ORMT-00001274,OR-C000050,10,SUCCESSFUL,2024-11-20 13:18:10.000,Eastern|Akropong,143.81,GHS,MOBILE_APP
ORMT-00001275,OR-C000050,7,SUCCESSFUL,2024-11-05 15:00:27.000,Eastern|Akropong,1323.82,GHS,MOBILE_APP
ORMT-00001276,OR-C000050,7,SUCCESSFUL,2024-12-12 20:37:17.000,Eastern|Akropong,1391.04,GHS,AGENT
ORMT-00001281,OR-C000051,1,SUCCESSFUL,2024-10-28 08:09:27.000,Eastern|Akropong,1081.5,GHS,THIRD_PARTY
ORMT-00001282,OR-C000051,7,FAILED,2024-10-25 08:42:24.000,Eastern|Akropong,441.47,GHS,MOBILE_APP
ORMT-00001312,OR-C000053,3,SUCCESSFUL,2024-10-29 17:50:59.000,Greater Accra|Accra,347.65,GHS,MOBILE_APP
ORMT-00001313,OR-C000053,4,SUCCESSFUL,2024-10-22 15:46:17.000,Greater Accra|Accra,2281.33,GHS,AGENT
ORMT-00001314,OR-C000053,10,SUCCESSFUL,2024-12-31 19:58:40.000,Greater Accra|Accra,1528.33,GHS,WEB
ORMT-00001324,OR-C000054,2,SUCCESSFUL,2024-12-21 12:57:26.000,Upper East|Navrongo,593.7,GHS,AGENT
ORMT-00001340,OR-C000056,1,SUCCESSFUL,2024-10-09 17:28:31.000,Northern|Tamale,1582.6,GHS,AGENT
ORMT-00001341,OR-C000056,2,SUCCESSFUL,2024-10-26 15:33:52.000,Northern|Tamale,369.7,GHS,AGENT
ORMT-00001342,OR-C000056,1,SUCCESSFUL,2024-10-14 14:01:55.000,Northern|Tamale,7715.49,GHS,MOBILE_APP
ORMT-00001343,OR-C000056,1,SUCCESSFUL,2024-10-14 14:03:17.000,Northern|Tamale,1832.78,GHS,AGENT
ORMT-00001344,OR-C000056,1,SUCCESSFUL,2024-12-21 14:00:42.000,Northern|Tamale,2606.43,GHS,MOBILE_APP
ORMT-00001345,OR-C000056,1,SUCCESSFUL,2024-12-02 17:29:05.000,Northern|Tamale,1583.28,GHS,MOBILE_APP
ORMT-00001346,OR-C000056,5,SUCCESSFUL,2024-12-03 21:45:27.000,Northern|Tamale,437.98,GHS,THIRD_PARTY
ORMT-00001347,OR-C000056,9,SUCCESSFUL,2024-12-05 20:03:37.000,Northern|Tamale,1249.32,GHS,AGENT
ORMT-00001348,OR-C000056,1,SUCCESSFUL,2024-12-14 16:58:47.000,Northern|Tamale,1409.45,GHS,THIRD_PARTY
ORMT-00001349,OR-C000056,2,SUCCESSFUL,2024-12-10 11:48:09.000,Northern|Tamale,1331.88,GHS,MOBILE_APP
ORMT-00001408,OR-C000057,1,SUCCESSFUL,2024-11-24 13:15:51.000,Western|Takoradi,882.96,GHS,AGENT
ORMT-00001409,OR-C000057,2,SUCCESSFUL,2024-11-03 11:39:25.000,Western|Takoradi,759.55,GHS,AGENT
ORMT-00001410,OR-C000057,3,SUCCESSFUL,2024-12-07 11:37:13.000,Western|Takoradi,695.9,GHS,AGENT
ORMT-00001411,OR-C000057,8,SUCCESSFUL,2024-12-25 12:40:40.000,Western|Takoradi,530.86,GHS,AGENT
ORMT-00001412,OR-C000057,2,SUCCESSFUL,2024-12-06 16:57:09.000,Western|Takoradi,1382.2,GHS,AGENT
ORMT-00001483,OR-C000058,1,SUCCESSFUL,2024-10-18 21:34:27.000,Greater Accra|Kasoa,366.06,GHS,AGENT
ORMT-00001484,OR-C000058,7,SUCCESSFUL,2024-10-29 08:43:36.000,Greater Accra|Kasoa,555.13,GHS,AGENT
ORMT-00001485,OR-C000058,1,SUCCESSFUL,2024-10-23 15:13:15.000,Greater Accra|Kasoa,3570.04,GHS,AGENT
ORMT-00001486,OR-C000058,4,SUCCESSFUL,2024-11-06 21:45:07.000,Greater Accra|Kasoa,1509.63,GHS,API
ORMT-00001487,OR-C000058,1,SUCCESSFUL,2024-11-13 09:13:12.000,Greater Accra|Kasoa,514.32,GHS,MOBILE_APP
ORMT-00001488,OR-C000058,10,SUCCESSFUL,2024-11-30 17:26:51.000,Greater Accra|Kasoa,992.59,GHS,MOBILE_APP
ORMT-00001489,OR-C000058,1,SUCCESSFUL,2024-12-05 09:36:52.000,Greater Accra|Kasoa,2049.2,GHS,AGENT
ORMT-00001490,OR-C000058,1,SUCCESSFUL,2024-12-01 10:15:54.000,Greater Accra|Kasoa,951.1,GHS,AGENT
ORMT-00001491,OR-C000058,4,SUCCESSFUL,2024-12-29 10:36:44.000,Greater Accra|Kasoa,145.88,GHS,WEB
ORMT-00001492,OR-C000058,1,SUCCESSFUL,2024-12-21 21:46:04.000,Greater Accra|Kasoa,405.4,GHS,THIRD_PARTY
ORMT-00001493,OR-C000058,3,SUCCESSFUL,2024-12-06 18:05:07.000,Greater Accra|Kasoa,945.58,GHS,AGENT
ORMT-00001543,OR-C000060,2,SUCCESSFUL,2024-12-31 11:49:56.000,Greater Accra|Tema,562.8,GHS,THIRD_PARTY
ORMT-00001550,OR-C000061,5,SUCCESSFUL,2024-12-06 13:47:45.000,Greater Accra|Madina,251.63,GHS,AGENT
ORMT-00001565,OR-C000062,4,SUCCESSFUL,2024-10-09 16:59:58.000,Greater Accra|Accra,329.15,GHS,AGENT
ORMT-00001566,OR-C000062,10,SUCCESSFUL,2024-10-28 15:13:42.000,Greater Accra|Accra,732.31,GHS,MOBILE_APP
ORMT-00001567,OR-C000062,9,SUCCESSFUL,2024-10-22 07:41:21.000,Greater Accra|Accra,1241.27,GHS,MOBILE_APP
ORMT-00001568,OR-C000062,5,SUCCESSFUL,2024-11-04 15:17:59.000,Greater Accra|Accra,365.34,GHS,THIRD_PARTY
ORMT-00001569,OR-C000062,3,SUCCESSFUL,2024-11-01 12:38:14.000,Greater Accra|Accra,605.51,GHS,AGENT
ORMT-00001583,OR-C000064,1,SUCCESSFUL,2024-10-09 12:35:36.000,Greater Accra|Kasoa,381.04,GHS,AGENT
ORMT-00001584,OR-C000064,9,SUCCESSFUL,2024-12-23 15:50:01.000,Greater Accra|Kasoa,519.0,GHS,THIRD_PARTY
ORMT-00001641,OR-C000070,9,SUCCESSFUL,2024-10-17 08:20:28.000,Ashanti|Kumasi,253.6,GHS,AGENT
ORMT-00001642,OR-C000070,4,SUCCESSFUL,2024-10-25 11:32:44.000,Ashanti|Kumasi,473.18,GHS,MOBILE_APP
ORMT-00001643,OR-C000070,3,SUCCESSFUL,2024-11-30 07:39:25.000,Ashanti|Kumasi,748.56,GHS,AGENT
ORMT-00001644,OR-C000070,5,SUCCESSFUL,2024-11-20 07:46:19.000,Ashanti|Kumasi,218.22,GHS,MOBILE_APP
ORMT-00001645,OR-C000070,4,SUCCESSFUL,2024-12-15 16:32:07.000,Ashanti|Kumasi,349.75,GHS,AGENT
ORMT-00001646,OR-C000070,2,SUCCESSFUL,2024-12-10 17:26:05.000,Ashanti|Kumasi,4991.58,GHS,API
ORMT-00001647,OR-C000070,8,SUCCESSFUL,2024-12-11 07:08:18.000,Ashanti|Kumasi,771.81,GHS,WEB
ORMT-00001681,OR-C000071,1,SUCCESSFUL,2024-11-30 09:56:28.000,Greater Accra|Tema,501.15,GHS,AGENT
ORMT-00001700,OR-C000072,4,SUCCESSFUL,2024-10-30 20:06:21.000,Ashanti|Obuasi,4491.04,GHS,AGENT
ORMT-00001701,OR-C000072,2,SUCCESSFUL,2024-10-29 18:36:34.000,Ashanti|Obuasi,3522.55,GHS,API
ORMT-00001713,OR-C000073,5,SUCCESSFUL,2024-11-28 11:16:49.000,Ashanti|Kumasi,431.93,GHS,WEB
ORMT-00001738,OR-C000075,10,SUCCESSFUL,2024-11-19 07:28:51.000,Bono|Berekum,1547.77,GHS,AGENT
ORMT-00001739,OR-C000075,1,SUCCESSFUL,2024-12-25 14:17:53.000,Bono|Berekum,435.52,GHS,WEB
ORMT-00001795,OR-C000078,2,SUCCESSFUL,2024-10-12 09:44:39.000,Central|Elmina,1414.93,GHS,AGENT
ORMT-00001796,OR-C000078,2,SUCCESSFUL,2024-10-26 18:06:02.000,Central|Elmina,342.73,GHS,AGENT
ORMT-00001797,OR-C000078,3,SUCCESSFUL,2024-11-07 09:20:59.000,Central|Elmina,731.09,GHS,THIRD_PARTY
ORMT-00001798,OR-C000078,6,SUCCESSFUL,2024-11-23 16:14:13.000,Central|Elmina,2826.17,GHS,AGENT
ORMT-00001799,OR-C000078,7,SUCCESSFUL,2024-12-07 14:41:30.000,Central|Elmina,374.61,GHS,MOBILE_APP
ORMT-00001800,OR-C000078,4,SUCCESSFUL,2024-12-26 14:27:47.000,Central|Elmina,500.57,GHS,AGENT
ORMT-00001842,OR-C000080,1,SUCCESSFUL,2024-11-18 19:33:06.000,Greater Accra|Accra,615.25,GHS,MOBILE_APP
ORMT-00001843,OR-C000080,3,SUCCESSFUL,2024-11-01 09:07:48.000,Greater Accra|Accra,859.14,GHS,AGENT
ORMT-00001844,OR-C000080,2,SUCCESSFUL,2024-12-26 16:34:51.000,Greater Accra|Accra,850.97,GHS,AGENT
ORMT-00001850,OR-C000081,9,SUCCESSFUL,2024-10-23 15:21:27.000,Bono|Berekum,394.43,GHS,WEB
ORMT-00001851,OR-C000081,1,SUCCESSFUL,2024-10-03 11:55:11.000,Bono|Berekum,998.61,GHS,MOBILE_APP
ORMT-00001890,OR-C000084,1,SUCCESSFUL,2024-11-14 18:16:53.000,Greater Accra|Madina,636.93,GHS,THIRD_PARTY
ORMT-00001902,OR-C000085,5,SUCCESSFUL,2024-12-12 21:48:28.000,Ashanti|Ejisu,448.2,GHS,MOBILE_APP
ORMT-00001942,OR-C000088,5,SUCCESSFUL,2024-10-10 13:17:37.000,Upper East|Bolgatanga,676.16,GHS,MOBILE_APP
ORMT-00001943,OR-C000088,1,SUCCESSFUL,2024-12-17 09:05:19.000,Upper East|Bolgatanga,916.16,GHS,MOBILE_APP
ORMT-00001944,OR-C000088,2,SUCCESSFUL,2024-12-18 16:48:43.000,Upper East|Bolgatanga,812.23,GHS,WEB
ORMT-00001960,OR-C000090,2,SUCCESSFUL,2024-11-20 14:19:44.000,Greater Accra|Madina,262.92,GHS,MOBILE_APP
ORMT-00001961,OR-C000090,2,SUCCESSFUL,2024-11-22 11:09:25.000,Greater Accra|Madina,268.78,GHS,AGENT
ORMT-00001962,OR-C000090,5,SUCCESSFUL,2024-12-01 20:02:28.000,Greater Accra|Madina,458.44,GHS,AGENT
ORMT-00001963,OR-C000090,4,SUCCESSFUL,2024-12-25 11:34:17.000,Greater Accra|Madina,1718.64,GHS,AGENT
ORMT-00001964,OR-C000090,2,SUCCESSFUL,2024-12-23 12:06:52.000,Greater Accra|Madina,737.53,GHS,AGENT
ORMT-00001965,OR-C000090,4,SUCCESSFUL,2024-12-29 20:17:48.000,Greater Accra|Madina,735.96,GHS,THIRD_PARTY
ORMT-00001966,OR-C000090,2,SUCCESSFUL,2024-12-27 14:42:06.000,Greater Accra|Madina,597.55,GHS,MOBILE_APP
ORMT-00002006,OR-C000091,4,SUCCESSFUL,2024-10-31 07:54:06.000,Central|Winneba,293.44,GHS,MOBILE_APP
ORMT-00002007,OR-C000091,6,SUCCESSFUL,2024-12-15 19:11:27.000,Central|Winneba,510.03,GHS,AGENT
ORMT-00002031,OR-C000092,6,SUCCESSFUL,2024-10-29 07:56:17.000,Central|Cape Coast,311.13,GHS,MOBILE_APP
ORMT-00002032,OR-C000092,1,SUCCESSFUL,2024-11-26 10:36:24.000,Central|Cape Coast,1200.8,GHS,THIRD_PARTY
ORMT-00002033,OR-C000092,2,SUCCESSFUL,2024-12-26 07:04:35.000,Central|Cape Coast,121.62,GHS,MOBILE_APP
ORMT-00002034,OR-C000092,2,SUCCESSFUL,2024-12-18 19:58:19.000,Central|Cape Coast,2038.84,GHS,AGENT
ORMT-00002070,OR-C000093,1,SUCCESSFUL,2024-10-06 10:56:37.000,Greater Accra|Accra,658.48,GHS,AGENT
ORMT-00002071,OR-C000093,9,SUCCESSFUL,2024-11-25 19:39:25.000,Greater Accra|Accra,1566.27,GHS,MOBILE_APP
ORMT-00002072,OR-C000093,7,SUCCESSFUL,2024-11-14 21:24:51.000,Greater Accra|Accra,966.49,GHS,AGENT
ORMT-00002073,OR-C000093,2,SUCCESSFUL,2024-12-28 20:14:05.000,Greater Accra|Accra,1328.82,GHS,AGENT
ORMT-00002106,OR-C000095,3,SUCCESSFUL,2024-10-12 21:35:57.000,Greater Accra|Kasoa,1943.6,GHS,AGENT
ORMT-00002107,OR-C000095,7,SUCCESSFUL,2024-11-10 14:06:39.000,Greater Accra|Kasoa,118.1,GHS,MOBILE_APP
ORMT-00002108,OR-C000095,3,SUCCESSFUL,2024-11-02 20:03:57.000,Greater Accra|Kasoa,264.15,GHS,API
ORMT-00002109,OR-C000095,1,SUCCESSFUL,2024-11-29 09:48:04.000,Greater Accra|Kasoa,1861.74,GHS,AGENT
ORMT-00002110,OR-C000095,3,SUCCESSFUL,2024-12-21 18:59:15.000,Greater Accra|Kasoa,1229.54,GHS,AGENT
ORMT-00002122,OR-C000096,2,SUCCESSFUL,2024-11-25 07:52:59.000,Ashanti|Kumasi,1895.06,GHS,AGENT
ORMT-00002123,OR-C000096,2,SUCCESSFUL,2024-12-09 09:08:17.000,Ashanti|Kumasi,845.95,GHS,THIRD_PARTY
ORMT-00002124,OR-C000096,1,SUCCESSFUL,2024-12-18 07:12:02.000,Ashanti|Kumasi,828.25,GHS,API
ORMT-00002125,OR-C000096,1,SUCCESSFUL,2024-12-05 10:55:36.000,Ashanti|Kumasi,287.96,GHS,API
ORMT-00002126,OR-C000096,7,SUCCESSFUL,2024-12-20 07:56:24.000,Ashanti|Kumasi,1479.13,GHS,WEB
ORMT-00002127,OR-C000096,1,SUCCESSFUL,2024-12-02 12:49:44.000,Ashanti|Kumasi,366.64,GHS,AGENT
ORMT-00002227,OR-C000098,3,SUCCESSFUL,2024-10-26 21:33:24.000,Greater Accra|Tema,1456.39,GHS,THIRD_PARTY
ORMT-00002228,OR-C000098,1,SUCCESSFUL,2024-10-27 11:36:11.000,Greater Accra|Tema,381.42,GHS,AGENT
ORMT-00002229,OR-C000098,8,SUCCESSFUL,2024-10-23 15:26:15.000,Greater Accra|Tema,1973.38,GHS,API
ORMT-00002230,OR-C000098,4,SUCCESSFUL,2024-10-23 21:33:02.000,Greater Accra|Tema,1441.52,GHS,AGENT
ORMT-00002231,OR-C000098,3,SUCCESSFUL,2024-10-29 19:08:17.000,Greater Accra|Tema,509.47,GHS,AGENT
ORMT-00002232,OR-C000098,8,FAILED,2024-10-26 10:06:46.000,Greater Accra|Tema,1152.49,GHS,AGENT
ORMT-00002233,OR-C000098,1,SUCCESSFUL,2024-10-30 14:21:38.000,Greater Accra|Tema,895.35,GHS,THIRD_PARTY
ORMT-00002234,OR-C000098,10,SUCCESSFUL,2024-10-24 19:44:27.000,Greater Accra|Tema,2070.32,GHS,MOBILE_APP
ORMT-00002235,OR-C000098,3,SUCCESSFUL,2024-12-31 09:24:14.000,Greater Accra|Tema,367.38,GHS,API
ORMT-00002236,OR-C000098,1,SUCCESSFUL,2024-12-14 12:19:18.000,Greater Accra|Tema,819.53,GHS,API
ORMT-00002237,OR-C000098,6,SUCCESSFUL,2024-12-07 15:54:50.000,Greater Accra|Tema,3198.53,GHS,MOBILE_APP
ORMT-00002288,OR-C000099,8,SUCCESSFUL,2024-11-04 18:43:20.000,Greater Accra|Accra,1178.01,GHS,THIRD_PARTY
ORMT-00002289,OR-C000099,7,SUCCESSFUL,2024-11-27 08:27:52.000,Greater Accra|Accra,1789.64,GHS,AGENT
ORMT-00002333,OR-C000101,2,SUCCESSFUL,2024-10-28 19:19:17.000,Ahafo|Duayaw Nkwanta,369.35,GHS,AGENT
ORMT-00002334,OR-C000101,2,SUCCESSFUL,2024-10-15 15:20:52.000,Ahafo|Duayaw Nkwanta,616.84,GHS,MOBILE_APP
ORMT-00002335,OR-C000101,1,SUCCESSFUL,2024-10-07 10:09:36.000,Ahafo|Duayaw Nkwanta,296.68,GHS,AGENT
ORMT-00002336,OR-C000101,2,SUCCESSFUL,2024-11-16 18:29:32.000,Ahafo|Duayaw Nkwanta,800.32,GHS,THIRD_PARTY
ORMT-00002337,OR-C000101,3,SUCCESSFUL,2024-11-25 15:21:23.000,Ahafo|Duayaw Nkwanta,493.23,GHS,AGENT
ORMT-00002338,OR-C000101,10,SUCCESSFUL,2024-11-28 19:29:33.000,Ahafo|Duayaw Nkwanta,1138.1,GHS,AGENT
ORMT-00002339,OR-C000101,3,SUCCESSFUL,2024-12-20 15:02:56.000,Ahafo|Duayaw Nkwanta,217.27,GHS,MOBILE_APP
ORMT-00002340,OR-C000101,2,SUCCESSFUL,2024-12-26 19:33:58.000,Ahafo|Duayaw Nkwanta,544.4,GHS,MOBILE_APP
ORMT-00002341,OR-C000101,4,SUCCESSFUL,2024-12-06 19:56:09.000,Ahafo|Duayaw Nkwanta,475.51,GHS,WEB
ORMT-00002342,OR-C000101,3,SUCCESSFUL,2024-12-28 17:51:59.000,Ahafo|Duayaw Nkwanta,472.43,GHS,MOBILE_APP
ORMT-00002343,OR-C000101,9,SUCCESSFUL,2024-12-15 15:17:18.000,Ahafo|Duayaw Nkwanta,455.08,GHS,API
ORMT-00002344,OR-C000101,6,SUCCESSFUL,2024-12-18 08:46:29.000,Ahafo|Duayaw Nkwanta,1519.61,GHS,AGENT
ORMT-00002396,OR-C000102,4,SUCCESSFUL,2024-10-08 16:08:15.000,Oti|Dambai,2336.39,GHS,AGENT
ORMT-00002397,OR-C000102,1,SUCCESSFUL,2024-10-23 16:45:11.000,Oti|Dambai,1003.05,GHS,AGENT
ORMT-00002398,OR-C000102,4,SUCCESSFUL,2024-12-25 09:32:33.000,Oti|Dambai,564.7,GHS,AGENT
ORMT-00002448,OR-C000105,1,SUCCESSFUL,2024-10-29 17:01:40.000,Bono|Sunyani,1420.07,GHS,AGENT
ORMT-00002449,OR-C000105,3,SUCCESSFUL,2024-10-01 07:32:42.000,Bono|Sunyani,1085.98,GHS,API
ORMT-00002450,OR-C000105,1,SUCCESSFUL,2024-11-20 08:29:09.000,Bono|Sunyani,2188.44,GHS,MOBILE_APP
ORMT-00002451,OR-C000105,7,SUCCESSFUL,2024-11-04 14:23:02.000,Bono|Sunyani,253.78,GHS,AGENT
ORMT-00002452,OR-C000105,4,SUCCESSFUL,2024-11-17 17:12:30.000,Bono|Sunyani,472.98,GHS,MOBILE_APP
ORMT-00002453,OR-C000105,5,SUCCESSFUL,2024-11-29 10:04:35.000,Bono|Sunyani,1485.73,GHS,THIRD_PARTY
ORMT-00002454,OR-C000105,8,SUCCESSFUL,2024-11-01 14:00:46.000,Bono|Sunyani,471.54,GHS,MOBILE_APP
ORMT-00002455,OR-C000105,2,SUCCESSFUL,2024-12-10 19:57:39.000,Bono|Sunyani,94.98,GHS,AGENT
ORMT-00002456,OR-C000105,10,SUCCESSFUL,2024-12-03 18:54:33.000,Bono|Sunyani,846.39,GHS,THIRD_PARTY
ORMT-00002457,OR-C000105,3,SUCCESSFUL,2024-12-17 18:09:50.000,Bono|Sunyani,487.71,GHS,AGENT
ORMT-00002458,OR-C000105,8,SUCCESSFUL,2024-12-02 19:50:29.000,Bono|Sunyani,600.67,GHS,WEB
ORMT-00002459,OR-C000105,10,SUCCESSFUL,2024-12-01 10:32:38.000,Bono|Sunyani,873.2,GHS,MOBILE_APP
ORMT-00002511,OR-C000106,1,SUCCESSFUL,2024-10-06 08:13:10.000,Upper East|Bolgatanga,1093.45,GHS,API
ORMT-00002512,OR-C000106,4,SUCCESSFUL,2024-11-08 18:33:13.000,Upper East|Bolgatanga,798.18,GHS,AGENT
ORMT-00002513,OR-C000106,7,SUCCESSFUL,2024-12-24 17:22:54.000,Upper East|Bolgatanga,718.66,GHS,AGENT
ORMT-00002536,OR-C000107,10,SUCCESSFUL,2024-10-19 13:00:16.000,Ashanti|Ejisu,272.84,GHS,AGENT
ORMT-00002537,OR-C000107,6,SUCCESSFUL,2024-11-21 07:05:36.000,Ashanti|Ejisu,608.11,GHS,THIRD_PARTY
ORMT-00002604,OR-C000110,6,SUCCESSFUL,2024-10-08 07:54:36.000,Western|Takoradi,1447.96,GHS,AGENT
ORMT-00002605,OR-C000110,3,SUCCESSFUL,2024-10-07 12:17:57.000,Western|Takoradi,114.19,GHS,THIRD_PARTY
ORMT-00002606,OR-C000110,8,SUCCESSFUL,2024-10-13 14:39:07.000,Western|Takoradi,449.1,GHS,MOBILE_APP
ORMT-00002607,OR-C000110,6,FAILED,2024-11-02 10:23:58.000,Western|Takoradi,2756.7,GHS,AGENT
ORMT-00002608,OR-C000110,1,SUCCESSFUL,2024-12-19 12:40:34.000,Western|Takoradi,391.22,GHS,AGENT
ORMT-00002609,OR-C000110,9,FAILED,2024-12-02 15:58:35.000,Western|Takoradi,417.33,GHS,AGENT
ORMT-00002610,OR-C000110,2,SUCCESSFUL,2024-12-15 12:31:18.000,Western|Takoradi,206.5,GHS,MOBILE_APP
ORMT-00002657,OR-C000111,1,SUCCESSFUL,2024-10-12 21:45:10.000,Greater Accra|Kasoa,127.68,GHS,AGENT
ORMT-00002658,OR-C000111,3,SUCCESSFUL,2024-11-29 10:45:40.000,Greater Accra|Kasoa,292.78,GHS,WEB
ORMT-00002734,OR-C000112,2,SUCCESSFUL,2024-10-26 13:05:58.000,Eastern|Akropong,912.42,GHS,MOBILE_APP
ORMT-00002735,OR-C000112,6,SUCCESSFUL,2024-10-07 12:23:32.000,Eastern|Akropong,685.98,GHS,THIRD_PARTY
ORMT-00002736,OR-C000112,6,SUCCESSFUL,2024-10-12 14:00:10.000,Eastern|Akropong,954.27,GHS,WEB
ORMT-00002737,OR-C000112,1,SUCCESSFUL,2024-10-22 10:26:17.000,Eastern|Akropong,503.46,GHS,AGENT
ORMT-00002738,OR-C000112,1,SUCCESSFUL,2024-10-09 12:17:59.000,Eastern|Akropong,660.62,GHS,AGENT
ORMT-00002739,OR-C000112,2,FAILED,2024-11-12 16:46:56.000,Eastern|Akropong,308.03,GHS,AGENT
ORMT-00002740,OR-C000112,1,SUCCESSFUL,2024-11-02 19:26:13.000,Eastern|Akropong,723.34,GHS,THIRD_PARTY
ORMT-00002741,OR-C000112,10,SUCCESSFUL,2024-11-30 13:31:36.000,Eastern|Akropong,1967.83,GHS,AGENT
ORMT-00002742,OR-C000112,2,FAILED,2024-12-02 21:30:38.000,Eastern|Akropong,1637.29,GHS,THIRD_PARTY
ORMT-00002743,OR-C000112,4,SUCCESSFUL,2024-12-21 21:01:31.000,Eastern|Akropong,560.62,GHS,THIRD_PARTY
ORMT-00002744,OR-C000112,7,SUCCESSFUL,2024-12-31 10:43:15.000,Eastern|Akropong,133.77,GHS,MOBILE_APP
ORMT-00002745,OR-C000112,2,SUCCESSFUL,2024-12-08 08:29:02.000,Eastern|Akropong,630.36,GHS,THIRD_PARTY
ORMT-00002746,OR-C000112,6,SUCCESSFUL,2024-12-02 09:42:15.000,Eastern|Akropong,266.76,GHS,MOBILE_APP
ORMT-00002747,OR-C000112,9,SUCCESSFUL,2024-12-02 15:13:02.000,Eastern|Akropong,1477.44,GHS,WEB
ORMT-00002812,OR-C000113,2,SUCCESSFUL,2024-10-03 15:54:46.000,Upper East|Navrongo,2817.0,GHS,MOBILE_APP
ORMT-00002813,OR-C000113,3,SUCCESSFUL,2024-10-25 21:11:29.000,Upper East|Navrongo,1471.47,GHS,API
ORMT-00002814,OR-C000113,1,SUCCESSFUL,2024-10-31 15:11:16.000,Upper East|Navrongo,117.33,GHS,AGENT
ORMT-00002815,OR-C000113,1,SUCCESSFUL,2024-11-30 09:08:47.000,Upper East|Navrongo,443.52,GHS,AGENT
ORMT-00002816,OR-C000113,7,SUCCESSFUL,2024-12-04 21:35:05.000,Upper East|Navrongo,305.95,GHS,MOBILE_APP
ORMT-00002817,OR-C000113,3,SUCCESSFUL,2024-12-24 14:42:09.000,Upper East|Navrongo,727.4,GHS,API
ORMT-00002867,OR-C000119,1,SUCCESSFUL,2024-10-07 14:06:45.000,Greater Accra|Kasoa,469.88,GHS,API
ORMT-00002868,OR-C000119,1,SUCCESSFUL,2024-12-25 07:02:23.000,Greater Accra|Kasoa,1635.66,GHS,MOBILE_APP
ORMT-00002869,OR-C000119,1,SUCCESSFUL,2024-12-26 21:10:30.000,Greater Accra|Kasoa,899.99,GHS,AGENT
ORMT-00002875,OR-C000120,7,SUCCESSFUL,2024-11-27 19:39:07.000,Eastern|Koforidua,134.45,GHS,THIRD_PARTY
ORMT-00002876,OR-C000120,7,SUCCESSFUL,2024-11-13 07:54:47.000,Eastern|Koforidua,1879.62,GHS,WEB
ORMT-00002877,OR-C000120,2,SUCCESSFUL,2024-11-20 16:10:12.000,Eastern|Koforidua,455.69,GHS,THIRD_PARTY
ORMT-00002921,OR-C000121,2,SUCCESSFUL,2024-10-09 10:22:58.000,Greater Accra|Accra,1243.79,GHS,WEB
ORMT-00002922,OR-C000121,1,SUCCESSFUL,2024-11-12 17:43:45.000,Greater Accra|Accra,1674.06,GHS,AGENT
ORMT-00002923,OR-C000121,1,SUCCESSFUL,2024-11-06 09:27:25.000,Greater Accra|Accra,1711.04,GHS,THIRD_PARTY
ORMT-00002924,OR-C000121,3,SUCCESSFUL,2024-12-07 16:51:01.000,Greater Accra|Accra,1911.61,GHS,MOBILE_APP
ORMT-00002925,OR-C000121,5,SUCCESSFUL,2024-12-14 18:23:19.000,Greater Accra|Accra,537.55,GHS,WEB
ORMT-00002926,OR-C000121,1,SUCCESSFUL,2024-12-10 17:21:50.000,Greater Accra|Accra,528.62,GHS,WEB
ORMT-00002950,OR-C000122,1,SUCCESSFUL,2024-10-11 11:35:33.000,Ashanti|Kumasi,456.45,GHS,AGENT
ORMT-00002981,OR-C000124,1,SUCCESSFUL,2024-10-22 14:10:30.000,Bono|Sunyani,650.6,GHS,MOBILE_APP
ORMT-00002982,OR-C000124,2,SUCCESSFUL,2024-11-15 19:46:50.000,Bono|Sunyani,3710.7,GHS,MOBILE_APP
ORMT-00002988,OR-C000125,1,SUCCESSFUL,2024-10-19 15:19:26.000,Greater Accra|Kasoa,265.32,GHS,AGENT
ORMT-00002989,OR-C000125,1,SUCCESSFUL,2024-10-21 14:44:28.000,Greater Accra|Kasoa,1588.59,GHS,AGENT
ORMT-00002990,OR-C000125,4,SUCCESSFUL,2024-10-26 20:51:58.000,Greater Accra|Kasoa,739.14,GHS,AGENT
ORMT-00002991,OR-C000125,1,SUCCESSFUL,2024-10-27 20:19:33.000,Greater Accra|Kasoa,602.55,GHS,AGENT
ORMT-00002992,OR-C000125,7,SUCCESSFUL,2024-11-21 11:36:06.000,Greater Accra|Kasoa,1465.69,GHS,THIRD_PARTY
ORMT-00002993,OR-C000125,2,SUCCESSFUL,2024-11-16 21:33:46.000,Greater Accra|Kasoa,809.45,GHS,MOBILE_APP
ORMT-00002994,OR-C000125,3,SUCCESSFUL,2024-11-19 21:36:53.000,Greater Accra|Kasoa,701.01,GHS,MOBILE_APP
ORMT-00002995,OR-C000125,6,SUCCESSFUL,2024-12-22 21:20:32.000,Greater Accra|Kasoa,653.37,GHS,API
ORMT-00002996,OR-C000125,3,SUCCESSFUL,2024-12-23 09:59:29.000,Greater Accra|Kasoa,677.57,GHS,API
ORMT-00002997,OR-C000125,1,SUCCESSFUL,2024-12-08 09:32:21.000,Greater Accra|Kasoa,555.66,GHS,WEB
ORMT-00002998,OR-C000125,1,SUCCESSFUL,2024-12-09 14:00:41.000,Greater Accra|Kasoa,625.59,GHS,MOBILE_APP
ORMT-00003035,OR-C000126,1,SUCCESSFUL,2024-10-10 10:42:55.000,Northern|Savelugu,891.25,GHS,MOBILE_APP
ORMT-00003036,OR-C000126,6,SUCCESSFUL,2024-10-24 11:38:33.000,Northern|Savelugu,542.22,GHS,AGENT
ORMT-00003037,OR-C000126,4,SUCCESSFUL,2024-12-25 20:35:40.000,Northern|Savelugu,890.6,GHS,MOBILE_APP
ORMT-00003038,OR-C000126,9,SUCCESSFUL,2024-12-14 20:44:40.000,Northern|Savelugu,132.54,GHS,MOBILE_APP
ORMT-00003039,OR-C000126,6,SUCCESSFUL,2024-12-23 07:28:02.000,Northern|Savelugu,534.43,GHS,THIRD_PARTY
ORMT-00003052,OR-C000127,1,SUCCESSFUL,2024-11-09 16:35:10.000,Western|Axim,334.05,GHS,API
ORMT-00003053,OR-C000127,3,SUCCESSFUL,2024-11-08 17:11:54.000,Western|Axim,563.98,GHS,MOBILE_APP
ORMT-00003054,OR-C000127,2,SUCCESSFUL,2024-12-24 13:35:56.000,Western|Axim,756.89,GHS,AGENT
ORMT-00003097,OR-C000129,3,SUCCESSFUL,2024-12-11 15:20:08.000,Greater Accra|Accra,370.63,GHS,AGENT
ORMT-00003115,OR-C000131,1,SUCCESSFUL,2024-10-31 09:57:57.000,Greater Accra|Accra,1176.78,GHS,AGENT
ORMT-00003116,OR-C000131,10,SUCCESSFUL,2024-11-07 14:15:32.000,Greater Accra|Accra,878.93,GHS,AGENT
ORMT-00003117,OR-C000131,7,SUCCESSFUL,2024-11-20 19:36:17.000,Greater Accra|Accra,1404.58,GHS,AGENT
ORMT-00003121,OR-C000132,1,SUCCESSFUL,2024-10-21 12:23:20.000,Western|Tarkwa,933.07,GHS,WEB
ORMT-00003122,OR-C000132,1,SUCCESSFUL,2024-10-12 21:47:28.000,Western|Tarkwa,457.45,GHS,API
ORMT-00003123,OR-C000132,5,SUCCESSFUL,2024-10-19 15:56:08.000,Western|Tarkwa,494.72,GHS,MOBILE_APP
ORMT-00003124,OR-C000132,6,SUCCESSFUL,2024-10-20 16:32:32.000,Western|Tarkwa,1806.29,GHS,AGENT
ORMT-00003125,OR-C000132,2,REJECTED,2024-11-17 10:50:52.000,Western|Tarkwa,1122.06,GHS,THIRD_PARTY
ORMT-00003126,OR-C000132,1,SUCCESSFUL,2024-11-19 19:45:48.000,Western|Tarkwa,1273.2,GHS,AGENT
ORMT-00003127,OR-C000132,1,SUCCESSFUL,2024-11-11 12:45:58.000,Western|Tarkwa,872.56,GHS,AGENT
ORMT-00003128,OR-C000132,7,SUCCESSFUL,2024-12-06 19:09:02.000,Western|Tarkwa,2241.35,GHS,API
ORMT-00003129,OR-C000132,2,SUCCESSFUL,2024-12-16 20:33:57.000,Western|Tarkwa,1100.74,GHS,AGENT
ORMT-00003161,OR-C000133,4,SUCCESSFUL,2024-10-19 11:19:57.000,Greater Accra|Accra,1104.14,GHS,THIRD_PARTY
ORMT-00003162,OR-C000133,5,SUCCESSFUL,2024-11-15 18:26:46.000,Greater Accra|Accra,991.39,GHS,AGENT
ORMT-00003163,OR-C000133,3,SUCCESSFUL,2024-12-25 20:26:03.000,Greater Accra|Accra,2609.72,GHS,WEB
ORMT-00003164,OR-C000133,3,SUCCESSFUL,2024-12-19 10:54:38.000,Greater Accra|Accra,196.91,GHS,THIRD_PARTY
ORMT-00003225,OR-C000136,7,SUCCESSFUL,2024-12-09 16:36:00.000,Ashanti|Ejisu,1169.7,GHS,MOBILE_APP
ORMT-00003253,OR-C000138,2,SUCCESSFUL,2024-10-16 09:36:15.000,Volta|Hohoe,1684.08,GHS,AGENT
ORMT-00003254,OR-C000138,3,SUCCESSFUL,2024-10-17 15:56:41.000,Volta|Hohoe,822.73,GHS,THIRD_PARTY
ORMT-00003255,OR-C000138,3,SUCCESSFUL,2024-10-08 18:54:02.000,Volta|Hohoe,315.14,GHS,AGENT
ORMT-00003256,OR-C000138,4,SUCCESSFUL,2024-10-17 11:03:59.000,Volta|Hohoe,1262.7,GHS,AGENT
ORMT-00003257,OR-C000138,7,SUCCESSFUL,2024-10-05 20:49:22.000,Volta|Hohoe,670.88,GHS,AGENT
ORMT-00003258,OR-C000138,3,SUCCESSFUL,2024-10-29 11:04:37.000,Volta|Hohoe,354.4,GHS,THIRD_PARTY
ORMT-00003259,OR-C000138,5,SUCCESSFUL,2024-12-16 11:38:57.000,Volta|Hohoe,1423.53,GHS,MOBILE_APP
ORMT-00003336,OR-C000143,5,SUCCESSFUL,2024-10-21 21:46:25.000,Ashanti|Obuasi,682.62,GHS,WEB
ORMT-00003337,OR-C000143,3,SUCCESSFUL,2024-10-15 16:23:53.000,Ashanti|Obuasi,628.43,GHS,THIRD_PARTY
ORMT-00003338,OR-C000143,2,SUCCESSFUL,2024-10-13 15:26:44.000,Ashanti|Obuasi,212.28,GHS,AGENT
ORMT-00003339,OR-C000143,7,SUCCESSFUL,2024-11-18 11:26:47.000,Ashanti|Obuasi,1395.68,GHS,THIRD_PARTY
ORMT-00003340,OR-C000143,1,SUCCESSFUL,2024-11-23 10:11:34.000,Ashanti|Obuasi,1179.47,GHS,WEB
ORMT-00003341,OR-C000143,1,SUCCESSFUL,2024-12-29 09:50:32.000,Ashanti|Obuasi,825.62,GHS,THIRD_PARTY
ORMT-00003342,OR-C000143,3,SUCCESSFUL,2024-12-31 19:54:39.000,Ashanti|Obuasi,1075.77,GHS,MOBILE_APP
ORMT-00003365,OR-C000144,4,SUCCESSFUL,2024-10-02 17:58:13.000,Northern|Tamale,599.84,GHS,WEB
ORMT-00003366,OR-C000144,1,SUCCESSFUL,2024-10-02 09:07:50.000,Northern|Tamale,375.85,GHS,AGENT
ORMT-00003367,OR-C000144,8,SUCCESSFUL,2024-10-25 10:43:16.000,Northern|Tamale,2246.91,GHS,THIRD_PARTY
ORMT-00003368,OR-C000144,6,SUCCESSFUL,2024-11-20 19:21:09.000,Northern|Tamale,588.85,GHS,AGENT
ORMT-00003369,OR-C000144,4,SUCCESSFUL,2024-11-30 14:01:07.000,Northern|Tamale,461.45,GHS,MOBILE_APP
ORMT-00003370,OR-C000144,3,SUCCESSFUL,2024-11-13 19:33:06.000,Northern|Tamale,428.84,GHS,AGENT
ORMT-00003371,OR-C000144,1,SUCCESSFUL,2024-11-18 08:17:29.000,Northern|Tamale,384.31,GHS,WEB
ORMT-00003372,OR-C000144,7,SUCCESSFUL,2024-12-26 07:39:21.000,Northern|Tamale,1122.68,GHS,AGENT
ORMT-00003394,OR-C000146,2,SUCCESSFUL,2024-12-24 10:23:52.000,Western|Takoradi,710.38,GHS,AGENT
ORMT-00003415,OR-C000148,1,SUCCESSFUL,2024-10-12 07:47:20.000,Bono|Sunyani,782.85,GHS,AGENT
ORMT-00003416,OR-C000148,2,SUCCESSFUL,2024-10-07 17:34:36.000,Bono|Sunyani,871.82,GHS,AGENT
ORMT-00003417,OR-C000148,3,SUCCESSFUL,2024-11-27 15:24:15.000,Bono|Sunyani,1587.45,GHS,AGENT
ORMT-00003418,OR-C000148,1,SUCCESSFUL,2024-11-29 07:06:38.000,Bono|Sunyani,1702.8,GHS,AGENT
ORMT-00003419,OR-C000148,4,SUCCESSFUL,2024-12-22 15:16:28.000,Bono|Sunyani,1966.74,GHS,MOBILE_APP
ORMT-00003420,OR-C000148,6,SUCCESSFUL,2024-12-03 12:22:53.000,Bono|Sunyani,193.05,GHS,MOBILE_APP
ORMT-00003515,OR-C000150,1,SUCCESSFUL,2024-10-04 13:02:49.000,Greater Accra|Accra,1369.98,GHS,API
ORMT-00003516,OR-C000150,2,SUCCESSFUL,2024-11-28 19:19:40.000,Greater Accra|Accra,512.35,GHS,AGENT
ORMT-00003517,OR-C000150,2,SUCCESSFUL,2024-11-06 08:50:33.000,Greater Accra|Accra,1812.64,GHS,WEB
ORMT-00003518,OR-C000150,5,SUCCESSFUL,2024-11-23 21:35:05.000,Greater Accra|Accra,1282.68,GHS,MOBILE_APP
ORMT-00003519,OR-C000150,7,SUCCESSFUL,2024-11-11 08:53:17.000,Greater Accra|Accra,385.87,GHS,THIRD_PARTY
ORMT-00003520,OR-C000150,1,SUCCESSFUL,2024-11-10 14:12:56.000,Greater Accra|Accra,570.95,GHS,MOBILE_APP
ORMT-00003521,OR-C000150,3,REJECTED,2024-12-10 08:03:06.000,Greater Accra|Accra,442.46,GHS,AGENT
ORMT-00003522,OR-C000150,1,SUCCESSFUL,2024-12-06 18:06:46.000,Greater Accra|Accra,57.79,GHS,AGENT
ORMT-00003523,OR-C000150,9,SUCCESSFUL,2024-12-17 20:02:30.000,Greater Accra|Accra,866.27,GHS,AGENT
ORMT-00003524,OR-C000150,3,SUCCESSFUL,2024-12-02 07:59:01.000,Greater Accra|Accra,593.8,GHS,AGENT
ORMT-00003525,OR-C000150,8,SUCCESSFUL,2024-12-30 09:50:37.000,Greater Accra|Accra,579.92,GHS,MOBILE_APP
ORMT-00003564,OR-C000151,5,SUCCESSFUL,2024-11-16 21:28:06.000,Greater Accra|Kasoa,264.57,GHS,AGENT
ORMT-00003565,OR-C000151,2,SUCCESSFUL,2024-12-26 21:16:42.000,Greater Accra|Kasoa,683.31,GHS,MOBILE_APP
ORMT-00003590,OR-C000152,2,SUCCESSFUL,2024-12-02 09:10:18.000,Greater Accra|Madina,322.98,GHS,API
ORMT-00003650,OR-C000154,1,SUCCESSFUL,2024-10-05 07:49:34.000,Greater Accra|Kasoa,808.72,GHS,AGENT
ORMT-00003651,OR-C000154,4,SUCCESSFUL,2024-10-15 07:03:31.000,Greater Accra|Kasoa,1165.16,GHS,MOBILE_APP
ORMT-00003652,OR-C000154,6,SUCCESSFUL,2024-11-17 15:47:53.000,Greater Accra|Kasoa,757.5,GHS,AGENT
ORMT-00003653,OR-C000154,3,SUCCESSFUL,2024-11-21 17:37:38.000,Greater Accra|Kasoa,1113.85,GHS,API
ORMT-00003654,OR-C000154,5,SUCCESSFUL,2024-11-30 17:24:42.000,Greater Accra|Kasoa,700.39,GHS,AGENT
ORMT-00003655,OR-C000154,1,SUCCESSFUL,2024-11-02 18:03:16.000,Greater Accra|Kasoa,1381.9,GHS,AGENT
ORMT-00003656,OR-C000154,9,SUCCESSFUL,2024-11-11 07:55:41.000,Greater Accra|Kasoa,553.21,GHS,AGENT
ORMT-00003657,OR-C000154,4,SUCCESSFUL,2024-11-16 16:58:05.000,Greater Accra|Kasoa,529.74,GHS,AGENT
ORMT-00003658,OR-C000154,4,SUCCESSFUL,2024-11-07 11:54:02.000,Greater Accra|Kasoa,508.0,GHS,THIRD_PARTY
ORMT-00003659,OR-C000154,10,SUCCESSFUL,2024-12-09 07:30:18.000,Greater Accra|Kasoa,621.03,GHS,THIRD_PARTY
ORMT-00003660,OR-C000154,2,SUCCESSFUL,2024-12-12 10:19:40.000,Greater Accra|Kasoa,145.78,GHS,MOBILE_APP
ORMT-00003661,OR-C000154,10,SUCCESSFUL,2024-12-15 19:59:13.000,Greater Accra|Kasoa,639.75,GHS,MOBILE_APP
ORMT-00003662,OR-C000154,3,SUCCESSFUL,2024-12-29 07:43:39.000,Greater Accra|Kasoa,644.36,GHS,AGENT
ORMT-00003663,OR-C000154,5,SUCCESSFUL,2024-12-14 08:16:29.000,Greater Accra|Kasoa,375.25,GHS,WEB
ORMT-00003723,OR-C000157,5,SUCCESSFUL,2024-11-19 17:23:23.000,Western|Axim,164.63,GHS,THIRD_PARTY
ORMT-00003724,OR-C000157,2,FAILED,2024-11-03 10:45:49.000,Western|Axim,2218.17,GHS,WEB
ORMT-00003725,OR-C000157,1,SUCCESSFUL,2024-11-26 12:45:32.000,Western|Axim,992.78,GHS,AGENT
ORMT-00003726,OR-C000157,5,SUCCESSFUL,2024-11-24 14:58:31.000,Western|Axim,230.38,GHS,THIRD_PARTY
ORMT-00003727,OR-C000157,1,SUCCESSFUL,2024-12-19 10:32:00.000,Western|Axim,667.09,GHS,MOBILE_APP
ORMT-00003749,OR-C000158,4,SUCCESSFUL,2024-12-23 08:16:09.000,Greater Accra|Tema,2178.01,GHS,MOBILE_APP
ORMT-00003813,OR-C000161,1,SUCCESSFUL,2024-10-06 16:29:13.000,Bono|Sunyani,518.01,GHS,MOBILE_APP
ORMT-00003814,OR-C000161,2,SUCCESSFUL,2024-10-09 15:06:20.000,Bono|Sunyani,537.42,GHS,WEB
ORMT-00003815,OR-C000161,5,SUCCESSFUL,2024-11-12 16:28:16.000,Bono|Sunyani,1018.43,GHS,AGENT
ORMT-00003816,OR-C000161,1,SUCCESSFUL,2024-11-07 20:07:13.000,Bono|Sunyani,239.01,GHS,AGENT
ORMT-00003817,OR-C000161,3,FAILED,2024-11-05 18:30:26.000,Bono|Sunyani,660.27,GHS,MOBILE_APP
ORMT-00003818,OR-C000161,5,SUCCESSFUL,2024-11-06 19:33:36.000,Bono|Sunyani,785.82,GHS,THIRD_PARTY
ORMT-00003819,OR-C000161,5,SUCCESSFUL,2024-11-05 16:56:32.000,Bono|Sunyani,505.23,GHS,THIRD_PARTY
ORMT-00003820,OR-C000161,7,SUCCESSFUL,2024-11-06 13:24:48.000,Bono|Sunyani,254.37,GHS,AGENT
ORMT-00003821,OR-C000161,7,SUCCESSFUL,2024-12-07 07:25:10.000,Bono|Sunyani,1047.29,GHS,AGENT
ORMT-00003822,OR-C000161,1,SUCCESSFUL,2024-12-15 13:43:20.000,Bono|Sunyani,1144.44,GHS,WEB
ORMT-00003823,OR-C000161,8,SUCCESSFUL,2024-12-02 09:54:12.000,Bono|Sunyani,1542.82,GHS,THIRD_PARTY
ORMT-00003824,OR-C000161,3,SUCCESSFUL,2024-12-09 19:00:55.000,Bono|Sunyani,1213.43,GHS,MOBILE_APP
ORMT-00003948,OR-C000162,5,SUCCESSFUL,2024-10-24 14:20:26.000,Greater Accra|Kasoa,249.22,GHS,MOBILE_APP
ORMT-00003949,OR-C000162,1,SUCCESSFUL,2024-10-15 07:14:33.000,Greater Accra|Kasoa,2542.24,GHS,AGENT
ORMT-00003950,OR-C000162,8,SUCCESSFUL,2024-10-02 16:01:05.000,Greater Accra|Kasoa,4695.2,GHS,AGENT
ORMT-00003951,OR-C000162,4,SUCCESSFUL,2024-10-09 15:01:34.000,Greater Accra|Kasoa,733.08,GHS,MOBILE_APP
ORMT-00003952,OR-C000162,1,SUCCESSFUL,2024-11-22 18:31:20.000,Greater Accra|Kasoa,1585.03,GHS,MOBILE_APP
ORMT-00003953,OR-C000162,3,SUCCESSFUL,2024-11-15 20:50:48.000,Greater Accra|Kasoa,553.55,GHS,MOBILE_APP
ORMT-00003954,OR-C000162,3,SUCCESSFUL,2024-11-20 21:03:59.000,Greater Accra|Kasoa,1682.07,GHS,AGENT
ORMT-00003955,OR-C000162,7,SUCCESSFUL,2024-11-10 17:53:36.000,Greater Accra|Kasoa,812.99,GHS,MOBILE_APP
ORMT-00003956,OR-C000162,4,SUCCESSFUL,2024-12-31 17:12:53.000,Greater Accra|Kasoa,1490.91,GHS,AGENT
ORMT-00003957,OR-C000162,1,FAILED,2024-12-06 11:17:17.000,Greater Accra|Kasoa,815.47,GHS,AGENT
ORMT-00003958,OR-C000162,1,REJECTED,2024-12-23 14:44:00.000,Greater Accra|Kasoa,159.52,GHS,AGENT
ORMT-00003959,OR-C000162,3,SUCCESSFUL,2024-12-14 16:08:25.000,Greater Accra|Kasoa,932.52,GHS,AGENT
ORMT-00003960,OR-C000162,1,SUCCESSFUL,2024-12-16 08:58:53.000,Greater Accra|Kasoa,1861.53,GHS,AGENT
ORMT-00003961,OR-C000162,9,SUCCESSFUL,2024-12-19 16:09:39.000,Greater Accra|Kasoa,673.56,GHS,THIRD_PARTY
ORMT-00003962,OR-C000162,3,SUCCESSFUL,2024-12-09 14:23:11.000,Greater Accra|Kasoa,329.79,GHS,WEB
ORMT-00004027,OR-C000165,5,SUCCESSFUL,2024-12-19 18:02:44.000,Ashanti|Ejisu,306.52,GHS,AGENT
ORMT-00004050,OR-C000166,2,SUCCESSFUL,2024-10-23 18:28:29.000,Bono|Berekum,133.9,GHS,AGENT
ORMT-00004083,OR-C000167,3,SUCCESSFUL,2024-12-09 10:13:11.000,Greater Accra|Tema,917.98,GHS,AGENT
ORMT-00004084,OR-C000167,1,SUCCESSFUL,2024-12-26 15:57:32.000,Greater Accra|Tema,79.37,GHS,MOBILE_APP
ORMT-00004085,OR-C000167,1,SUCCESSFUL,2024-12-10 19:35:11.000,Greater Accra|Tema,791.09,GHS,AGENT
ORMT-00004112,OR-C000168,3,REJECTED,2024-10-27 19:57:10.000,Eastern|Nkawkaw,1241.37,GHS,WEB
ORMT-00004153,OR-C000171,6,SUCCESSFUL,2024-10-26 19:39:43.000,Northern|Yendi,711.63,GHS,WEB
ORMT-00004160,OR-C000173,2,SUCCESSFUL,2024-10-17 09:08:35.000,Ashanti|Obuasi,6197.39,GHS,WEB
ORMT-00004174,OR-C000174,1,SUCCESSFUL,2024-10-03 19:47:24.000,Northern|Yendi,388.61,GHS,MOBILE_APP
ORMT-00004175,OR-C000174,6,SUCCESSFUL,2024-10-25 13:46:34.000,Northern|Yendi,335.8,GHS,WEB
ORMT-00004176,OR-C000174,1,SUCCESSFUL,2024-11-28 19:22:22.000,Northern|Yendi,112.8,GHS,THIRD_PARTY
ORMT-00004177,OR-C000174,2,SUCCESSFUL,2024-11-02 17:05:42.000,Northern|Yendi,1199.58,GHS,MOBILE_APP
ORMT-00004178,OR-C000174,1,SUCCESSFUL,2024-11-20 11:17:43.000,Northern|Yendi,2687.37,GHS,AGENT
ORMT-00004179,OR-C000174,1,SUCCESSFUL,2024-12-30 17:19:36.000,Northern|Yendi,784.63,GHS,AGENT
ORMT-00004180,OR-C000174,9,SUCCESSFUL,2024-12-23 13:38:42.000,Northern|Yendi,666.93,GHS,API
ORMT-00004203,OR-C000175,4,SUCCESSFUL,2024-10-09 12:56:08.000,Upper East|Bolgatanga,1205.46,GHS,WEB
ORMT-00004204,OR-C000175,1,SUCCESSFUL,2024-12-15 16:09:16.000,Upper East|Bolgatanga,1525.17,GHS,MOBILE_APP
ORMT-00004211,OR-C000177,2,FAILED,2024-11-21 07:46:35.000,Eastern|Nkawkaw,84.67,GHS,THIRD_PARTY
ORMT-00004212,OR-C000177,9,SUCCESSFUL,2024-12-21 09:29:41.000,Eastern|Nkawkaw,954.42,GHS,MOBILE_APP
ORMT-00004222,OR-C000178,2,SUCCESSFUL,2024-10-29 12:29:08.000,Northern|Yendi,169.49,GHS,WEB
ORMT-00004223,OR-C000178,2,SUCCESSFUL,2024-12-18 08:23:05.000,Northern|Yendi,5221.87,GHS,THIRD_PARTY
ORMT-00004242,OR-C000179,1,SUCCESSFUL,2024-10-24 09:47:52.000,Volta|Keta,395.23,GHS,WEB
ORMT-00004243,OR-C000179,1,SUCCESSFUL,2024-11-29 15:43:02.000,Volta|Keta,1914.82,GHS,MOBILE_APP
ORMT-00004262,OR-C000180,5,SUCCESSFUL,2024-12-06 13:21:32.000,Western|Takoradi,2256.72,GHS,API
ORMT-00004326,OR-C000181,7,SUCCESSFUL,2024-10-03 18:30:12.000,Northern|Tamale,100.92,GHS,MOBILE_APP
ORMT-00004327,OR-C000181,6,SUCCESSFUL,2024-10-27 18:16:09.000,Northern|Tamale,4026.82,GHS,WEB
ORMT-00004328,OR-C000181,1,SUCCESSFUL,2024-11-12 15:09:52.000,Northern|Tamale,576.59,GHS,AGENT
ORMT-00004329,OR-C000181,5,SUCCESSFUL,2024-11-12 17:51:40.000,Northern|Tamale,1764.59,GHS,AGENT
ORMT-00004330,OR-C000181,2,SUCCESSFUL,2024-11-16 20:08:29.000,Northern|Tamale,1996.95,GHS,MOBILE_APP
ORMT-00004331,OR-C000181,4,SUCCESSFUL,2024-11-07 07:48:30.000,Northern|Tamale,544.4,GHS,AGENT
ORMT-00004332,OR-C000181,1,SUCCESSFUL,2024-12-14 08:19:08.000,Northern|Tamale,4572.47,GHS,AGENT
ORMT-00004333,OR-C000181,4,SUCCESSFUL,2024-12-21 19:51:00.000,Northern|Tamale,2826.07,GHS,API
ORMT-00004334,OR-C000181,5,SUCCESSFUL,2024-12-14 20:25:56.000,Northern|Tamale,298.03,GHS,AGENT
ORMT-00004387,OR-C000183,3,SUCCESSFUL,2024-10-08 11:50:09.000,Bono|Berekum,998.05,GHS,WEB
ORMT-00004388,OR-C000183,4,SUCCESSFUL,2024-10-08 09:42:13.000,Bono|Berekum,197.87,GHS,THIRD_PARTY
ORMT-00004389,OR-C000183,1,SUCCESSFUL,2024-11-26 15:56:56.000,Bono|Berekum,555.77,GHS,MOBILE_APP
ORMT-00004390,OR-C000183,2,SUCCESSFUL,2024-11-08 14:07:26.000,Bono|Berekum,2021.34,GHS,MOBILE_APP
ORMT-00004391,OR-C000183,3,SUCCESSFUL,2024-11-28 11:17:59.000,Bono|Berekum,541.48,GHS,MOBILE_APP
ORMT-00004392,OR-C000183,1,REJECTED,2024-11-27 12:54:37.000,Bono|Berekum,1472.67,GHS,MOBILE_APP
ORMT-00004393,OR-C000183,3,SUCCESSFUL,2024-11-23 09:01:15.000,Bono|Berekum,279.33,GHS,MOBILE_APP
ORMT-00004394,OR-C000183,6,SUCCESSFUL,2024-12-14 08:46:41.000,Bono|Berekum,2599.5,GHS,API
ORMT-00004423,OR-C000186,10,SUCCESSFUL,2024-10-31 18:25:04.000,Upper East|Bolgatanga,367.83,GHS,WEB
ORMT-00004424,OR-C000186,1,SUCCESSFUL,2024-10-29 11:28:57.000,Upper East|Bolgatanga,400.38,GHS,THIRD_PARTY
ORMT-00004425,OR-C000186,1,SUCCESSFUL,2024-11-28 18:53:54.000,Upper East|Bolgatanga,539.08,GHS,MOBILE_APP
ORMT-00004426,OR-C000186,6,SUCCESSFUL,2024-11-12 11:07:49.000,Upper East|Bolgatanga,529.52,GHS,API
ORMT-00004427,OR-C000186,5,SUCCESSFUL,2024-12-21 14:04:57.000,Upper East|Bolgatanga,519.13,GHS,THIRD_PARTY
ORMT-00004428,OR-C000186,1,SUCCESSFUL,2024-12-31 09:23:06.000,Upper East|Bolgatanga,277.82,GHS,THIRD_PARTY
ORMT-00004429,OR-C000186,3,SUCCESSFUL,2024-12-26 13:56:13.000,Upper East|Bolgatanga,1344.52,GHS,AGENT
ORMT-00004430,OR-C000186,4,SUCCESSFUL,2024-12-24 11:18:08.000,Upper East|Bolgatanga,1041.84,GHS,MOBILE_APP
ORMT-00004431,OR-C000186,7,SUCCESSFUL,2024-12-01 08:46:20.000,Upper East|Bolgatanga,603.76,GHS,AGENT
ORMT-00004432,OR-C000186,5,SUCCESSFUL,2024-12-06 17:47:26.000,Upper East|Bolgatanga,1745.19,GHS,AGENT
ORMT-00004433,OR-C000186,3,SUCCESSFUL,2024-12-07 19:10:10.000,Upper East|Bolgatanga,987.12,GHS,AGENT
ORMT-00004434,OR-C000186,3,SUCCESSFUL,2024-12-11 07:10:09.000,Upper East|Bolgatanga,887.92,GHS,THIRD_PARTY
ORMT-00004491,OR-C000189,1,SUCCESSFUL,2024-10-07 10:07:04.000,Northern|Tamale,1108.49,GHS,THIRD_PARTY
ORMT-00004492,OR-C000189,4,SUCCESSFUL,2024-11-11 11:25:55.000,Northern|Tamale,846.65,GHS,AGENT
ORMT-00004493,OR-C000189,2,SUCCESSFUL,2024-11-02 20:37:12.000,Northern|Tamale,2799.19,GHS,THIRD_PARTY
ORMT-00004494,OR-C000189,1,SUCCESSFUL,2024-12-19 15:14:25.000,Northern|Tamale,474.84,GHS,AGENT
ORMT-00004495,OR-C000189,1,SUCCESSFUL,2024-12-29 11:18:57.000,Northern|Tamale,2808.3,GHS,AGENT
ORMT-00004496,OR-C000189,1,SUCCESSFUL,2024-12-24 13:18:01.000,Northern|Tamale,5474.5,GHS,MOBILE_APP
ORMT-00004497,OR-C000189,3,SUCCESSFUL,2024-12-19 18:08:38.000,Northern|Tamale,1843.26,GHS,MOBILE_APP
ORMT-00004522,OR-C000190,4,SUCCESSFUL,2024-12-13 07:23:09.000,Greater Accra|Accra,3935.54,GHS,AGENT
ORMT-00004546,OR-C000195,1,SUCCESSFUL,2024-10-21 21:26:24.000,Western|Takoradi,818.63,GHS,AGENT
ORMT-00004547,OR-C000195,2,SUCCESSFUL,2024-10-22 18:10:48.000,Western|Takoradi,570.82,GHS,MOBILE_APP
ORMT-00004548,OR-C000195,3,SUCCESSFUL,2024-12-07 07:26:08.000,Western|Takoradi,215.45,GHS,AGENT
ORMT-00004549,OR-C000195,1,SUCCESSFUL,2024-12-29 09:57:25.000,Western|Takoradi,1047.35,GHS,AGENT
ORMT-00004587,OR-C000197,10,SUCCESSFUL,2024-12-31 17:11:01.000,Greater Accra|Kasoa,1801.53,GHS,MOBILE_APP
ORMT-00004588,OR-C000197,5,SUCCESSFUL,2024-12-28 16:52:53.000,Greater Accra|Kasoa,892.69,GHS,WEB
ORMT-00004603,OR-C000199,8,SUCCESSFUL,2024-12-24 18:02:52.000,Greater Accra|Accra,288.36,GHS,AGENT
ORMT-00004625,OR-C000200,5,SUCCESSFUL,2024-10-01 07:55:45.000,Bono|Sunyani,521.42,GHS,API
ORMT-00004626,OR-C000200,1,SUCCESSFUL,2024-10-10 16:29:21.000,Bono|Sunyani,782.01,GHS,AGENT
ORMT-00004627,OR-C000200,2,SUCCESSFUL,2024-11-30 20:38:56.000,Bono|Sunyani,945.54,GHS,AGENT
ORMT-00004628,OR-C000200,4,SUCCESSFUL,2024-12-23 12:45:46.000,Bono|Sunyani,774.14,GHS,WEB
ORMT-00004629,OR-C000200,1,SUCCESSFUL,2024-12-19 14:47:21.000,Bono|Sunyani,3496.13,GHS,AGENT
ORMT-00004683,OR-C000202,3,FAILED,2024-10-04 18:32:31.000,Greater Accra|Madina,911.74,GHS,MOBILE_APP
ORMT-00004684,OR-C000202,1,SUCCESSFUL,2024-11-07 15:53:18.000,Greater Accra|Madina,153.28,GHS,AGENT
ORMT-00004685,OR-C000202,5,SUCCESSFUL,2024-12-08 12:24:06.000,Greater Accra|Madina,650.49,GHS,AGENT
ORMT-00004686,OR-C000202,7,SUCCESSFUL,2024-12-14 13:37:19.000,Greater Accra|Madina,577.1,GHS,API
ORMT-00004687,OR-C000202,3,REJECTED,2024-12-16 16:31:33.000,Greater Accra|Madina,479.53,GHS,THIRD_PARTY
ORMT-00004688,OR-C000202,1,SUCCESSFUL,2024-12-28 08:57:58.000,Greater Accra|Madina,256.81,GHS,THIRD_PARTY
ORMT-00004689,OR-C000202,6,SUCCESSFUL,2024-12-27 09:53:33.000,Greater Accra|Madina,1569.34,GHS,WEB
ORMT-00004690,OR-C000202,1,SUCCESSFUL,2024-12-16 12:12:05.000,Greater Accra|Madina,1362.57,GHS,MOBILE_APP
ORMT-00004719,OR-C000203,2,SUCCESSFUL,2024-10-05 08:23:03.000,Volta|Hohoe,238.95,GHS,AGENT
ORMT-00004720,OR-C000203,8,SUCCESSFUL,2024-12-06 16:28:18.000,Volta|Hohoe,190.28,GHS,AGENT
ORMT-00004755,OR-C000206,2,SUCCESSFUL,2024-10-10 13:08:25.000,Western|Takoradi,428.35,GHS,AGENT
ORMT-00004756,OR-C000206,3,SUCCESSFUL,2024-10-30 16:53:29.000,Western|Takoradi,341.02,GHS,WEB
ORMT-00004757,OR-C000206,3,SUCCESSFUL,2024-10-11 18:35:14.000,Western|Takoradi,654.04,GHS,AGENT
ORMT-00004758,OR-C000206,8,SUCCESSFUL,2024-11-06 09:22:39.000,Western|Takoradi,268.88,GHS,AGENT
ORMT-00004759,OR-C000206,10,SUCCESSFUL,2024-11-06 08:28:39.000,Western|Takoradi,425.54,GHS,MOBILE_APP
ORMT-00004760,OR-C000206,8,SUCCESSFUL,2024-11-20 15:48:11.000,Western|Takoradi,1770.7,GHS,THIRD_PARTY
ORMT-00004761,OR-C000206,5,SUCCESSFUL,2024-12-05 07:15:50.000,Western|Takoradi,415.48,GHS,THIRD_PARTY
ORMT-00004762,OR-C000206,3,SUCCESSFUL,2024-12-20 09:31:53.000,Western|Takoradi,271.45,GHS,MOBILE_APP
ORMT-00004763,OR-C000206,10,SUCCESSFUL,2024-12-20 18:04:21.000,Western|Takoradi,296.8,GHS,AGENT
ORMT-00004764,OR-C000206,1,SUCCESSFUL,2024-12-25 16:26:21.000,Western|Takoradi,852.97,GHS,AGENT
ORMT-00004787,OR-C000208,3,SUCCESSFUL,2024-11-07 17:00:53.000,Volta|Hohoe,880.73,GHS,AGENT
ORMT-00004788,OR-C000208,1,SUCCESSFUL,2024-11-21 15:17:11.000,Volta|Hohoe,338.05,GHS,AGENT
ORMT-00004789,OR-C000208,2,SUCCESSFUL,2024-12-31 16:51:44.000,Volta|Hohoe,1361.3,GHS,AGENT
ORMT-00004790,OR-C000208,5,SUCCESSFUL,2024-12-23 16:24:34.000,Volta|Hohoe,270.84,GHS,AGENT
ORMT-00004811,OR-C000209,1,FAILED,2024-10-02 21:40:21.000,Ashanti|Obuasi,213.49,GHS,AGENT
ORMT-00004812,OR-C000209,1,SUCCESSFUL,2024-10-29 07:47:34.000,Ashanti|Obuasi,245.31,GHS,AGENT
ORMT-00004813,OR-C000209,6,SUCCESSFUL,2024-10-26 19:52:10.000,Ashanti|Obuasi,250.16,GHS,AGENT
ORMT-00004814,OR-C000209,2,SUCCESSFUL,2024-12-28 10:29:25.000,Ashanti|Obuasi,1472.51,GHS,THIRD_PARTY
ORMT-00004822,OR-C000210,4,SUCCESSFUL,2024-10-09 21:55:06.000,Western|Tarkwa,64.11,GHS,THIRD_PARTY
ORMT-00004823,OR-C000210,5,SUCCESSFUL,2024-11-15 20:48:59.000,Western|Tarkwa,63.09,GHS,WEB
ORMT-00004824,OR-C000210,3,SUCCESSFUL,2024-11-03 18:49:09.000,Western|Tarkwa,228.98,GHS,MOBILE_APP
ORMT-00004847,OR-C000211,1,SUCCESSFUL,2024-10-26 10:33:08.000,Greater Accra|Kasoa,628.99,GHS,MOBILE_APP
ORMT-00004848,OR-C000211,4,SUCCESSFUL,2024-12-30 12:49:25.000,Greater Accra|Kasoa,223.04,GHS,AGENT
ORMT-00004849,OR-C000211,9,SUCCESSFUL,2024-12-08 18:22:48.000,Greater Accra|Kasoa,781.62,GHS,AGENT
ORMT-00004850,OR-C000211,4,SUCCESSFUL,2024-12-13 11:38:36.000,Greater Accra|Kasoa,304.7,GHS,MOBILE_APP
ORMT-00004878,OR-C000213,4,SUCCESSFUL,2024-11-05 13:15:30.000,Greater Accra|Madina,444.1,GHS,API
ORMT-00004881,OR-C000214,3,SUCCESSFUL,2024-12-07 09:21:10.000,Central|Elmina,121.29,GHS,AGENT
ORMT-00004934,OR-C000216,1,SUCCESSFUL,2024-10-12 11:53:24.000,Greater Accra|Madina,390.6,GHS,THIRD_PARTY
ORMT-00004935,OR-C000216,10,FAILED,2024-10-30 19:13:49.000,Greater Accra|Madina,324.98,GHS,WEB
ORMT-00004947,OR-C000217,3,SUCCESSFUL,2024-11-01 11:11:57.000,Greater Accra|Kasoa,2353.32,GHS,AGENT
ORMT-00004948,OR-C000217,6,SUCCESSFUL,2024-12-13 07:17:17.000,Greater Accra|Kasoa,3622.5,GHS,MOBILE_APP
ORMT-00004990,OR-C000218,3,SUCCESSFUL,2024-10-27 16:04:40.000,Greater Accra|Madina,602.37,GHS,AGENT
ORMT-00004991,OR-C000218,1,SUCCESSFUL,2024-12-27 10:51:42.000,Greater Accra|Madina,3052.44,GHS,AGENT
ORMT-00005013,OR-C000219,1,SUCCESSFUL,2024-11-24 20:03:59.000,Greater Accra|Madina,461.2,GHS,WEB
ORMT-00005025,OR-C000220,4,SUCCESSFUL,2024-10-10 08:43:56.000,Greater Accra|Accra,720.97,GHS,THIRD_PARTY
ORMT-00005026,OR-C000220,3,SUCCESSFUL,2024-10-16 15:02:00.000,Greater Accra|Accra,8541.85,GHS,THIRD_PARTY
ORMT-00005027,OR-C000220,9,SUCCESSFUL,2024-10-24 12:03:58.000,Greater Accra|Accra,303.72,GHS,API
ORMT-00005028,OR-C000220,3,SUCCESSFUL,2024-11-01 09:53:48.000,Greater Accra|Accra,2135.26,GHS,WEB
ORMT-00005029,OR-C000220,1,SUCCESSFUL,2024-11-19 19:12:20.000,Greater Accra|Accra,109.3,GHS,THIRD_PARTY
ORMT-00005030,OR-C000220,5,SUCCESSFUL,2024-12-26 15:09:37.000,Greater Accra|Accra,776.67,GHS,MOBILE_APP
ORMT-00005031,OR-C000220,1,SUCCESSFUL,2024-12-19 14:25:42.000,Greater Accra|Accra,1840.25,GHS,AGENT
ORMT-00005060,OR-C000221,2,SUCCESSFUL,2024-10-25 16:47:06.000,Greater Accra|Tema,400.86,GHS,THIRD_PARTY
ORMT-00005061,OR-C000221,8,SUCCESSFUL,2024-12-04 19:29:54.000,Greater Accra|Tema,351.58,GHS,API
ORMT-00005062,OR-C000221,1,SUCCESSFUL,2024-12-25 14:59:38.000,Greater Accra|Tema,522.94,GHS,AGENT
ORMT-00005063,OR-C000221,5,SUCCESSFUL,2024-12-29 08:14:58.000,Greater Accra|Tema,653.03,GHS,AGENT
ORMT-00005064,OR-C000221,1,SUCCESSFUL,2024-12-04 12:13:50.000,Greater Accra|Tema,700.3,GHS,AGENT
ORMT-00005099,OR-C000222,1,SUCCESSFUL,2024-10-21 09:48:33.000,Upper East|Bolgatanga,5507.51,GHS,AGENT
ORMT-00005100,OR-C000222,4,SUCCESSFUL,2024-11-27 09:57:08.000,Upper East|Bolgatanga,820.22,GHS,MOBILE_APP
ORMT-00005101,OR-C000222,4,SUCCESSFUL,2024-12-17 12:08:09.000,Upper East|Bolgatanga,606.59,GHS,THIRD_PARTY
ORMT-00005111,OR-C000224,1,SUCCESSFUL,2024-12-17 19:48:06.000,Volta|Hohoe,915.79,GHS,WEB
ORMT-00005123,OR-C000225,7,SUCCESSFUL,2024-10-31 19:53:08.000,Greater Accra|Accra,1438.2,GHS,WEB
ORMT-00005129,OR-C000226,7,SUCCESSFUL,2024-10-04 18:17:34.000,Ahafo|Goaso,435.08,GHS,AGENT
ORMT-00005130,OR-C000226,1,SUCCESSFUL,2024-10-03 18:20:13.000,Ahafo|Goaso,201.74,GHS,THIRD_PARTY
ORMT-00005131,OR-C000226,5,SUCCESSFUL,2024-12-25 10:39:49.000,Ahafo|Goaso,906.17,GHS,AGENT
ORMT-00005149,OR-C000227,1,SUCCESSFUL,2024-10-04 21:32:43.000,Greater Accra|Madina,748.23,GHS,MOBILE_APP
ORMT-00005150,OR-C000227,9,SUCCESSFUL,2024-11-13 08:01:12.000,Greater Accra|Madina,301.0,GHS,MOBILE_APP
ORMT-00005151,OR-C000227,1,SUCCESSFUL,2024-11-30 18:08:04.000,Greater Accra|Madina,228.0,GHS,AGENT
ORMT-00005152,OR-C000227,1,SUCCESSFUL,2024-12-01 16:56:19.000,Greater Accra|Madina,243.71,GHS,AGENT
ORMT-00005153,OR-C000227,4,SUCCESSFUL,2024-12-28 09:17:21.000,Greater Accra|Madina,330.67,GHS,MOBILE_APP
ORMT-00005154,OR-C000227,1,SUCCESSFUL,2024-12-27 08:07:01.000,Greater Accra|Madina,936.48,GHS,AGENT
ORMT-00005191,OR-C000228,7,REJECTED,2024-11-23 15:53:00.000,Upper West|Wa,199.53,GHS,API
ORMT-00005192,OR-C000228,1,SUCCESSFUL,2024-11-30 17:26:08.000,Upper West|Wa,612.88,GHS,WEB
ORMT-00005193,OR-C000228,3,SUCCESSFUL,2024-11-02 15:13:19.000,Upper West|Wa,322.98,GHS,AGENT
ORMT-00005194,OR-C000228,1,SUCCESSFUL,2024-11-27 14:19:50.000,Upper West|Wa,213.85,GHS,AGENT
ORMT-00005195,OR-C000228,5,FAILED,2024-12-25 14:55:31.000,Upper West|Wa,761.68,GHS,API
ORMT-00005242,OR-C000229,4,SUCCESSFUL,2024-10-15 15:04:34.000,Greater Accra|Tema,322.63,GHS,API
ORMT-00005243,OR-C000229,9,SUCCESSFUL,2024-10-24 15:51:59.000,Greater Accra|Tema,200.42,GHS,MOBILE_APP
ORMT-00005244,OR-C000229,4,SUCCESSFUL,2024-11-26 19:42:13.000,Greater Accra|Tema,1906.27,GHS,AGENT
ORMT-00005245,OR-C000229,7,SUCCESSFUL,2024-11-14 20:14:23.000,Greater Accra|Tema,623.78,GHS,MOBILE_APP
ORMT-00005246,OR-C000229,10,SUCCESSFUL,2024-12-31 16:16:09.000,Greater Accra|Tema,176.68,GHS,MOBILE_APP
ORMT-00005277,OR-C000230,1,SUCCESSFUL,2024-10-08 17:42:37.000,Western|Axim,457.64,GHS,API
ORMT-00005278,OR-C000230,3,SUCCESSFUL,2024-11-27 07:51:06.000,Western|Axim,239.9,GHS,AGENT
ORMT-00005279,OR-C000230,5,SUCCESSFUL,2024-11-17 16:08:08.000,Western|Axim,661.68,GHS,AGENT
ORMT-00005292,OR-C000232,1,SUCCESSFUL,2024-12-20 14:15:25.000,Volta|Hohoe,284.32,GHS,AGENT
ORMT-00005353,OR-C000234,5,SUCCESSFUL,2024-11-27 08:26:34.000,Eastern|Koforidua,1079.36,GHS,AGENT
ORMT-00005354,OR-C000234,8,SUCCESSFUL,2024-12-26 17:13:37.000,Eastern|Koforidua,874.84,GHS,API
ORMT-00005355,OR-C000234,4,SUCCESSFUL,2024-12-24 10:40:54.000,Eastern|Koforidua,1140.14,GHS,AGENT
ORMT-00005356,OR-C000234,8,SUCCESSFUL,2024-12-31 12:41:39.000,Eastern|Koforidua,575.28,GHS,AGENT
ORMT-00005357,OR-C000234,8,SUCCESSFUL,2024-12-25 07:39:30.000,Eastern|Koforidua,1932.31,GHS,AGENT
ORMT-00005358,OR-C000234,1,SUCCESSFUL,2024-12-19 21:05:49.000,Eastern|Koforidua,870.0,GHS,THIRD_PARTY
ORMT-00005391,OR-C000236,4,SUCCESSFUL,2024-11-02 13:11:26.000,Upper West|Wa,433.03,GHS,WEB
ORMT-00005392,OR-C000236,4,SUCCESSFUL,2024-11-22 17:38:40.000,Upper West|Wa,1063.08,GHS,API
ORMT-00005393,OR-C000236,3,SUCCESSFUL,2024-12-10 15:25:44.000,Upper West|Wa,438.16,GHS,AGENT
ORMT-00005394,OR-C000236,9,SUCCESSFUL,2024-12-30 21:23:47.000,Upper West|Wa,731.66,GHS,THIRD_PARTY
ORMT-00005432,OR-C000237,3,SUCCESSFUL,2024-10-08 07:01:02.000,Bono|Berekum,482.43,GHS,API
ORMT-00005433,OR-C000237,3,SUCCESSFUL,2024-10-01 12:28:17.000,Bono|Berekum,614.77,GHS,THIRD_PARTY
ORMT-00005449,OR-C000239,5,SUCCESSFUL,2024-11-28 14:51:26.000,Ashanti|Obuasi,411.1,GHS,AGENT
ORMT-00005461,OR-C000240,1,SUCCESSFUL,2024-12-30 07:12:30.000,Eastern|Akropong,184.85,GHS,MOBILE_APP
ORMT-00005465,OR-C000241,2,SUCCESSFUL,2024-10-23 14:43:19.000,Eastern|Koforidua,689.03,GHS,AGENT
ORMT-00005484,OR-C000242,9,SUCCESSFUL,2024-10-23 09:15:58.000,Greater Accra|Madina,1030.97,GHS,AGENT
ORMT-00005485,OR-C000242,1,SUCCESSFUL,2024-12-13 13:17:25.000,Greater Accra|Madina,540.1,GHS,AGENT
ORMT-00005523,OR-C000245,1,SUCCESSFUL,2024-10-24 14:37:57.000,Northern|Tamale,386.27,GHS,MOBILE_APP
ORMT-00005524,OR-C000245,3,SUCCESSFUL,2024-11-09 14:22:20.000,Northern|Tamale,1066.34,GHS,MOBILE_APP
ORMT-00005525,OR-C000245,9,SUCCESSFUL,2024-11-13 07:54:21.000,Northern|Tamale,270.07,GHS,MOBILE_APP
ORMT-00005526,OR-C000245,4,SUCCESSFUL,2024-12-12 21:51:25.000,Northern|Tamale,147.82,GHS,MOBILE_APP
ORMT-00005549,OR-C000246,1,SUCCESSFUL,2024-11-21 16:29:24.000,Volta|Keta,2751.55,GHS,MOBILE_APP
ORMT-00005550,OR-C000246,1,SUCCESSFUL,2024-12-29 20:57:34.000,Volta|Keta,1238.24,GHS,AGENT
ORMT-00005563,OR-C000247,1,SUCCESSFUL,2024-11-19 10:45:27.000,Greater Accra|Tema,1417.28,GHS,WEB
ORMT-00005572,OR-C000248,1,SUCCESSFUL,2024-11-09 17:15:10.000,Greater Accra|Tema,196.27,GHS,AGENT
ORMT-00005573,OR-C000248,5,SUCCESSFUL,2024-11-02 13:02:43.000,Greater Accra|Tema,1319.22,GHS,AGENT
ORMT-00005574,OR-C000248,9,SUCCESSFUL,2024-11-04 20:31:20.000,Greater Accra|Tema,243.62,GHS,AGENT
ORMT-00005593,OR-C000250,4,SUCCESSFUL,2024-10-17 09:42:16.000,Upper East|Navrongo,656.78,GHS,MOBILE_APP
ORMT-00005594,OR-C000250,2,SUCCESSFUL,2024-10-05 11:06:37.000,Upper East|Navrongo,636.21,GHS,AGENT
ORMT-00005595,OR-C000250,6,SUCCESSFUL,2024-10-30 14:51:27.000,Upper East|Navrongo,1173.35,GHS,API
ORMT-00005596,OR-C000250,10,SUCCESSFUL,2024-11-02 08:52:15.000,Upper East|Navrongo,1475.58,GHS,AGENT
ORMT-00005597,OR-C000250,8,SUCCESSFUL,2024-11-20 14:55:24.000,Upper East|Navrongo,620.49,GHS,MOBILE_APP
ORMT-00005598,OR-C000250,4,SUCCESSFUL,2024-12-01 21:44:21.000,Upper East|Navrongo,198.09,GHS,AGENT
ORMT-00005599,OR-C000250,4,SUCCESSFUL,2024-12-21 11:56:12.000,Upper East|Navrongo,698.51,GHS,API
ORMT-00005634,OR-C000251,6,SUCCESSFUL,2024-10-31 20:47:12.000,Greater Accra|Accra,223.54,GHS,MOBILE_APP
ORMT-00005635,OR-C000251,3,SUCCESSFUL,2024-10-14 09:51:49.000,Greater Accra|Accra,970.94,GHS,THIRD_PARTY
ORMT-00005636,OR-C000251,5,SUCCESSFUL,2024-10-11 13:26:48.000,Greater Accra|Accra,202.7,GHS,MOBILE_APP
ORMT-00005637,OR-C000251,1,SUCCESSFUL,2024-10-15 11:59:48.000,Greater Accra|Accra,169.79,GHS,AGENT
ORMT-00005638,OR-C000251,1,SUCCESSFUL,2024-10-20 10:17:11.000,Greater Accra|Accra,1170.05,GHS,AGENT
ORMT-00005639,OR-C000251,8,SUCCESSFUL,2024-10-06 08:56:12.000,Greater Accra|Accra,652.43,GHS,AGENT
ORMT-00005640,OR-C000251,3,SUCCESSFUL,2024-11-09 14:40:45.000,Greater Accra|Accra,578.82,GHS,WEB
ORMT-00005641,OR-C000251,1,SUCCESSFUL,2024-11-22 13:49:49.000,Greater Accra|Accra,732.32,GHS,MOBILE_APP
ORMT-00005642,OR-C000251,1,SUCCESSFUL,2024-11-22 17:50:17.000,Greater Accra|Accra,995.83,GHS,API
ORMT-00005643,OR-C000251,5,SUCCESSFUL,2024-11-30 17:47:00.000,Greater Accra|Accra,1440.03,GHS,AGENT
ORMT-00005644,OR-C000251,10,SUCCESSFUL,2024-12-02 14:41:59.000,Greater Accra|Accra,890.32,GHS,AGENT
ORMT-00005645,OR-C000251,4,SUCCESSFUL,2024-12-08 15:56:27.000,Greater Accra|Accra,657.42,GHS,MOBILE_APP
ORMT-00005646,OR-C000251,1,SUCCESSFUL,2024-12-21 20:38:24.000,Greater Accra|Accra,316.42,GHS,THIRD_PARTY
ORMT-00005647,OR-C000251,1,SUCCESSFUL,2024-12-23 11:52:39.000,Greater Accra|Accra,722.75,GHS,AGENT
ORMT-00005648,OR-C000251,9,FAILED,2024-12-02 09:20:39.000,Greater Accra|Accra,405.61,GHS,AGENT
ORMT-00005649,OR-C000251,6,SUCCESSFUL,2024-12-02 07:28:24.000,Greater Accra|Accra,581.45,GHS,MOBILE_APP
ORMT-00005746,OR-C000252,2,SUCCESSFUL,2024-10-29 11:07:03.000,Eastern|Koforidua,485.83,GHS,MOBILE_APP
ORMT-00005747,OR-C000252,2,SUCCESSFUL,2024-10-02 18:10:08.000,Eastern|Koforidua,1133.5,GHS,AGENT
ORMT-00005748,OR-C000252,3,SUCCESSFUL,2024-10-13 20:49:45.000,Eastern|Koforidua,589.04,GHS,AGENT
ORMT-00005749,OR-C000252,5,SUCCESSFUL,2024-10-30 19:21:23.000,Eastern|Koforidua,730.33,GHS,AGENT
ORMT-00005750,OR-C000252,5,SUCCESSFUL,2024-10-05 12:43:17.000,Eastern|Koforidua,440.72,GHS,AGENT
ORMT-00005751,OR-C000252,1,SUCCESSFUL,2024-10-10 15:11:01.000,Eastern|Koforidua,333.63,GHS,THIRD_PARTY
ORMT-00005752,OR-C000252,6,SUCCESSFUL,2024-10-23 07:08:21.000,Eastern|Koforidua,1570.91,GHS,MOBILE_APP
ORMT-00005753,OR-C000252,1,SUCCESSFUL,2024-10-25 07:32:42.000,Eastern|Koforidua,288.05,GHS,AGENT
ORMT-00005754,OR-C000252,2,SUCCESSFUL,2024-10-06 18:27:59.000,Eastern|Koforidua,2891.53,GHS,MOBILE_APP
ORMT-00005755,OR-C000252,1,SUCCESSFUL,2024-10-27 09:32:55.000,Eastern|Koforidua,4095.59,GHS,THIRD_PARTY
ORMT-00005756,OR-C000252,4,SUCCESSFUL,2024-11-17 08:07:04.000,Eastern|Koforidua,166.2,GHS,MOBILE_APP
ORMT-00005757,OR-C000252,1,SUCCESSFUL,2024-11-23 17:32:27.000,Eastern|Koforidua,1969.91,GHS,THIRD_PARTY
ORMT-00005758,OR-C000252,3,SUCCESSFUL,2024-11-26 16:05:41.000,Eastern|Koforidua,3204.9,GHS,MOBILE_APP
ORMT-00005759,OR-C000252,4,SUCCESSFUL,2024-11-19 11:51:09.000,Eastern|Koforidua,936.17,GHS,MOBILE_APP
ORMT-00005760,OR-C000252,5,SUCCESSFUL,2024-12-27 10:19:03.000,Eastern|Koforidua,652.44,GHS,MOBILE_APP
ORMT-00005761,OR-C000252,1,SUCCESSFUL,2024-12-03 11:25:59.000,Eastern|Koforidua,997.77,GHS,MOBILE_APP
ORMT-00005762,OR-C000252,2,SUCCESSFUL,2024-12-18 20:39:22.000,Eastern|Koforidua,156.97,GHS,AGENT
ORMT-00005763,OR-C000252,6,SUCCESSFUL,2024-12-30 13:47:21.000,Eastern|Koforidua,219.88,GHS,THIRD_PARTY
ORMT-00005764,OR-C000252,2,SUCCESSFUL,2024-12-04 08:37:37.000,Eastern|Koforidua,690.77,GHS,THIRD_PARTY
ORMT-00005765,OR-C000252,2,SUCCESSFUL,2024-12-28 12:06:59.000,Eastern|Koforidua,628.43,GHS,API
ORMT-00005766,OR-C000252,9,SUCCESSFUL,2024-12-12 07:26:43.000,Eastern|Koforidua,728.23,GHS,API
ORMT-00005767,OR-C000252,2,SUCCESSFUL,2024-12-12 18:48:58.000,Eastern|Koforidua,1401.16,GHS,AGENT
ORMT-00005768,OR-C000252,1,SUCCESSFUL,2024-12-27 08:48:18.000,Eastern|Koforidua,1755.45,GHS,AGENT
ORMT-00005769,OR-C000252,2,SUCCESSFUL,2024-12-26 15:36:01.000,Eastern|Koforidua,423.79,GHS,MOBILE_APP
ORMT-00005770,OR-C000252,1,SUCCESSFUL,2024-12-03 19:21:53.000,Eastern|Koforidua,299.56,GHS,THIRD_PARTY
ORMT-00005771,OR-C000252,8,SUCCESSFUL,2024-12-09 10:07:01.000,Eastern|Koforidua,699.78,GHS,AGENT
ORMT-00005863,OR-C000254,5,FAILED,2024-10-15 10:23:50.000,Greater Accra|Accra,405.93,GHS,THIRD_PARTY
ORMT-00005864,OR-C000254,1,SUCCESSFUL,2024-10-02 21:11:51.000,Greater Accra|Accra,1321.13,GHS,AGENT
ORMT-00005865,OR-C000254,1,SUCCESSFUL,2024-12-27 11:01:53.000,Greater Accra|Accra,2715.57,GHS,AGENT
ORMT-00005866,OR-C000254,3,SUCCESSFUL,2024-12-21 14:23:01.000,Greater Accra|Accra,1374.49,GHS,API
ORMT-00005867,OR-C000254,2,SUCCESSFUL,2024-12-11 12:45:49.000,Greater Accra|Accra,1803.81,GHS,THIRD_PARTY
ORMT-00005918,OR-C000255,1,SUCCESSFUL,2024-10-27 20:03:09.000,Ashanti|Obuasi,2544.08,GHS,AGENT
ORMT-00005919,OR-C000255,1,SUCCESSFUL,2024-10-05 17:27:49.000,Ashanti|Obuasi,4353.47,GHS,MOBILE_APP
ORMT-00005920,OR-C000255,2,SUCCESSFUL,2024-10-19 09:16:37.000,Ashanti|Obuasi,299.87,GHS,WEB
ORMT-00005921,OR-C000255,2,SUCCESSFUL,2024-10-16 17:37:06.000,Ashanti|Obuasi,282.5,GHS,WEB
ORMT-00005922,OR-C000255,8,SUCCESSFUL,2024-10-05 08:23:35.000,Ashanti|Obuasi,360.29,GHS,AGENT
ORMT-00005923,OR-C000255,2,SUCCESSFUL,2024-11-16 13:26:35.000,Ashanti|Obuasi,1039.62,GHS,API
ORMT-00005924,OR-C000255,1,SUCCESSFUL,2024-11-14 20:58:01.000,Ashanti|Obuasi,233.7,GHS,AGENT
ORMT-00005925,OR-C000255,1,SUCCESSFUL,2024-11-24 18:06:13.000,Ashanti|Obuasi,2007.22,GHS,AGENT
ORMT-00005926,OR-C000255,3,SUCCESSFUL,2024-11-30 16:53:02.000,Ashanti|Obuasi,675.6,GHS,MOBILE_APP
ORMT-00005927,OR-C000255,3,SUCCESSFUL,2024-11-24 16:31:05.000,Ashanti|Obuasi,587.89,GHS,MOBILE_APP
ORMT-00005928,OR-C000255,4,SUCCESSFUL,2024-11-09 10:54:34.000,Ashanti|Obuasi,318.47,GHS,MOBILE_APP
ORMT-00005929,OR-C000255,10,SUCCESSFUL,2024-12-27 21:32:19.000,Ashanti|Obuasi,2628.11,GHS,AGENT
ORMT-00005930,OR-C000255,8,SUCCESSFUL,2024-12-28 17:42:16.000,Ashanti|Obuasi,190.83,GHS,MOBILE_APP
ORMT-00005931,OR-C000255,2,SUCCESSFUL,2024-12-04 19:17:38.000,Ashanti|Obuasi,4607.94,GHS,MOBILE_APP
ORMT-00005932,OR-C000255,1,SUCCESSFUL,2024-12-29 17:58:43.000,Ashanti|Obuasi,606.94,GHS,WEB
ORMT-00005933,OR-C000255,2,SUCCESSFUL,2024-12-19 08:21:36.000,Ashanti|Obuasi,435.77,GHS,API
ORMT-00006020,OR-C000258,5,SUCCESSFUL,2024-11-28 16:41:27.000,Greater Accra|Tema,838.68,GHS,AGENT
ORMT-00006021,OR-C000258,9,SUCCESSFUL,2024-11-26 16:13:12.000,Greater Accra|Tema,196.47,GHS,WEB
ORMT-00006062,OR-C000259,1,SUCCESSFUL,2024-10-29 08:52:16.000,Ashanti|Obuasi,1208.21,GHS,AGENT
ORMT-00006063,OR-C000259,1,SUCCESSFUL,2024-11-27 08:48:10.000,Ashanti|Obuasi,875.22,GHS,AGENT
ORMT-00006064,OR-C000259,1,SUCCESSFUL,2024-12-25 19:45:14.000,Ashanti|Obuasi,840.44,GHS,MOBILE_APP
ORMT-00006101,OR-C000261,1,SUCCESSFUL,2024-10-04 13:57:43.000,Eastern|Nkawkaw,833.9,GHS,THIRD_PARTY
ORMT-00006181,OR-C000262,1,SUCCESSFUL,2024-10-21 14:56:11.000,Upper West|Wa,71.42,GHS,AGENT
ORMT-00006182,OR-C000262,2,SUCCESSFUL,2024-10-20 08:37:17.000,Upper West|Wa,3246.92,GHS,AGENT
ORMT-00006183,OR-C000262,10,SUCCESSFUL,2024-10-01 16:50:55.000,Upper West|Wa,408.77,GHS,AGENT
ORMT-00006184,OR-C000262,5,SUCCESSFUL,2024-10-18 07:20:34.000,Upper West|Wa,763.29,GHS,AGENT
ORMT-00006185,OR-C000262,10,SUCCESSFUL,2024-10-02 21:08:14.000,Upper West|Wa,209.39,GHS,AGENT
ORMT-00006186,OR-C000262,6,SUCCESSFUL,2024-11-23 12:50:40.000,Upper West|Wa,1058.11,GHS,MOBILE_APP
ORMT-00006187,OR-C000262,6,SUCCESSFUL,2024-11-25 10:40:22.000,Upper West|Wa,634.65,GHS,API
ORMT-00006188,OR-C000262,3,SUCCESSFUL,2024-12-23 20:31:39.000,Upper West|Wa,698.4,GHS,AGENT
ORMT-00006189,OR-C000262,10,SUCCESSFUL,2024-12-29 10:05:22.000,Upper West|Wa,1474.94,GHS,MOBILE_APP
ORMT-00006190,OR-C000262,3,SUCCESSFUL,2024-12-14 08:22:56.000,Upper West|Wa,419.52,GHS,MOBILE_APP
ORMT-00006191,OR-C000262,5,SUCCESSFUL,2024-12-23 17:09:49.000,Upper West|Wa,2682.14,GHS,AGENT
ORMT-00006192,OR-C000262,7,SUCCESSFUL,2024-12-29 11:47:32.000,Upper West|Wa,111.41,GHS,THIRD_PARTY
ORMT-00006193,OR-C000262,3,SUCCESSFUL,2024-12-25 21:21:54.000,Upper West|Wa,656.94,GHS,THIRD_PARTY
ORMT-00006194,OR-C000262,3,SUCCESSFUL,2024-12-07 11:50:02.000,Upper West|Wa,316.61,GHS,AGENT
ORMT-00006195,OR-C000262,2,SUCCESSFUL,2024-12-03 18:54:08.000,Upper West|Wa,562.62,GHS,MOBILE_APP
ORMT-00006262,OR-C000263,3,SUCCESSFUL,2024-11-13 20:47:28.000,Ashanti|Ejisu,1018.53,GHS,API
ORMT-00006263,OR-C000263,1,SUCCESSFUL,2024-11-19 11:57:31.000,Ashanti|Ejisu,969.28,GHS,API
ORMT-00006264,OR-C000263,4,SUCCESSFUL,2024-11-06 16:22:44.000,Ashanti|Ejisu,2346.78,GHS,API
ORMT-00006265,OR-C000263,10,SUCCESSFUL,2024-12-26 13:19:40.000,Ashanti|Ejisu,838.05,GHS,API
ORMT-00006287,OR-C000264,1,SUCCESSFUL,2024-10-28 08:32:44.000,Greater Accra|Kasoa,828.2,GHS,AGENT
ORMT-00006288,OR-C000264,1,SUCCESSFUL,2024-11-26 20:13:27.000,Greater Accra|Kasoa,504.37,GHS,API
ORMT-00006321,OR-C000265,6,SUCCESSFUL,2024-10-14 09:05:37.000,Greater Accra|Madina,2386.73,GHS,MOBILE_APP
ORMT-00006322,OR-C000265,1,SUCCESSFUL,2024-10-08 15:33:35.000,Greater Accra|Madina,50,GHS,AGENT
ORMT-00006323,OR-C000265,2,SUCCESSFUL,2024-10-22 08:53:10.000,Greater Accra|Madina,629.19,GHS,MOBILE_APP
ORMT-00006324,OR-C000265,5,SUCCESSFUL,2024-11-09 11:50:24.000,Greater Accra|Madina,881.11,GHS,AGENT
ORMT-00006325,OR-C000265,10,SUCCESSFUL,2024-11-25 20:20:27.000,Greater Accra|Madina,635.84,GHS,THIRD_PARTY
ORMT-00006326,OR-C000265,1,SUCCESSFUL,2024-12-29 13:52:30.000,Greater Accra|Madina,1597.03,GHS,AGENT
ORMT-00006354,OR-C000266,1,SUCCESSFUL,2024-10-18 12:09:17.000,Ashanti|Kumasi,191.48,GHS,AGENT
ORMT-00006355,OR-C000266,1,SUCCESSFUL,2024-12-05 11:56:29.000,Ashanti|Kumasi,846.27,GHS,MOBILE_APP
ORMT-00006368,OR-C000267,2,SUCCESSFUL,2024-10-31 10:37:07.000,Bono East|Kintampo,176.39,GHS,THIRD_PARTY
ORMT-00006369,OR-C000267,5,SUCCESSFUL,2024-10-27 12:17:14.000,Bono East|Kintampo,1618.71,GHS,THIRD_PARTY
ORMT-00006370,OR-C000267,3,SUCCESSFUL,2024-10-10 20:04:33.000,Bono East|Kintampo,135.68,GHS,AGENT
ORMT-00006371,OR-C000267,5,SUCCESSFUL,2024-10-05 10:42:38.000,Bono East|Kintampo,1234.68,GHS,MOBILE_APP
ORMT-00006372,OR-C000267,4,SUCCESSFUL,2024-11-02 21:50:18.000,Bono East|Kintampo,373.02,GHS,WEB
ORMT-00006373,OR-C000267,10,SUCCESSFUL,2024-11-12 16:13:43.000,Bono East|Kintampo,146.98,GHS,MOBILE_APP
ORMT-00006374,OR-C000267,4,SUCCESSFUL,2024-11-09 11:32:56.000,Bono East|Kintampo,958.95,GHS,WEB
ORMT-00006375,OR-C000267,9,SUCCESSFUL,2024-11-10 20:09:10.000,Bono East|Kintampo,1074.58,GHS,API
ORMT-00006376,OR-C000267,5,SUCCESSFUL,2024-11-26 14:07:08.000,Bono East|Kintampo,916.91,GHS,AGENT
ORMT-00006377,OR-C000267,2,SUCCESSFUL,2024-11-17 08:27:02.000,Bono East|Kintampo,1083.72,GHS,THIRD_PARTY
ORMT-00006378,OR-C000267,1,SUCCESSFUL,2024-11-19 15:45:19.000,Bono East|Kintampo,226.3,GHS,API
ORMT-00006379,OR-C000267,7,SUCCESSFUL,2024-12-09 12:39:56.000,Bono East|Kintampo,975.48,GHS,AGENT
ORMT-00006380,OR-C000267,1,SUCCESSFUL,2024-12-10 18:43:48.000,Bono East|Kintampo,132.71,GHS,API
ORMT-00006437,OR-C000271,6,SUCCESSFUL,2024-10-02 11:03:45.000,Greater Accra|Kasoa,992.58,GHS,THIRD_PARTY
ORMT-00006438,OR-C000271,3,SUCCESSFUL,2024-11-28 08:43:54.000,Greater Accra|Kasoa,1387.5,GHS,AGENT
ORMT-00006439,OR-C000271,4,SUCCESSFUL,2024-12-10 21:17:31.000,Greater Accra|Kasoa,496.86,GHS,MOBILE_APP
ORMT-00006473,OR-C000272,2,SUCCESSFUL,2024-10-01 08:38:50.000,Ashanti|Ejisu,1759.41,GHS,AGENT
ORMT-00006474,OR-C000272,5,SUCCESSFUL,2024-10-12 12:48:19.000,Ashanti|Ejisu,316.59,GHS,API
ORMT-00006475,OR-C000272,1,SUCCESSFUL,2024-10-10 08:44:43.000,Ashanti|Ejisu,300.12,GHS,API
ORMT-00006476,OR-C000272,4,SUCCESSFUL,2024-11-28 13:43:44.000,Ashanti|Ejisu,596.0,GHS,AGENT
ORMT-00006477,OR-C000272,4,SUCCESSFUL,2024-11-23 08:27:09.000,Ashanti|Ejisu,301.27,GHS,MOBILE_APP
ORMT-00006478,OR-C000272,4,SUCCESSFUL,2024-12-14 18:43:12.000,Ashanti|Ejisu,811.52,GHS,WEB
ORMT-00006479,OR-C000272,4,SUCCESSFUL,2024-12-26 09:46:58.000,Ashanti|Ejisu,873.39,GHS,AGENT
ORMT-00006497,OR-C000273,4,SUCCESSFUL,2024-10-14 20:16:20.000,Bono|Berekum,262.32,GHS,AGENT
ORMT-00006498,OR-C000273,10,SUCCESSFUL,2024-10-07 13:36:18.000,Bono|Berekum,1524.2,GHS,MOBILE_APP
ORMT-00006499,OR-C000273,1,SUCCESSFUL,2024-11-21 18:25:23.000,Bono|Berekum,806.11,GHS,AGENT
ORMT-00006500,OR-C000273,5,SUCCESSFUL,2024-12-05 14:17:39.000,Bono|Berekum,249.43,GHS,AGENT
ORMT-00006501,OR-C000273,3,SUCCESSFUL,2024-12-31 12:24:07.000,Bono|Berekum,1258.33,GHS,WEB
ORMT-00006525,OR-C000276,1,SUCCESSFUL,2024-10-14 08:23:49.000,Central|Winneba,384.03,GHS,THIRD_PARTY
ORMT-00006526,OR-C000276,4,SUCCESSFUL,2024-11-09 16:34:45.000,Central|Winneba,595.0,GHS,AGENT
ORMT-00006527,OR-C000276,6,SUCCESSFUL,2024-12-05 15:38:31.000,Central|Winneba,328.62,GHS,THIRD_PARTY
ORMT-00006528,OR-C000276,1,SUCCESSFUL,2024-12-25 07:55:08.000,Central|Winneba,581.84,GHS,MOBILE_APP
ORMT-00006529,OR-C000276,2,SUCCESSFUL,2024-12-18 21:06:05.000,Central|Winneba,1894.22,GHS,AGENT
ORMT-00006555,OR-C000278,1,SUCCESSFUL,2024-10-02 12:31:25.000,Ashanti|Ejisu,1667.07,GHS,WEB
ORMT-00006556,OR-C000278,5,SUCCESSFUL,2024-11-23 12:08:50.000,Ashanti|Ejisu,542.46,GHS,API
ORMT-00006582,OR-C000279,3,SUCCESSFUL,2024-10-16 21:36:47.000,Greater Accra|Madina,348.85,GHS,MOBILE_APP
ORMT-00006583,OR-C000279,5,SUCCESSFUL,2024-10-06 11:32:33.000,Greater Accra|Madina,1806.32,GHS,AGENT
ORMT-00006584,OR-C000279,1,SUCCESSFUL,2024-10-08 17:44:37.000,Greater Accra|Madina,1604.09,GHS,WEB
ORMT-00006585,OR-C000279,7,SUCCESSFUL,2024-11-09 15:19:22.000,Greater Accra|Madina,127.58,GHS,MOBILE_APP
ORMT-00006586,OR-C000279,1,SUCCESSFUL,2024-11-07 09:43:48.000,Greater Accra|Madina,2905.13,GHS,AGENT
ORMT-00006587,OR-C000279,2,SUCCESSFUL,2024-11-02 13:17:01.000,Greater Accra|Madina,214.75,GHS,AGENT
ORMT-00006588,OR-C000279,5,SUCCESSFUL,2024-12-25 07:32:09.000,Greater Accra|Madina,183.2,GHS,THIRD_PARTY
ORMT-00006589,OR-C000279,8,SUCCESSFUL,2024-12-20 19:17:20.000,Greater Accra|Madina,3359.26,GHS,AGENT
ORMT-00006590,OR-C000279,4,SUCCESSFUL,2024-12-17 20:17:47.000,Greater Accra|Madina,361.01,GHS,THIRD_PARTY
ORMT-00006591,OR-C000279,2,SUCCESSFUL,2024-12-01 10:36:42.000,Greater Accra|Madina,696.02,GHS,AGENT
ORMT-00006592,OR-C000279,8,SUCCESSFUL,2024-12-12 10:24:45.000,Greater Accra|Madina,1744.02,GHS,MOBILE_APP
ORMT-00006623,OR-C000281,3,SUCCESSFUL,2024-11-22 09:58:54.000,Northern|Yendi,555.5,GHS,API
ORMT-00006624,OR-C000281,7,SUCCESSFUL,2024-11-26 12:22:25.000,Northern|Yendi,450.47,GHS,AGENT
ORMT-00006630,OR-C000282,9,SUCCESSFUL,2024-11-07 14:58:57.000,Oti|Jasikan,1525.1,GHS,AGENT
ORMT-00006631,OR-C000282,9,SUCCESSFUL,2024-12-07 19:14:24.000,Oti|Jasikan,3060.58,GHS,API
ORMT-00006713,OR-C000284,1,SUCCESSFUL,2024-11-24 19:38:00.000,Greater Accra|Kasoa,501.11,GHS,API
ORMT-00006714,OR-C000284,1,SUCCESSFUL,2024-11-05 12:21:18.000,Greater Accra|Kasoa,1553.21,GHS,AGENT
ORMT-00006715,OR-C000284,8,SUCCESSFUL,2024-12-20 11:46:49.000,Greater Accra|Kasoa,267.6,GHS,MOBILE_APP
ORMT-00006716,OR-C000284,5,SUCCESSFUL,2024-12-23 08:06:33.000,Greater Accra|Kasoa,1615.14,GHS,AGENT
ORMT-00006717,OR-C000284,8,SUCCESSFUL,2024-12-30 15:21:27.000,Greater Accra|Kasoa,512.9,GHS,MOBILE_APP
ORMT-00006718,OR-C000284,6,SUCCESSFUL,2024-12-05 09:00:28.000,Greater Accra|Kasoa,1246.84,GHS,AGENT
ORMT-00006719,OR-C000284,9,SUCCESSFUL,2024-12-26 07:54:32.000,Greater Accra|Kasoa,1002.14,GHS,MOBILE_APP
ORMT-00006720,OR-C000284,3,SUCCESSFUL,2024-12-03 19:59:02.000,Greater Accra|Kasoa,400.44,GHS,THIRD_PARTY
ORMT-00006721,OR-C000284,2,SUCCESSFUL,2024-12-20 09:10:23.000,Greater Accra|Kasoa,956.48,GHS,MOBILE_APP
ORMT-00006722,OR-C000284,4,SUCCESSFUL,2024-12-04 11:30:25.000,Greater Accra|Kasoa,347.13,GHS,MOBILE_APP
ORMT-00006723,OR-C000284,6,SUCCESSFUL,2024-12-04 11:21:25.000,Greater Accra|Kasoa,2114.29,GHS,AGENT
ORMT-00006779,OR-C000286,4,SUCCESSFUL,2024-10-18 20:32:33.000,Greater Accra|Tema,1766.43,GHS,MOBILE_APP
ORMT-00006780,OR-C000286,1,FAILED,2024-11-22 11:38:07.000,Greater Accra|Tema,112.88,GHS,AGENT
ORMT-00006781,OR-C000286,6,SUCCESSFUL,2024-12-13 13:42:19.000,Greater Accra|Tema,1386.03,GHS,THIRD_PARTY
ORMT-00006782,OR-C000286,8,SUCCESSFUL,2024-12-10 21:02:36.000,Greater Accra|Tema,239.65,GHS,AGENT
ORMT-00006783,OR-C000286,10,SUCCESSFUL,2024-12-25 13:06:52.000,Greater Accra|Tema,309.71,GHS,MOBILE_APP
ORMT-00006784,OR-C000286,7,SUCCESSFUL,2024-12-31 14:18:15.000,Greater Accra|Tema,542.39,GHS,AGENT
ORMT-00006803,OR-C000288,5,SUCCESSFUL,2024-10-14 18:41:44.000,Ashanti|Ejisu,974.71,GHS,MOBILE_APP
ORMT-00006804,OR-C000288,1,SUCCESSFUL,2024-11-19 20:17:53.000,Ashanti|Ejisu,168.39,GHS,WEB
ORMT-00006860,OR-C000290,3,SUCCESSFUL,2024-11-22 18:28:12.000,Central|Elmina,1135.68,GHS,AGENT
ORMT-00006861,OR-C000290,5,SUCCESSFUL,2024-12-06 20:50:34.000,Central|Elmina,785.41,GHS,THIRD_PARTY
ORMT-00006877,OR-C000291,9,SUCCESSFUL,2024-12-19 21:41:28.000,Volta|Hohoe,903.15,GHS,API
ORMT-00006896,OR-C000292,1,SUCCESSFUL,2024-12-14 21:49:42.000,Ashanti|Ejisu,2605.58,GHS,WEB
ORMT-00006936,OR-C000294,6,SUCCESSFUL,2024-12-04 09:44:54.000,Eastern|Koforidua,296.48,GHS,AGENT
ORMT-00006951,OR-C000297,2,SUCCESSFUL,2024-10-30 11:07:25.000,Central|Winneba,659.2,GHS,MOBILE_APP
ORMT-00006956,OR-C000298,5,SUCCESSFUL,2024-10-30 15:08:16.000,Central|Cape Coast,1495.97,GHS,MOBILE_APP
ORMT-00006957,OR-C000298,5,SUCCESSFUL,2024-10-14 10:27:43.000,Central|Cape Coast,197.04,GHS,AGENT
ORMT-00006958,OR-C000298,6,SUCCESSFUL,2024-10-30 09:12:25.000,Central|Cape Coast,429.77,GHS,AGENT
ORMT-00006959,OR-C000298,6,SUCCESSFUL,2024-12-16 09:14:54.000,Central|Cape Coast,2437.18,GHS,MOBILE_APP
ORMT-00006960,OR-C000298,10,SUCCESSFUL,2024-12-26 12:47:25.000,Central|Cape Coast,475.29,GHS,MOBILE_APP
ORMT-00006961,OR-C000298,9,SUCCESSFUL,2024-12-22 13:33:16.000,Central|Cape Coast,283.6,GHS,WEB
ORMT-00006962,OR-C000298,9,SUCCESSFUL,2024-12-27 11:24:13.000,Central|Cape Coast,337.33,GHS,MOBILE_APP
ORMT-00006963,OR-C000298,1,SUCCESSFUL,2024-12-28 15:42:33.000,Central|Cape Coast,247.98,GHS,AGENT
ORMT-00006964,OR-C000298,1,SUCCESSFUL,2024-12-20 07:19:19.000,Central|Cape Coast,206.23,GHS,MOBILE_APP
ORMT-00006965,OR-C000298,4,SUCCESSFUL,2024-12-02 21:33:54.000,Central|Cape Coast,392.94,GHS,MOBILE_APP
ORMT-00007059,OR-C000299,2,SUCCESSFUL,2024-10-20 08:36:23.000,Greater Accra|Kasoa,698.23,GHS,MOBILE_APP
ORMT-00007060,OR-C000299,3,SUCCESSFUL,2024-10-07 12:36:50.000,Greater Accra|Kasoa,1837.79,GHS,AGENT
ORMT-00007061,OR-C000299,1,SUCCESSFUL,2024-10-06 17:11:00.000,Greater Accra|Kasoa,665.12,GHS,WEB
ORMT-00007062,OR-C000299,3,SUCCESSFUL,2024-11-07 10:40:04.000,Greater Accra|Kasoa,676.67,GHS,AGENT
ORMT-00007063,OR-C000299,1,SUCCESSFUL,2024-11-28 07:25:19.000,Greater Accra|Kasoa,858.31,GHS,THIRD_PARTY
ORMT-00007064,OR-C000299,2,SUCCESSFUL,2024-11-23 14:42:04.000,Greater Accra|Kasoa,2429.1,GHS,MOBILE_APP
ORMT-00007065,OR-C000299,2,SUCCESSFUL,2024-11-14 09:15:39.000,Greater Accra|Kasoa,1264.57,GHS,AGENT
ORMT-00007066,OR-C000299,10,SUCCESSFUL,2024-11-25 14:36:08.000,Greater Accra|Kasoa,283.76,GHS,API
ORMT-00007067,OR-C000299,1,SUCCESSFUL,2024-11-01 08:01:48.000,Greater Accra|Kasoa,886.06,GHS,WEB
ORMT-00007068,OR-C000299,6,SUCCESSFUL,2024-12-30 07:00:48.000,Greater Accra|Kasoa,2551.73,GHS,AGENT
ORMT-00007069,OR-C000299,1,SUCCESSFUL,2024-12-30 16:20:05.000,Greater Accra|Kasoa,1893.6,GHS,AGENT
ORMT-00007070,OR-C000299,2,SUCCESSFUL,2024-12-03 10:23:05.000,Greater Accra|Kasoa,465.09,GHS,MOBILE_APP
ORMT-00007156,OR-C000302,7,SUCCESSFUL,2024-10-22 14:18:12.000,Ashanti|Kumasi,613.32,GHS,THIRD_PARTY
ORMT-00007157,OR-C000302,3,SUCCESSFUL,2024-10-14 11:57:13.000,Ashanti|Kumasi,203.47,GHS,AGENT
ORMT-00007193,OR-C000303,3,SUCCESSFUL,2024-10-01 07:21:47.000,Eastern|Akropong,350.8,GHS,AGENT
ORMT-00007194,OR-C000303,2,SUCCESSFUL,2024-11-06 09:58:10.000,Eastern|Akropong,793.12,GHS,MOBILE_APP
ORMT-00007195,OR-C000303,1,SUCCESSFUL,2024-11-23 08:52:53.000,Eastern|Akropong,1274.1,GHS,API
ORMT-00007196,OR-C000303,1,SUCCESSFUL,2024-11-17 20:22:45.000,Eastern|Akropong,689.26,GHS,AGENT
ORMT-00007197,OR-C000303,1,SUCCESSFUL,2024-11-13 20:21:14.000,Eastern|Akropong,1913.31,GHS,THIRD_PARTY
ORMT-00007198,OR-C000303,4,SUCCESSFUL,2024-12-07 07:12:40.000,Eastern|Akropong,168.21,GHS,AGENT
ORMT-00007199,OR-C000303,1,SUCCESSFUL,2024-12-14 11:08:58.000,Eastern|Akropong,920.79,GHS,MOBILE_APP
ORMT-00007200,OR-C000303,5,REJECTED,2024-12-30 17:09:35.000,Eastern|Akropong,518.47,GHS,API
ORMT-00007201,OR-C000303,8,SUCCESSFUL,2024-12-28 15:57:20.000,Eastern|Akropong,935.3,GHS,WEB
ORMT-00007228,OR-C000304,6,SUCCESSFUL,2024-10-28 07:22:43.000,Greater Accra|Accra,671.27,GHS,AGENT
ORMT-00007240,OR-C000305,8,SUCCESSFUL,2024-11-07 19:05:13.000,Ahafo|Goaso,2120.2,GHS,AGENT
ORMT-00007260,OR-C000306,1,SUCCESSFUL,2024-11-02 07:34:33.000,Northern|Savelugu,1324.03,GHS,MOBILE_APP
ORMT-00007261,OR-C000306,6,SUCCESSFUL,2024-11-07 17:57:42.000,Northern|Savelugu,584.11,GHS,MOBILE_APP
ORMT-00007262,OR-C000306,1,SUCCESSFUL,2024-12-01 15:22:30.000,Northern|Savelugu,831.98,GHS,THIRD_PARTY
ORMT-00007263,OR-C000306,4,SUCCESSFUL,2024-12-08 17:09:34.000,Northern|Savelugu,1327.58,GHS,MOBILE_APP
ORMT-00007280,OR-C000307,3,SUCCESSFUL,2024-11-29 18:59:16.000,Northern|Tamale,1925.09,GHS,THIRD_PARTY
ORMT-00007281,OR-C000307,8,SUCCESSFUL,2024-12-27 13:45:07.000,Northern|Tamale,4003.92,GHS,API
ORMT-00007282,OR-C000307,5,SUCCESSFUL,2024-12-21 18:09:03.000,Northern|Tamale,407.56,GHS,AGENT
ORMT-00007283,OR-C000307,3,SUCCESSFUL,2024-12-25 15:54:05.000,Northern|Tamale,2720.71,GHS,THIRD_PARTY
ORMT-00007297,OR-C000308,1,FAILED,2024-11-28 17:56:17.000,Greater Accra|Kasoa,617.13,GHS,MOBILE_APP
ORMT-00007298,OR-C000308,6,SUCCESSFUL,2024-11-20 08:53:36.000,Greater Accra|Kasoa,300.07,GHS,WEB
ORMT-00007299,OR-C000308,4,SUCCESSFUL,2024-12-28 11:34:07.000,Greater Accra|Kasoa,402.87,GHS,API
ORMT-00007300,OR-C000308,6,SUCCESSFUL,2024-12-07 10:21:44.000,Greater Accra|Kasoa,420.66,GHS,THIRD_PARTY
ORMT-00007301,OR-C000308,1,SUCCESSFUL,2024-12-28 18:18:59.000,Greater Accra|Kasoa,3216.05,GHS,MOBILE_APP
ORMT-00007333,OR-C000310,2,SUCCESSFUL,2024-11-12 11:20:49.000,Western|Tarkwa,1054.74,GHS,THIRD_PARTY
ORMT-00007350,OR-C000311,3,SUCCESSFUL,2024-11-17 10:00:46.000,Greater Accra|Madina,969.95,GHS,AGENT
ORMT-00007382,OR-C000316,2,SUCCESSFUL,2024-10-15 15:51:42.000,Northern|Savelugu,261.47,GHS,AGENT
ORMT-00007390,OR-C000317,2,SUCCESSFUL,2024-10-02 21:37:12.000,Central|Cape Coast,886.18,GHS,AGENT
ORMT-00007486,OR-C000320,1,FAILED,2024-10-26 19:44:45.000,Eastern|Akropong,708.05,GHS,THIRD_PARTY
ORMT-00007487,OR-C000320,4,SUCCESSFUL,2024-10-25 07:36:38.000,Eastern|Akropong,106.04,GHS,THIRD_PARTY
ORMT-00007488,OR-C000320,6,SUCCESSFUL,2024-12-06 14:51:37.000,Eastern|Akropong,2762.86,GHS,MOBILE_APP
ORMT-00007489,OR-C000320,3,SUCCESSFUL,2024-12-02 11:44:18.000,Eastern|Akropong,1325.39,GHS,AGENT
ORMT-00007490,OR-C000320,1,SUCCESSFUL,2024-12-06 20:44:45.000,Eastern|Akropong,1479.99,GHS,API
ORMT-00007491,OR-C000320,7,SUCCESSFUL,2024-12-30 09:51:53.000,Eastern|Akropong,558.93,GHS,AGENT
ORMT-00007492,OR-C000320,1,SUCCESSFUL,2024-12-19 20:24:04.000,Eastern|Akropong,9500.02,GHS,AGENT
ORMT-00007493,OR-C000320,1,SUCCESSFUL,2024-12-23 21:42:44.000,Eastern|Akropong,842.25,GHS,AGENT
ORMT-00007599,OR-C000321,4,SUCCESSFUL,2024-10-09 12:23:08.000,Ahafo|Goaso,10281.87,GHS,THIRD_PARTY
ORMT-00007600,OR-C000321,7,SUCCESSFUL,2024-10-26 21:33:19.000,Ahafo|Goaso,54.51,GHS,WEB
ORMT-00007601,OR-C000321,5,SUCCESSFUL,2024-11-23 09:58:53.000,Ahafo|Goaso,1197.17,GHS,MOBILE_APP
ORMT-00007602,OR-C000321,6,SUCCESSFUL,2024-12-01 12:04:06.000,Ahafo|Goaso,265.02,GHS,AGENT
ORMT-00007603,OR-C000321,3,SUCCESSFUL,2024-12-30 21:20:03.000,Ahafo|Goaso,464.88,GHS,MOBILE_APP
ORMT-00007604,OR-C000321,10,SUCCESSFUL,2024-12-28 18:23:06.000,Ahafo|Goaso,1065.7,GHS,API
ORMT-00007639,OR-C000324,1,SUCCESSFUL,2024-10-22 15:19:18.000,Greater Accra|Kasoa,557.45,GHS,THIRD_PARTY
ORMT-00007640,OR-C000324,1,SUCCESSFUL,2024-11-19 10:43:11.000,Greater Accra|Kasoa,2704.37,GHS,AGENT
ORMT-00007657,OR-C000326,7,SUCCESSFUL,2024-10-19 15:11:58.000,Eastern|Nkawkaw,386.03,GHS,AGENT
ORMT-00007658,OR-C000326,1,SUCCESSFUL,2024-10-14 14:50:32.000,Eastern|Nkawkaw,319.52,GHS,THIRD_PARTY
ORMT-00007659,OR-C000326,1,SUCCESSFUL,2024-11-11 09:50:08.000,Eastern|Nkawkaw,187.0,GHS,MOBILE_APP
ORMT-00007660,OR-C000326,3,SUCCESSFUL,2024-11-30 10:13:57.000,Eastern|Nkawkaw,422.91,GHS,MOBILE_APP
ORMT-00007671,OR-C000327,1,SUCCESSFUL,2024-12-12 14:39:34.000,Ashanti|Ejisu,405.06,GHS,MOBILE_APP
ORMT-00007672,OR-C000327,2,FAILED,2024-12-29 17:35:05.000,Ashanti|Ejisu,385.03,GHS,AGENT
ORMT-00007673,OR-C000327,1,SUCCESSFUL,2024-12-19 08:57:27.000,Ashanti|Ejisu,101.08,GHS,AGENT
ORMT-00007674,OR-C000327,7,SUCCESSFUL,2024-12-26 20:28:06.000,Ashanti|Ejisu,720.29,GHS,WEB
ORMT-00007675,OR-C000327,1,SUCCESSFUL,2024-12-31 18:21:13.000,Ashanti|Ejisu,1224.1,GHS,AGENT
ORMT-00007676,OR-C000327,3,SUCCESSFUL,2024-12-28 07:43:06.000,Ashanti|Ejisu,307.67,GHS,WEB
ORMT-00007677,OR-C000327,4,SUCCESSFUL,2024-12-06 09:36:12.000,Ashanti|Ejisu,790.01,GHS,THIRD_PARTY
ORMT-00007678,OR-C000327,4,SUCCESSFUL,2024-12-23 09:34:17.000,Ashanti|Ejisu,687.72,GHS,THIRD_PARTY
ORMT-00007679,OR-C000327,1,SUCCESSFUL,2024-12-11 13:54:28.000,Ashanti|Ejisu,672.24,GHS,THIRD_PARTY
ORMT-00007680,OR-C000327,10,SUCCESSFUL,2024-12-25 20:39:26.000,Ashanti|Ejisu,1576.03,GHS,API
ORMT-00007771,OR-C000329,1,SUCCESSFUL,2024-10-27 17:46:06.000,Upper West|Wa,791.69,GHS,AGENT
ORMT-00007772,OR-C000329,4,SUCCESSFUL,2024-10-26 09:51:50.000,Upper West|Wa,746.39,GHS,WEB
ORMT-00007773,OR-C000329,1,SUCCESSFUL,2024-10-26 21:24:12.000,Upper West|Wa,269.38,GHS,API
ORMT-00007774,OR-C000329,4,SUCCESSFUL,2024-10-04 18:08:08.000,Upper West|Wa,621.14,GHS,AGENT
ORMT-00007775,OR-C000329,1,SUCCESSFUL,2024-11-08 09:03:41.000,Upper West|Wa,285.38,GHS,MOBILE_APP
ORMT-00007776,OR-C000329,1,SUCCESSFUL,2024-11-27 15:26:48.000,Upper West|Wa,210.47,GHS,THIRD_PARTY
ORMT-00007777,OR-C000329,5,SUCCESSFUL,2024-12-28 13:37:20.000,Upper West|Wa,352.03,GHS,AGENT
ORMT-00007778,OR-C000329,1,SUCCESSFUL,2024-12-25 17:44:09.000,Upper West|Wa,195.26,GHS,MOBILE_APP
ORMT-00007779,OR-C000329,4,SUCCESSFUL,2024-12-13 09:24:22.000,Upper West|Wa,282.45,GHS,API
ORMT-00007780,OR-C000329,6,SUCCESSFUL,2024-12-29 08:14:16.000,Upper West|Wa,634.66,GHS,THIRD_PARTY
ORMT-00007781,OR-C000329,2,SUCCESSFUL,2024-12-07 10:33:17.000,Upper West|Wa,941.52,GHS,AGENT
ORMT-00007782,OR-C000329,3,SUCCESSFUL,2024-12-28 16:23:18.000,Upper West|Wa,454.23,GHS,AGENT
ORMT-00007873,OR-C000331,7,SUCCESSFUL,2024-10-19 21:38:41.000,Northern|Yendi,400.81,GHS,AGENT
ORMT-00007874,OR-C000331,9,SUCCESSFUL,2024-11-02 10:32:34.000,Northern|Yendi,260.26,GHS,API
ORMT-00007875,OR-C000331,2,SUCCESSFUL,2024-11-18 13:49:20.000,Northern|Yendi,445.48,GHS,AGENT
ORMT-00007876,OR-C000331,2,FAILED,2024-11-29 10:12:08.000,Northern|Yendi,279.65,GHS,MOBILE_APP
ORMT-00007877,OR-C000331,8,SUCCESSFUL,2024-12-03 18:22:30.000,Northern|Yendi,632.56,GHS,MOBILE_APP
ORMT-00007905,OR-C000332,5,SUCCESSFUL,2024-10-17 09:39:44.000,Eastern|Nkawkaw,1607.11,GHS,MOBILE_APP
ORMT-00007906,OR-C000332,1,SUCCESSFUL,2024-10-01 15:01:47.000,Eastern|Nkawkaw,2807.26,GHS,AGENT
ORMT-00007907,OR-C000332,1,SUCCESSFUL,2024-12-06 10:51:17.000,Eastern|Nkawkaw,557.61,GHS,THIRD_PARTY
ORMT-00007919,OR-C000333,8,REJECTED,2024-12-06 18:50:44.000,Greater Accra|Kasoa,1657.7,GHS,WEB
ORMT-00007942,OR-C000334,10,SUCCESSFUL,2024-10-15 07:23:48.000,Greater Accra|Accra,1003.67,GHS,AGENT
ORMT-00007943,OR-C000334,2,SUCCESSFUL,2024-11-04 18:16:11.000,Greater Accra|Accra,218.12,GHS,THIRD_PARTY
ORMT-00007944,OR-C000334,2,SUCCESSFUL,2024-12-24 14:06:22.000,Greater Accra|Accra,549.61,GHS,THIRD_PARTY
ORMT-00007945,OR-C000334,1,SUCCESSFUL,2024-12-01 07:02:57.000,Greater Accra|Accra,1332.03,GHS,MOBILE_APP
ORMT-00007946,OR-C000334,4,SUCCESSFUL,2024-12-31 14:37:47.000,Greater Accra|Accra,2205.61,GHS,MOBILE_APP
ORMT-00008024,OR-C000335,1,SUCCESSFUL,2024-10-29 12:43:09.000,Bono East|Kintampo,461.25,GHS,AGENT
ORMT-00008025,OR-C000335,3,SUCCESSFUL,2024-10-05 19:15:57.000,Bono East|Kintampo,313.96,GHS,API
ORMT-00008026,OR-C000335,3,SUCCESSFUL,2024-10-25 12:33:07.000,Bono East|Kintampo,853.08,GHS,THIRD_PARTY
ORMT-00008027,OR-C000335,8,SUCCESSFUL,2024-10-17 20:00:03.000,Bono East|Kintampo,947.64,GHS,AGENT
ORMT-00008028,OR-C000335,7,SUCCESSFUL,2024-10-02 16:57:01.000,Bono East|Kintampo,1506.51,GHS,API
ORMT-00008029,OR-C000335,3,SUCCESSFUL,2024-11-17 21:50:42.000,Bono East|Kintampo,296.03,GHS,AGENT
ORMT-00008030,OR-C000335,1,SUCCESSFUL,2024-11-29 07:00:40.000,Bono East|Kintampo,513.64,GHS,THIRD_PARTY
ORMT-00008031,OR-C000335,8,SUCCESSFUL,2024-12-04 07:02:48.000,Bono East|Kintampo,1479.76,GHS,AGENT
ORMT-00008032,OR-C000335,9,SUCCESSFUL,2024-12-01 21:28:49.000,Bono East|Kintampo,455.42,GHS,AGENT
ORMT-00008033,OR-C000335,3,SUCCESSFUL,2024-12-26 13:02:29.000,Bono East|Kintampo,413.95,GHS,THIRD_PARTY
ORMT-00008034,OR-C000335,8,SUCCESSFUL,2024-12-06 13:19:40.000,Bono East|Kintampo,1107.52,GHS,MOBILE_APP
ORMT-00008035,OR-C000335,5,SUCCESSFUL,2024-12-05 13:24:42.000,Bono East|Kintampo,473.29,GHS,AGENT
ORMT-00008036,OR-C000335,2,SUCCESSFUL,2024-12-11 12:38:53.000,Bono East|Kintampo,395.09,GHS,AGENT
ORMT-00008037,OR-C000335,2,SUCCESSFUL,2024-12-16 12:04:41.000,Bono East|Kintampo,853.9,GHS,THIRD_PARTY
ORMT-00008038,OR-C000335,4,SUCCESSFUL,2024-12-18 19:24:25.000,Bono East|Kintampo,73.14,GHS,API
ORMT-00008109,OR-C000336,9,SUCCESSFUL,2024-10-16 15:29:38.000,Greater Accra|Madina,1815.65,GHS,API
ORMT-00008110,OR-C000336,1,SUCCESSFUL,2024-10-30 14:54:12.000,Greater Accra|Madina,1532.45,GHS,AGENT
ORMT-00008111,OR-C000336,1,SUCCESSFUL,2024-11-18 11:37:50.000,Greater Accra|Madina,2108.86,GHS,THIRD_PARTY
ORMT-00008112,OR-C000336,3,SUCCESSFUL,2024-11-26 07:36:28.000,Greater Accra|Madina,1126.14,GHS,WEB
ORMT-00008134,OR-C000337,1,SUCCESSFUL,2024-10-27 19:45:00.000,Greater Accra|Accra,634.13,GHS,AGENT
ORMT-00008135,OR-C000337,1,SUCCESSFUL,2024-10-14 19:04:02.000,Greater Accra|Accra,278.81,GHS,MOBILE_APP
ORMT-00008136,OR-C000337,1,SUCCESSFUL,2024-10-15 08:47:28.000,Greater Accra|Accra,974.94,GHS,AGENT
ORMT-00008137,OR-C000337,6,SUCCESSFUL,2024-10-30 11:28:41.000,Greater Accra|Accra,1316.29,GHS,AGENT
ORMT-00008138,OR-C000337,1,SUCCESSFUL,2024-11-08 17:50:34.000,Greater Accra|Accra,324.77,GHS,MOBILE_APP
ORMT-00008139,OR-C000337,1,SUCCESSFUL,2024-12-07 16:33:06.000,Greater Accra|Accra,286.88,GHS,WEB
ORMT-00008140,OR-C000337,10,SUCCESSFUL,2024-12-30 18:27:40.000,Greater Accra|Accra,1341.83,GHS,MOBILE_APP
ORMT-00008141,OR-C000337,2,SUCCESSFUL,2024-12-03 09:38:20.000,Greater Accra|Accra,213.73,GHS,MOBILE_APP
ORMT-00008142,OR-C000337,2,SUCCESSFUL,2024-12-25 13:18:29.000,Greater Accra|Accra,1386.22,GHS,MOBILE_APP
ORMT-00008143,OR-C000337,1,SUCCESSFUL,2024-12-09 14:56:17.000,Greater Accra|Accra,616.99,GHS,AGENT
ORMT-00008144,OR-C000337,4,SUCCESSFUL,2024-12-23 10:56:34.000,Greater Accra|Accra,697.05,GHS,MOBILE_APP
ORMT-00008145,OR-C000337,1,SUCCESSFUL,2024-12-03 14:21:29.000,Greater Accra|Accra,757.9,GHS,AGENT
ORMT-00008188,OR-C000338,4,SUCCESSFUL,2024-11-04 07:01:21.000,Northern|Tamale,402.29,GHS,THIRD_PARTY
ORMT-00008215,OR-C000339,3,SUCCESSFUL,2024-11-22 16:08:06.000,Western|Takoradi,1247.07,GHS,THIRD_PARTY
ORMT-00008216,OR-C000339,2,SUCCESSFUL,2024-12-27 10:49:39.000,Western|Takoradi,549.28,GHS,MOBILE_APP
ORMT-00008217,OR-C000339,1,SUCCESSFUL,2024-12-29 19:44:23.000,Western|Takoradi,418.87,GHS,MOBILE_APP
ORMT-00008253,OR-C000342,4,SUCCESSFUL,2024-12-26 08:05:59.000,Ashanti|Obuasi,2018.31,GHS,AGENT
ORMT-00008254,OR-C000342,10,SUCCESSFUL,2024-12-21 20:37:06.000,Ashanti|Obuasi,526.4,GHS,THIRD_PARTY
ORMT-00008255,OR-C000342,7,SUCCESSFUL,2024-12-22 16:06:13.000,Ashanti|Obuasi,152.32,GHS,AGENT
ORMT-00008256,OR-C000342,3,SUCCESSFUL,2024-12-04 10:28:54.000,Ashanti|Obuasi,313.63,GHS,AGENT
ORMT-00008257,OR-C000342,6,SUCCESSFUL,2024-12-23 12:45:19.000,Ashanti|Obuasi,906.49,GHS,THIRD_PARTY
ORMT-00008282,OR-C000343,2,SUCCESSFUL,2024-10-27 20:29:12.000,Northern|Tamale,482.94,GHS,THIRD_PARTY
ORMT-00008309,OR-C000345,4,SUCCESSFUL,2024-11-01 16:38:46.000,Greater Accra|Tema,603.89,GHS,AGENT
ORMT-00008310,OR-C000345,2,SUCCESSFUL,2024-11-30 09:45:31.000,Greater Accra|Tema,1121.69,GHS,AGENT
ORMT-00008311,OR-C000345,5,SUCCESSFUL,2024-12-27 20:04:35.000,Greater Accra|Tema,3722.23,GHS,AGENT
ORMT-00008312,OR-C000345,2,SUCCESSFUL,2024-12-24 21:13:36.000,Greater Accra|Tema,382.83,GHS,WEB
ORMT-00008313,OR-C000345,1,SUCCESSFUL,2024-12-16 19:48:22.000,Greater Accra|Tema,396.51,GHS,AGENT
ORMT-00008314,OR-C000345,1,SUCCESSFUL,2024-12-27 07:56:26.000,Greater Accra|Tema,500.95,GHS,AGENT
ORMT-00008315,OR-C000345,5,SUCCESSFUL,2024-12-21 10:59:15.000,Greater Accra|Tema,828.95,GHS,THIRD_PARTY
ORMT-00008341,OR-C000346,3,SUCCESSFUL,2024-12-31 15:11:51.000,Greater Accra|Madina,183.85,GHS,API
ORMT-00008352,OR-C000347,2,SUCCESSFUL,2024-10-04 07:36:00.000,Greater Accra|Kasoa,3801.18,GHS,API
ORMT-00008353,OR-C000347,1,SUCCESSFUL,2024-10-16 16:37:09.000,Greater Accra|Kasoa,286.83,GHS,MOBILE_APP
ORMT-00008354,OR-C000347,6,SUCCESSFUL,2024-10-23 15:46:08.000,Greater Accra|Kasoa,704.7,GHS,AGENT
ORMT-00008355,OR-C000347,1,SUCCESSFUL,2024-10-11 11:08:17.000,Greater Accra|Kasoa,1071.63,GHS,AGENT
ORMT-00008356,OR-C000347,2,SUCCESSFUL,2024-10-04 18:08:27.000,Greater Accra|Kasoa,231.81,GHS,MOBILE_APP
ORMT-00008357,OR-C000347,2,SUCCESSFUL,2024-10-09 11:36:59.000,Greater Accra|Kasoa,307.98,GHS,AGENT
ORMT-00008358,OR-C000347,7,SUCCESSFUL,2024-11-26 10:33:07.000,Greater Accra|Kasoa,417.77,GHS,AGENT
ORMT-00008359,OR-C000347,2,SUCCESSFUL,2024-11-13 14:01:10.000,Greater Accra|Kasoa,859.79,GHS,WEB
ORMT-00008360,OR-C000347,8,SUCCESSFUL,2024-11-29 13:48:41.000,Greater Accra|Kasoa,197.97,GHS,MOBILE_APP
ORMT-00008361,OR-C000347,7,SUCCESSFUL,2024-11-12 13:03:14.000,Greater Accra|Kasoa,1442.32,GHS,AGENT
ORMT-00008362,OR-C000347,1,SUCCESSFUL,2024-12-05 20:10:01.000,Greater Accra|Kasoa,856.51,GHS,AGENT
ORMT-00008363,OR-C000347,1,SUCCESSFUL,2024-12-01 09:13:06.000,Greater Accra|Kasoa,823.91,GHS,THIRD_PARTY
ORMT-00008364,OR-C000347,7,SUCCESSFUL,2024-12-11 08:53:58.000,Greater Accra|Kasoa,1806.99,GHS,API
ORMT-00008365,OR-C000347,2,SUCCESSFUL,2024-12-20 12:00:14.000,Greater Accra|Kasoa,1706.19,GHS,THIRD_PARTY
ORMT-00008366,OR-C000347,4,SUCCESSFUL,2024-12-06 07:21:44.000,Greater Accra|Kasoa,486.78,GHS,AGENT
ORMT-00008423,OR-C000348,2,SUCCESSFUL,2024-11-27 08:32:00.000,Greater Accra|Tema,700.91,GHS,AGENT
ORMT-00008424,OR-C000348,5,SUCCESSFUL,2024-12-31 13:24:57.000,Greater Accra|Tema,278.37,GHS,MOBILE_APP
ORMT-00008530,OR-C000349,5,SUCCESSFUL,2024-10-17 21:38:53.000,Western|Axim,569.58,GHS,API
ORMT-00008531,OR-C000349,1,SUCCESSFUL,2024-10-23 09:24:15.000,Western|Axim,1170.04,GHS,MOBILE_APP
ORMT-00008532,OR-C000349,4,SUCCESSFUL,2024-10-06 15:06:06.000,Western|Axim,879.69,GHS,AGENT
ORMT-00008533,OR-C000349,1,SUCCESSFUL,2024-10-02 16:01:32.000,Western|Axim,794.33,GHS,AGENT
ORMT-00008534,OR-C000349,10,SUCCESSFUL,2024-11-11 17:24:43.000,Western|Axim,223.41,GHS,WEB
ORMT-00008535,OR-C000349,2,SUCCESSFUL,2024-11-15 07:49:28.000,Western|Axim,1863.24,GHS,AGENT
ORMT-00008536,OR-C000349,4,SUCCESSFUL,2024-11-26 14:49:22.000,Western|Axim,268.96,GHS,AGENT
ORMT-00008537,OR-C000349,3,SUCCESSFUL,2024-11-17 15:49:05.000,Western|Axim,1279.62,GHS,THIRD_PARTY
ORMT-00008538,OR-C000349,4,SUCCESSFUL,2024-11-30 10:53:15.000,Western|Axim,196.62,GHS,WEB
ORMT-00008539,OR-C000349,1,SUCCESSFUL,2024-12-01 11:43:15.000,Western|Axim,952.51,GHS,AGENT
ORMT-00008540,OR-C000349,3,SUCCESSFUL,2024-12-13 19:36:35.000,Western|Axim,1140.03,GHS,THIRD_PARTY
ORMT-00008606,OR-C000350,2,SUCCESSFUL,2024-11-25 18:57:47.000,Oti|Dambai,319.51,GHS,MOBILE_APP
ORMT-00008607,OR-C000350,1,SUCCESSFUL,2024-12-02 14:50:00.000,Oti|Dambai,1039.72,GHS,THIRD_PARTY
ORMT-00008608,OR-C000350,9,SUCCESSFUL,2024-12-12 12:31:12.000,Oti|Dambai,438.88,GHS,MOBILE_APP
ORMT-00008609,OR-C000350,5,SUCCESSFUL,2024-12-25 13:35:18.000,Oti|Dambai,199.89,GHS,THIRD_PARTY
ORMT-00008610,OR-C000350,3,SUCCESSFUL,2024-12-15 19:04:58.000,Oti|Dambai,2402.68,GHS,WEB
ORMT-00008611,OR-C000350,9,SUCCESSFUL,2024-12-27 18:07:08.000,Oti|Dambai,462.74,GHS,AGENT
ORMT-00008612,OR-C000350,5,SUCCESSFUL,2024-12-30 18:55:19.000,Oti|Dambai,1981.03,GHS,AGENT
ORMT-00008613,OR-C000350,9,SUCCESSFUL,2024-12-08 21:16:52.000,Oti|Dambai,948.99,GHS,THIRD_PARTY
ORMT-00008614,OR-C000350,2,SUCCESSFUL,2024-12-07 11:21:49.000,Oti|Dambai,2145.9,GHS,AGENT
ORMT-00008615,OR-C000350,4,SUCCESSFUL,2024-12-26 17:15:40.000,Oti|Dambai,125.51,GHS,AGENT
ORMT-00008639,OR-C000351,1,SUCCESSFUL,2024-12-03 10:52:33.000,Greater Accra|Kasoa,1164.0,GHS,THIRD_PARTY
ORMT-00008655,OR-C000353,1,SUCCESSFUL,2024-11-30 11:49:03.000,Ashanti|Ejisu,221.33,GHS,THIRD_PARTY
ORMT-00008656,OR-C000353,1,SUCCESSFUL,2024-12-28 19:38:17.000,Ashanti|Ejisu,2063.89,GHS,MOBILE_APP
ORMT-00008690,OR-C000356,3,SUCCESSFUL,2024-12-21 20:44:39.000,Bono|Sunyani,637.72,GHS,MOBILE_APP
ORMT-00008691,OR-C000356,4,SUCCESSFUL,2024-12-25 10:39:57.000,Bono|Sunyani,582.98,GHS,API
ORMT-00008692,OR-C000356,4,SUCCESSFUL,2024-12-31 19:20:51.000,Bono|Sunyani,222.51,GHS,THIRD_PARTY
ORMT-00008693,OR-C000356,1,SUCCESSFUL,2024-12-29 21:27:26.000,Bono|Sunyani,174.18,GHS,AGENT
ORMT-00008737,OR-C000357,5,SUCCESSFUL,2024-12-28 10:56:32.000,Ashanti|Obuasi,1591.76,GHS,WEB
ORMT-00008738,OR-C000357,1,SUCCESSFUL,2024-12-28 21:43:05.000,Ashanti|Obuasi,391.91,GHS,API
ORMT-00008739,OR-C000357,2,SUCCESSFUL,2024-12-27 15:14:26.000,Ashanti|Obuasi,885.21,GHS,API
ORMT-00008761,OR-C000358,7,SUCCESSFUL,2024-10-31 10:35:00.000,Central|Elmina,357.38,GHS,AGENT
ORMT-00008792,OR-C000359,6,SUCCESSFUL,2024-10-07 17:27:31.000,Bono|Berekum,819.46,GHS,AGENT
ORMT-00008793,OR-C000359,7,SUCCESSFUL,2024-10-20 09:21:22.000,Bono|Berekum,428.48,GHS,MOBILE_APP
ORMT-00008794,OR-C000359,1,SUCCESSFUL,2024-11-13 20:53:36.000,Bono|Berekum,512.3,GHS,AGENT
ORMT-00008795,OR-C000359,1,SUCCESSFUL,2024-12-02 18:19:22.000,Bono|Berekum,1339.12,GHS,AGENT
ORMT-00008796,OR-C000359,3,SUCCESSFUL,2024-12-29 12:44:36.000,Bono|Berekum,836.5,GHS,THIRD_PARTY
ORMT-00008797,OR-C000359,1,SUCCESSFUL,2024-12-24 16:54:34.000,Bono|Berekum,252.51,GHS,MOBILE_APP
ORMT-00008832,OR-C000361,6,SUCCESSFUL,2024-12-12 17:41:19.000,Central|Cape Coast,333.03,GHS,MOBILE_APP
ORMT-00008842,OR-C000362,4,SUCCESSFUL,2024-12-06 18:50:47.000,Greater Accra|Accra,447.22,GHS,WEB
ORMT-00008856,OR-C000363,8,SUCCESSFUL,2024-11-14 09:06:29.000,Eastern|Akropong,240.72,GHS,THIRD_PARTY
ORMT-00008868,OR-C000364,4,SUCCESSFUL,2024-12-25 12:30:08.000,Greater Accra|Madina,156.82,GHS,API
ORMT-00008883,OR-C000365,1,SUCCESSFUL,2024-11-09 09:31:33.000,Greater Accra|Tema,1700.08,GHS,MOBILE_APP
ORMT-00008884,OR-C000365,3,SUCCESSFUL,2024-11-19 12:37:26.000,Greater Accra|Tema,334.6,GHS,MOBILE_APP
ORMT-00008885,OR-C000365,5,SUCCESSFUL,2024-11-27 10:26:41.000,Greater Accra|Tema,1757.67,GHS,API
ORMT-00008886,OR-C000365,2,SUCCESSFUL,2024-12-09 09:35:11.000,Greater Accra|Tema,889.46,GHS,AGENT
ORMT-00008887,OR-C000365,2,SUCCESSFUL,2024-12-13 10:40:56.000,Greater Accra|Tema,98.8,GHS,AGENT
ORMT-00008888,OR-C000365,8,SUCCESSFUL,2024-12-20 19:44:23.000,Greater Accra|Tema,430.07,GHS,AGENT
ORMT-00008889,OR-C000365,1,SUCCESSFUL,2024-12-07 12:57:10.000,Greater Accra|Tema,440.3,GHS,THIRD_PARTY
ORMT-00008902,OR-C000366,1,SUCCESSFUL,2024-12-12 13:58:47.000,Ashanti|Obuasi,1408.55,GHS,API
ORMT-00008903,OR-C000366,4,FAILED,2024-12-09 07:03:01.000,Ashanti|Obuasi,2043.44,GHS,MOBILE_APP
ORMT-00008904,OR-C000366,1,SUCCESSFUL,2024-12-16 11:01:04.000,Ashanti|Obuasi,1662.88,GHS,AGENT
ORMT-00008923,OR-C000367,3,SUCCESSFUL,2024-11-15 14:12:34.000,Ahafo|Goaso,131.6,GHS,MOBILE_APP
ORMT-00008933,OR-C000368,1,SUCCESSFUL,2024-10-15 09:43:47.000,Central|Winneba,1020.49,GHS,AGENT
ORMT-00008934,OR-C000368,2,SUCCESSFUL,2024-10-13 11:27:00.000,Central|Winneba,1030.43,GHS,API
ORMT-00008935,OR-C000368,4,SUCCESSFUL,2024-10-11 08:05:33.000,Central|Winneba,701.49,GHS,API
ORMT-00008936,OR-C000368,8,SUCCESSFUL,2024-12-13 11:21:29.000,Central|Winneba,181.6,GHS,AGENT
ORMT-00008937,OR-C000368,2,SUCCESSFUL,2024-12-01 12:04:23.000,Central|Winneba,380.81,GHS,AGENT
ORMT-00008938,OR-C000368,2,SUCCESSFUL,2024-12-11 11:43:08.000,Central|Winneba,406.95,GHS,API
ORMT-00008939,OR-C000368,1,SUCCESSFUL,2024-12-28 12:22:56.000,Central|Winneba,287.92,GHS,THIRD_PARTY
ORMT-00008977,OR-C000369,4,SUCCESSFUL,2024-12-26 08:43:37.000,Ashanti|Obuasi,372.44,GHS,API
ORMT-00008992,OR-C000370,1,SUCCESSFUL,2024-11-23 14:14:59.000,Bono East|Kintampo,1575.25,GHS,WEB
ORMT-00008993,OR-C000370,1,SUCCESSFUL,2024-12-28 18:42:36.000,Bono East|Kintampo,563.95,GHS,MOBILE_APP
ORMT-00009040,OR-C000372,5,SUCCESSFUL,2024-10-23 21:49:26.000,Ashanti|Ejisu,1098.23,GHS,THIRD_PARTY
ORMT-00009041,OR-C000372,1,SUCCESSFUL,2024-10-21 18:11:47.000,Ashanti|Ejisu,470.61,GHS,AGENT
ORMT-00009042,OR-C000372,9,SUCCESSFUL,2024-10-06 14:40:22.000,Ashanti|Ejisu,725.98,GHS,AGENT
ORMT-00009043,OR-C000372,5,SUCCESSFUL,2024-12-20 08:22:24.000,Ashanti|Ejisu,1032.23,GHS,AGENT
ORMT-00009058,OR-C000373,1,SUCCESSFUL,2024-11-30 15:17:15.000,Eastern|Koforidua,753.84,GHS,AGENT
ORMT-00009059,OR-C000373,1,SUCCESSFUL,2024-12-14 09:06:49.000,Eastern|Koforidua,1003.94,GHS,MOBILE_APP
ORMT-00009060,OR-C000373,3,SUCCESSFUL,2024-12-14 21:15:11.000,Eastern|Koforidua,560.17,GHS,WEB
ORMT-00009061,OR-C000373,2,SUCCESSFUL,2024-12-29 08:39:39.000,Eastern|Koforidua,4574.3,GHS,MOBILE_APP
ORMT-00009098,OR-C000374,3,SUCCESSFUL,2024-10-07 14:03:07.000,Ashanti|Kumasi,1305.66,GHS,API
ORMT-00009099,OR-C000374,8,SUCCESSFUL,2024-11-30 20:08:42.000,Ashanti|Kumasi,603.17,GHS,AGENT
ORMT-00009100,OR-C000374,1,SUCCESSFUL,2024-12-11 10:48:44.000,Ashanti|Kumasi,933.12,GHS,API
ORMT-00009115,OR-C000375,3,SUCCESSFUL,2024-12-17 13:40:43.000,Greater Accra|Madina,929.32,GHS,MOBILE_APP
ORMT-00009154,OR-C000378,1,SUCCESSFUL,2024-10-26 18:37:28.000,Greater Accra|Tema,916.03,GHS,MOBILE_APP
ORMT-00009155,OR-C000378,1,SUCCESSFUL,2024-11-29 11:51:54.000,Greater Accra|Tema,1219.91,GHS,MOBILE_APP
ORMT-00009156,OR-C000378,5,SUCCESSFUL,2024-11-08 16:46:43.000,Greater Accra|Tema,599.67,GHS,AGENT
ORMT-00009157,OR-C000378,7,SUCCESSFUL,2024-12-09 09:34:28.000,Greater Accra|Tema,958.43,GHS,AGENT
ORMT-00009158,OR-C000378,1,SUCCESSFUL,2024-12-21 08:59:49.000,Greater Accra|Tema,267.69,GHS,AGENT
ORMT-00009176,OR-C000379,7,SUCCESSFUL,2024-11-09 10:00:39.000,Northern|Savelugu,132.27,GHS,MOBILE_APP
ORMT-00009190,OR-C000380,3,SUCCESSFUL,2024-10-03 14:40:26.000,Greater Accra|Accra,1803.32,GHS,AGENT
ORMT-00009191,OR-C000380,9,SUCCESSFUL,2024-12-31 17:56:27.000,Greater Accra|Accra,165.88,GHS,API
ORMT-00009198,OR-C000381,6,SUCCESSFUL,2024-10-19 18:52:14.000,Greater Accra|Madina,885.91,GHS,AGENT
ORMT-00009199,OR-C000381,2,SUCCESSFUL,2024-11-11 18:19:48.000,Greater Accra|Madina,481.66,GHS,MOBILE_APP
ORMT-00009218,OR-C000382,3,SUCCESSFUL,2024-10-02 13:48:58.000,Eastern|Nkawkaw,622.98,GHS,MOBILE_APP
ORMT-00009219,OR-C000382,2,SUCCESSFUL,2024-12-27 19:43:36.000,Eastern|Nkawkaw,292.83,GHS,THIRD_PARTY
ORMT-00009220,OR-C000382,1,SUCCESSFUL,2024-12-05 13:09:32.000,Eastern|Nkawkaw,464.72,GHS,MOBILE_APP
ORMT-00009289,OR-C000383,4,SUCCESSFUL,2024-10-18 07:21:50.000,Northern|Yendi,263.12,GHS,WEB
ORMT-00009290,OR-C000383,5,SUCCESSFUL,2024-10-18 09:54:11.000,Northern|Yendi,249.5,GHS,AGENT
ORMT-00009291,OR-C000383,1,SUCCESSFUL,2024-10-27 21:56:55.000,Northern|Yendi,1231.87,GHS,MOBILE_APP
ORMT-00009292,OR-C000383,1,SUCCESSFUL,2024-11-18 16:25:14.000,Northern|Yendi,436.97,GHS,MOBILE_APP
ORMT-00009293,OR-C000383,4,SUCCESSFUL,2024-11-28 15:44:26.000,Northern|Yendi,1202.67,GHS,THIRD_PARTY
ORMT-00009294,OR-C000383,2,SUCCESSFUL,2024-11-18 21:24:47.000,Northern|Yendi,274.71,GHS,AGENT
ORMT-00009295,OR-C000383,2,SUCCESSFUL,2024-11-16 15:12:24.000,Northern|Yendi,426.61,GHS,AGENT
ORMT-00009296,OR-C000383,7,SUCCESSFUL,2024-11-15 11:10:50.000,Northern|Yendi,534.0,GHS,AGENT
ORMT-00009297,OR-C000383,1,SUCCESSFUL,2024-11-23 11:36:31.000,Northern|Yendi,599.68,GHS,WEB
ORMT-00009298,OR-C000383,1,SUCCESSFUL,2024-12-11 21:44:56.000,Northern|Yendi,1714.55,GHS,MOBILE_APP
ORMT-00009299,OR-C000383,2,SUCCESSFUL,2024-12-20 19:24:02.000,Northern|Yendi,163.4,GHS,AGENT
ORMT-00009300,OR-C000383,8,SUCCESSFUL,2024-12-22 08:15:49.000,Northern|Yendi,614.38,GHS,AGENT
ORMT-00009301,OR-C000383,7,SUCCESSFUL,2024-12-29 12:13:25.000,Northern|Yendi,152.17,GHS,AGENT
ORMT-00009302,OR-C000383,3,SUCCESSFUL,2024-12-28 16:25:12.000,Northern|Yendi,673.86,GHS,AGENT
ORMT-00009303,OR-C000383,2,SUCCESSFUL,2024-12-18 13:00:24.000,Northern|Yendi,848.33,GHS,AGENT
ORMT-00009394,OR-C000387,3,FAILED,2024-10-27 20:41:02.000,Bono East|Techiman,130.25,GHS,WEB
ORMT-00009395,OR-C000387,4,SUCCESSFUL,2024-10-05 10:02:43.000,Bono East|Techiman,334.54,GHS,WEB
ORMT-00009396,OR-C000387,5,SUCCESSFUL,2024-10-24 12:56:16.000,Bono East|Techiman,1074.76,GHS,AGENT
ORMT-00009397,OR-C000387,2,SUCCESSFUL,2024-11-11 19:37:44.000,Bono East|Techiman,1673.19,GHS,AGENT
ORMT-00009398,OR-C000387,10,SUCCESSFUL,2024-11-21 21:58:38.000,Bono East|Techiman,380.47,GHS,AGENT
ORMT-00009399,OR-C000387,1,SUCCESSFUL,2024-12-07 17:49:21.000,Bono East|Techiman,244.69,GHS,AGENT
ORMT-00009425,OR-C000388,2,SUCCESSFUL,2024-10-08 21:22:57.000,Volta|Hohoe,258.7,GHS,MOBILE_APP
ORMT-00009449,OR-C000389,8,SUCCESSFUL,2024-10-04 14:55:09.000,Greater Accra|Madina,1293.92,GHS,THIRD_PARTY
ORMT-00009450,OR-C000389,1,SUCCESSFUL,2024-10-28 19:05:53.000,Greater Accra|Madina,396.76,GHS,API
ORMT-00009451,OR-C000389,1,SUCCESSFUL,2024-10-22 21:08:01.000,Greater Accra|Madina,214.37,GHS,AGENT
ORMT-00009473,OR-C000390,1,SUCCESSFUL,2024-10-07 15:48:13.000,Ashanti|Kumasi,763.76,GHS,AGENT
ORMT-00009474,OR-C000390,5,SUCCESSFUL,2024-12-02 19:31:30.000,Ashanti|Kumasi,676.88,GHS,API
ORMT-00009478,OR-C000391,3,SUCCESSFUL,2024-11-01 19:36:30.000,Oti|Jasikan,573.71,GHS,AGENT
ORMT-00009486,OR-C000392,4,SUCCESSFUL,2024-10-15 10:53:18.000,Northern|Yendi,395.26,GHS,THIRD_PARTY
ORMT-00009487,OR-C000392,1,SUCCESSFUL,2024-11-09 11:44:28.000,Northern|Yendi,1940.17,GHS,MOBILE_APP
ORMT-00009488,OR-C000392,3,SUCCESSFUL,2024-11-05 11:12:59.000,Northern|Yendi,1558.86,GHS,AGENT
ORMT-00009529,OR-C000394,4,SUCCESSFUL,2024-10-24 14:24:17.000,Northern|Savelugu,257.83,GHS,WEB
ORMT-00009530,OR-C000394,1,SUCCESSFUL,2024-10-18 21:06:00.000,Northern|Savelugu,318.9,GHS,AGENT
ORMT-00009531,OR-C000394,1,SUCCESSFUL,2024-11-27 16:29:59.000,Northern|Savelugu,5658.44,GHS,AGENT
ORMT-00009532,OR-C000394,5,SUCCESSFUL,2024-11-29 18:52:14.000,Northern|Savelugu,862.08,GHS,API
ORMT-00009533,OR-C000394,9,SUCCESSFUL,2024-12-28 14:46:36.000,Northern|Savelugu,1423.87,GHS,MOBILE_APP
ORMT-00009534,OR-C000394,7,SUCCESSFUL,2024-12-01 16:21:44.000,Northern|Savelugu,359.5,GHS,AGENT
ORMT-00009558,OR-C000395,1,SUCCESSFUL,2024-12-20 17:24:51.000,Northern|Tamale,2888.63,GHS,AGENT
ORMT-00009559,OR-C000395,4,SUCCESSFUL,2024-12-27 15:55:46.000,Northern|Tamale,225.96,GHS,AGENT
ORMT-00009605,OR-C000396,2,SUCCESSFUL,2024-10-01 13:24:36.000,Greater Accra|Kasoa,534.86,GHS,AGENT
ORMT-00009606,OR-C000396,2,SUCCESSFUL,2024-10-02 18:52:41.000,Greater Accra|Kasoa,671.82,GHS,MOBILE_APP
ORMT-00009607,OR-C000396,1,SUCCESSFUL,2024-11-04 07:03:49.000,Greater Accra|Kasoa,802.86,GHS,THIRD_PARTY
ORMT-00009608,OR-C000396,1,SUCCESSFUL,2024-12-22 17:16:29.000,Greater Accra|Kasoa,1480.05,GHS,AGENT
ORMT-00009609,OR-C000396,4,FAILED,2024-12-12 20:46:13.000,Greater Accra|Kasoa,84.75,GHS,MOBILE_APP
ORMT-00009610,OR-C000396,1,SUCCESSFUL,2024-12-25 17:28:12.000,Greater Accra|Kasoa,1751.52,GHS,AGENT
ORMT-00009631,OR-C000397,4,SUCCESSFUL,2024-10-21 12:06:42.000,Greater Accra|Madina,3294.14,GHS,API
ORMT-00009632,OR-C000397,1,SUCCESSFUL,2024-12-28 21:02:25.000,Greater Accra|Madina,592.95,GHS,THIRD_PARTY
ORMT-00009652,OR-C000398,1,SUCCESSFUL,2024-10-04 11:48:39.000,Greater Accra|Madina,304.82,GHS,API
ORMT-00009665,OR-C000399,1,SUCCESSFUL,2024-10-27 07:24:20.000,Upper East|Navrongo,1083.65,GHS,THIRD_PARTY
ORMT-00009666,OR-C000399,10,SUCCESSFUL,2024-10-24 12:37:02.000,Upper East|Navrongo,461.08,GHS,AGENT
ORMT-00009667,OR-C000399,2,SUCCESSFUL,2024-11-15 17:17:07.000,Upper East|Navrongo,562.31,GHS,WEB
ORMT-00009668,OR-C000399,8,SUCCESSFUL,2024-12-20 16:45:13.000,Upper East|Navrongo,1287.12,GHS,AGENT
ORMT-00009669,OR-C000399,1,SUCCESSFUL,2024-12-28 18:51:14.000,Upper East|Navrongo,1264.77,GHS,AGENT
ORMT-00009694,OR-C000401,10,SUCCESSFUL,2024-10-23 10:05:14.000,Western|Takoradi,1004.62,GHS,AGENT
ORMT-00009695,OR-C000401,2,SUCCESSFUL,2024-10-26 08:05:06.000,Western|Takoradi,1936.6,GHS,API
ORMT-00009696,OR-C000401,1,SUCCESSFUL,2024-10-11 16:57:07.000,Western|Takoradi,681.16,GHS,MOBILE_APP
ORMT-00009697,OR-C000401,1,SUCCESSFUL,2024-10-02 18:53:44.000,Western|Takoradi,172.4,GHS,MOBILE_APP
ORMT-00009698,OR-C000401,8,SUCCESSFUL,2024-12-14 09:46:31.000,Western|Takoradi,180.97,GHS,WEB
ORMT-00009699,OR-C000401,3,SUCCESSFUL,2024-12-13 10:25:50.000,Western|Takoradi,173.84,GHS,MOBILE_APP
ORMT-00009744,OR-C000405,2,SUCCESSFUL,2024-11-08 18:54:43.000,Western|Axim,2612.91,GHS,WEB
ORMT-00009779,OR-C000406,5,SUCCESSFUL,2024-11-01 19:14:36.000,Greater Accra|Accra,2438.41,GHS,AGENT
ORMT-00009780,OR-C000406,5,SUCCESSFUL,2024-11-18 12:16:59.000,Greater Accra|Accra,804.17,GHS,AGENT
ORMT-00009781,OR-C000406,2,SUCCESSFUL,2024-11-29 18:39:13.000,Greater Accra|Accra,677.58,GHS,AGENT
ORMT-00009782,OR-C000406,6,SUCCESSFUL,2024-12-09 14:02:51.000,Greater Accra|Accra,52.35,GHS,MOBILE_APP
ORMT-00009783,OR-C000406,6,SUCCESSFUL,2024-12-08 21:14:15.000,Greater Accra|Accra,3588.74,GHS,AGENT
ORMT-00009784,OR-C000406,1,SUCCESSFUL,2024-12-24 20:26:17.000,Greater Accra|Accra,563.4,GHS,MOBILE_APP
ORMT-00009785,OR-C000406,1,SUCCESSFUL,2024-12-20 09:19:47.000,Greater Accra|Accra,487.45,GHS,MOBILE_APP
ORMT-00009822,OR-C000407,2,SUCCESSFUL,2024-10-31 20:42:00.000,Greater Accra|Madina,819.88,GHS,API
ORMT-00009823,OR-C000407,3,SUCCESSFUL,2024-11-21 13:57:38.000,Greater Accra|Madina,117.13,GHS,AGENT
ORMT-00009824,OR-C000407,2,SUCCESSFUL,2024-12-10 15:47:10.000,Greater Accra|Madina,1270.36,GHS,MOBILE_APP
ORMT-00009825,OR-C000407,5,FAILED,2024-12-21 18:24:38.000,Greater Accra|Madina,1304.45,GHS,AGENT
ORMT-00009826,OR-C000407,5,SUCCESSFUL,2024-12-14 14:57:53.000,Greater Accra|Madina,586.52,GHS,MOBILE_APP
ORMT-00009827,OR-C000407,1,SUCCESSFUL,2024-12-25 17:27:48.000,Greater Accra|Madina,217.44,GHS,THIRD_PARTY
ORMT-00009871,OR-C000410,2,SUCCESSFUL,2024-10-30 21:58:16.000,Central|Elmina,96.44,GHS,THIRD_PARTY
ORMT-00009891,OR-C000411,7,SUCCESSFUL,2024-10-30 07:08:15.000,Greater Accra|Tema,207.68,GHS,AGENT
ORMT-00009892,OR-C000411,2,SUCCESSFUL,2024-10-22 07:41:59.000,Greater Accra|Tema,1776.67,GHS,MOBILE_APP
ORMT-00009893,OR-C000411,1,SUCCESSFUL,2024-10-15 16:11:39.000,Greater Accra|Tema,933.55,GHS,MOBILE_APP
ORMT-00009894,OR-C000411,4,SUCCESSFUL,2024-11-01 19:37:03.000,Greater Accra|Tema,532.9,GHS,AGENT
ORMT-00009895,OR-C000411,4,SUCCESSFUL,2024-11-12 09:22:22.000,Greater Accra|Tema,1653.46,GHS,MOBILE_APP
ORMT-00009896,OR-C000411,1,SUCCESSFUL,2024-12-17 17:05:38.000,Greater Accra|Tema,1441.33,GHS,MOBILE_APP
ORMT-00009897,OR-C000411,3,SUCCESSFUL,2024-12-29 21:44:35.000,Greater Accra|Tema,1154.62,GHS,AGENT
ORMT-00009923,OR-C000412,3,SUCCESSFUL,2024-11-14 19:41:24.000,Greater Accra|Accra,249.48,GHS,MOBILE_APP
ORMT-00009924,OR-C000412,2,SUCCESSFUL,2024-12-27 13:38:52.000,Greater Accra|Accra,924.67,GHS,AGENT
ORMT-00009925,OR-C000412,4,SUCCESSFUL,2024-12-08 07:04:47.000,Greater Accra|Accra,436.51,GHS,API
ORMT-00009941,OR-C000413,9,SUCCESSFUL,2024-10-23 07:37:50.000,Northern|Savelugu,1173.8,GHS,AGENT
ORMT-00009942,OR-C000413,1,SUCCESSFUL,2024-10-02 13:53:06.000,Northern|Savelugu,567.37,GHS,AGENT
ORMT-00009943,OR-C000413,7,SUCCESSFUL,2024-10-31 07:45:01.000,Northern|Savelugu,488.21,GHS,AGENT
ORMT-00009944,OR-C000413,7,SUCCESSFUL,2024-10-26 11:26:44.000,Northern|Savelugu,1044.44,GHS,AGENT
ORMT-00009945,OR-C000413,2,SUCCESSFUL,2024-10-14 20:54:59.000,Northern|Savelugu,171.05,GHS,API
ORMT-00009946,OR-C000413,8,SUCCESSFUL,2024-10-29 20:09:12.000,Northern|Savelugu,1353.2,GHS,AGENT
ORMT-00009947,OR-C000413,2,SUCCESSFUL,2024-10-21 20:20:28.000,Northern|Savelugu,356.69,GHS,THIRD_PARTY
ORMT-00009948,OR-C000413,3,SUCCESSFUL,2024-11-22 10:51:52.000,Northern|Savelugu,757.33,GHS,THIRD_PARTY
ORMT-00009949,OR-C000413,1,SUCCESSFUL,2024-11-28 17:25:14.000,Northern|Savelugu,818.13,GHS,THIRD_PARTY
ORMT-00009950,OR-C000413,1,REJECTED,2024-12-20 10:24:48.000,Northern|Savelugu,445.43,GHS,MOBILE_APP
ORMT-00009951,OR-C000413,9,SUCCESSFUL,2024-12-17 16:20:49.000,Northern|Savelugu,614.37,GHS,WEB
ORMT-00009952,OR-C000413,1,SUCCESSFUL,2024-12-09 15:54:45.000,Northern|Savelugu,610.46,GHS,AGENT
ORMT-00009953,OR-C000413,4,SUCCESSFUL,2024-12-18 15:32:58.000,Northern|Savelugu,1759.43,GHS,AGENT
ORMT-00009954,OR-C000413,2,SUCCESSFUL,2024-12-27 12:46:12.000,Northern|Savelugu,1230.28,GHS,MOBILE_APP
ORMT-00010057,OR-C000414,10,SUCCESSFUL,2024-10-02 10:38:02.000,Greater Accra|Madina,6440.07,GHS,AGENT
ORMT-00010058,OR-C000414,7,SUCCESSFUL,2024-10-10 12:28:39.000,Greater Accra|Madina,1093.61,GHS,AGENT
ORMT-00010059,OR-C000414,1,SUCCESSFUL,2024-10-17 15:50:39.000,Greater Accra|Madina,374.82,GHS,THIRD_PARTY
ORMT-00010060,OR-C000414,5,SUCCESSFUL,2024-11-24 13:17:23.000,Greater Accra|Madina,1986.46,GHS,AGENT
ORMT-00010061,OR-C000414,2,SUCCESSFUL,2024-11-11 09:51:09.000,Greater Accra|Madina,417.12,GHS,AGENT
ORMT-00010062,OR-C000414,7,SUCCESSFUL,2024-11-26 08:04:59.000,Greater Accra|Madina,490.19,GHS,MOBILE_APP
ORMT-00010063,OR-C000414,3,SUCCESSFUL,2024-11-29 10:29:57.000,Greater Accra|Madina,894.9,GHS,AGENT
ORMT-00010064,OR-C000414,3,SUCCESSFUL,2024-11-08 21:58:19.000,Greater Accra|Madina,701.94,GHS,WEB
ORMT-00010065,OR-C000414,2,SUCCESSFUL,2024-11-04 08:24:56.000,Greater Accra|Madina,261.52,GHS,API
ORMT-00010066,OR-C000414,6,SUCCESSFUL,2024-11-19 15:59:22.000,Greater Accra|Madina,1432.04,GHS,AGENT
ORMT-00010067,OR-C000414,4,SUCCESSFUL,2024-11-29 10:55:31.000,Greater Accra|Madina,712.56,GHS,THIRD_PARTY
ORMT-00010068,OR-C000414,2,SUCCESSFUL,2024-12-23 08:38:04.000,Greater Accra|Madina,435.36,GHS,AGENT
ORMT-00010069,OR-C000414,7,SUCCESSFUL,2024-12-25 12:37:23.000,Greater Accra|Madina,491.23,GHS,THIRD_PARTY
ORMT-00010070,OR-C000414,4,SUCCESSFUL,2024-12-30 10:09:09.000,Greater Accra|Madina,117.64,GHS,THIRD_PARTY
ORMT-00010071,OR-C000414,1,SUCCESSFUL,2024-12-08 16:14:18.000,Greater Accra|Madina,1255.08,GHS,THIRD_PARTY
ORMT-00010072,OR-C000414,5,FAILED,2024-12-16 18:55:21.000,Greater Accra|Madina,145.55,GHS,AGENT
ORMT-00010073,OR-C000414,4,SUCCESSFUL,2024-12-05 07:33:31.000,Greater Accra|Madina,471.12,GHS,AGENT
ORMT-00010074,OR-C000414,8,REJECTED,2024-12-30 07:50:10.000,Greater Accra|Madina,472.9,GHS,THIRD_PARTY
ORMT-00010075,OR-C000414,1,SUCCESSFUL,2024-12-12 07:41:26.000,Greater Accra|Madina,863.55,GHS,WEB
ORMT-00010148,OR-C000415,2,SUCCESSFUL,2024-10-01 13:06:18.000,Western|Axim,201.95,GHS,MOBILE_APP
ORMT-00010149,OR-C000415,3,SUCCESSFUL,2024-10-03 13:41:08.000,Western|Axim,315.21,GHS,AGENT
ORMT-00010150,OR-C000415,4,SUCCESSFUL,2024-10-27 12:42:01.000,Western|Axim,105.2,GHS,AGENT
ORMT-00010151,OR-C000415,4,SUCCESSFUL,2024-10-08 11:40:22.000,Western|Axim,1958.45,GHS,AGENT
ORMT-00010152,OR-C000415,4,SUCCESSFUL,2024-11-15 20:53:59.000,Western|Axim,1530.66,GHS,AGENT
ORMT-00010153,OR-C000415,4,SUCCESSFUL,2024-11-24 07:52:04.000,Western|Axim,220.97,GHS,AGENT
ORMT-00010154,OR-C000415,1,SUCCESSFUL,2024-11-03 17:33:12.000,Western|Axim,338.86,GHS,THIRD_PARTY
ORMT-00010155,OR-C000415,3,SUCCESSFUL,2024-11-03 09:14:56.000,Western|Axim,791.94,GHS,WEB
ORMT-00010156,OR-C000415,1,SUCCESSFUL,2024-11-08 12:14:15.000,Western|Axim,861.36,GHS,AGENT
ORMT-00010157,OR-C000415,1,SUCCESSFUL,2024-11-26 08:03:37.000,Western|Axim,856.26,GHS,THIRD_PARTY
ORMT-00010158,OR-C000415,2,SUCCESSFUL,2024-12-04 15:09:18.000,Western|Axim,164.16,GHS,AGENT
ORMT-00010159,OR-C000415,6,SUCCESSFUL,2024-12-08 15:32:03.000,Western|Axim,1101.67,GHS,API
ORMT-00010160,OR-C000415,1,SUCCESSFUL,2024-12-15 12:31:46.000,Western|Axim,219.09,GHS,AGENT
ORMT-00010161,OR-C000415,1,SUCCESSFUL,2024-12-22 11:54:55.000,Western|Axim,1507.75,GHS,MOBILE_APP
ORMT-00010162,OR-C000415,2,SUCCESSFUL,2024-12-17 09:41:52.000,Western|Axim,499.7,GHS,AGENT
ORMT-00010163,OR-C000415,1,SUCCESSFUL,2024-12-18 09:27:20.000,Western|Axim,178.24,GHS,MOBILE_APP
ORMT-00010164,OR-C000415,1,SUCCESSFUL,2024-12-31 13:51:24.000,Western|Axim,911.52,GHS,AGENT
ORMT-00010165,OR-C000415,1,SUCCESSFUL,2024-12-31 21:15:01.000,Western|Axim,245.93,GHS,THIRD_PARTY
ORMT-00010166,OR-C000415,3,FAILED,2024-12-20 20:10:44.000,Western|Axim,761.17,GHS,AGENT
ORMT-00010167,OR-C000415,6,SUCCESSFUL,2024-12-31 11:43:32.000,Western|Axim,72.92,GHS,API
ORMT-00010168,OR-C000415,1,SUCCESSFUL,2024-12-29 11:59:58.000,Western|Axim,303.31,GHS,AGENT
ORMT-00010216,OR-C000416,4,SUCCESSFUL,2024-11-20 15:12:00.000,Ashanti|Ejisu,1863.93,GHS,WEB
ORMT-00010217,OR-C000416,8,SUCCESSFUL,2024-12-01 13:46:47.000,Ashanti|Ejisu,740.82,GHS,THIRD_PARTY
ORMT-00010227,OR-C000418,1,SUCCESSFUL,2024-12-31 07:09:34.000,Central|Winneba,446.36,GHS,AGENT
ORMT-00010228,OR-C000418,2,SUCCESSFUL,2024-12-24 17:19:58.000,Central|Winneba,286.99,GHS,WEB
ORMT-00010229,OR-C000418,1,SUCCESSFUL,2024-12-31 15:44:34.000,Central|Winneba,236.64,GHS,AGENT
ORMT-00010230,OR-C000418,1,SUCCESSFUL,2024-12-30 08:39:29.000,Central|Winneba,883.2,GHS,THIRD_PARTY
ORMT-00010249,OR-C000419,1,SUCCESSFUL,2024-10-29 18:10:04.000,Greater Accra|Madina,1008.09,GHS,AGENT
ORMT-00010290,OR-C000420,5,SUCCESSFUL,2024-10-04 08:39:06.000,Oti|Dambai,1096.97,GHS,AGENT
ORMT-00010291,OR-C000420,1,SUCCESSFUL,2024-11-23 15:53:55.000,Oti|Dambai,84.73,GHS,THIRD_PARTY
ORMT-00010292,OR-C000420,5,SUCCESSFUL,2024-11-05 18:02:53.000,Oti|Dambai,94.51,GHS,THIRD_PARTY
ORMT-00010293,OR-C000420,3,SUCCESSFUL,2024-12-21 07:35:09.000,Oti|Dambai,1911.33,GHS,AGENT
ORMT-00010294,OR-C000420,4,SUCCESSFUL,2024-12-05 09:27:09.000,Oti|Dambai,8121.54,GHS,AGENT
ORMT-00010328,OR-C000421,4,SUCCESSFUL,2024-11-14 15:39:46.000,Greater Accra|Tema,5562.78,GHS,AGENT
ORMT-00010329,OR-C000421,1,SUCCESSFUL,2024-11-27 14:44:47.000,Greater Accra|Tema,655.82,GHS,WEB
ORMT-00010330,OR-C000421,2,SUCCESSFUL,2024-12-04 15:48:41.000,Greater Accra|Tema,712.87,GHS,AGENT
ORMT-00010331,OR-C000421,2,SUCCESSFUL,2024-12-24 17:05:10.000,Greater Accra|Tema,316.37,GHS,AGENT
ORMT-00010351,OR-C000422,4,SUCCESSFUL,2024-12-26 12:40:07.000,Greater Accra|Accra,541.96,GHS,AGENT
ORMT-00010390,OR-C000426,2,FAILED,2024-10-31 12:45:00.000,Greater Accra|Madina,2657.37,GHS,MOBILE_APP
ORMT-00010391,OR-C000426,1,SUCCESSFUL,2024-11-19 20:05:32.000,Greater Accra|Madina,667.98,GHS,THIRD_PARTY
ORMT-00010392,OR-C000426,1,SUCCESSFUL,2024-11-18 12:00:46.000,Greater Accra|Madina,313.57,GHS,WEB
ORMT-00010393,OR-C000426,7,SUCCESSFUL,2024-11-27 09:34:46.000,Greater Accra|Madina,713.72,GHS,AGENT
ORMT-00010394,OR-C000426,7,SUCCESSFUL,2024-12-16 18:23:03.000,Greater Accra|Madina,734.69,GHS,AGENT
ORMT-00010395,OR-C000426,4,REJECTED,2024-12-31 16:49:43.000,Greater Accra|Madina,346.47,GHS,AGENT
ORMT-00010396,OR-C000426,3,SUCCESSFUL,2024-12-26 07:09:23.000,Greater Accra|Madina,216.35,GHS,AGENT
ORMT-00010397,OR-C000426,3,SUCCESSFUL,2024-12-24 07:42:47.000,Greater Accra|Madina,934.62,GHS,MOBILE_APP
ORMT-00010398,OR-C000426,2,SUCCESSFUL,2024-12-19 12:18:04.000,Greater Accra|Madina,196.29,GHS,THIRD_PARTY
ORMT-00010419,OR-C000427,9,SUCCESSFUL,2024-12-17 09:58:09.000,Greater Accra|Tema,418.9,GHS,AGENT
ORMT-00010461,OR-C000429,9,SUCCESSFUL,2024-12-13 16:04:13.000,Northern|Savelugu,3537.37,GHS,THIRD_PARTY
ORMT-00010464,OR-C000430,9,SUCCESSFUL,2024-11-10 15:35:14.000,Greater Accra|Tema,3981.61,GHS,AGENT
ORMT-00010465,OR-C000430,6,SUCCESSFUL,2024-11-20 07:36:13.000,Greater Accra|Tema,572.28,GHS,THIRD_PARTY
ORMT-00010538,OR-C000432,6,SUCCESSFUL,2024-10-31 15:57:46.000,Upper West|Lawra,443.48,GHS,THIRD_PARTY
ORMT-00010539,OR-C000432,1,SUCCESSFUL,2024-12-11 10:46:18.000,Upper West|Lawra,497.83,GHS,MOBILE_APP
ORMT-00010543,OR-C000433,5,SUCCESSFUL,2024-10-02 12:30:41.000,Volta|Hohoe,271.42,GHS,AGENT
ORMT-00010556,OR-C000434,1,SUCCESSFUL,2024-12-09 21:02:46.000,Ashanti|Obuasi,582.45,GHS,AGENT
ORMT-00010561,OR-C000435,3,SUCCESSFUL,2024-10-11 07:45:24.000,Western|Axim,1336.3,GHS,API
ORMT-00010562,OR-C000435,10,SUCCESSFUL,2024-11-24 15:49:20.000,Western|Axim,332.4,GHS,MOBILE_APP
ORMT-00010636,OR-C000438,1,SUCCESSFUL,2024-10-06 18:15:37.000,Volta|Hohoe,587.23,GHS,MOBILE_APP
ORMT-00010637,OR-C000438,4,SUCCESSFUL,2024-11-09 19:09:15.000,Volta|Hohoe,1034.87,GHS,AGENT
ORMT-00010638,OR-C000438,3,SUCCESSFUL,2024-12-07 17:53:41.000,Volta|Hohoe,357.09,GHS,WEB
ORMT-00010686,OR-C000439,10,SUCCESSFUL,2024-10-12 12:15:27.000,Ashanti|Kumasi,666.61,GHS,AGENT
ORMT-00010687,OR-C000439,1,SUCCESSFUL,2024-10-28 20:54:14.000,Ashanti|Kumasi,225.3,GHS,WEB
ORMT-00010688,OR-C000439,9,SUCCESSFUL,2024-10-24 18:56:50.000,Ashanti|Kumasi,711.92,GHS,AGENT
ORMT-00010689,OR-C000439,3,SUCCESSFUL,2024-10-12 20:51:25.000,Ashanti|Kumasi,868.76,GHS,API
ORMT-00010690,OR-C000439,2,SUCCESSFUL,2024-10-29 13:23:40.000,Ashanti|Kumasi,1238.04,GHS,API
ORMT-00010691,OR-C000439,4,SUCCESSFUL,2024-10-30 07:12:46.000,Ashanti|Kumasi,440.43,GHS,AGENT
ORMT-00010692,OR-C000439,3,SUCCESSFUL,2024-11-19 13:48:42.000,Ashanti|Kumasi,330.66,GHS,WEB
ORMT-00010693,OR-C000439,2,SUCCESSFUL,2024-12-27 16:53:33.000,Ashanti|Kumasi,303.66,GHS,AGENT
ORMT-00010694,OR-C000439,2,SUCCESSFUL,2024-12-15 11:47:24.000,Ashanti|Kumasi,1116.84,GHS,WEB
ORMT-00010695,OR-C000439,1,SUCCESSFUL,2024-12-29 09:30:10.000,Ashanti|Kumasi,215.07,GHS,MOBILE_APP
ORMT-00010696,OR-C000439,3,SUCCESSFUL,2024-12-31 09:48:02.000,Ashanti|Kumasi,111.11,GHS,AGENT
ORMT-00010697,OR-C000439,7,SUCCESSFUL,2024-12-14 10:10:55.000,Ashanti|Kumasi,201.14,GHS,API
ORMT-00010736,OR-C000440,1,SUCCESSFUL,2024-12-14 10:21:47.000,Central|Elmina,1192.28,GHS,AGENT
ORMT-00010764,OR-C000441,4,SUCCESSFUL,2024-11-14 20:39:45.000,Bono East|Techiman,529.75,GHS,API
ORMT-00010765,OR-C000441,1,SUCCESSFUL,2024-12-10 11:57:43.000,Bono East|Techiman,1918.4,GHS,WEB
ORMT-00010780,OR-C000442,7,SUCCESSFUL,2024-10-15 08:54:11.000,Eastern|Akropong,1347.98,GHS,MOBILE_APP
ORMT-00010812,OR-C000443,9,SUCCESSFUL,2024-10-26 15:06:28.000,Greater Accra|Madina,227.51,GHS,MOBILE_APP
ORMT-00010813,OR-C000443,1,SUCCESSFUL,2024-10-11 16:33:03.000,Greater Accra|Madina,1253.29,GHS,AGENT
ORMT-00010814,OR-C000443,2,SUCCESSFUL,2024-12-15 17:33:05.000,Greater Accra|Madina,2068.7,GHS,THIRD_PARTY
ORMT-00010836,OR-C000444,3,SUCCESSFUL,2024-12-22 16:27:14.000,Bono East|Kintampo,773.54,GHS,WEB
ORMT-00010837,OR-C000444,7,SUCCESSFUL,2024-12-12 14:37:14.000,Bono East|Kintampo,1031.36,GHS,AGENT
ORMT-00010838,OR-C000444,3,SUCCESSFUL,2024-12-10 17:49:16.000,Bono East|Kintampo,322.87,GHS,AGENT
ORMT-00010839,OR-C000444,2,SUCCESSFUL,2024-12-20 10:50:18.000,Bono East|Kintampo,1536.23,GHS,THIRD_PARTY
ORMT-00010924,OR-C000447,1,SUCCESSFUL,2024-10-31 07:53:41.000,Ashanti|Kumasi,842.87,GHS,THIRD_PARTY
ORMT-00010925,OR-C000447,2,SUCCESSFUL,2024-10-30 14:32:48.000,Ashanti|Kumasi,624.86,GHS,MOBILE_APP
ORMT-00010926,OR-C000447,2,SUCCESSFUL,2024-11-11 08:09:58.000,Ashanti|Kumasi,700.07,GHS,API
ORMT-00010927,OR-C000447,6,SUCCESSFUL,2024-11-06 16:54:03.000,Ashanti|Kumasi,633.06,GHS,MOBILE_APP
ORMT-00010928,OR-C000447,2,SUCCESSFUL,2024-12-09 09:46:49.000,Ashanti|Kumasi,366.54,GHS,WEB
ORMT-00010929,OR-C000447,4,SUCCESSFUL,2024-12-15 16:20:34.000,Ashanti|Kumasi,114.01,GHS,MOBILE_APP
ORMT-00011048,OR-C000448,5,SUCCESSFUL,2024-10-01 15:12:53.000,Greater Accra|Accra,317.8,GHS,AGENT
ORMT-00011049,OR-C000448,7,SUCCESSFUL,2024-10-24 11:58:11.000,Greater Accra|Accra,1616.46,GHS,AGENT
ORMT-00011050,OR-C000448,10,SUCCESSFUL,2024-11-28 12:09:53.000,Greater Accra|Accra,852.68,GHS,THIRD_PARTY
ORMT-00011051,OR-C000448,1,SUCCESSFUL,2024-11-19 13:52:15.000,Greater Accra|Accra,579.32,GHS,API
ORMT-00011052,OR-C000448,3,SUCCESSFUL,2024-11-22 07:51:17.000,Greater Accra|Accra,1035.87,GHS,THIRD_PARTY
ORMT-00011053,OR-C000448,4,SUCCESSFUL,2024-11-04 18:35:04.000,Greater Accra|Accra,4061.61,GHS,MOBILE_APP
ORMT-00011054,OR-C000448,2,SUCCESSFUL,2024-11-26 09:18:33.000,Greater Accra|Accra,377.21,GHS,WEB
ORMT-00011055,OR-C000448,1,SUCCESSFUL,2024-11-20 21:11:37.000,Greater Accra|Accra,437.58,GHS,AGENT
ORMT-00011056,OR-C000448,4,SUCCESSFUL,2024-11-19 12:13:56.000,Greater Accra|Accra,196.77,GHS,THIRD_PARTY
ORMT-00011057,OR-C000448,2,SUCCESSFUL,2024-12-29 20:48:17.000,Greater Accra|Accra,229.71,GHS,MOBILE_APP
ORMT-00011058,OR-C000448,5,SUCCESSFUL,2024-12-25 16:40:47.000,Greater Accra|Accra,513.84,GHS,WEB
ORMT-00011059,OR-C000448,2,SUCCESSFUL,2024-12-04 19:49:15.000,Greater Accra|Accra,280.26,GHS,THIRD_PARTY
ORMT-00011060,OR-C000448,4,SUCCESSFUL,2024-12-10 17:17:51.000,Greater Accra|Accra,7520.16,GHS,AGENT
ORMT-00011061,OR-C000448,4,SUCCESSFUL,2024-12-22 19:21:47.000,Greater Accra|Accra,1941.85,GHS,AGENT
ORMT-00011062,OR-C000448,1,SUCCESSFUL,2024-12-05 18:57:01.000,Greater Accra|Accra,516.09,GHS,THIRD_PARTY
ORMT-00011063,OR-C000448,3,SUCCESSFUL,2024-12-17 13:51:17.000,Greater Accra|Accra,184.63,GHS,AGENT
ORMT-00011064,OR-C000448,2,SUCCESSFUL,2024-12-21 09:49:04.000,Greater Accra|Accra,572.56,GHS,AGENT
ORMT-00011109,OR-C000449,7,SUCCESSFUL,2024-10-20 17:04:32.000,Ashanti|Kumasi,554.43,GHS,AGENT
ORMT-00011110,OR-C000449,1,SUCCESSFUL,2024-10-19 08:50:11.000,Ashanti|Kumasi,1823.49,GHS,THIRD_PARTY
ORMT-00011111,OR-C000449,4,SUCCESSFUL,2024-12-28 15:38:11.000,Ashanti|Kumasi,315.28,GHS,THIRD_PARTY
ORMT-00011145,OR-C000451,1,SUCCESSFUL,2024-10-25 18:46:02.000,Greater Accra|Tema,549.42,GHS,THIRD_PARTY
ORMT-00011146,OR-C000451,10,SUCCESSFUL,2024-10-03 07:36:09.000,Greater Accra|Tema,1283.55,GHS,THIRD_PARTY
ORMT-00011147,OR-C000451,3,SUCCESSFUL,2024-10-03 13:47:39.000,Greater Accra|Tema,232.8,GHS,AGENT
ORMT-00011148,OR-C000451,2,SUCCESSFUL,2024-11-02 12:12:17.000,Greater Accra|Tema,1134.77,GHS,AGENT
ORMT-00011149,OR-C000451,4,SUCCESSFUL,2024-11-02 17:10:26.000,Greater Accra|Tema,4562.44,GHS,API
ORMT-00011150,OR-C000451,2,SUCCESSFUL,2024-11-05 14:55:29.000,Greater Accra|Tema,481.23,GHS,AGENT
ORMT-00011151,OR-C000451,1,SUCCESSFUL,2024-11-28 16:27:49.000,Greater Accra|Tema,487.04,GHS,WEB
ORMT-00011152,OR-C000451,3,SUCCESSFUL,2024-12-15 11:05:17.000,Greater Accra|Tema,636.24,GHS,MOBILE_APP
ORMT-00011153,OR-C000451,4,SUCCESSFUL,2024-12-21 11:52:29.000,Greater Accra|Tema,1570.49,GHS,WEB
ORMT-00011154,OR-C000451,5,SUCCESSFUL,2024-12-16 10:19:14.000,Greater Accra|Tema,918.75,GHS,THIRD_PARTY
ORMT-00011155,OR-C000451,5,SUCCESSFUL,2024-12-16 20:48:24.000,Greater Accra|Tema,1443.4,GHS,AGENT
ORMT-00011156,OR-C000451,8,SUCCESSFUL,2024-12-18 12:46:16.000,Greater Accra|Tema,814.44,GHS,API
ORMT-00011157,OR-C000451,2,SUCCESSFUL,2024-12-06 12:59:27.000,Greater Accra|Tema,346.3,GHS,MOBILE_APP
ORMT-00011158,OR-C000451,4,SUCCESSFUL,2024-12-12 08:10:17.000,Greater Accra|Tema,653.97,GHS,AGENT
ORMT-00011218,OR-C000452,8,SUCCESSFUL,2024-11-21 21:03:59.000,Central|Winneba,285.85,GHS,MOBILE_APP
ORMT-00011219,OR-C000452,7,SUCCESSFUL,2024-12-31 09:57:29.000,Central|Winneba,1617.38,GHS,THIRD_PARTY
ORMT-00011230,OR-C000453,1,SUCCESSFUL,2024-10-06 17:44:33.000,Upper West|Lawra,662.38,GHS,WEB
ORMT-00011231,OR-C000453,4,FAILED,2024-12-17 21:26:07.000,Upper West|Lawra,2179.79,GHS,THIRD_PARTY
ORMT-00011240,OR-C000454,2,SUCCESSFUL,2024-10-18 08:17:25.000,Greater Accra|Madina,807.93,GHS,WEB
ORMT-00011241,OR-C000454,1,SUCCESSFUL,2024-12-28 10:41:33.000,Greater Accra|Madina,250.56,GHS,AGENT
ORMT-00011265,OR-C000456,10,SUCCESSFUL,2024-10-16 07:28:49.000,Northern|Savelugu,407.31,GHS,AGENT
ORMT-00011266,OR-C000456,4,SUCCESSFUL,2024-12-24 21:27:20.000,Northern|Savelugu,509.15,GHS,MOBILE_APP
ORMT-00011267,OR-C000456,2,SUCCESSFUL,2024-12-31 17:09:09.000,Northern|Savelugu,489.34,GHS,AGENT
ORMT-00011268,OR-C000456,2,SUCCESSFUL,2024-12-22 07:31:18.000,Northern|Savelugu,1446.29,GHS,API
ORMT-00011269,OR-C000456,4,SUCCESSFUL,2024-12-05 16:33:17.000,Northern|Savelugu,815.47,GHS,THIRD_PARTY
ORMT-00011270,OR-C000456,1,SUCCESSFUL,2024-12-22 15:02:27.000,Northern|Savelugu,5951.93,GHS,AGENT
ORMT-00011344,OR-C000458,9,SUCCESSFUL,2024-10-08 21:46:29.000,Ashanti|Obuasi,657.76,GHS,MOBILE_APP
ORMT-00011345,OR-C000458,10,SUCCESSFUL,2024-10-29 09:36:28.000,Ashanti|Obuasi,838.59,GHS,THIRD_PARTY
ORMT-00011346,OR-C000458,1,SUCCESSFUL,2024-10-26 19:52:56.000,Ashanti|Obuasi,846.66,GHS,API
ORMT-00011347,OR-C000458,1,SUCCESSFUL,2024-10-11 16:47:48.000,Ashanti|Obuasi,403.78,GHS,AGENT
ORMT-00011348,OR-C000458,3,SUCCESSFUL,2024-10-29 14:54:47.000,Ashanti|Obuasi,109.16,GHS,AGENT
ORMT-00011349,OR-C000458,4,SUCCESSFUL,2024-11-24 15:20:58.000,Ashanti|Obuasi,685.21,GHS,MOBILE_APP
ORMT-00011350,OR-C000458,1,SUCCESSFUL,2024-11-26 12:11:49.000,Ashanti|Obuasi,718.54,GHS,MOBILE_APP
ORMT-00011351,OR-C000458,1,SUCCESSFUL,2024-12-27 10:27:57.000,Ashanti|Obuasi,1421.27,GHS,AGENT
ORMT-00011352,OR-C000458,2,SUCCESSFUL,2024-12-12 19:21:03.000,Ashanti|Obuasi,532.14,GHS,AGENT
ORMT-00011353,OR-C000458,4,SUCCESSFUL,2024-12-16 14:37:29.000,Ashanti|Obuasi,160.91,GHS,AGENT
ORMT-00011354,OR-C000458,1,SUCCESSFUL,2024-12-30 16:17:02.000,Ashanti|Obuasi,401.33,GHS,MOBILE_APP
ORMT-00011355,OR-C000458,3,SUCCESSFUL,2024-12-11 08:32:12.000,Ashanti|Obuasi,109.3,GHS,AGENT
ORMT-00011414,OR-C000459,7,SUCCESSFUL,2024-10-15 18:31:54.000,Bono|Sunyani,832.62,GHS,MOBILE_APP
ORMT-00011415,OR-C000459,8,SUCCESSFUL,2024-10-31 13:22:15.000,Bono|Sunyani,2040.51,GHS,MOBILE_APP
ORMT-00011416,OR-C000459,1,SUCCESSFUL,2024-12-03 21:11:01.000,Bono|Sunyani,1944.66,GHS,THIRD_PARTY
ORMT-00011417,OR-C000459,4,SUCCESSFUL,2024-12-22 09:13:53.000,Bono|Sunyani,752.21,GHS,AGENT
ORMT-00011418,OR-C000459,1,SUCCESSFUL,2024-12-09 13:00:49.000,Bono|Sunyani,509.45,GHS,AGENT
ORMT-00011419,OR-C000459,3,REJECTED,2024-12-12 12:26:01.000,Bono|Sunyani,1015.59,GHS,AGENT
ORMT-00011420,OR-C000459,1,SUCCESSFUL,2024-12-11 11:10:25.000,Bono|Sunyani,481.69,GHS,MOBILE_APP
ORMT-00011421,OR-C000459,3,SUCCESSFUL,2024-12-28 10:31:57.000,Bono|Sunyani,582.88,GHS,AGENT
ORMT-00011422,OR-C000459,1,SUCCESSFUL,2024-12-24 10:11:55.000,Bono|Sunyani,1662.11,GHS,AGENT
ORMT-00011452,OR-C000460,2,SUCCESSFUL,2024-10-29 16:24:08.000,Northern|Yendi,374.59,GHS,AGENT
ORMT-00011453,OR-C000460,5,SUCCESSFUL,2024-10-25 14:32:46.000,Northern|Yendi,345.31,GHS,MOBILE_APP
ORMT-00011454,OR-C000460,2,SUCCESSFUL,2024-12-30 11:55:36.000,Northern|Yendi,1215.85,GHS,MOBILE_APP
ORMT-00011458,OR-C000461,6,SUCCESSFUL,2024-11-29 19:01:22.000,Volta|Hohoe,254.96,GHS,AGENT
ORMT-00011459,OR-C000461,6,SUCCESSFUL,2024-11-25 09:40:11.000,Volta|Hohoe,1123.64,GHS,API
ORMT-00011460,OR-C000461,8,SUCCESSFUL,2024-12-28 10:34:48.000,Volta|Hohoe,1716.67,GHS,AGENT
ORMT-00011483,OR-C000464,1,FAILED,2024-11-13 17:04:55.000,Central|Elmina,1339.68,GHS,WEB
ORMT-00011484,OR-C000464,2,SUCCESSFUL,2024-12-18 15:33:22.000,Central|Elmina,576.62,GHS,AGENT
ORMT-00011503,OR-C000465,1,SUCCESSFUL,2024-11-04 13:43:58.000,Bono|Berekum,792.14,GHS,WEB
ORMT-00011504,OR-C000465,2,SUCCESSFUL,2024-11-06 10:46:16.000,Bono|Berekum,627.35,GHS,MOBILE_APP
ORMT-00011505,OR-C000465,3,SUCCESSFUL,2024-12-18 17:05:56.000,Bono|Berekum,638.75,GHS,AGENT
ORMT-00011506,OR-C000465,5,SUCCESSFUL,2024-12-20 19:26:19.000,Bono|Berekum,221.68,GHS,THIRD_PARTY
ORMT-00011515,OR-C000466,2,FAILED,2024-12-21 15:09:54.000,Northern|Savelugu,681.18,GHS,API
ORMT-00011526,OR-C000467,1,SUCCESSFUL,2024-10-05 19:59:15.000,Bono East|Kintampo,585.74,GHS,WEB
ORMT-00011527,OR-C000467,1,SUCCESSFUL,2024-12-26 12:57:06.000,Bono East|Kintampo,1493.52,GHS,AGENT
ORMT-00011533,OR-C000468,1,SUCCESSFUL,2024-10-26 07:19:25.000,Oti|Dambai,671.79,GHS,THIRD_PARTY
ORMT-00011555,OR-C000469,1,SUCCESSFUL,2024-12-19 12:02:18.000,Central|Cape Coast,2738.52,GHS,API
ORMT-00011565,OR-C000470,1,SUCCESSFUL,2024-12-25 12:19:06.000,Greater Accra|Tema,1095.76,GHS,MOBILE_APP
ORMT-00011566,OR-C000470,3,SUCCESSFUL,2024-12-28 07:04:55.000,Greater Accra|Tema,751.95,GHS,MOBILE_APP
ORMT-00011567,OR-C000470,3,SUCCESSFUL,2024-12-31 16:14:32.000,Greater Accra|Tema,548.64,GHS,MOBILE_APP
ORMT-00011590,OR-C000471,2,SUCCESSFUL,2024-11-15 15:25:42.000,Greater Accra|Tema,1761.6,GHS,AGENT
ORMT-00011647,OR-C000473,2,SUCCESSFUL,2024-10-02 10:44:27.000,Northern|Savelugu,264.49,GHS,WEB
ORMT-00011648,OR-C000473,4,SUCCESSFUL,2024-11-20 15:01:41.000,Northern|Savelugu,527.01,GHS,THIRD_PARTY
ORMT-00011649,OR-C000473,1,SUCCESSFUL,2024-11-25 09:44:11.000,Northern|Savelugu,1092.18,GHS,AGENT
ORMT-00011650,OR-C000473,1,SUCCESSFUL,2024-11-17 12:34:07.000,Northern|Savelugu,552.08,GHS,WEB
ORMT-00011651,OR-C000473,8,SUCCESSFUL,2024-12-11 10:41:54.000,Northern|Savelugu,379.85,GHS,WEB
ORMT-00011695,OR-C000475,2,SUCCESSFUL,2024-10-18 09:48:37.000,Greater Accra|Kasoa,727.61,GHS,WEB
ORMT-00011696,OR-C000475,2,SUCCESSFUL,2024-10-23 12:00:28.000,Greater Accra|Kasoa,266.3,GHS,THIRD_PARTY
ORMT-00011697,OR-C000475,6,SUCCESSFUL,2024-10-21 11:12:08.000,Greater Accra|Kasoa,2165.54,GHS,AGENT
ORMT-00011698,OR-C000475,9,SUCCESSFUL,2024-10-17 15:41:44.000,Greater Accra|Kasoa,413.31,GHS,AGENT
ORMT-00011699,OR-C000475,7,SUCCESSFUL,2024-11-02 11:46:53.000,Greater Accra|Kasoa,312.31,GHS,AGENT
ORMT-00011700,OR-C000475,5,SUCCESSFUL,2024-12-21 16:01:29.000,Greater Accra|Kasoa,164.74,GHS,AGENT
ORMT-00011701,OR-C000475,3,SUCCESSFUL,2024-12-07 13:25:28.000,Greater Accra|Kasoa,2727.76,GHS,THIRD_PARTY
ORMT-00011702,OR-C000475,5,SUCCESSFUL,2024-12-07 08:47:51.000,Greater Accra|Kasoa,451.84,GHS,AGENT
ORMT-00011728,OR-C000476,10,SUCCESSFUL,2024-11-19 15:41:15.000,Ashanti|Kumasi,1661.21,GHS,AGENT
ORMT-00011729,OR-C000476,5,FAILED,2024-12-29 21:10:31.000,Ashanti|Kumasi,1541.08,GHS,THIRD_PARTY
ORMT-00011781,OR-C000477,4,SUCCESSFUL,2024-10-12 20:57:55.000,Upper East|Navrongo,1438.29,GHS,MOBILE_APP
ORMT-00011782,OR-C000477,1,SUCCESSFUL,2024-10-01 08:59:53.000,Upper East|Navrongo,1285.49,GHS,AGENT
ORMT-00011783,OR-C000477,2,SUCCESSFUL,2024-11-20 08:01:12.000,Upper East|Navrongo,2296.71,GHS,AGENT
ORMT-00011784,OR-C000477,2,SUCCESSFUL,2024-11-15 17:25:14.000,Upper East|Navrongo,1643.5,GHS,MOBILE_APP
ORMT-00011785,OR-C000477,10,SUCCESSFUL,2024-11-23 14:11:27.000,Upper East|Navrongo,220.76,GHS,AGENT
ORMT-00011786,OR-C000477,3,SUCCESSFUL,2024-11-26 07:27:08.000,Upper East|Navrongo,654.74,GHS,WEB
ORMT-00011787,OR-C000477,1,SUCCESSFUL,2024-11-14 13:18:21.000,Upper East|Navrongo,255.79,GHS,MOBILE_APP
ORMT-00011788,OR-C000477,1,SUCCESSFUL,2024-11-20 18:43:34.000,Upper East|Navrongo,588.81,GHS,THIRD_PARTY
ORMT-00011789,OR-C000477,4,SUCCESSFUL,2024-11-07 14:23:47.000,Upper East|Navrongo,3382.79,GHS,MOBILE_APP
ORMT-00011790,OR-C000477,1,SUCCESSFUL,2024-11-08 15:32:51.000,Upper East|Navrongo,345.41,GHS,WEB
ORMT-00011791,OR-C000477,7,SUCCESSFUL,2024-12-06 09:31:25.000,Upper East|Navrongo,522.88,GHS,API
ORMT-00011792,OR-C000477,8,SUCCESSFUL,2024-12-11 14:08:07.000,Upper East|Navrongo,666.49,GHS,AGENT
ORMT-00011793,OR-C000477,2,SUCCESSFUL,2024-12-06 12:35:18.000,Upper East|Navrongo,849.34,GHS,AGENT
ORMT-00011794,OR-C000477,10,SUCCESSFUL,2024-12-10 17:36:25.000,Upper East|Navrongo,722.32,GHS,MOBILE_APP
ORMT-00011795,OR-C000477,1,SUCCESSFUL,2024-12-18 15:43:50.000,Upper East|Navrongo,945.44,GHS,THIRD_PARTY
ORMT-00011796,OR-C000477,1,SUCCESSFUL,2024-12-19 13:12:24.000,Upper East|Navrongo,409.56,GHS,AGENT
ORMT-00011797,OR-C000477,6,SUCCESSFUL,2024-12-25 15:40:04.000,Upper East|Navrongo,239.9,GHS,MOBILE_APP
ORMT-00011798,OR-C000477,9,SUCCESSFUL,2024-12-23 12:21:32.000,Upper East|Navrongo,1063.97,GHS,WEB
ORMT-00011971,OR-C000478,8,SUCCESSFUL,2024-10-08 21:35:06.000,Greater Accra|Kasoa,337.08,GHS,API
ORMT-00011972,OR-C000478,4,SUCCESSFUL,2024-10-11 17:20:30.000,Greater Accra|Kasoa,1134.78,GHS,THIRD_PARTY
ORMT-00011973,OR-C000478,2,SUCCESSFUL,2024-10-06 21:06:24.000,Greater Accra|Kasoa,422.3,GHS,AGENT
ORMT-00011974,OR-C000478,2,SUCCESSFUL,2024-10-08 13:15:48.000,Greater Accra|Kasoa,2750.78,GHS,API
ORMT-00011975,OR-C000478,1,SUCCESSFUL,2024-10-24 16:15:09.000,Greater Accra|Kasoa,266.38,GHS,AGENT
ORMT-00011976,OR-C000478,2,SUCCESSFUL,2024-10-02 16:07:23.000,Greater Accra|Kasoa,453.53,GHS,AGENT
ORMT-00011977,OR-C000478,5,SUCCESSFUL,2024-11-09 11:37:26.000,Greater Accra|Kasoa,2678.77,GHS,THIRD_PARTY
ORMT-00011978,OR-C000478,4,SUCCESSFUL,2024-11-27 18:09:12.000,Greater Accra|Kasoa,668.48,GHS,AGENT
ORMT-00011979,OR-C000478,1,SUCCESSFUL,2024-11-29 07:35:06.000,Greater Accra|Kasoa,241.91,GHS,AGENT
ORMT-00011980,OR-C000478,3,SUCCESSFUL,2024-11-06 08:42:39.000,Greater Accra|Kasoa,445.98,GHS,AGENT
ORMT-00011981,OR-C000478,1,SUCCESSFUL,2024-11-12 18:43:37.000,Greater Accra|Kasoa,1966.54,GHS,API
ORMT-00011982,OR-C000478,7,SUCCESSFUL,2024-11-02 14:59:38.000,Greater Accra|Kasoa,1383.53,GHS,AGENT
ORMT-00011983,OR-C000478,1,SUCCESSFUL,2024-11-07 18:11:20.000,Greater Accra|Kasoa,384.41,GHS,AGENT
ORMT-00011984,OR-C000478,2,SUCCESSFUL,2024-12-09 12:01:25.000,Greater Accra|Kasoa,415.38,GHS,MOBILE_APP
ORMT-00011985,OR-C000478,1,SUCCESSFUL,2024-12-16 12:19:50.000,Greater Accra|Kasoa,1246.99,GHS,AGENT
ORMT-00011986,OR-C000478,5,SUCCESSFUL,2024-12-28 13:46:58.000,Greater Accra|Kasoa,1275.25,GHS,MOBILE_APP
ORMT-00011987,OR-C000478,1,SUCCESSFUL,2024-12-11 21:10:01.000,Greater Accra|Kasoa,2302.83,GHS,AGENT
ORMT-00011988,OR-C000478,4,SUCCESSFUL,2024-12-04 16:11:45.000,Greater Accra|Kasoa,337.97,GHS,THIRD_PARTY
ORMT-00011989,OR-C000478,5,SUCCESSFUL,2024-12-24 07:26:19.000,Greater Accra|Kasoa,411.52,GHS,API
ORMT-00011990,OR-C000478,1,SUCCESSFUL,2024-12-20 10:07:54.000,Greater Accra|Kasoa,201.89,GHS,AGENT
ORMT-00011991,OR-C000478,1,SUCCESSFUL,2024-12-04 21:30:10.000,Greater Accra|Kasoa,331.9,GHS,MOBILE_APP
ORMT-00012079,OR-C000480,7,SUCCESSFUL,2024-12-14 08:02:23.000,Northern|Tamale,419.83,GHS,AGENT
ORMT-00012080,OR-C000480,4,SUCCESSFUL,2024-12-25 19:33:56.000,Northern|Tamale,337.46,GHS,AGENT
ORMT-00012081,OR-C000480,3,SUCCESSFUL,2024-12-13 07:17:54.000,Northern|Tamale,245.75,GHS,THIRD_PARTY
ORMT-00012119,OR-C000481,2,SUCCESSFUL,2024-11-25 07:41:15.000,Greater Accra|Accra,185.55,GHS,AGENT
ORMT-00012175,OR-C000482,2,SUCCESSFUL,2024-10-29 12:12:01.000,Bono|Sunyani,122.08,GHS,MOBILE_APP
ORMT-00012176,OR-C000482,3,SUCCESSFUL,2024-10-14 21:52:37.000,Bono|Sunyani,246.44,GHS,MOBILE_APP
ORMT-00012177,OR-C000482,1,SUCCESSFUL,2024-10-08 15:06:04.000,Bono|Sunyani,1778.38,GHS,THIRD_PARTY
ORMT-00012178,OR-C000482,3,SUCCESSFUL,2024-10-17 07:46:18.000,Bono|Sunyani,1435.15,GHS,AGENT
ORMT-00012179,OR-C000482,2,SUCCESSFUL,2024-10-15 17:36:50.000,Bono|Sunyani,781.83,GHS,MOBILE_APP
ORMT-00012180,OR-C000482,3,SUCCESSFUL,2024-11-24 15:58:58.000,Bono|Sunyani,844.59,GHS,AGENT
ORMT-00012181,OR-C000482,1,SUCCESSFUL,2024-11-22 08:47:13.000,Bono|Sunyani,264.28,GHS,API
ORMT-00012182,OR-C000482,7,SUCCESSFUL,2024-11-22 16:05:40.000,Bono|Sunyani,370.84,GHS,MOBILE_APP
ORMT-00012183,OR-C000482,7,SUCCESSFUL,2024-11-30 11:18:01.000,Bono|Sunyani,1492.41,GHS,AGENT
ORMT-00012184,OR-C000482,6,SUCCESSFUL,2024-12-04 13:00:41.000,Bono|Sunyani,284.14,GHS,THIRD_PARTY
ORMT-00012185,OR-C000482,1,SUCCESSFUL,2024-12-22 11:54:06.000,Bono|Sunyani,994.57,GHS,AGENT
ORMT-00012224,OR-C000483,1,SUCCESSFUL,2024-10-17 11:06:41.000,Central|Cape Coast,1275.77,GHS,AGENT
ORMT-00012225,OR-C000483,1,FAILED,2024-11-10 18:40:27.000,Central|Cape Coast,419.74,GHS,WEB
ORMT-00012226,OR-C000483,6,SUCCESSFUL,2024-12-03 07:15:02.000,Central|Cape Coast,234.39,GHS,AGENT
ORMT-00012227,OR-C000483,1,SUCCESSFUL,2024-12-27 21:02:48.000,Central|Cape Coast,1394.36,GHS,AGENT
ORMT-00012242,OR-C000484,1,SUCCESSFUL,2024-11-02 09:52:06.000,Ashanti|Kumasi,333.84,GHS,AGENT
ORMT-00012243,OR-C000484,2,SUCCESSFUL,2024-12-14 12:23:54.000,Ashanti|Kumasi,2309.56,GHS,WEB
ORMT-00012244,OR-C000484,2,SUCCESSFUL,2024-12-11 12:32:03.000,Ashanti|Kumasi,1208.92,GHS,WEB
ORMT-00012245,OR-C000484,1,SUCCESSFUL,2024-12-02 20:29:20.000,Ashanti|Kumasi,422.7,GHS,API
ORMT-00012252,OR-C000485,1,SUCCESSFUL,2024-10-22 20:07:56.000,Central|Winneba,1383.86,GHS,THIRD_PARTY
ORMT-00012253,OR-C000485,2,SUCCESSFUL,2024-11-30 18:10:28.000,Central|Winneba,563.85,GHS,THIRD_PARTY
ORMT-00012254,OR-C000485,1,SUCCESSFUL,2024-12-26 20:35:31.000,Central|Winneba,432.91,GHS,AGENT
ORMT-00012265,OR-C000487,2,SUCCESSFUL,2024-10-15 16:02:01.000,Greater Accra|Madina,490.08,GHS,WEB
ORMT-00012266,OR-C000487,1,SUCCESSFUL,2024-12-15 14:25:14.000,Greater Accra|Madina,109.71,GHS,AGENT
ORMT-00012275,OR-C000488,3,SUCCESSFUL,2024-10-06 15:35:31.000,Bono|Berekum,1482.19,GHS,THIRD_PARTY
ORMT-00012276,OR-C000488,1,SUCCESSFUL,2024-10-14 08:03:39.000,Bono|Berekum,206.78,GHS,MOBILE_APP
ORMT-00012277,OR-C000488,3,SUCCESSFUL,2024-12-02 15:09:22.000,Bono|Berekum,674.74,GHS,AGENT
ORMT-00012371,OR-C000490,4,SUCCESSFUL,2024-10-27 14:31:14.000,Oti|Jasikan,300.75,GHS,AGENT
ORMT-00012372,OR-C000490,1,SUCCESSFUL,2024-10-07 16:59:08.000,Oti|Jasikan,938.31,GHS,API
ORMT-00012373,OR-C000490,3,SUCCESSFUL,2024-10-27 17:19:01.000,Oti|Jasikan,940.88,GHS,THIRD_PARTY
ORMT-00012374,OR-C000490,4,SUCCESSFUL,2024-10-08 13:08:26.000,Oti|Jasikan,81.94,GHS,AGENT
ORMT-00012375,OR-C000490,6,SUCCESSFUL,2024-10-01 09:53:03.000,Oti|Jasikan,345.23,GHS,AGENT
ORMT-00012376,OR-C000490,1,SUCCESSFUL,2024-11-14 09:03:53.000,Oti|Jasikan,248.2,GHS,AGENT
ORMT-00012377,OR-C000490,1,SUCCESSFUL,2024-11-24 17:48:35.000,Oti|Jasikan,4363.05,GHS,THIRD_PARTY
ORMT-00012378,OR-C000490,1,SUCCESSFUL,2024-12-24 10:57:27.000,Oti|Jasikan,531.85,GHS,MOBILE_APP
ORMT-00012379,OR-C000490,1,SUCCESSFUL,2024-12-23 20:34:53.000,Oti|Jasikan,618.0,GHS,AGENT
ORMT-00012380,OR-C000490,3,SUCCESSFUL,2024-12-18 18:20:48.000,Oti|Jasikan,980.09,GHS,MOBILE_APP
ORMT-00012435,OR-C000492,1,SUCCESSFUL,2024-12-28 13:33:57.000,Volta|Keta,6730.21,GHS,AGENT
ORMT-00012437,OR-C000493,3,SUCCESSFUL,2024-12-08 07:45:26.000,Greater Accra|Accra,1078.36,GHS,AGENT
ORMT-00012443,OR-C000494,1,SUCCESSFUL,2024-12-28 20:52:43.000,Greater Accra|Tema,933.01,GHS,WEB
ORMT-00012455,OR-C000495,1,SUCCESSFUL,2024-10-28 16:02:53.000,Eastern|Koforidua,1111.1,GHS,AGENT
ORMT-00012456,OR-C000495,4,SUCCESSFUL,2024-11-30 16:04:07.000,Eastern|Koforidua,510.56,GHS,MOBILE_APP
ORMT-00012457,OR-C000495,3,SUCCESSFUL,2024-11-17 13:29:43.000,Eastern|Koforidua,2069.88,GHS,MOBILE_APP
ORMT-00012458,OR-C000495,2,SUCCESSFUL,2024-12-26 18:28:05.000,Eastern|Koforidua,496.21,GHS,THIRD_PARTY
ORMT-00012459,OR-C000495,1,SUCCESSFUL,2024-12-11 12:05:22.000,Eastern|Koforidua,181.04,GHS,WEB
ORMT-00012460,OR-C000495,3,SUCCESSFUL,2024-12-03 16:08:57.000,Eastern|Koforidua,312.7,GHS,AGENT
ORMT-00012461,OR-C000495,2,SUCCESSFUL,2024-12-21 18:20:43.000,Eastern|Koforidua,389.98,GHS,AGENT
ORMT-00012462,OR-C000495,4,SUCCESSFUL,2024-12-18 12:46:31.000,Eastern|Koforidua,689.62,GHS,THIRD_PARTY
ORMT-00012463,OR-C000495,2,SUCCESSFUL,2024-12-25 09:37:18.000,Eastern|Koforidua,387.03,GHS,AGENT
ORMT-00012497,OR-C000496,4,SUCCESSFUL,2024-10-21 11:28:36.000,Ashanti|Kumasi,317.52,GHS,MOBILE_APP
ORMT-00012498,OR-C000496,3,SUCCESSFUL,2024-12-20 18:06:49.000,Ashanti|Kumasi,1048.76,GHS,AGENT
ORMT-00012514,OR-C000497,1,FAILED,2024-10-30 16:42:36.000,Ahafo|Duayaw Nkwanta,997.82,GHS,API
ORMT-00012515,OR-C000497,6,SUCCESSFUL,2024-10-02 11:36:31.000,Ahafo|Duayaw Nkwanta,994.07,GHS,AGENT
ORMT-00012516,OR-C000497,7,SUCCESSFUL,2024-11-13 15:00:01.000,Ahafo|Duayaw Nkwanta,798.74,GHS,THIRD_PARTY
ORMT-00012517,OR-C000497,1,SUCCESSFUL,2024-12-29 16:54:30.000,Ahafo|Duayaw Nkwanta,1777.12,GHS,API
ORMT-00012518,OR-C000497,1,SUCCESSFUL,2024-12-10 07:21:15.000,Ahafo|Duayaw Nkwanta,197.67,GHS,AGENT
ORMT-00012519,OR-C000497,9,SUCCESSFUL,2024-12-19 13:41:03.000,Ahafo|Duayaw Nkwanta,1407.03,GHS,AGENT
ORMT-00012520,OR-C000497,5,SUCCESSFUL,2024-12-31 21:56:06.000,Ahafo|Duayaw Nkwanta,824.0,GHS,THIRD_PARTY
ORMT-00012521,OR-C000497,2,SUCCESSFUL,2024-12-29 09:09:38.000,Ahafo|Duayaw Nkwanta,497.96,GHS,WEB
ORMT-00012522,OR-C000497,2,SUCCESSFUL,2024-12-24 17:57:04.000,Ahafo|Duayaw Nkwanta,2088.13,GHS,WEB
ORMT-00012523,OR-C000497,6,SUCCESSFUL,2024-12-09 12:27:17.000,Ahafo|Duayaw Nkwanta,2560.54,GHS,THIRD_PARTY
ORMT-00012524,OR-C000497,4,FAILED,2024-12-07 18:01:46.000,Ahafo|Duayaw Nkwanta,201.45,GHS,THIRD_PARTY
ORMT-00012558,OR-C000498,4,SUCCESSFUL,2024-10-28 08:22:04.000,Ashanti|Obuasi,938.87,GHS,MOBILE_APP
ORMT-00012564,OR-C000499,3,SUCCESSFUL,2024-10-11 07:16:23.000,Central|Winneba,1864.4,GHS,MOBILE_APP
ORMT-00012565,OR-C000499,8,SUCCESSFUL,2024-10-16 19:00:23.000,Central|Winneba,366.48,GHS,THIRD_PARTY
ORMT-00012566,OR-C000499,8,SUCCESSFUL,2024-10-30 17:02:34.000,Central|Winneba,826.73,GHS,AGENT
ORMT-00012567,OR-C000499,3,SUCCESSFUL,2024-11-22 09:14:14.000,Central|Winneba,315.99,GHS,MOBILE_APP
ORMT-00012568,OR-C000499,1,SUCCESSFUL,2024-12-22 17:13:07.000,Central|Winneba,150.44,GHS,THIRD_PARTY
ORMT-00012569,OR-C000499,7,SUCCESSFUL,2024-12-01 15:04:09.000,Central|Winneba,123.19,GHS,API
