remittance_id,customer_id,country_id,remittance_status,remittance_timestamp,transaction_location,amount,currency,transaction_channel
ORMT-00000048,OR-C000003,1,SUCCESSFUL,2024-07-23 17:13:59.000,Bono East|Kintampo,581.11,GHS,AGENT
ORMT-00000049,OR-C000003,1,SUCCESSFUL,2024-07-27 10:25:09.000,Bono East|Kintampo,852.81,GHS,AGENT
ORMT-00000050,OR-C000003,5,SUCCESSFUL,2024-07-31 07:01:51.000,Bono East|Kintampo,702.53,GHS,MOBILE_APP
ORMT-00000051,OR-C000003,4,SUCCESSFUL,2024-08-15 17:19:43.000,Bono East|Kintampo,292.32,GHS,MOBILE_APP
ORMT-00000052,OR-C000003,4,SUCCESSFUL,2024-09-08 17:00:27.000,Bono East|Kintampo,1867.33,GHS,THIRD_PARTY
ORMT-00000053,OR-C000003,2,SUCCESSFUL,2024-09-19 20:06:36.000,Bono East|Kintampo,966.89,GHS,API
ORMT-00000054,OR-C000003,3,SUCCESSFUL,2024-09-04 13:45:55.000,Bono East|Kintampo,669.56,GHS,THIRD_PARTY
ORMT-00000055,OR-C000003,2,SUCCESSFUL,2024-09-30 09:32:00.000,Bono East|Kintampo,1595.61,GHS,MOBILE_APP
ORMT-00000118,OR-C000005,2,SUCCESSFUL,2024-08-12 15:06:36.000,Western|Tarkwa,435.24,GHS,AGENT
ORMT-00000119,OR-C000005,10,SUCCESSFUL,2024-08-15 13:46:09.000,Western|Tarkwa,678.38,GHS,AGENT
ORMT-00000120,OR-C000005,4,SUCCESSFUL,2024-09-20 11:09:12.000,Western|Tarkwa,563.8,GHS,MOBILE_APP
ORMT-00000121,OR-C000005,1,SUCCESSFUL,2024-09-23 19:23:23.000,Western|Tarkwa,1214.08,GHS,AGENT
ORMT-00000160,OR-C000008,3,FAILED,2024-07-07 14:52:43.000,Ahafo|Duayaw Nkwanta,472.06,GHS,API
ORMT-00000161,OR-C000008,1,SUCCESSFUL,2024-07-18 10:19:41.000,Ahafo|Duayaw Nkwanta,336.01,GHS,MOBILE_APP
ORMT-00000162,OR-C000008,4,SUCCESSFUL,2024-08-17 11:13:36.000,Ahafo|Duayaw Nkwanta,314.6,GHS,THIRD_PARTY
ORMT-00000163,OR-C000008,4,SUCCESSFUL,2024-08-17 18:39:34.000,Ahafo|Duayaw Nkwanta,168.93,GHS,AGENT
ORMT-00000164,OR-C000008,6,SUCCESSFUL,2024-09-23 21:41:36.000,Ahafo|Duayaw Nkwanta,1158.42,GHS,MOBILE_APP
ORMT-00000198,OR-C000009,5,SUCCESSFUL,2024-07-25 15:15:20.000,Western|Takoradi,361.89,GHS,MOBILE_APP
ORMT-00000199,OR-C000009,2,SUCCESSFUL,2024-08-10 14:22:21.000,Western|Takoradi,2121.33,GHS,WEB
ORMT-00000200,OR-C000009,5,SUCCESSFUL,2024-08-08 07:49:35.000,Western|Takoradi,504.62,GHS,AGENT
ORMT-00000201,OR-C000009,3,SUCCESSFUL,2024-09-03 19:00:28.000,Western|Takoradi,4568.78,GHS,MOBILE_APP
ORMT-00000222,OR-C000010,8,FAILED,2024-07-28 15:04:22.000,Greater Accra|Tema,423.77,GHS,MOBILE_APP
ORMT-00000223,OR-C000010,1,SUCCESSFUL,2024-07-21 18:03:31.000,Greater Accra|Tema,391.13,GHS,WEB
ORMT-00000224,OR-C000010,7,SUCCESSFUL,2024-08-02 08:05:15.000,Greater Accra|Tema,168.92,GHS,AGENT
ORMT-00000225,OR-C000010,9,SUCCESSFUL,2024-08-18 14:13:27.000,Greater Accra|Tema,197.98,GHS,MOBILE_APP
ORMT-00000226,OR-C000010,8,SUCCESSFUL,2024-09-29 09:19:00.000,Greater Accra|Tema,3786.17,GHS,THIRD_PARTY
ORMT-00000227,OR-C000010,8,SUCCESSFUL,2024-09-22 09:46:16.000,Greater Accra|Tema,1247.31,GHS,THIRD_PARTY
ORMT-00000259,OR-C000011,2,SUCCESSFUL,2024-08-05 13:53:44.000,Ashanti|Obuasi,672.25,GHS,AGENT
ORMT-00000260,OR-C000011,3,SUCCESSFUL,2024-08-21 08:58:42.000,Ashanti|Obuasi,591.42,GHS,AGENT
ORMT-00000261,OR-C000011,2,SUCCESSFUL,2024-09-13 11:43:20.000,Ashanti|Obuasi,1463.92,GHS,AGENT
ORMT-00000262,OR-C000011,2,SUCCESSFUL,2024-09-28 20:40:27.000,Ashanti|Obuasi,508.64,GHS,MOBILE_APP
ORMT-00000271,OR-C000012,1,SUCCESSFUL,2024-08-03 07:56:18.000,Volta|Hohoe,322.29,GHS,THIRD_PARTY
ORMT-00000338,OR-C000015,5,SUCCESSFUL,2024-07-12 07:23:08.000,Ashanti|Ejisu,604.42,GHS,MOBILE_APP
ORMT-00000339,OR-C000015,3,SUCCESSFUL,2024-07-21 10:46:50.000,Ashanti|Ejisu,748.74,GHS,AGENT
ORMT-00000340,OR-C000015,4,SUCCESSFUL,2024-07-17 11:00:24.000,Ashanti|Ejisu,194.84,GHS,THIRD_PARTY
ORMT-00000341,OR-C000015,3,SUCCESSFUL,2024-07-26 14:33:17.000,Ashanti|Ejisu,2106.26,GHS,AGENT
ORMT-00000342,OR-C000015,10,SUCCESSFUL,2024-07-23 18:59:20.000,Ashanti|Ejisu,394.56,GHS,MOBILE_APP
ORMT-00000343,OR-C000015,5,SUCCESSFUL,2024-08-25 16:14:07.000,Ashanti|Ejisu,493.98,GHS,MOBILE_APP
ORMT-00000344,OR-C000015,3,SUCCESSFUL,2024-09-20 15:53:24.000,Ashanti|Ejisu,856.68,GHS,API
ORMT-00000379,OR-C000018,2,SUCCESSFUL,2024-08-20 19:53:53.000,Upper West|Wa,816.22,GHS,MOBILE_APP
ORMT-00000380,OR-C000018,9,SUCCESSFUL,2024-08-17 17:34:45.000,Upper West|Wa,1967.86,GHS,AGENT
ORMT-00000381,OR-C000018,10,SUCCESSFUL,2024-08-13 21:31:16.000,Upper West|Wa,429.26,GHS,AGENT
ORMT-00000382,OR-C000018,2,SUCCESSFUL,2024-09-25 20:20:52.000,Upper West|Wa,759.79,GHS,THIRD_PARTY
ORMT-00000383,OR-C000018,2,SUCCESSFUL,2024-09-14 20:14:59.000,Upper West|Wa,723.38,GHS,AGENT
ORMT-00000384,OR-C000018,1,SUCCESSFUL,2024-09-22 21:48:25.000,Upper West|Wa,989.08,GHS,API
ORMT-00000416,OR-C000019,2,SUCCESSFUL,2024-07-30 07:53:33.000,Ahafo|Duayaw Nkwanta,2806.61,GHS,AGENT
ORMT-00000417,OR-C000019,4,SUCCESSFUL,2024-08-07 20:48:55.000,Ahafo|Duayaw Nkwanta,151.73,GHS,AGENT
ORMT-00000466,OR-C000021,1,SUCCESSFUL,2024-07-02 10:07:54.000,Bono East|Techiman,1603.7,GHS,MOBILE_APP
ORMT-00000467,OR-C000021,3,SUCCESSFUL,2024-08-16 17:10:54.000,Bono East|Techiman,1948.67,GHS,THIRD_PARTY
ORMT-00000468,OR-C000021,1,REJECTED,2024-08-26 18:08:36.000,Bono East|Techiman,414.62,GHS,MOBILE_APP
ORMT-00000524,OR-C000024,5,SUCCESSFUL,2024-08-31 19:43:00.000,Bono East|Kintampo,356.23,GHS,THIRD_PARTY
ORMT-00000525,OR-C000024,5,SUCCESSFUL,2024-08-31 09:48:14.000,Bono East|Kintampo,246.68,GHS,WEB
ORMT-00000526,OR-C000024,2,SUCCESSFUL,2024-08-31 13:11:10.000,Bono East|Kintampo,218.12,GHS,THIRD_PARTY
ORMT-00000527,OR-C000024,3,SUCCESSFUL,2024-09-26 09:28:26.000,Bono East|Kintampo,1164.18,GHS,THIRD_PARTY
ORMT-00000584,OR-C000026,10,SUCCESSFUL,2024-07-30 10:30:31.000,Oti|Dambai,2017.07,GHS,AGENT
ORMT-00000585,OR-C000026,3,SUCCESSFUL,2024-07-19 11:52:51.000,Oti|Dambai,586.72,GHS,AGENT
ORMT-00000586,OR-C000026,1,SUCCESSFUL,2024-08-29 13:53:24.000,Oti|Dambai,2670.5,GHS,AGENT
ORMT-00000587,OR-C000026,5,SUCCESSFUL,2024-09-25 19:20:04.000,Oti|Dambai,350.63,GHS,AGENT
ORMT-00000614,OR-C000027,4,SUCCESSFUL,2024-08-26 11:32:23.000,Volta|Keta,405.1,GHS,AGENT
ORMT-00000615,OR-C000027,7,SUCCESSFUL,2024-08-26 08:14:33.000,Volta|Keta,1784.52,GHS,WEB
ORMT-00000616,OR-C000027,3,SUCCESSFUL,2024-09-06 10:54:27.000,Volta|Keta,802.29,GHS,API
ORMT-00000629,OR-C000028,1,SUCCESSFUL,2024-09-24 18:22:17.000,Ashanti|Obuasi,934.74,GHS,WEB
ORMT-00000669,OR-C000030,1,SUCCESSFUL,2024-08-29 16:05:05.000,Greater Accra|Kasoa,1697.38,GHS,MOBILE_APP
ORMT-00000670,OR-C000030,1,SUCCESSFUL,2024-08-24 16:55:52.000,Greater Accra|Kasoa,346.27,GHS,AGENT
ORMT-00000671,OR-C000030,5,SUCCESSFUL,2024-09-26 10:22:52.000,Greater Accra|Kasoa,435.34,GHS,AGENT
ORMT-00000672,OR-C000030,3,SUCCESSFUL,2024-09-20 12:19:09.000,Greater Accra|Kasoa,441.14,GHS,AGENT
ORMT-00000673,OR-C000030,3,SUCCESSFUL,2024-09-29 21:51:25.000,Greater Accra|Kasoa,1411.54,GHS,MOBILE_APP
ORMT-00000765,OR-C000031,2,SUCCESSFUL,2024-07-27 13:45:17.000,Greater Accra|Madina,933.56,GHS,WEB
ORMT-00000766,OR-C000031,2,SUCCESSFUL,2024-07-30 09:44:28.000,Greater Accra|Madina,1681.73,GHS,WEB
ORMT-00000767,OR-C000031,3,SUCCESSFUL,2024-07-05 09:58:17.000,Greater Accra|Madina,1778.36,GHS,AGENT
ORMT-00000768,OR-C000031,1,SUCCESSFUL,2024-07-30 11:19:21.000,Greater Accra|Madina,514.49,GHS,WEB
ORMT-00000769,OR-C000031,3,SUCCESSFUL,2024-08-22 19:40:09.000,Greater Accra|Madina,809.13,GHS,THIRD_PARTY
ORMT-00000770,OR-C000031,1,SUCCESSFUL,2024-08-18 08:04:15.000,Greater Accra|Madina,299.92,GHS,THIRD_PARTY
ORMT-00000771,OR-C000031,1,SUCCESSFUL,2024-08-27 21:41:25.000,Greater Accra|Madina,277.76,GHS,AGENT
ORMT-00000772,OR-C000031,1,SUCCESSFUL,2024-09-21 19:59:54.000,Greater Accra|Madina,594.7,GHS,AGENT
ORMT-00000854,OR-C000032,7,SUCCESSFUL,2024-07-09 10:04:33.000,Greater Accra|Kasoa,545.35,GHS,WEB
ORMT-00000855,OR-C000032,4,SUCCESSFUL,2024-07-08 07:04:08.000,Greater Accra|Kasoa,806.47,GHS,THIRD_PARTY
ORMT-00000856,OR-C000032,2,SUCCESSFUL,2024-08-15 14:41:53.000,Greater Accra|Kasoa,424.45,GHS,MOBILE_APP
ORMT-00000857,OR-C000032,1,SUCCESSFUL,2024-08-31 15:36:57.000,Greater Accra|Kasoa,274.46,GHS,AGENT
ORMT-00000858,OR-C000032,6,SUCCESSFUL,2024-08-09 07:52:11.000,Greater Accra|Kasoa,262.75,GHS,MOBILE_APP
ORMT-00000859,OR-C000032,3,SUCCESSFUL,2024-08-31 07:47:32.000,Greater Accra|Kasoa,870.45,GHS,MOBILE_APP
ORMT-00000860,OR-C000032,1,SUCCESSFUL,2024-09-12 08:11:26.000,Greater Accra|Kasoa,1209.88,GHS,API
ORMT-00000915,OR-C000033,9,SUCCESSFUL,2024-08-22 14:29:15.000,Northern|Tamale,1001.89,GHS,AGENT
ORMT-00000916,OR-C000033,7,SUCCESSFUL,2024-09-27 08:08:18.000,Northern|Tamale,960.49,GHS,WEB
ORMT-00000923,OR-C000034,7,SUCCESSFUL,2024-09-30 18:15:02.000,Ahafo|Goaso,483.98,GHS,WEB
ORMT-00000924,OR-C000034,5,SUCCESSFUL,2024-09-30 11:39:10.000,Ahafo|Goaso,207.69,GHS,AGENT
ORMT-00000958,OR-C000035,7,SUCCESSFUL,2024-08-01 08:16:48.000,Western|Axim,720.26,GHS,AGENT
ORMT-00000959,OR-C000035,5,SUCCESSFUL,2024-08-09 17:29:13.000,Western|Axim,2557.78,GHS,THIRD_PARTY
ORMT-00000960,OR-C000035,9,SUCCESSFUL,2024-09-15 20:20:15.000,Western|Axim,181.43,GHS,AGENT
ORMT-00000995,OR-C000039,1,SUCCESSFUL,2024-08-24 08:48:09.000,Ahafo|Goaso,327.93,GHS,AGENT
ORMT-00001004,OR-C000040,1,SUCCESSFUL,2024-09-18 08:23:00.000,Greater Accra|Accra,388.5,GHS,AGENT
ORMT-00001043,OR-C000041,2,SUCCESSFUL,2024-07-03 16:02:07.000,Bono|Berekum,363.64,GHS,AGENT
ORMT-00001044,OR-C000041,10,SUCCESSFUL,2024-07-07 11:08:15.000,Bono|Berekum,1380.86,GHS,MOBILE_APP
ORMT-00001045,OR-C000041,4,SUCCESSFUL,2024-07-25 13:41:00.000,Bono|Berekum,192.21,GHS,AGENT
ORMT-00001046,OR-C000041,6,SUCCESSFUL,2024-07-31 14:53:55.000,Bono|Berekum,818.46,GHS,API
ORMT-00001047,OR-C000041,4,SUCCESSFUL,2024-08-12 21:45:38.000,Bono|Berekum,1579.37,GHS,WEB
ORMT-00001048,OR-C000041,3,SUCCESSFUL,2024-08-08 09:09:46.000,Bono|Berekum,191.69,GHS,AGENT
ORMT-00001049,OR-C000041,6,SUCCESSFUL,2024-08-27 18:43:55.000,Bono|Berekum,124.43,GHS,AGENT
ORMT-00001050,OR-C000041,1,SUCCESSFUL,2024-08-11 16:56:55.000,Bono|Berekum,2161.81,GHS,MOBILE_APP
ORMT-00001051,OR-C000041,1,SUCCESSFUL,2024-08-09 14:34:34.000,Bono|Berekum,1024.11,GHS,MOBILE_APP
ORMT-00001052,OR-C000041,1,SUCCESSFUL,2024-09-25 12:13:32.000,Bono|Berekum,326.16,GHS,AGENT
ORMT-00001128,OR-C000043,1,SUCCESSFUL,2024-08-11 09:42:52.000,Greater Accra|Tema,3136.17,GHS,AGENT
ORMT-00001129,OR-C000043,1,SUCCESSFUL,2024-08-24 13:09:35.000,Greater Accra|Tema,486.07,GHS,AGENT
ORMT-00001130,OR-C000043,3,SUCCESSFUL,2024-09-02 15:46:12.000,Greater Accra|Tema,967.28,GHS,THIRD_PARTY
ORMT-00001180,OR-C000045,7,SUCCESSFUL,2024-09-09 11:24:27.000,Oti|Dambai,928.31,GHS,MOBILE_APP
ORMT-00001190,OR-C000046,2,SUCCESSFUL,2024-07-05 17:56:51.000,Bono|Berekum,680.55,GHS,AGENT
ORMT-00001191,OR-C000046,1,SUCCESSFUL,2024-09-03 13:34:59.000,Bono|Berekum,305.94,GHS,MOBILE_APP
ORMT-00001248,OR-C000049,4,SUCCESSFUL,2024-07-25 09:36:52.000,Upper East|Navrongo,231.52,GHS,THIRD_PARTY
ORMT-00001249,OR-C000049,4,SUCCESSFUL,2024-09-08 11:20:58.000,Upper East|Navrongo,901.81,GHS,AGENT
ORMT-00001250,OR-C000049,8,SUCCESSFUL,2024-09-08 08:55:39.000,Upper East|Navrongo,490.38,GHS,WEB
ORMT-00001291,OR-C000052,6,SUCCESSFUL,2024-07-02 07:52:43.000,Northern|Yendi,884.64,GHS,API
ORMT-00001292,OR-C000052,4,SUCCESSFUL,2024-09-28 10:47:45.000,Northern|Yendi,1132.03,GHS,MOBILE_APP
ORMT-00001310,OR-C000053,6,SUCCESSFUL,2024-08-25 08:32:39.000,Greater Accra|Accra,2646.87,GHS,AGENT
ORMT-00001311,OR-C000053,4,SUCCESSFUL,2024-09-30 08:56:07.000,Greater Accra|Accra,1685.91,GHS,AGENT
ORMT-00001321,OR-C000054,7,SUCCESSFUL,2024-08-21 11:35:07.000,Upper East|Navrongo,343.54,GHS,MOBILE_APP
ORMT-00001322,OR-C000054,2,SUCCESSFUL,2024-09-07 08:00:28.000,Upper East|Navrongo,3314.39,GHS,AGENT
ORMT-00001323,OR-C000054,5,SUCCESSFUL,2024-09-05 21:35:00.000,Upper East|Navrongo,1056.34,GHS,AGENT
ORMT-00001333,OR-C000055,1,SUCCESSFUL,2024-07-17 18:42:28.000,Central|Elmina,621.72,GHS,WEB
ORMT-00001334,OR-C000055,1,SUCCESSFUL,2024-08-06 14:50:38.000,Central|Elmina,558.64,GHS,MOBILE_APP
ORMT-00001335,OR-C000056,1,SUCCESSFUL,2024-09-28 08:50:10.000,Northern|Tamale,1477.97,GHS,AGENT
ORMT-00001336,OR-C000056,1,SUCCESSFUL,2024-09-25 07:28:56.000,Northern|Tamale,632.54,GHS,AGENT
ORMT-00001337,OR-C000056,2,SUCCESSFUL,2024-09-29 08:27:08.000,Northern|Tamale,1040.96,GHS,MOBILE_APP
ORMT-00001338,OR-C000056,2,SUCCESSFUL,2024-09-25 13:58:23.000,Northern|Tamale,412.98,GHS,WEB
ORMT-00001339,OR-C000056,3,SUCCESSFUL,2024-09-25 15:50:08.000,Northern|Tamale,717.04,GHS,MOBILE_APP
ORMT-00001403,OR-C000057,1,SUCCESSFUL,2024-07-30 19:59:52.000,Western|Takoradi,328.67,GHS,AGENT
ORMT-00001404,OR-C000057,1,SUCCESSFUL,2024-08-15 20:23:43.000,Western|Takoradi,460.4,GHS,AGENT
ORMT-00001405,OR-C000057,3,FAILED,2024-08-13 17:21:24.000,Western|Takoradi,765.46,GHS,THIRD_PARTY
ORMT-00001406,OR-C000057,3,SUCCESSFUL,2024-09-24 19:23:58.000,Western|Takoradi,2178.96,GHS,AGENT
ORMT-00001407,OR-C000057,2,SUCCESSFUL,2024-09-23 15:35:47.000,Western|Takoradi,797.4,GHS,WEB
ORMT-00001471,OR-C000058,1,SUCCESSFUL,2024-07-31 13:07:14.000,Greater Accra|Kasoa,193.13,GHS,AGENT
ORMT-00001472,OR-C000058,4,SUCCESSFUL,2024-07-19 15:23:50.000,Greater Accra|Kasoa,1309.37,GHS,AGENT
ORMT-00001473,OR-C000058,9,SUCCESSFUL,2024-07-08 17:28:13.000,Greater Accra|Kasoa,706.4,GHS,AGENT
ORMT-00001474,OR-C000058,4,SUCCESSFUL,2024-07-20 13:33:56.000,Greater Accra|Kasoa,1414.58,GHS,WEB
ORMT-00001475,OR-C000058,3,SUCCESSFUL,2024-07-28 12:22:12.000,Greater Accra|Kasoa,61.83,GHS,AGENT
ORMT-00001476,OR-C000058,4,SUCCESSFUL,2024-07-31 09:50:52.000,Greater Accra|Kasoa,2759.96,GHS,THIRD_PARTY
ORMT-00001477,OR-C000058,2,SUCCESSFUL,2024-08-20 19:39:20.000,Greater Accra|Kasoa,831.43,GHS,AGENT
ORMT-00001478,OR-C000058,1,SUCCESSFUL,2024-08-14 20:37:14.000,Greater Accra|Kasoa,1688.51,GHS,API
ORMT-00001479,OR-C000058,3,SUCCESSFUL,2024-08-10 20:20:54.000,Greater Accra|Kasoa,1088.63,GHS,THIRD_PARTY
ORMT-00001480,OR-C000058,7,SUCCESSFUL,2024-08-27 12:49:44.000,Greater Accra|Kasoa,2096.33,GHS,MOBILE_APP
ORMT-00001481,OR-C000058,8,SUCCESSFUL,2024-08-11 09:27:52.000,Greater Accra|Kasoa,1103.13,GHS,AGENT
ORMT-00001482,OR-C000058,1,SUCCESSFUL,2024-09-30 14:22:29.000,Greater Accra|Kasoa,417.24,GHS,THIRD_PARTY
ORMT-00001538,OR-C000059,5,SUCCESSFUL,2024-08-27 08:01:57.000,Upper East|Bolgatanga,449.74,GHS,THIRD_PARTY
ORMT-00001563,OR-C000062,3,SUCCESSFUL,2024-07-02 11:49:54.000,Greater Accra|Accra,595.5,GHS,AGENT
ORMT-00001564,OR-C000062,4,SUCCESSFUL,2024-09-07 07:26:11.000,Greater Accra|Accra,1738.03,GHS,THIRD_PARTY
ORMT-00001582,OR-C000064,5,SUCCESSFUL,2024-07-09 18:50:03.000,Greater Accra|Kasoa,1538.8,GHS,AGENT
ORMT-00001630,OR-C000069,7,SUCCESSFUL,2024-08-07 08:27:15.000,Volta|Ho,1127.08,GHS,THIRD_PARTY
ORMT-00001639,OR-C000070,8,SUCCESSFUL,2024-08-12 17:22:38.000,Ashanti|Kumasi,1787.6,GHS,MOBILE_APP
ORMT-00001640,OR-C000070,4,SUCCESSFUL,2024-08-16 19:29:47.000,Ashanti|Kumasi,760.46,GHS,AGENT
ORMT-00001675,OR-C000071,4,SUCCESSFUL,2024-07-30 21:06:08.000,Greater Accra|Tema,471.49,GHS,AGENT
ORMT-00001676,OR-C000071,1,SUCCESSFUL,2024-07-22 11:41:09.000,Greater Accra|Tema,1020.89,GHS,MOBILE_APP
ORMT-00001677,OR-C000071,6,SUCCESSFUL,2024-08-05 08:59:46.000,Greater Accra|Tema,1709.33,GHS,AGENT
ORMT-00001678,OR-C000071,1,SUCCESSFUL,2024-08-16 10:01:05.000,Greater Accra|Tema,689.07,GHS,AGENT
ORMT-00001679,OR-C000071,2,SUCCESSFUL,2024-08-24 16:07:32.000,Greater Accra|Tema,806.9,GHS,AGENT
ORMT-00001680,OR-C000071,3,SUCCESSFUL,2024-08-11 11:34:16.000,Greater Accra|Tema,1072.33,GHS,AGENT
ORMT-00001710,OR-C000073,7,SUCCESSFUL,2024-07-06 17:34:48.000,Ashanti|Kumasi,1394.36,GHS,AGENT
ORMT-00001711,OR-C000073,2,SUCCESSFUL,2024-08-17 09:58:38.000,Ashanti|Kumasi,3357.74,GHS,WEB
ORMT-00001712,OR-C000073,1,SUCCESSFUL,2024-08-19 15:00:38.000,Ashanti|Kumasi,494.32,GHS,MOBILE_APP
ORMT-00001729,OR-C000074,7,SUCCESSFUL,2024-07-09 10:31:09.000,Upper West|Wa,1407.81,GHS,AGENT
ORMT-00001730,OR-C000074,7,SUCCESSFUL,2024-07-13 20:21:30.000,Upper West|Wa,712.6,GHS,THIRD_PARTY
ORMT-00001731,OR-C000074,1,SUCCESSFUL,2024-09-23 09:15:50.000,Upper West|Wa,504.22,GHS,WEB
ORMT-00001786,OR-C000077,1,SUCCESSFUL,2024-07-20 21:48:57.000,Northern|Savelugu,1848.56,GHS,THIRD_PARTY
ORMT-00001834,OR-C000079,9,SUCCESSFUL,2024-07-03 21:36:22.000,Ashanti|Ejisu,805.15,GHS,MOBILE_APP
ORMT-00001835,OR-C000079,1,SUCCESSFUL,2024-08-02 12:18:14.000,Ashanti|Ejisu,276.56,GHS,WEB
ORMT-00001841,OR-C000080,7,SUCCESSFUL,2024-08-18 15:05:03.000,Greater Accra|Accra,1856.02,GHS,AGENT
ORMT-00001849,OR-C000081,6,SUCCESSFUL,2024-09-07 10:36:28.000,Bono|Berekum,1206.16,GHS,AGENT
ORMT-00001886,OR-C000084,2,SUCCESSFUL,2024-07-16 07:17:55.000,Greater Accra|Madina,273.19,GHS,THIRD_PARTY
ORMT-00001887,OR-C000084,1,SUCCESSFUL,2024-07-19 15:07:16.000,Greater Accra|Madina,905.82,GHS,AGENT
ORMT-00001888,OR-C000084,2,SUCCESSFUL,2024-07-20 08:10:43.000,Greater Accra|Madina,620.13,GHS,AGENT
ORMT-00001889,OR-C000084,9,SUCCESSFUL,2024-08-25 21:12:26.000,Greater Accra|Madina,308.61,GHS,MOBILE_APP
ORMT-00001917,OR-C000086,4,SUCCESSFUL,2024-09-12 09:33:41.000,Ashanti|Ejisu,1674.65,GHS,AGENT
ORMT-00001931,OR-C000087,1,SUCCESSFUL,2024-09-26 17:55:40.000,Ashanti|Obuasi,1356.45,GHS,AGENT
ORMT-00001940,OR-C000088,4,SUCCESSFUL,2024-08-30 15:16:03.000,Upper East|Bolgatanga,408.52,GHS,MOBILE_APP
ORMT-00001941,OR-C000088,1,SUCCESSFUL,2024-09-09 08:37:10.000,Upper East|Bolgatanga,1475.19,GHS,WEB
ORMT-00002005,OR-C000091,7,SUCCESSFUL,2024-07-26 07:21:07.000,Central|Winneba,1015.21,GHS,MOBILE_APP
ORMT-00002028,OR-C000092,1,SUCCESSFUL,2024-07-27 18:48:02.000,Central|Cape Coast,822.12,GHS,WEB
ORMT-00002029,OR-C000092,3,SUCCESSFUL,2024-08-03 19:01:27.000,Central|Cape Coast,2237.94,GHS,API
ORMT-00002030,OR-C000092,4,SUCCESSFUL,2024-09-16 18:00:16.000,Central|Cape Coast,1118.82,GHS,AGENT
ORMT-00002064,OR-C000093,3,SUCCESSFUL,2024-07-06 11:27:37.000,Greater Accra|Accra,588.36,GHS,AGENT
ORMT-00002065,OR-C000093,6,SUCCESSFUL,2024-08-16 18:58:44.000,Greater Accra|Accra,479.31,GHS,THIRD_PARTY
ORMT-00002066,OR-C000093,1,SUCCESSFUL,2024-08-15 10:21:33.000,Greater Accra|Accra,455.46,GHS,MOBILE_APP
ORMT-00002067,OR-C000093,1,SUCCESSFUL,2024-08-17 07:31:27.000,Greater Accra|Accra,79.49,GHS,API
ORMT-00002068,OR-C000093,1,SUCCESSFUL,2024-08-18 08:45:03.000,Greater Accra|Accra,113.24,GHS,API
ORMT-00002069,OR-C000093,3,SUCCESSFUL,2024-09-03 12:56:51.000,Greater Accra|Accra,159.95,GHS,MOBILE_APP
ORMT-00002099,OR-C000095,4,FAILED,2024-07-01 14:25:36.000,Greater Accra|Kasoa,725.99,GHS,AGENT
ORMT-00002100,OR-C000095,2,SUCCESSFUL,2024-07-25 07:37:29.000,Greater Accra|Kasoa,587.35,GHS,MOBILE_APP
ORMT-00002101,OR-C000095,1,SUCCESSFUL,2024-07-04 17:50:10.000,Greater Accra|Kasoa,2281.54,GHS,THIRD_PARTY
ORMT-00002102,OR-C000095,2,SUCCESSFUL,2024-08-07 21:16:43.000,Greater Accra|Kasoa,476.36,GHS,AGENT
ORMT-00002103,OR-C000095,4,SUCCESSFUL,2024-09-17 08:32:55.000,Greater Accra|Kasoa,68.45,GHS,API
ORMT-00002104,OR-C000095,10,SUCCESSFUL,2024-09-28 07:38:36.000,Greater Accra|Kasoa,1609.4,GHS,API
ORMT-00002105,OR-C000095,5,SUCCESSFUL,2024-09-02 07:25:15.000,Greater Accra|Kasoa,778.43,GHS,API
ORMT-00002214,OR-C000098,3,SUCCESSFUL,2024-07-14 17:30:22.000,Greater Accra|Tema,3463.51,GHS,THIRD_PARTY
ORMT-00002215,OR-C000098,10,SUCCESSFUL,2024-07-30 21:23:22.000,Greater Accra|Tema,252.4,GHS,THIRD_PARTY
ORMT-00002216,OR-C000098,6,SUCCESSFUL,2024-07-06 13:11:06.000,Greater Accra|Tema,336.39,GHS,AGENT
ORMT-00002217,OR-C000098,9,SUCCESSFUL,2024-08-17 12:43:44.000,Greater Accra|Tema,829.06,GHS,WEB
ORMT-00002218,OR-C000098,8,SUCCESSFUL,2024-08-30 07:32:27.000,Greater Accra|Tema,498.47,GHS,AGENT
ORMT-00002219,OR-C000098,9,SUCCESSFUL,2024-08-12 07:52:51.000,Greater Accra|Tema,625.1,GHS,AGENT
ORMT-00002220,OR-C000098,5,SUCCESSFUL,2024-08-15 19:04:21.000,Greater Accra|Tema,1067.95,GHS,THIRD_PARTY
ORMT-00002221,OR-C000098,9,SUCCESSFUL,2024-08-04 12:47:38.000,Greater Accra|Tema,303.49,GHS,MOBILE_APP
ORMT-00002222,OR-C000098,3,SUCCESSFUL,2024-08-20 21:30:21.000,Greater Accra|Tema,1347.05,GHS,MOBILE_APP
ORMT-00002223,OR-C000098,1,SUCCESSFUL,2024-09-17 20:37:32.000,Greater Accra|Tema,528.44,GHS,AGENT
ORMT-00002224,OR-C000098,4,SUCCESSFUL,2024-09-27 20:43:21.000,Greater Accra|Tema,863.38,GHS,AGENT
ORMT-00002225,OR-C000098,1,SUCCESSFUL,2024-09-06 07:16:16.000,Greater Accra|Tema,3954.18,GHS,WEB
ORMT-00002226,OR-C000098,1,SUCCESSFUL,2024-09-10 10:39:36.000,Greater Accra|Tema,2194.4,GHS,THIRD_PARTY
ORMT-00002287,OR-C000099,2,SUCCESSFUL,2024-07-27 14:34:35.000,Greater Accra|Accra,439.57,GHS,API
ORMT-00002325,OR-C000101,1,SUCCESSFUL,2024-07-27 10:59:26.000,Ahafo|Duayaw Nkwanta,362.63,GHS,AGENT
ORMT-00002326,OR-C000101,1,SUCCESSFUL,2024-07-26 13:31:53.000,Ahafo|Duayaw Nkwanta,762.01,GHS,AGENT
ORMT-00002327,OR-C000101,2,SUCCESSFUL,2024-08-11 18:27:00.000,Ahafo|Duayaw Nkwanta,87.59,GHS,MOBILE_APP
ORMT-00002328,OR-C000101,1,SUCCESSFUL,2024-09-13 19:58:05.000,Ahafo|Duayaw Nkwanta,363.75,GHS,THIRD_PARTY
ORMT-00002329,OR-C000101,2,SUCCESSFUL,2024-09-02 10:09:01.000,Ahafo|Duayaw Nkwanta,1390.61,GHS,THIRD_PARTY
ORMT-00002330,OR-C000101,3,SUCCESSFUL,2024-09-20 20:23:07.000,Ahafo|Duayaw Nkwanta,2336.49,GHS,AGENT
ORMT-00002331,OR-C000101,1,SUCCESSFUL,2024-09-04 21:09:03.000,Ahafo|Duayaw Nkwanta,432.66,GHS,THIRD_PARTY
ORMT-00002332,OR-C000101,5,SUCCESSFUL,2024-09-01 11:14:11.000,Ahafo|Duayaw Nkwanta,4711.38,GHS,API
ORMT-00002391,OR-C000102,3,SUCCESSFUL,2024-07-02 17:15:44.000,Oti|Dambai,607.22,GHS,AGENT
ORMT-00002392,OR-C000102,6,SUCCESSFUL,2024-08-09 21:26:38.000,Oti|Dambai,722.23,GHS,MOBILE_APP
ORMT-00002393,OR-C000102,4,SUCCESSFUL,2024-08-26 20:58:07.000,Oti|Dambai,371.34,GHS,AGENT
ORMT-00002394,OR-C000102,4,SUCCESSFUL,2024-08-12 07:57:00.000,Oti|Dambai,1152.97,GHS,AGENT
ORMT-00002395,OR-C000102,6,SUCCESSFUL,2024-09-12 21:03:49.000,Oti|Dambai,1347.46,GHS,API
ORMT-00002440,OR-C000105,10,SUCCESSFUL,2024-07-10 11:21:21.000,Bono|Sunyani,538.29,GHS,API
ORMT-00002441,OR-C000105,3,FAILED,2024-07-25 09:05:52.000,Bono|Sunyani,2235.9,GHS,MOBILE_APP
ORMT-00002442,OR-C000105,7,SUCCESSFUL,2024-07-03 09:05:07.000,Bono|Sunyani,585.78,GHS,AGENT
ORMT-00002443,OR-C000105,1,SUCCESSFUL,2024-07-17 17:18:38.000,Bono|Sunyani,719.68,GHS,MOBILE_APP
ORMT-00002444,OR-C000105,1,SUCCESSFUL,2024-07-05 11:12:27.000,Bono|Sunyani,1382.22,GHS,THIRD_PARTY
ORMT-00002445,OR-C000105,1,SUCCESSFUL,2024-07-30 11:30:34.000,Bono|Sunyani,651.58,GHS,AGENT
ORMT-00002446,OR-C000105,1,SUCCESSFUL,2024-08-07 15:36:32.000,Bono|Sunyani,381.64,GHS,WEB
ORMT-00002447,OR-C000105,6,SUCCESSFUL,2024-09-28 18:37:38.000,Bono|Sunyani,870.02,GHS,WEB
ORMT-00002506,OR-C000106,1,SUCCESSFUL,2024-07-26 07:52:48.000,Upper East|Bolgatanga,2153.15,GHS,MOBILE_APP
ORMT-00002507,OR-C000106,9,SUCCESSFUL,2024-08-15 17:49:28.000,Upper East|Bolgatanga,658.64,GHS,MOBILE_APP
ORMT-00002508,OR-C000106,8,SUCCESSFUL,2024-08-07 18:37:57.000,Upper East|Bolgatanga,562.77,GHS,AGENT
ORMT-00002509,OR-C000106,5,SUCCESSFUL,2024-09-30 17:07:09.000,Upper East|Bolgatanga,351.72,GHS,AGENT
ORMT-00002510,OR-C000106,1,SUCCESSFUL,2024-09-07 21:57:03.000,Upper East|Bolgatanga,271.22,GHS,MOBILE_APP
ORMT-00002594,OR-C000110,10,SUCCESSFUL,2024-07-29 13:21:52.000,Western|Takoradi,2774.48,GHS,AGENT
ORMT-00002595,OR-C000110,1,SUCCESSFUL,2024-07-31 07:39:25.000,Western|Takoradi,124.99,GHS,API
ORMT-00002596,OR-C000110,1,SUCCESSFUL,2024-08-27 11:52:48.000,Western|Takoradi,824.04,GHS,AGENT
ORMT-00002597,OR-C000110,4,SUCCESSFUL,2024-08-28 09:35:46.000,Western|Takoradi,455.23,GHS,WEB
ORMT-00002598,OR-C000110,9,SUCCESSFUL,2024-08-20 12:33:48.000,Western|Takoradi,150.03,GHS,MOBILE_APP
ORMT-00002599,OR-C000110,1,SUCCESSFUL,2024-08-24 14:46:22.000,Western|Takoradi,273.64,GHS,WEB
ORMT-00002600,OR-C000110,4,REJECTED,2024-08-27 20:52:58.000,Western|Takoradi,1880.32,GHS,THIRD_PARTY
ORMT-00002601,OR-C000110,3,SUCCESSFUL,2024-08-15 16:32:46.000,Western|Takoradi,1787.82,GHS,API
ORMT-00002602,OR-C000110,2,SUCCESSFUL,2024-09-12 11:36:27.000,Western|Takoradi,230.18,GHS,MOBILE_APP
ORMT-00002603,OR-C000110,1,SUCCESSFUL,2024-09-03 13:14:39.000,Western|Takoradi,967.9,GHS,MOBILE_APP
ORMT-00002655,OR-C000111,3,SUCCESSFUL,2024-07-25 11:17:02.000,Greater Accra|Kasoa,143.12,GHS,MOBILE_APP
ORMT-00002656,OR-C000111,10,SUCCESSFUL,2024-09-27 17:14:15.000,Greater Accra|Kasoa,2686.08,GHS,THIRD_PARTY
ORMT-00002722,OR-C000112,5,SUCCESSFUL,2024-07-07 08:49:07.000,Eastern|Akropong,875.37,GHS,MOBILE_APP
ORMT-00002723,OR-C000112,7,SUCCESSFUL,2024-07-04 15:09:38.000,Eastern|Akropong,243.09,GHS,AGENT
ORMT-00002724,OR-C000112,6,SUCCESSFUL,2024-07-10 08:42:52.000,Eastern|Akropong,1368.62,GHS,MOBILE_APP
ORMT-00002725,OR-C000112,1,SUCCESSFUL,2024-07-22 12:07:49.000,Eastern|Akropong,469.18,GHS,THIRD_PARTY
ORMT-00002726,OR-C000112,3,SUCCESSFUL,2024-07-26 14:36:57.000,Eastern|Akropong,652.84,GHS,WEB
ORMT-00002727,OR-C000112,1,FAILED,2024-07-08 18:40:22.000,Eastern|Akropong,877.51,GHS,AGENT
ORMT-00002728,OR-C000112,2,FAILED,2024-07-21 08:40:42.000,Eastern|Akropong,1012.89,GHS,THIRD_PARTY
ORMT-00002729,OR-C000112,9,SUCCESSFUL,2024-08-27 15:09:33.000,Eastern|Akropong,1126.18,GHS,AGENT
ORMT-00002730,OR-C000112,1,SUCCESSFUL,2024-08-29 17:35:14.000,Eastern|Akropong,620.24,GHS,API
ORMT-00002731,OR-C000112,1,SUCCESSFUL,2024-08-22 08:01:46.000,Eastern|Akropong,594.77,GHS,THIRD_PARTY
ORMT-00002732,OR-C000112,4,SUCCESSFUL,2024-09-24 08:46:32.000,Eastern|Akropong,1409.76,GHS,MOBILE_APP
ORMT-00002733,OR-C000112,1,SUCCESSFUL,2024-09-19 15:32:00.000,Eastern|Akropong,57.49,GHS,API
ORMT-00002810,OR-C000113,3,SUCCESSFUL,2024-08-18 08:19:07.000,Upper East|Navrongo,106.86,GHS,MOBILE_APP
ORMT-00002811,OR-C000113,4,SUCCESSFUL,2024-09-22 21:46:38.000,Upper East|Navrongo,771.86,GHS,MOBILE_APP
ORMT-00002864,OR-C000119,1,SUCCESSFUL,2024-07-06 20:31:11.000,Greater Accra|Kasoa,2822.6,GHS,AGENT
ORMT-00002865,OR-C000119,1,SUCCESSFUL,2024-08-13 19:23:55.000,Greater Accra|Kasoa,958.41,GHS,AGENT
ORMT-00002866,OR-C000119,4,SUCCESSFUL,2024-09-18 17:26:08.000,Greater Accra|Kasoa,1339.98,GHS,AGENT
ORMT-00002913,OR-C000121,1,SUCCESSFUL,2024-07-02 08:17:07.000,Greater Accra|Accra,522.74,GHS,API
ORMT-00002914,OR-C000121,4,SUCCESSFUL,2024-08-31 12:11:45.000,Greater Accra|Accra,150.88,GHS,AGENT
ORMT-00002915,OR-C000121,1,SUCCESSFUL,2024-08-16 09:33:58.000,Greater Accra|Accra,3585.13,GHS,AGENT
ORMT-00002916,OR-C000121,2,SUCCESSFUL,2024-08-28 16:50:06.000,Greater Accra|Accra,584.7,GHS,AGENT
ORMT-00002917,OR-C000121,1,SUCCESSFUL,2024-08-31 07:32:10.000,Greater Accra|Accra,396.84,GHS,AGENT
ORMT-00002918,OR-C000121,6,SUCCESSFUL,2024-09-19 09:13:34.000,Greater Accra|Accra,997.36,GHS,API
ORMT-00002919,OR-C000121,5,SUCCESSFUL,2024-09-28 13:00:25.000,Greater Accra|Accra,248.79,GHS,THIRD_PARTY
ORMT-00002920,OR-C000121,3,SUCCESSFUL,2024-09-10 19:37:16.000,Greater Accra|Accra,2056.93,GHS,AGENT
ORMT-00002949,OR-C000122,1,SUCCESSFUL,2024-07-07 14:04:59.000,Ashanti|Kumasi,1019.6,GHS,MOBILE_APP
ORMT-00002964,OR-C000123,6,SUCCESSFUL,2024-07-30 07:27:13.000,Central|Cape Coast,1032.9,GHS,AGENT
ORMT-00002965,OR-C000123,3,SUCCESSFUL,2024-07-12 08:03:05.000,Central|Cape Coast,431.1,GHS,MOBILE_APP
ORMT-00002980,OR-C000124,6,SUCCESSFUL,2024-08-11 08:00:02.000,Bono|Sunyani,599.15,GHS,AGENT
ORMT-00003096,OR-C000129,3,SUCCESSFUL,2024-07-14 20:11:23.000,Greater Accra|Accra,962.08,GHS,MOBILE_APP
ORMT-00003114,OR-C000131,5,SUCCESSFUL,2024-08-03 15:21:08.000,Greater Accra|Accra,732.25,GHS,MOBILE_APP
ORMT-00003120,OR-C000132,5,SUCCESSFUL,2024-09-30 12:34:05.000,Western|Tarkwa,1778.48,GHS,API
ORMT-00003158,OR-C000133,1,SUCCESSFUL,2024-07-22 16:31:06.000,Greater Accra|Accra,135.47,GHS,THIRD_PARTY
ORMT-00003159,OR-C000133,2,SUCCESSFUL,2024-07-26 07:59:04.000,Greater Accra|Accra,571.04,GHS,THIRD_PARTY
ORMT-00003160,OR-C000133,2,SUCCESSFUL,2024-07-28 09:00:48.000,Greater Accra|Accra,1491.35,GHS,WEB
ORMT-00003223,OR-C000136,4,SUCCESSFUL,2024-09-28 11:00:37.000,Ashanti|Ejisu,224.24,GHS,MOBILE_APP
ORMT-00003224,OR-C000136,9,SUCCESSFUL,2024-09-21 17:53:25.000,Ashanti|Ejisu,206.11,GHS,THIRD_PARTY
ORMT-00003246,OR-C000138,4,SUCCESSFUL,2024-07-29 18:18:34.000,Volta|Hohoe,2685.66,GHS,API
ORMT-00003247,OR-C000138,1,SUCCESSFUL,2024-07-30 14:31:20.000,Volta|Hohoe,1219.06,GHS,AGENT
ORMT-00003248,OR-C000138,5,SUCCESSFUL,2024-07-30 20:35:00.000,Volta|Hohoe,605.15,GHS,THIRD_PARTY
ORMT-00003249,OR-C000138,1,SUCCESSFUL,2024-07-27 20:22:29.000,Volta|Hohoe,198.58,GHS,API
ORMT-00003250,OR-C000138,5,SUCCESSFUL,2024-09-28 09:30:05.000,Volta|Hohoe,915.82,GHS,AGENT
ORMT-00003251,OR-C000138,6,SUCCESSFUL,2024-09-05 12:40:03.000,Volta|Hohoe,263.81,GHS,AGENT
ORMT-00003252,OR-C000138,5,SUCCESSFUL,2024-09-12 12:41:42.000,Volta|Hohoe,620.02,GHS,AGENT
ORMT-00003334,OR-C000143,9,SUCCESSFUL,2024-08-22 13:37:19.000,Ashanti|Obuasi,689.79,GHS,MOBILE_APP
ORMT-00003335,OR-C000143,2,SUCCESSFUL,2024-08-22 13:45:56.000,Ashanti|Obuasi,579.7,GHS,AGENT
ORMT-00003364,OR-C000144,1,SUCCESSFUL,2024-09-17 08:12:44.000,Northern|Tamale,164.13,GHS,THIRD_PARTY
ORMT-00003393,OR-C000146,2,SUCCESSFUL,2024-08-05 20:46:48.000,Western|Takoradi,1391.62,GHS,AGENT
ORMT-00003401,OR-C000147,1,SUCCESSFUL,2024-09-16 17:37:32.000,Greater Accra|Tema,1307.79,GHS,AGENT
ORMT-00003414,OR-C000148,6,SUCCESSFUL,2024-08-02 16:19:39.000,Bono|Sunyani,393.18,GHS,AGENT
ORMT-00003505,OR-C000150,2,SUCCESSFUL,2024-07-31 16:42:29.000,Greater Accra|Accra,232.0,GHS,THIRD_PARTY
ORMT-00003506,OR-C000150,7,SUCCESSFUL,2024-07-14 09:54:25.000,Greater Accra|Accra,735.92,GHS,AGENT
ORMT-00003507,OR-C000150,1,SUCCESSFUL,2024-07-21 12:35:22.000,Greater Accra|Accra,1071.44,GHS,AGENT
ORMT-00003508,OR-C000150,10,SUCCESSFUL,2024-08-02 15:38:40.000,Greater Accra|Accra,175.83,GHS,AGENT
ORMT-00003509,OR-C000150,1,SUCCESSFUL,2024-08-05 15:56:24.000,Greater Accra|Accra,934.25,GHS,MOBILE_APP
ORMT-00003510,OR-C000150,3,SUCCESSFUL,2024-08-30 17:01:12.000,Greater Accra|Accra,2046.18,GHS,WEB
ORMT-00003511,OR-C000150,2,SUCCESSFUL,2024-08-09 15:37:20.000,Greater Accra|Accra,608.49,GHS,MOBILE_APP
ORMT-00003512,OR-C000150,3,SUCCESSFUL,2024-09-27 20:28:00.000,Greater Accra|Accra,1842.68,GHS,AGENT
ORMT-00003513,OR-C000150,5,SUCCESSFUL,2024-09-28 20:39:56.000,Greater Accra|Accra,946.96,GHS,AGENT
ORMT-00003514,OR-C000150,3,SUCCESSFUL,2024-09-25 08:38:27.000,Greater Accra|Accra,417.77,GHS,MOBILE_APP
ORMT-00003586,OR-C000152,1,SUCCESSFUL,2024-08-21 13:40:36.000,Greater Accra|Madina,1428.54,GHS,MOBILE_APP
ORMT-00003587,OR-C000152,1,SUCCESSFUL,2024-09-03 19:41:56.000,Greater Accra|Madina,1037.56,GHS,AGENT
ORMT-00003588,OR-C000152,1,SUCCESSFUL,2024-09-19 10:02:03.000,Greater Accra|Madina,467.94,GHS,AGENT
ORMT-00003589,OR-C000152,1,SUCCESSFUL,2024-09-12 14:40:01.000,Greater Accra|Madina,277.43,GHS,WEB
ORMT-00003640,OR-C000154,3,SUCCESSFUL,2024-07-25 19:59:02.000,Greater Accra|Kasoa,1544.66,GHS,API
ORMT-00003641,OR-C000154,4,SUCCESSFUL,2024-07-18 07:31:19.000,Greater Accra|Kasoa,484.4,GHS,AGENT
ORMT-00003642,OR-C000154,5,SUCCESSFUL,2024-08-29 16:01:27.000,Greater Accra|Kasoa,805.97,GHS,AGENT
ORMT-00003643,OR-C000154,2,SUCCESSFUL,2024-08-19 08:51:50.000,Greater Accra|Kasoa,592.23,GHS,AGENT
ORMT-00003644,OR-C000154,2,SUCCESSFUL,2024-08-14 16:11:55.000,Greater Accra|Kasoa,599.87,GHS,THIRD_PARTY
ORMT-00003645,OR-C000154,8,SUCCESSFUL,2024-08-11 10:33:56.000,Greater Accra|Kasoa,1952.57,GHS,THIRD_PARTY
ORMT-00003646,OR-C000154,2,SUCCESSFUL,2024-08-17 15:39:58.000,Greater Accra|Kasoa,1019.37,GHS,AGENT
ORMT-00003647,OR-C000154,7,SUCCESSFUL,2024-08-13 20:28:42.000,Greater Accra|Kasoa,128.29,GHS,API
ORMT-00003648,OR-C000154,1,SUCCESSFUL,2024-09-22 11:07:43.000,Greater Accra|Kasoa,395.77,GHS,MOBILE_APP
ORMT-00003649,OR-C000154,6,SUCCESSFUL,2024-09-17 18:26:48.000,Greater Accra|Kasoa,675.51,GHS,AGENT
ORMT-00003721,OR-C000157,6,SUCCESSFUL,2024-09-02 18:28:45.000,Western|Axim,202.18,GHS,API
ORMT-00003722,OR-C000157,3,SUCCESSFUL,2024-09-11 18:57:06.000,Western|Axim,419.12,GHS,THIRD_PARTY
ORMT-00003810,OR-C000161,2,SUCCESSFUL,2024-07-20 16:09:15.000,Bono|Sunyani,671.36,GHS,API
ORMT-00003811,OR-C000161,4,SUCCESSFUL,2024-09-13 20:35:02.000,Bono|Sunyani,470.7,GHS,WEB
ORMT-00003812,OR-C000161,6,SUCCESSFUL,2024-09-17 20:59:02.000,Bono|Sunyani,477.19,GHS,AGENT
ORMT-00003937,OR-C000162,1,SUCCESSFUL,2024-07-28 21:38:47.000,Greater Accra|Kasoa,1205.73,GHS,MOBILE_APP
ORMT-00003938,OR-C000162,4,SUCCESSFUL,2024-07-09 17:37:54.000,Greater Accra|Kasoa,705.13,GHS,AGENT
ORMT-00003939,OR-C000162,9,SUCCESSFUL,2024-07-01 07:40:26.000,Greater Accra|Kasoa,275.02,GHS,MOBILE_APP
ORMT-00003940,OR-C000162,9,SUCCESSFUL,2024-07-15 19:16:16.000,Greater Accra|Kasoa,499.43,GHS,AGENT
ORMT-00003941,OR-C000162,2,SUCCESSFUL,2024-08-07 18:19:21.000,Greater Accra|Kasoa,67.75,GHS,WEB
ORMT-00003942,OR-C000162,2,SUCCESSFUL,2024-08-24 09:41:52.000,Greater Accra|Kasoa,126.04,GHS,AGENT
ORMT-00003943,OR-C000162,1,SUCCESSFUL,2024-08-09 09:47:57.000,Greater Accra|Kasoa,709.24,GHS,THIRD_PARTY
ORMT-00003944,OR-C000162,3,SUCCESSFUL,2024-08-15 07:51:04.000,Greater Accra|Kasoa,1280.5,GHS,AGENT
ORMT-00003945,OR-C000162,1,SUCCESSFUL,2024-09-11 09:47:55.000,Greater Accra|Kasoa,2362.26,GHS,AGENT
ORMT-00003946,OR-C000162,3,SUCCESSFUL,2024-09-30 20:57:35.000,Greater Accra|Kasoa,171.43,GHS,MOBILE_APP
ORMT-00003947,OR-C000162,1,SUCCESSFUL,2024-09-25 14:09:00.000,Greater Accra|Kasoa,1966.55,GHS,API
ORMT-00004026,OR-C000165,1,SUCCESSFUL,2024-08-10 13:12:07.000,Ashanti|Ejisu,366.12,GHS,THIRD_PARTY
ORMT-00004049,OR-C000166,5,SUCCESSFUL,2024-09-09 14:10:20.000,Bono|Berekum,809.59,GHS,AGENT
ORMT-00004078,OR-C000167,4,REJECTED,2024-08-03 14:01:45.000,Greater Accra|Tema,223.42,GHS,THIRD_PARTY
ORMT-00004079,OR-C000167,4,SUCCESSFUL,2024-08-11 18:52:54.000,Greater Accra|Tema,477.28,GHS,AGENT
ORMT-00004080,OR-C000167,5,SUCCESSFUL,2024-09-13 07:52:14.000,Greater Accra|Tema,502.57,GHS,AGENT
ORMT-00004081,OR-C000167,7,SUCCESSFUL,2024-09-30 15:11:50.000,Greater Accra|Tema,558.1,GHS,MOBILE_APP
ORMT-00004082,OR-C000167,2,SUCCESSFUL,2024-09-25 21:56:47.000,Greater Accra|Tema,2653.83,GHS,THIRD_PARTY
ORMT-00004152,OR-C000171,1,SUCCESSFUL,2024-08-12 13:00:20.000,Northern|Yendi,144.67,GHS,AGENT
ORMT-00004173,OR-C000174,3,SUCCESSFUL,2024-07-03 09:51:41.000,Northern|Yendi,583.86,GHS,MOBILE_APP
ORMT-00004210,OR-C000177,3,SUCCESSFUL,2024-09-13 08:59:16.000,Eastern|Nkawkaw,362.93,GHS,THIRD_PARTY
ORMT-00004221,OR-C000178,10,SUCCESSFUL,2024-08-24 10:04:26.000,Northern|Yendi,248.99,GHS,AGENT
ORMT-00004240,OR-C000179,1,SUCCESSFUL,2024-07-26 20:21:36.000,Volta|Keta,418.36,GHS,WEB
ORMT-00004241,OR-C000179,1,SUCCESSFUL,2024-09-04 20:10:13.000,Volta|Keta,1823.81,GHS,MOBILE_APP
ORMT-00004261,OR-C000180,4,SUCCESSFUL,2024-09-26 19:54:29.000,Western|Takoradi,373.33,GHS,MOBILE_APP
ORMT-00004318,OR-C000181,4,SUCCESSFUL,2024-07-27 20:10:25.000,Northern|Tamale,1138.16,GHS,AGENT
ORMT-00004319,OR-C000181,1,SUCCESSFUL,2024-07-27 17:54:06.000,Northern|Tamale,542.73,GHS,MOBILE_APP
ORMT-00004320,OR-C000181,3,SUCCESSFUL,2024-07-02 11:59:36.000,Northern|Tamale,1013.24,GHS,AGENT
ORMT-00004321,OR-C000181,2,SUCCESSFUL,2024-07-21 08:28:41.000,Northern|Tamale,246.59,GHS,AGENT
ORMT-00004322,OR-C000181,1,SUCCESSFUL,2024-08-25 19:15:58.000,Northern|Tamale,546.94,GHS,AGENT
ORMT-00004323,OR-C000181,10,SUCCESSFUL,2024-08-10 13:24:57.000,Northern|Tamale,511.82,GHS,AGENT
ORMT-00004324,OR-C000181,9,SUCCESSFUL,2024-08-07 21:28:19.000,Northern|Tamale,406.77,GHS,MOBILE_APP
ORMT-00004325,OR-C000181,1,SUCCESSFUL,2024-09-28 21:18:14.000,Northern|Tamale,3101.23,GHS,MOBILE_APP
ORMT-00004372,OR-C000182,2,SUCCESSFUL,2024-09-22 12:57:04.000,Greater Accra|Accra,940.05,GHS,WEB
ORMT-00004373,OR-C000182,2,SUCCESSFUL,2024-09-01 16:46:16.000,Greater Accra|Accra,2062.05,GHS,API
ORMT-00004374,OR-C000182,1,SUCCESSFUL,2024-09-14 11:36:23.000,Greater Accra|Accra,2099.46,GHS,AGENT
ORMT-00004382,OR-C000183,1,SUCCESSFUL,2024-07-16 14:11:18.000,Bono|Berekum,2699.03,GHS,AGENT
ORMT-00004383,OR-C000183,2,SUCCESSFUL,2024-08-01 09:57:41.000,Bono|Berekum,949.54,GHS,MOBILE_APP
ORMT-00004384,OR-C000183,3,SUCCESSFUL,2024-08-26 10:21:14.000,Bono|Berekum,838.96,GHS,THIRD_PARTY
ORMT-00004385,OR-C000183,5,SUCCESSFUL,2024-08-07 07:21:07.000,Bono|Berekum,3178.81,GHS,MOBILE_APP
ORMT-00004386,OR-C000183,3,SUCCESSFUL,2024-09-19 14:17:26.000,Bono|Berekum,266.04,GHS,API
ORMT-00004419,OR-C000185,4,SUCCESSFUL,2024-07-06 11:42:42.000,Greater Accra|Kasoa,515.79,GHS,MOBILE_APP
ORMT-00004471,OR-C000187,1,SUCCESSFUL,2024-09-27 13:44:31.000,Ashanti|Obuasi,4389.6,GHS,MOBILE_APP
ORMT-00004484,OR-C000189,1,SUCCESSFUL,2024-07-20 11:49:30.000,Northern|Tamale,1578.92,GHS,THIRD_PARTY
ORMT-00004485,OR-C000189,4,SUCCESSFUL,2024-07-16 15:47:01.000,Northern|Tamale,754.76,GHS,MOBILE_APP
ORMT-00004486,OR-C000189,3,SUCCESSFUL,2024-07-16 21:44:32.000,Northern|Tamale,1041.5,GHS,API
ORMT-00004487,OR-C000189,2,SUCCESSFUL,2024-08-16 16:32:36.000,Northern|Tamale,148.54,GHS,MOBILE_APP
ORMT-00004488,OR-C000189,4,SUCCESSFUL,2024-08-19 11:56:28.000,Northern|Tamale,3058.78,GHS,MOBILE_APP
ORMT-00004489,OR-C000189,7,SUCCESSFUL,2024-08-26 07:43:49.000,Northern|Tamale,443.69,GHS,THIRD_PARTY
ORMT-00004490,OR-C000189,6,SUCCESSFUL,2024-08-02 10:05:17.000,Northern|Tamale,273.72,GHS,WEB
ORMT-00004537,OR-C000192,4,SUCCESSFUL,2024-08-03 14:58:56.000,Volta|Hohoe,771.61,GHS,MOBILE_APP
ORMT-00004545,OR-C000195,4,SUCCESSFUL,2024-08-29 08:05:40.000,Western|Takoradi,501.05,GHS,MOBILE_APP
ORMT-00004598,OR-C000198,1,SUCCESSFUL,2024-08-07 20:02:19.000,Bono East|Kintampo,314.72,GHS,THIRD_PARTY
ORMT-00004622,OR-C000200,4,SUCCESSFUL,2024-07-29 15:41:33.000,Bono|Sunyani,4254.6,GHS,THIRD_PARTY
ORMT-00004623,OR-C000200,2,SUCCESSFUL,2024-07-12 19:32:38.000,Bono|Sunyani,2561.85,GHS,MOBILE_APP
ORMT-00004624,OR-C000200,1,SUCCESSFUL,2024-08-13 11:42:30.000,Bono|Sunyani,3963.18,GHS,AGENT
ORMT-00004676,OR-C000202,4,SUCCESSFUL,2024-07-29 11:39:39.000,Greater Accra|Madina,1100.71,GHS,WEB
ORMT-00004677,OR-C000202,7,SUCCESSFUL,2024-07-29 10:29:15.000,Greater Accra|Madina,249.59,GHS,AGENT
ORMT-00004678,OR-C000202,5,SUCCESSFUL,2024-07-28 20:58:48.000,Greater Accra|Madina,262.48,GHS,MOBILE_APP
ORMT-00004679,OR-C000202,3,SUCCESSFUL,2024-08-04 18:02:12.000,Greater Accra|Madina,539.83,GHS,MOBILE_APP
ORMT-00004680,OR-C000202,2,SUCCESSFUL,2024-08-23 16:47:10.000,Greater Accra|Madina,1077.31,GHS,MOBILE_APP
ORMT-00004681,OR-C000202,3,SUCCESSFUL,2024-09-12 20:35:01.000,Greater Accra|Madina,282.85,GHS,WEB
ORMT-00004682,OR-C000202,2,SUCCESSFUL,2024-09-29 16:56:41.000,Greater Accra|Madina,389.39,GHS,THIRD_PARTY
ORMT-00004718,OR-C000203,2,SUCCESSFUL,2024-09-17 20:10:49.000,Volta|Hohoe,1905.86,GHS,MOBILE_APP
ORMT-00004730,OR-C000205,9,SUCCESSFUL,2024-08-25 17:57:35.000,Greater Accra|Accra,3081.79,GHS,API
ORMT-00004749,OR-C000206,1,SUCCESSFUL,2024-07-26 14:27:22.000,Western|Takoradi,255.08,GHS,AGENT
ORMT-00004750,OR-C000206,5,SUCCESSFUL,2024-07-06 21:20:19.000,Western|Takoradi,781.63,GHS,AGENT
ORMT-00004751,OR-C000206,10,SUCCESSFUL,2024-07-19 11:07:37.000,Western|Takoradi,554.76,GHS,MOBILE_APP
ORMT-00004752,OR-C000206,6,SUCCESSFUL,2024-07-28 17:28:27.000,Western|Takoradi,144.26,GHS,AGENT
ORMT-00004753,OR-C000206,1,SUCCESSFUL,2024-08-31 15:39:48.000,Western|Takoradi,320.17,GHS,AGENT
ORMT-00004754,OR-C000206,5,SUCCESSFUL,2024-09-22 14:20:32.000,Western|Takoradi,120.84,GHS,API
ORMT-00004810,OR-C000209,4,SUCCESSFUL,2024-07-28 20:46:26.000,Ashanti|Obuasi,1455.77,GHS,AGENT
ORMT-00004817,OR-C000210,9,SUCCESSFUL,2024-07-13 10:07:41.000,Western|Tarkwa,483.57,GHS,AGENT
ORMT-00004818,OR-C000210,2,SUCCESSFUL,2024-07-20 15:02:04.000,Western|Tarkwa,2820.03,GHS,API
ORMT-00004819,OR-C000210,4,SUCCESSFUL,2024-07-24 20:22:20.000,Western|Tarkwa,338.39,GHS,THIRD_PARTY
ORMT-00004820,OR-C000210,5,SUCCESSFUL,2024-09-08 19:54:27.000,Western|Tarkwa,4694.49,GHS,API
ORMT-00004821,OR-C000210,10,FAILED,2024-09-23 11:59:20.000,Western|Tarkwa,866.41,GHS,MOBILE_APP
ORMT-00004843,OR-C000211,2,SUCCESSFUL,2024-07-28 10:15:49.000,Greater Accra|Kasoa,1777.14,GHS,MOBILE_APP
ORMT-00004844,OR-C000211,4,SUCCESSFUL,2024-08-02 07:06:10.000,Greater Accra|Kasoa,655.93,GHS,WEB
ORMT-00004845,OR-C000211,1,SUCCESSFUL,2024-09-11 16:31:43.000,Greater Accra|Kasoa,873.19,GHS,AGENT
ORMT-00004846,OR-C000211,8,SUCCESSFUL,2024-09-08 08:33:07.000,Greater Accra|Kasoa,841.39,GHS,THIRD_PARTY
ORMT-00004930,OR-C000216,9,SUCCESSFUL,2024-08-06 16:13:46.000,Greater Accra|Madina,210.76,GHS,AGENT
ORMT-00004931,OR-C000216,1,SUCCESSFUL,2024-09-12 08:59:02.000,Greater Accra|Madina,395.91,GHS,THIRD_PARTY
ORMT-00004932,OR-C000216,1,SUCCESSFUL,2024-09-18 15:29:33.000,Greater Accra|Madina,202.21,GHS,AGENT
ORMT-00004933,OR-C000216,3,SUCCESSFUL,2024-09-27 12:53:13.000,Greater Accra|Madina,352.55,GHS,API
ORMT-00004985,OR-C000218,7,REJECTED,2024-07-29 09:57:14.000,Greater Accra|Madina,1255.13,GHS,MOBILE_APP
ORMT-00004986,OR-C000218,7,SUCCESSFUL,2024-07-19 12:48:14.000,Greater Accra|Madina,399.37,GHS,AGENT
ORMT-00004987,OR-C000218,1,SUCCESSFUL,2024-07-11 15:46:26.000,Greater Accra|Madina,477.05,GHS,MOBILE_APP
ORMT-00004988,OR-C000218,5,SUCCESSFUL,2024-07-06 08:11:31.000,Greater Accra|Madina,998.54,GHS,AGENT
ORMT-00004989,OR-C000218,6,FAILED,2024-09-08 09:05:49.000,Greater Accra|Madina,529.13,GHS,API
ORMT-00005012,OR-C000219,4,SUCCESSFUL,2024-09-16 09:10:57.000,Greater Accra|Madina,121.1,GHS,WEB
ORMT-00005021,OR-C000220,4,SUCCESSFUL,2024-07-20 13:32:45.000,Greater Accra|Accra,165.51,GHS,THIRD_PARTY
ORMT-00005022,OR-C000220,3,SUCCESSFUL,2024-08-08 09:27:25.000,Greater Accra|Accra,851.93,GHS,THIRD_PARTY
ORMT-00005023,OR-C000220,5,SUCCESSFUL,2024-08-24 07:54:46.000,Greater Accra|Accra,963.3,GHS,AGENT
ORMT-00005024,OR-C000220,1,SUCCESSFUL,2024-08-03 17:39:43.000,Greater Accra|Accra,365.39,GHS,AGENT
ORMT-00005053,OR-C000221,1,FAILED,2024-07-05 07:14:04.000,Greater Accra|Tema,1771.94,GHS,AGENT
ORMT-00005054,OR-C000221,2,SUCCESSFUL,2024-07-12 14:57:09.000,Greater Accra|Tema,439.63,GHS,AGENT
ORMT-00005055,OR-C000221,1,SUCCESSFUL,2024-08-04 08:09:10.000,Greater Accra|Tema,887.21,GHS,MOBILE_APP
ORMT-00005056,OR-C000221,5,SUCCESSFUL,2024-08-19 21:52:51.000,Greater Accra|Tema,420.29,GHS,THIRD_PARTY
ORMT-00005057,OR-C000221,1,SUCCESSFUL,2024-08-29 16:58:41.000,Greater Accra|Tema,435.41,GHS,MOBILE_APP
ORMT-00005058,OR-C000221,10,SUCCESSFUL,2024-09-13 18:34:44.000,Greater Accra|Tema,996.65,GHS,MOBILE_APP
ORMT-00005059,OR-C000221,2,SUCCESSFUL,2024-09-09 21:38:18.000,Greater Accra|Tema,582.35,GHS,AGENT
ORMT-00005096,OR-C000222,6,SUCCESSFUL,2024-07-19 18:21:12.000,Upper East|Bolgatanga,1076.99,GHS,AGENT
ORMT-00005097,OR-C000222,3,SUCCESSFUL,2024-09-12 21:28:15.000,Upper East|Bolgatanga,78.42,GHS,AGENT
ORMT-00005098,OR-C000222,6,SUCCESSFUL,2024-09-18 21:25:54.000,Upper East|Bolgatanga,291.67,GHS,AGENT
ORMT-00005146,OR-C000227,9,SUCCESSFUL,2024-07-16 16:16:42.000,Greater Accra|Madina,397.83,GHS,MOBILE_APP
ORMT-00005147,OR-C000227,1,SUCCESSFUL,2024-09-24 18:56:51.000,Greater Accra|Madina,600.31,GHS,AGENT
ORMT-00005148,OR-C000227,1,SUCCESSFUL,2024-09-02 09:35:32.000,Greater Accra|Madina,530.26,GHS,WEB
ORMT-00005187,OR-C000228,7,SUCCESSFUL,2024-07-06 10:25:19.000,Upper West|Wa,531.95,GHS,MOBILE_APP
ORMT-00005188,OR-C000228,4,SUCCESSFUL,2024-07-17 07:04:34.000,Upper West|Wa,2247.28,GHS,THIRD_PARTY
ORMT-00005189,OR-C000228,9,SUCCESSFUL,2024-08-14 18:29:45.000,Upper West|Wa,2339.03,GHS,AGENT
ORMT-00005190,OR-C000228,1,SUCCESSFUL,2024-08-18 15:35:31.000,Upper West|Wa,812.1,GHS,MOBILE_APP
ORMT-00005238,OR-C000229,6,SUCCESSFUL,2024-07-07 12:14:02.000,Greater Accra|Tema,247.46,GHS,AGENT
ORMT-00005239,OR-C000229,4,SUCCESSFUL,2024-07-31 21:03:24.000,Greater Accra|Tema,725.03,GHS,THIRD_PARTY
ORMT-00005240,OR-C000229,1,SUCCESSFUL,2024-08-29 17:12:31.000,Greater Accra|Tema,951.76,GHS,AGENT
ORMT-00005241,OR-C000229,4,SUCCESSFUL,2024-08-09 14:55:13.000,Greater Accra|Tema,4747.55,GHS,AGENT
ORMT-00005275,OR-C000230,1,SUCCESSFUL,2024-08-06 14:59:41.000,Western|Axim,332.59,GHS,MOBILE_APP
ORMT-00005276,OR-C000230,8,SUCCESSFUL,2024-09-13 19:22:34.000,Western|Axim,604.42,GHS,AGENT
ORMT-00005291,OR-C000232,1,SUCCESSFUL,2024-07-16 12:01:56.000,Volta|Hohoe,1073.72,GHS,AGENT
ORMT-00005346,OR-C000234,9,SUCCESSFUL,2024-07-13 17:34:19.000,Eastern|Koforidua,2130.19,GHS,AGENT
ORMT-00005347,OR-C000234,3,SUCCESSFUL,2024-07-25 15:05:49.000,Eastern|Koforidua,660.49,GHS,AGENT
ORMT-00005348,OR-C000234,4,SUCCESSFUL,2024-07-11 16:26:04.000,Eastern|Koforidua,1221.63,GHS,MOBILE_APP
ORMT-00005349,OR-C000234,2,SUCCESSFUL,2024-07-02 12:50:15.000,Eastern|Koforidua,440.45,GHS,AGENT
ORMT-00005350,OR-C000234,5,SUCCESSFUL,2024-07-13 20:13:10.000,Eastern|Koforidua,2564.11,GHS,WEB
ORMT-00005351,OR-C000234,1,SUCCESSFUL,2024-08-10 14:20:18.000,Eastern|Koforidua,1493.18,GHS,THIRD_PARTY
ORMT-00005352,OR-C000234,4,SUCCESSFUL,2024-09-18 16:10:08.000,Eastern|Koforidua,2086.89,GHS,MOBILE_APP
ORMT-00005386,OR-C000235,4,SUCCESSFUL,2024-09-06 10:38:01.000,Northern|Tamale,822.03,GHS,AGENT
ORMT-00005387,OR-C000235,6,SUCCESSFUL,2024-09-05 20:31:51.000,Northern|Tamale,2103.14,GHS,MOBILE_APP
ORMT-00005430,OR-C000237,1,SUCCESSFUL,2024-07-01 12:33:00.000,Bono|Berekum,1440.8,GHS,API
ORMT-00005431,OR-C000237,5,SUCCESSFUL,2024-09-17 19:50:52.000,Bono|Berekum,555.07,GHS,THIRD_PARTY
ORMT-00005460,OR-C000240,8,SUCCESSFUL,2024-07-09 08:51:06.000,Eastern|Akropong,2390.51,GHS,AGENT
ORMT-00005464,OR-C000241,1,SUCCESSFUL,2024-07-24 15:27:02.000,Eastern|Koforidua,651.36,GHS,MOBILE_APP
ORMT-00005482,OR-C000242,9,SUCCESSFUL,2024-09-11 17:02:23.000,Greater Accra|Madina,2269.91,GHS,AGENT
ORMT-00005483,OR-C000242,3,SUCCESSFUL,2024-09-14 10:02:32.000,Greater Accra|Madina,1725.36,GHS,MOBILE_APP
ORMT-00005518,OR-C000245,1,SUCCESSFUL,2024-08-18 20:26:58.000,Northern|Tamale,356.64,GHS,WEB
ORMT-00005519,OR-C000245,1,SUCCESSFUL,2024-08-10 12:32:09.000,Northern|Tamale,930.08,GHS,MOBILE_APP
ORMT-00005520,OR-C000245,2,SUCCESSFUL,2024-08-08 20:39:47.000,Northern|Tamale,814.47,GHS,MOBILE_APP
ORMT-00005521,OR-C000245,1,SUCCESSFUL,2024-09-22 14:33:43.000,Northern|Tamale,1609.37,GHS,MOBILE_APP
ORMT-00005522,OR-C000245,4,SUCCESSFUL,2024-09-18 08:59:21.000,Northern|Tamale,618.83,GHS,API
ORMT-00005548,OR-C000246,2,SUCCESSFUL,2024-07-19 08:16:55.000,Volta|Keta,352.6,GHS,THIRD_PARTY
ORMT-00005562,OR-C000247,1,SUCCESSFUL,2024-09-26 12:06:47.000,Greater Accra|Tema,465.97,GHS,AGENT
ORMT-00005571,OR-C000248,1,SUCCESSFUL,2024-08-05 21:50:47.000,Greater Accra|Tema,3729.71,GHS,WEB
ORMT-00005585,OR-C000250,4,SUCCESSFUL,2024-07-18 21:51:19.000,Upper East|Navrongo,531.48,GHS,THIRD_PARTY
ORMT-00005586,OR-C000250,3,SUCCESSFUL,2024-07-12 17:11:03.000,Upper East|Navrongo,387.03,GHS,THIRD_PARTY
ORMT-00005587,OR-C000250,5,SUCCESSFUL,2024-08-24 14:15:36.000,Upper East|Navrongo,2177.76,GHS,MOBILE_APP
ORMT-00005588,OR-C000250,8,SUCCESSFUL,2024-08-14 18:32:21.000,Upper East|Navrongo,397.77,GHS,AGENT
ORMT-00005589,OR-C000250,6,SUCCESSFUL,2024-09-14 10:43:40.000,Upper East|Navrongo,213.53,GHS,THIRD_PARTY
ORMT-00005590,OR-C000250,1,SUCCESSFUL,2024-09-07 09:10:43.000,Upper East|Navrongo,261.18,GHS,MOBILE_APP
ORMT-00005591,OR-C000250,2,SUCCESSFUL,2024-09-21 09:07:19.000,Upper East|Navrongo,2401.38,GHS,AGENT
ORMT-00005592,OR-C000250,1,SUCCESSFUL,2024-09-18 08:05:24.000,Upper East|Navrongo,406.36,GHS,MOBILE_APP
ORMT-00005623,OR-C000251,4,SUCCESSFUL,2024-09-27 07:31:45.000,Greater Accra|Accra,629.14,GHS,WEB
ORMT-00005624,OR-C000251,1,SUCCESSFUL,2024-09-12 16:58:35.000,Greater Accra|Accra,764.67,GHS,AGENT
ORMT-00005625,OR-C000251,1,SUCCESSFUL,2024-09-21 10:20:38.000,Greater Accra|Accra,290.75,GHS,THIRD_PARTY
ORMT-00005626,OR-C000251,1,SUCCESSFUL,2024-09-18 09:21:10.000,Greater Accra|Accra,1043.9,GHS,THIRD_PARTY
ORMT-00005627,OR-C000251,2,SUCCESSFUL,2024-09-27 15:29:16.000,Greater Accra|Accra,676.65,GHS,THIRD_PARTY
ORMT-00005628,OR-C000251,6,SUCCESSFUL,2024-09-08 19:56:49.000,Greater Accra|Accra,1555.21,GHS,AGENT
ORMT-00005629,OR-C000251,10,SUCCESSFUL,2024-09-09 18:31:03.000,Greater Accra|Accra,981.12,GHS,AGENT
ORMT-00005630,OR-C000251,4,SUCCESSFUL,2024-09-18 18:39:12.000,Greater Accra|Accra,1183.0,GHS,AGENT
ORMT-00005631,OR-C000251,9,SUCCESSFUL,2024-09-05 21:12:19.000,Greater Accra|Accra,2663.21,GHS,THIRD_PARTY
ORMT-00005632,OR-C000251,9,SUCCESSFUL,2024-09-06 21:30:56.000,Greater Accra|Accra,813.61,GHS,MOBILE_APP
ORMT-00005633,OR-C000251,8,SUCCESSFUL,2024-09-29 10:47:22.000,Greater Accra|Accra,1566.32,GHS,AGENT
ORMT-00005727,OR-C000252,1,SUCCESSFUL,2024-07-14 16:57:12.000,Eastern|Koforidua,555.8,GHS,AGENT
ORMT-00005728,OR-C000252,2,SUCCESSFUL,2024-07-28 18:42:08.000,Eastern|Koforidua,1527.87,GHS,AGENT
ORMT-00005729,OR-C000252,6,SUCCESSFUL,2024-07-31 17:36:10.000,Eastern|Koforidua,5572.02,GHS,MOBILE_APP
ORMT-00005730,OR-C000252,2,SUCCESSFUL,2024-07-23 11:01:46.000,Eastern|Koforidua,1214.83,GHS,WEB
ORMT-00005731,OR-C000252,8,SUCCESSFUL,2024-07-26 09:23:26.000,Eastern|Koforidua,242.02,GHS,WEB
ORMT-00005732,OR-C000252,2,SUCCESSFUL,2024-07-05 10:58:37.000,Eastern|Koforidua,1532.47,GHS,AGENT
ORMT-00005733,OR-C000252,3,SUCCESSFUL,2024-08-05 17:33:24.000,Eastern|Koforidua,222.22,GHS,AGENT
ORMT-00005734,OR-C000252,1,SUCCESSFUL,2024-08-29 16:08:04.000,Eastern|Koforidua,204.54,GHS,AGENT
ORMT-00005735,OR-C000252,5,SUCCESSFUL,2024-08-31 17:15:51.000,Eastern|Koforidua,877.53,GHS,MOBILE_APP
ORMT-00005736,OR-C000252,9,SUCCESSFUL,2024-08-28 08:58:41.000,Eastern|Koforidua,276.03,GHS,MOBILE_APP
ORMT-00005737,OR-C000252,1,SUCCESSFUL,2024-08-30 15:57:10.000,Eastern|Koforidua,1046.65,GHS,MOBILE_APP
ORMT-00005738,OR-C000252,10,SUCCESSFUL,2024-08-15 15:38:18.000,Eastern|Koforidua,4111.34,GHS,AGENT
ORMT-00005739,OR-C000252,1,FAILED,2024-08-03 11:24:05.000,Eastern|Koforidua,559.4,GHS,MOBILE_APP
ORMT-00005740,OR-C000252,1,REJECTED,2024-08-22 11:39:41.000,Eastern|Koforidua,768.44,GHS,MOBILE_APP
ORMT-00005741,OR-C000252,7,FAILED,2024-08-11 17:20:34.000,Eastern|Koforidua,117.54,GHS,MOBILE_APP
ORMT-00005742,OR-C000252,3,SUCCESSFUL,2024-09-13 17:08:34.000,Eastern|Koforidua,842.79,GHS,AGENT
ORMT-00005743,OR-C000252,9,SUCCESSFUL,2024-09-13 11:06:07.000,Eastern|Koforidua,382.45,GHS,WEB
ORMT-00005744,OR-C000252,9,SUCCESSFUL,2024-09-08 15:32:40.000,Eastern|Koforidua,1450.13,GHS,MOBILE_APP
ORMT-00005745,OR-C000252,2,SUCCESSFUL,2024-09-27 08:20:37.000,Eastern|Koforidua,160.69,GHS,WEB
ORMT-00005860,OR-C000254,8,SUCCESSFUL,2024-07-09 18:12:41.000,Greater Accra|Accra,491.77,GHS,AGENT
ORMT-00005861,OR-C000254,1,SUCCESSFUL,2024-07-28 07:01:44.000,Greater Accra|Accra,589.68,GHS,API
ORMT-00005862,OR-C000254,5,SUCCESSFUL,2024-09-27 16:32:59.000,Greater Accra|Accra,1201.97,GHS,AGENT
ORMT-00005907,OR-C000255,1,SUCCESSFUL,2024-07-05 18:20:51.000,Ashanti|Obuasi,376.57,GHS,AGENT
ORMT-00005908,OR-C000255,1,FAILED,2024-07-16 16:15:27.000,Ashanti|Obuasi,717.5,GHS,THIRD_PARTY
ORMT-00005909,OR-C000255,4,SUCCESSFUL,2024-07-12 19:24:44.000,Ashanti|Obuasi,554.88,GHS,AGENT
ORMT-00005910,OR-C000255,3,SUCCESSFUL,2024-08-20 08:44:02.000,Ashanti|Obuasi,392.88,GHS,AGENT
ORMT-00005911,OR-C000255,2,SUCCESSFUL,2024-08-28 20:14:51.000,Ashanti|Obuasi,338.88,GHS,MOBILE_APP
ORMT-00005912,OR-C000255,1,SUCCESSFUL,2024-08-17 07:35:24.000,Ashanti|Obuasi,1245.04,GHS,API
ORMT-00005913,OR-C000255,2,SUCCESSFUL,2024-09-30 12:19:07.000,Ashanti|Obuasi,930.33,GHS,MOBILE_APP
ORMT-00005914,OR-C000255,1,SUCCESSFUL,2024-09-22 12:32:16.000,Ashanti|Obuasi,168.48,GHS,THIRD_PARTY
ORMT-00005915,OR-C000255,3,SUCCESSFUL,2024-09-06 19:13:35.000,Ashanti|Obuasi,2099.69,GHS,AGENT
ORMT-00005916,OR-C000255,7,SUCCESSFUL,2024-09-21 10:34:37.000,Ashanti|Obuasi,943.06,GHS,API
ORMT-00005917,OR-C000255,6,SUCCESSFUL,2024-09-23 13:01:00.000,Ashanti|Obuasi,611.83,GHS,WEB
ORMT-00006053,OR-C000259,2,SUCCESSFUL,2024-08-11 10:41:23.000,Ashanti|Obuasi,2200.35,GHS,AGENT
ORMT-00006054,OR-C000259,4,SUCCESSFUL,2024-08-09 20:52:41.000,Ashanti|Obuasi,380.61,GHS,API
ORMT-00006055,OR-C000259,1,SUCCESSFUL,2024-08-10 09:21:49.000,Ashanti|Obuasi,1585.17,GHS,WEB
ORMT-00006056,OR-C000259,9,SUCCESSFUL,2024-09-12 08:48:25.000,Ashanti|Obuasi,191.09,GHS,WEB
ORMT-00006057,OR-C000259,2,SUCCESSFUL,2024-09-05 12:09:21.000,Ashanti|Obuasi,184.35,GHS,WEB
ORMT-00006058,OR-C000259,2,SUCCESSFUL,2024-09-29 17:21:41.000,Ashanti|Obuasi,457.01,GHS,AGENT
ORMT-00006059,OR-C000259,3,SUCCESSFUL,2024-09-28 11:38:08.000,Ashanti|Obuasi,312.05,GHS,AGENT
ORMT-00006060,OR-C000259,8,SUCCESSFUL,2024-09-04 16:35:18.000,Ashanti|Obuasi,242.96,GHS,THIRD_PARTY
ORMT-00006061,OR-C000259,2,SUCCESSFUL,2024-09-10 19:04:07.000,Ashanti|Obuasi,105.74,GHS,AGENT
ORMT-00006089,OR-C000260,2,SUCCESSFUL,2024-09-28 15:23:40.000,Ashanti|Kumasi,1190.8,GHS,MOBILE_APP
ORMT-00006167,OR-C000262,2,SUCCESSFUL,2024-07-13 15:35:21.000,Upper West|Wa,727.31,GHS,THIRD_PARTY
ORMT-00006168,OR-C000262,8,SUCCESSFUL,2024-07-29 19:00:39.000,Upper West|Wa,1302.44,GHS,AGENT
ORMT-00006169,OR-C000262,2,SUCCESSFUL,2024-07-29 17:54:18.000,Upper West|Wa,223.04,GHS,THIRD_PARTY
ORMT-00006170,OR-C000262,1,SUCCESSFUL,2024-07-06 12:10:57.000,Upper West|Wa,665.59,GHS,MOBILE_APP
ORMT-00006171,OR-C000262,3,SUCCESSFUL,2024-07-30 20:42:17.000,Upper West|Wa,281.25,GHS,MOBILE_APP
ORMT-00006172,OR-C000262,4,SUCCESSFUL,2024-08-03 21:50:08.000,Upper West|Wa,285.22,GHS,MOBILE_APP
ORMT-00006173,OR-C000262,2,SUCCESSFUL,2024-08-20 09:04:29.000,Upper West|Wa,762.96,GHS,AGENT
ORMT-00006174,OR-C000262,1,SUCCESSFUL,2024-08-04 15:23:00.000,Upper West|Wa,2494.4,GHS,AGENT
ORMT-00006175,OR-C000262,7,SUCCESSFUL,2024-08-18 17:19:21.000,Upper West|Wa,558.83,GHS,AGENT
ORMT-00006176,OR-C000262,9,SUCCESSFUL,2024-08-18 18:32:53.000,Upper West|Wa,280.02,GHS,THIRD_PARTY
ORMT-00006177,OR-C000262,5,SUCCESSFUL,2024-08-19 13:05:50.000,Upper West|Wa,310.75,GHS,MOBILE_APP
ORMT-00006178,OR-C000262,1,SUCCESSFUL,2024-09-07 11:41:26.000,Upper West|Wa,594.03,GHS,AGENT
ORMT-00006179,OR-C000262,3,SUCCESSFUL,2024-09-02 10:21:54.000,Upper West|Wa,805.39,GHS,THIRD_PARTY
ORMT-00006180,OR-C000262,1,SUCCESSFUL,2024-09-29 09:43:24.000,Upper West|Wa,462.12,GHS,API
ORMT-00006257,OR-C000263,7,SUCCESSFUL,2024-07-07 08:47:52.000,Ashanti|Ejisu,467.49,GHS,API
ORMT-00006258,OR-C000263,5,SUCCESSFUL,2024-08-09 19:59:59.000,Ashanti|Ejisu,1583.17,GHS,AGENT
ORMT-00006259,OR-C000263,4,SUCCESSFUL,2024-08-16 10:38:37.000,Ashanti|Ejisu,1747.71,GHS,MOBILE_APP
ORMT-00006260,OR-C000263,1,SUCCESSFUL,2024-08-28 21:55:02.000,Ashanti|Ejisu,214.0,GHS,WEB
ORMT-00006261,OR-C000263,1,SUCCESSFUL,2024-09-18 12:07:46.000,Ashanti|Ejisu,1513.77,GHS,API
ORMT-00006284,OR-C000264,5,SUCCESSFUL,2024-09-23 11:13:49.000,Greater Accra|Kasoa,503.32,GHS,AGENT
ORMT-00006285,OR-C000264,3,SUCCESSFUL,2024-09-23 16:13:15.000,Greater Accra|Kasoa,1754.65,GHS,MOBILE_APP
ORMT-00006286,OR-C000264,1,SUCCESSFUL,2024-09-22 12:00:32.000,Greater Accra|Kasoa,264.24,GHS,AGENT
ORMT-00006318,OR-C000265,4,SUCCESSFUL,2024-08-11 19:28:34.000,Greater Accra|Madina,972.64,GHS,WEB
ORMT-00006319,OR-C000265,4,SUCCESSFUL,2024-08-18 13:44:59.000,Greater Accra|Madina,3012.74,GHS,AGENT
ORMT-00006320,OR-C000265,2,SUCCESSFUL,2024-08-23 12:19:45.000,Greater Accra|Madina,1239.58,GHS,AGENT
ORMT-00006364,OR-C000267,6,SUCCESSFUL,2024-07-30 11:27:02.000,Bono East|Kintampo,2187.81,GHS,API
ORMT-00006365,OR-C000267,7,SUCCESSFUL,2024-07-30 21:41:48.000,Bono East|Kintampo,269.4,GHS,MOBILE_APP
ORMT-00006366,OR-C000267,5,SUCCESSFUL,2024-08-01 08:59:07.000,Bono East|Kintampo,1341.11,GHS,AGENT
ORMT-00006367,OR-C000267,3,SUCCESSFUL,2024-08-14 20:16:48.000,Bono East|Kintampo,1159.11,GHS,AGENT
ORMT-00006434,OR-C000271,10,SUCCESSFUL,2024-07-18 10:34:11.000,Greater Accra|Kasoa,269.54,GHS,API
ORMT-00006435,OR-C000271,6,SUCCESSFUL,2024-07-24 09:45:16.000,Greater Accra|Kasoa,621.59,GHS,AGENT
ORMT-00006436,OR-C000271,9,SUCCESSFUL,2024-07-24 19:12:05.000,Greater Accra|Kasoa,1776.08,GHS,AGENT
ORMT-00006471,OR-C000272,6,SUCCESSFUL,2024-07-03 12:45:37.000,Ashanti|Ejisu,1872.18,GHS,THIRD_PARTY
ORMT-00006472,OR-C000272,7,SUCCESSFUL,2024-07-20 15:08:00.000,Ashanti|Ejisu,1125.63,GHS,MOBILE_APP
ORMT-00006495,OR-C000273,9,SUCCESSFUL,2024-09-04 18:51:01.000,Bono|Berekum,360.97,GHS,MOBILE_APP
ORMT-00006496,OR-C000273,8,REJECTED,2024-09-21 20:24:46.000,Bono|Berekum,275.27,GHS,THIRD_PARTY
ORMT-00006554,OR-C000278,7,SUCCESSFUL,2024-08-23 09:21:17.000,Ashanti|Ejisu,1010.67,GHS,API
ORMT-00006581,OR-C000279,6,SUCCESSFUL,2024-09-08 08:27:33.000,Greater Accra|Madina,3645.64,GHS,AGENT
ORMT-00006619,OR-C000280,1,SUCCESSFUL,2024-09-14 14:35:10.000,Western|Takoradi,954.78,GHS,THIRD_PARTY
ORMT-00006622,OR-C000281,1,SUCCESSFUL,2024-09-18 19:04:19.000,Northern|Yendi,81.48,GHS,AGENT
ORMT-00006637,OR-C000283,3,SUCCESSFUL,2024-07-24 12:17:28.000,Northern|Tamale,198.31,GHS,AGENT
ORMT-00006702,OR-C000284,1,SUCCESSFUL,2024-07-23 08:30:33.000,Greater Accra|Kasoa,798.71,GHS,AGENT
ORMT-00006703,OR-C000284,1,SUCCESSFUL,2024-07-12 12:19:02.000,Greater Accra|Kasoa,523.15,GHS,MOBILE_APP
ORMT-00006704,OR-C000284,1,SUCCESSFUL,2024-07-22 11:37:23.000,Greater Accra|Kasoa,678.92,GHS,AGENT
ORMT-00006705,OR-C000284,10,SUCCESSFUL,2024-07-19 13:24:15.000,Greater Accra|Kasoa,838.33,GHS,THIRD_PARTY
ORMT-00006706,OR-C000284,1,SUCCESSFUL,2024-07-23 11:28:03.000,Greater Accra|Kasoa,136.32,GHS,MOBILE_APP
ORMT-00006707,OR-C000284,9,SUCCESSFUL,2024-07-23 12:54:36.000,Greater Accra|Kasoa,752.78,GHS,AGENT
ORMT-00006708,OR-C000284,6,SUCCESSFUL,2024-08-04 21:40:34.000,Greater Accra|Kasoa,850.1,GHS,MOBILE_APP
ORMT-00006709,OR-C000284,1,SUCCESSFUL,2024-08-17 16:41:33.000,Greater Accra|Kasoa,208.16,GHS,MOBILE_APP
ORMT-00006710,OR-C000284,1,SUCCESSFUL,2024-08-17 13:41:06.000,Greater Accra|Kasoa,845.78,GHS,MOBILE_APP
ORMT-00006711,OR-C000284,2,SUCCESSFUL,2024-09-10 14:12:08.000,Greater Accra|Kasoa,2094.53,GHS,AGENT
ORMT-00006712,OR-C000284,5,SUCCESSFUL,2024-09-28 13:37:15.000,Greater Accra|Kasoa,195.72,GHS,AGENT
ORMT-00006776,OR-C000286,6,SUCCESSFUL,2024-08-03 16:47:54.000,Greater Accra|Tema,90.79,GHS,THIRD_PARTY
ORMT-00006777,OR-C000286,4,SUCCESSFUL,2024-09-12 14:54:29.000,Greater Accra|Tema,329.83,GHS,THIRD_PARTY
ORMT-00006778,OR-C000286,1,SUCCESSFUL,2024-09-18 14:27:58.000,Greater Accra|Tema,167.55,GHS,MOBILE_APP
ORMT-00006802,OR-C000288,1,SUCCESSFUL,2024-09-20 15:42:04.000,Ashanti|Ejisu,481.18,GHS,THIRD_PARTY
ORMT-00006828,OR-C000289,4,SUCCESSFUL,2024-07-31 21:53:04.000,Bono|Berekum,1431.75,GHS,WEB
ORMT-00006829,OR-C000289,4,SUCCESSFUL,2024-08-17 21:16:23.000,Bono|Berekum,389.09,GHS,AGENT
ORMT-00006830,OR-C000289,4,SUCCESSFUL,2024-08-08 13:31:31.000,Bono|Berekum,652.2,GHS,THIRD_PARTY
ORMT-00006831,OR-C000289,1,SUCCESSFUL,2024-09-24 17:26:48.000,Bono|Berekum,466.76,GHS,AGENT
ORMT-00006832,OR-C000289,1,SUCCESSFUL,2024-09-08 21:24:50.000,Bono|Berekum,1084.32,GHS,API
ORMT-00006859,OR-C000290,2,FAILED,2024-09-13 17:16:55.000,Central|Elmina,1000.94,GHS,AGENT
ORMT-00006874,OR-C000291,7,SUCCESSFUL,2024-08-15 17:37:39.000,Volta|Hohoe,348.52,GHS,MOBILE_APP
ORMT-00006875,OR-C000291,8,SUCCESSFUL,2024-09-17 21:07:10.000,Volta|Hohoe,636.38,GHS,AGENT
ORMT-00006876,OR-C000291,4,SUCCESSFUL,2024-09-27 18:09:41.000,Volta|Hohoe,550.44,GHS,MOBILE_APP
ORMT-00006895,OR-C000292,3,SUCCESSFUL,2024-07-31 19:12:34.000,Ashanti|Ejisu,174.16,GHS,AGENT
ORMT-00006949,OR-C000297,1,SUCCESSFUL,2024-09-07 18:43:45.000,Central|Winneba,578.67,GHS,AGENT
ORMT-00006950,OR-C000297,5,SUCCESSFUL,2024-09-11 20:28:39.000,Central|Winneba,1134.29,GHS,API
ORMT-00006954,OR-C000298,3,SUCCESSFUL,2024-08-31 15:10:15.000,Central|Cape Coast,351.29,GHS,AGENT
ORMT-00006955,OR-C000298,6,SUCCESSFUL,2024-09-23 16:02:48.000,Central|Cape Coast,1276.33,GHS,AGENT
ORMT-00007055,OR-C000299,5,SUCCESSFUL,2024-07-12 11:17:19.000,Greater Accra|Kasoa,742.66,GHS,API
ORMT-00007056,OR-C000299,4,SUCCESSFUL,2024-08-24 20:57:45.000,Greater Accra|Kasoa,1335.95,GHS,MOBILE_APP
ORMT-00007057,OR-C000299,2,SUCCESSFUL,2024-08-03 19:01:27.000,Greater Accra|Kasoa,1466.99,GHS,AGENT
ORMT-00007058,OR-C000299,6,SUCCESSFUL,2024-09-04 09:01:46.000,Greater Accra|Kasoa,1247.99,GHS,THIRD_PARTY
ORMT-00007130,OR-C000300,3,SUCCESSFUL,2024-07-09 07:23:05.000,Greater Accra|Kasoa,676.13,GHS,MOBILE_APP
ORMT-00007131,OR-C000300,1,SUCCESSFUL,2024-07-09 16:34:08.000,Greater Accra|Kasoa,2619.33,GHS,AGENT
ORMT-00007132,OR-C000300,3,SUCCESSFUL,2024-07-14 18:59:06.000,Greater Accra|Kasoa,883.6,GHS,WEB
ORMT-00007133,OR-C000300,3,SUCCESSFUL,2024-07-01 08:14:56.000,Greater Accra|Kasoa,569.45,GHS,MOBILE_APP
ORMT-00007134,OR-C000300,1,SUCCESSFUL,2024-07-31 07:54:16.000,Greater Accra|Kasoa,866.01,GHS,MOBILE_APP
ORMT-00007135,OR-C000300,2,SUCCESSFUL,2024-07-23 17:12:02.000,Greater Accra|Kasoa,4554.51,GHS,API
ORMT-00007136,OR-C000300,1,SUCCESSFUL,2024-08-06 17:35:07.000,Greater Accra|Kasoa,374.92,GHS,API
ORMT-00007137,OR-C000300,2,REJECTED,2024-08-17 10:09:34.000,Greater Accra|Kasoa,971.1,GHS,AGENT
ORMT-00007138,OR-C000300,1,SUCCESSFUL,2024-09-14 19:33:18.000,Greater Accra|Kasoa,998.68,GHS,AGENT
ORMT-00007155,OR-C000302,4,FAILED,2024-09-30 08:47:31.000,Ashanti|Kumasi,517.37,GHS,MOBILE_APP
ORMT-00007188,OR-C000303,5,SUCCESSFUL,2024-07-17 07:35:02.000,Eastern|Akropong,4615.39,GHS,API
ORMT-00007189,OR-C000303,1,SUCCESSFUL,2024-07-19 17:16:52.000,Eastern|Akropong,772.09,GHS,MOBILE_APP
ORMT-00007190,OR-C000303,5,SUCCESSFUL,2024-08-06 11:18:32.000,Eastern|Akropong,191.82,GHS,API
ORMT-00007191,OR-C000303,2,SUCCESSFUL,2024-09-07 12:40:45.000,Eastern|Akropong,1448.66,GHS,AGENT
ORMT-00007192,OR-C000303,9,SUCCESSFUL,2024-09-04 08:35:40.000,Eastern|Akropong,432.17,GHS,THIRD_PARTY
ORMT-00007226,OR-C000304,4,SUCCESSFUL,2024-07-07 19:31:34.000,Greater Accra|Accra,208.59,GHS,AGENT
ORMT-00007227,OR-C000304,10,FAILED,2024-08-14 16:37:25.000,Greater Accra|Accra,2414.25,GHS,MOBILE_APP
ORMT-00007253,OR-C000306,2,SUCCESSFUL,2024-07-15 09:59:44.000,Northern|Savelugu,1143.65,GHS,API
ORMT-00007254,OR-C000306,2,SUCCESSFUL,2024-07-22 21:40:04.000,Northern|Savelugu,664.48,GHS,THIRD_PARTY
ORMT-00007255,OR-C000306,9,SUCCESSFUL,2024-07-31 12:30:11.000,Northern|Savelugu,2201.1,GHS,THIRD_PARTY
ORMT-00007256,OR-C000306,1,SUCCESSFUL,2024-07-30 15:43:45.000,Northern|Savelugu,851.19,GHS,THIRD_PARTY
ORMT-00007257,OR-C000306,10,SUCCESSFUL,2024-08-24 20:09:36.000,Northern|Savelugu,199.21,GHS,AGENT
ORMT-00007258,OR-C000306,2,SUCCESSFUL,2024-08-29 07:18:23.000,Northern|Savelugu,147.69,GHS,AGENT
ORMT-00007259,OR-C000306,1,SUCCESSFUL,2024-09-30 15:26:07.000,Northern|Savelugu,225.28,GHS,MOBILE_APP
ORMT-00007277,OR-C000307,9,SUCCESSFUL,2024-07-09 09:00:59.000,Northern|Tamale,497.5,GHS,MOBILE_APP
ORMT-00007278,OR-C000307,1,SUCCESSFUL,2024-07-16 14:14:30.000,Northern|Tamale,309.64,GHS,AGENT
ORMT-00007279,OR-C000307,4,SUCCESSFUL,2024-08-23 10:13:10.000,Northern|Tamale,518.82,GHS,AGENT
ORMT-00007331,OR-C000310,2,SUCCESSFUL,2024-07-16 13:21:00.000,Western|Tarkwa,1415.52,GHS,AGENT
ORMT-00007332,OR-C000310,2,SUCCESSFUL,2024-08-08 11:39:02.000,Western|Tarkwa,1117.65,GHS,API
ORMT-00007349,OR-C000311,1,SUCCESSFUL,2024-09-23 13:33:18.000,Greater Accra|Madina,4076.31,GHS,AGENT
ORMT-00007373,OR-C000314,1,SUCCESSFUL,2024-08-05 11:42:34.000,Oti|Dambai,612.44,GHS,AGENT
ORMT-00007374,OR-C000314,8,SUCCESSFUL,2024-09-22 15:52:20.000,Oti|Dambai,759.02,GHS,AGENT
ORMT-00007380,OR-C000315,10,SUCCESSFUL,2024-07-05 19:40:27.000,Eastern|Koforidua,734.89,GHS,API
ORMT-00007388,OR-C000317,7,SUCCESSFUL,2024-08-30 13:10:07.000,Central|Cape Coast,1516.97,GHS,MOBILE_APP
ORMT-00007389,OR-C000317,6,SUCCESSFUL,2024-09-10 09:49:26.000,Central|Cape Coast,1102.42,GHS,AGENT
ORMT-00007474,OR-C000320,9,SUCCESSFUL,2024-07-22 14:52:14.000,Eastern|Akropong,1663.71,GHS,API
ORMT-00007475,OR-C000320,5,SUCCESSFUL,2024-07-09 13:11:03.000,Eastern|Akropong,1019.59,GHS,WEB
ORMT-00007476,OR-C000320,2,SUCCESSFUL,2024-07-22 08:51:49.000,Eastern|Akropong,263.15,GHS,AGENT
ORMT-00007477,OR-C000320,9,SUCCESSFUL,2024-08-22 21:48:23.000,Eastern|Akropong,759.3,GHS,MOBILE_APP
ORMT-00007478,OR-C000320,1,SUCCESSFUL,2024-08-19 20:34:55.000,Eastern|Akropong,1497.26,GHS,AGENT
ORMT-00007479,OR-C000320,2,SUCCESSFUL,2024-08-14 11:39:11.000,Eastern|Akropong,1524.88,GHS,WEB
ORMT-00007480,OR-C000320,4,SUCCESSFUL,2024-08-15 11:11:33.000,Eastern|Akropong,1995.39,GHS,MOBILE_APP
ORMT-00007481,OR-C000320,2,SUCCESSFUL,2024-08-28 20:46:03.000,Eastern|Akropong,581.16,GHS,API
ORMT-00007482,OR-C000320,6,SUCCESSFUL,2024-08-22 13:14:51.000,Eastern|Akropong,2665.77,GHS,AGENT
ORMT-00007483,OR-C000320,1,SUCCESSFUL,2024-09-14 16:43:14.000,Eastern|Akropong,374.28,GHS,API
ORMT-00007484,OR-C000320,5,SUCCESSFUL,2024-09-16 10:46:43.000,Eastern|Akropong,485.09,GHS,AGENT
ORMT-00007485,OR-C000320,3,SUCCESSFUL,2024-09-29 17:42:55.000,Eastern|Akropong,390.51,GHS,THIRD_PARTY
ORMT-00007591,OR-C000321,1,SUCCESSFUL,2024-07-02 12:09:52.000,Ahafo|Goaso,637.29,GHS,THIRD_PARTY
ORMT-00007592,OR-C000321,3,SUCCESSFUL,2024-07-31 18:25:33.000,Ahafo|Goaso,538.44,GHS,MOBILE_APP
ORMT-00007593,OR-C000321,1,SUCCESSFUL,2024-07-21 10:42:21.000,Ahafo|Goaso,689.35,GHS,MOBILE_APP
ORMT-00007594,OR-C000321,6,SUCCESSFUL,2024-07-11 15:17:28.000,Ahafo|Goaso,847.17,GHS,WEB
ORMT-00007595,OR-C000321,3,SUCCESSFUL,2024-07-25 12:56:29.000,Ahafo|Goaso,2567.03,GHS,AGENT
ORMT-00007596,OR-C000321,3,SUCCESSFUL,2024-07-02 21:46:14.000,Ahafo|Goaso,2309.69,GHS,API
ORMT-00007597,OR-C000321,4,SUCCESSFUL,2024-08-04 15:36:03.000,Ahafo|Goaso,462.52,GHS,AGENT
ORMT-00007598,OR-C000321,2,SUCCESSFUL,2024-09-11 18:04:09.000,Ahafo|Goaso,496.75,GHS,AGENT
ORMT-00007637,OR-C000324,2,SUCCESSFUL,2024-07-21 12:50:31.000,Greater Accra|Kasoa,1023.01,GHS,AGENT
ORMT-00007638,OR-C000324,2,SUCCESSFUL,2024-09-27 21:01:06.000,Greater Accra|Kasoa,1033.18,GHS,THIRD_PARTY
ORMT-00007766,OR-C000329,7,SUCCESSFUL,2024-07-18 08:49:42.000,Upper West|Wa,2298.67,GHS,AGENT
ORMT-00007767,OR-C000329,8,SUCCESSFUL,2024-07-28 21:31:52.000,Upper West|Wa,985.56,GHS,THIRD_PARTY
ORMT-00007768,OR-C000329,2,SUCCESSFUL,2024-08-24 17:18:44.000,Upper West|Wa,365.22,GHS,API
ORMT-00007769,OR-C000329,6,SUCCESSFUL,2024-09-25 19:11:53.000,Upper West|Wa,1038.94,GHS,MOBILE_APP
ORMT-00007770,OR-C000329,1,SUCCESSFUL,2024-09-03 14:33:03.000,Upper West|Wa,444.0,GHS,WEB
ORMT-00007835,OR-C000330,10,SUCCESSFUL,2024-08-28 19:57:53.000,Upper West|Lawra,1660.5,GHS,MOBILE_APP
ORMT-00007866,OR-C000331,4,SUCCESSFUL,2024-08-10 09:48:41.000,Northern|Yendi,691.77,GHS,MOBILE_APP
ORMT-00007867,OR-C000331,3,SUCCESSFUL,2024-08-29 07:45:55.000,Northern|Yendi,446.56,GHS,AGENT
ORMT-00007868,OR-C000331,3,SUCCESSFUL,2024-08-08 11:10:46.000,Northern|Yendi,1322.78,GHS,API
ORMT-00007869,OR-C000331,1,SUCCESSFUL,2024-09-13 17:35:46.000,Northern|Yendi,1193.35,GHS,MOBILE_APP
ORMT-00007870,OR-C000331,5,SUCCESSFUL,2024-09-12 08:59:26.000,Northern|Yendi,173.67,GHS,MOBILE_APP
ORMT-00007871,OR-C000331,1,SUCCESSFUL,2024-09-25 11:15:18.000,Northern|Yendi,1147.77,GHS,API
ORMT-00007872,OR-C000331,7,SUCCESSFUL,2024-09-30 09:02:43.000,Northern|Yendi,1260.53,GHS,MOBILE_APP
ORMT-00007904,OR-C000332,3,SUCCESSFUL,2024-07-18 18:25:19.000,Eastern|Nkawkaw,170.62,GHS,API
ORMT-00007936,OR-C000334,1,SUCCESSFUL,2024-07-31 20:39:17.000,Greater Accra|Accra,55.19,GHS,THIRD_PARTY
ORMT-00007937,OR-C000334,7,SUCCESSFUL,2024-07-23 20:21:30.000,Greater Accra|Accra,1485.68,GHS,AGENT
ORMT-00007938,OR-C000334,1,SUCCESSFUL,2024-08-08 08:47:04.000,Greater Accra|Accra,275.46,GHS,AGENT
ORMT-00007939,OR-C000334,7,SUCCESSFUL,2024-08-17 20:08:40.000,Greater Accra|Accra,833.96,GHS,AGENT
ORMT-00007940,OR-C000334,3,SUCCESSFUL,2024-09-11 16:48:46.000,Greater Accra|Accra,213.25,GHS,API
ORMT-00007941,OR-C000334,6,SUCCESSFUL,2024-09-08 08:27:27.000,Greater Accra|Accra,711.1,GHS,AGENT
ORMT-00008010,OR-C000335,5,SUCCESSFUL,2024-07-01 16:11:43.000,Bono East|Kintampo,696.78,GHS,API
ORMT-00008011,OR-C000335,5,SUCCESSFUL,2024-07-21 17:20:34.000,Bono East|Kintampo,302.69,GHS,MOBILE_APP
ORMT-00008012,OR-C000335,2,SUCCESSFUL,2024-07-14 10:32:22.000,Bono East|Kintampo,117.94,GHS,AGENT
ORMT-00008013,OR-C000335,1,SUCCESSFUL,2024-07-05 21:39:40.000,Bono East|Kintampo,620.73,GHS,AGENT
ORMT-00008014,OR-C000335,4,SUCCESSFUL,2024-08-27 08:34:23.000,Bono East|Kintampo,659.44,GHS,THIRD_PARTY
ORMT-00008015,OR-C000335,4,SUCCESSFUL,2024-08-31 20:40:34.000,Bono East|Kintampo,207.66,GHS,MOBILE_APP
ORMT-00008016,OR-C000335,3,SUCCESSFUL,2024-08-28 07:50:16.000,Bono East|Kintampo,1103.61,GHS,AGENT
ORMT-00008017,OR-C000335,2,SUCCESSFUL,2024-08-06 11:32:07.000,Bono East|Kintampo,500.75,GHS,MOBILE_APP
ORMT-00008018,OR-C000335,3,SUCCESSFUL,2024-08-05 14:10:24.000,Bono East|Kintampo,528.13,GHS,WEB
ORMT-00008019,OR-C000335,2,SUCCESSFUL,2024-09-29 19:29:39.000,Bono East|Kintampo,1531.33,GHS,AGENT
ORMT-00008020,OR-C000335,3,SUCCESSFUL,2024-09-21 11:33:18.000,Bono East|Kintampo,1001.86,GHS,API
ORMT-00008021,OR-C000335,1,SUCCESSFUL,2024-09-13 14:41:40.000,Bono East|Kintampo,637.29,GHS,AGENT
ORMT-00008022,OR-C000335,1,SUCCESSFUL,2024-09-15 09:58:06.000,Bono East|Kintampo,1314.21,GHS,AGENT
ORMT-00008023,OR-C000335,2,SUCCESSFUL,2024-09-12 20:06:00.000,Bono East|Kintampo,355.22,GHS,THIRD_PARTY
ORMT-00008103,OR-C000336,2,FAILED,2024-07-09 07:04:33.000,Greater Accra|Madina,125.46,GHS,AGENT
ORMT-00008104,OR-C000336,3,SUCCESSFUL,2024-07-09 15:53:27.000,Greater Accra|Madina,1297.3,GHS,AGENT
ORMT-00008105,OR-C000336,1,SUCCESSFUL,2024-07-24 11:57:52.000,Greater Accra|Madina,401.16,GHS,WEB
ORMT-00008106,OR-C000336,1,SUCCESSFUL,2024-08-07 18:09:33.000,Greater Accra|Madina,908.39,GHS,AGENT
ORMT-00008107,OR-C000336,5,SUCCESSFUL,2024-08-09 14:02:28.000,Greater Accra|Madina,286.05,GHS,WEB
ORMT-00008108,OR-C000336,1,SUCCESSFUL,2024-08-03 19:18:20.000,Greater Accra|Madina,1498.5,GHS,AGENT
ORMT-00008132,OR-C000337,2,SUCCESSFUL,2024-09-24 11:18:02.000,Greater Accra|Accra,315.7,GHS,API
ORMT-00008133,OR-C000337,8,SUCCESSFUL,2024-09-22 19:23:57.000,Greater Accra|Accra,294.53,GHS,AGENT
ORMT-00008184,OR-C000338,2,SUCCESSFUL,2024-07-30 20:06:49.000,Northern|Tamale,2966.29,GHS,AGENT
ORMT-00008185,OR-C000338,2,SUCCESSFUL,2024-08-14 21:13:47.000,Northern|Tamale,5073.87,GHS,AGENT
ORMT-00008186,OR-C000338,3,FAILED,2024-09-05 21:44:16.000,Northern|Tamale,225.49,GHS,WEB
ORMT-00008187,OR-C000338,1,SUCCESSFUL,2024-09-27 07:43:10.000,Northern|Tamale,152.82,GHS,AGENT
ORMT-00008211,OR-C000339,1,SUCCESSFUL,2024-07-19 17:10:46.000,Western|Takoradi,683.77,GHS,MOBILE_APP
ORMT-00008212,OR-C000339,6,SUCCESSFUL,2024-07-07 12:19:47.000,Western|Takoradi,567.15,GHS,MOBILE_APP
ORMT-00008213,OR-C000339,1,SUCCESSFUL,2024-08-16 15:25:51.000,Western|Takoradi,398.71,GHS,MOBILE_APP
ORMT-00008214,OR-C000339,1,SUCCESSFUL,2024-09-28 16:24:06.000,Western|Takoradi,714.91,GHS,API
ORMT-00008281,OR-C000343,2,SUCCESSFUL,2024-08-09 11:25:00.000,Northern|Tamale,89.44,GHS,API
ORMT-00008288,OR-C000344,3,SUCCESSFUL,2024-09-23 19:56:34.000,Bono|Berekum,511.63,GHS,MOBILE_APP
ORMT-00008306,OR-C000345,1,SUCCESSFUL,2024-07-26 11:28:13.000,Greater Accra|Tema,1663.39,GHS,MOBILE_APP
ORMT-00008307,OR-C000345,3,SUCCESSFUL,2024-07-06 12:03:21.000,Greater Accra|Tema,1740.68,GHS,AGENT
ORMT-00008308,OR-C000345,2,SUCCESSFUL,2024-09-17 17:48:19.000,Greater Accra|Tema,882.4,GHS,AGENT
ORMT-00008348,OR-C000347,2,SUCCESSFUL,2024-09-30 16:46:51.000,Greater Accra|Kasoa,193.66,GHS,AGENT
ORMT-00008349,OR-C000347,2,SUCCESSFUL,2024-09-30 10:00:30.000,Greater Accra|Kasoa,1088.78,GHS,API
ORMT-00008350,OR-C000347,1,SUCCESSFUL,2024-09-30 10:28:39.000,Greater Accra|Kasoa,1667.66,GHS,API
ORMT-00008351,OR-C000347,2,SUCCESSFUL,2024-09-30 19:21:24.000,Greater Accra|Kasoa,4114.77,GHS,MOBILE_APP
ORMT-00008521,OR-C000349,1,SUCCESSFUL,2024-08-17 12:57:48.000,Western|Axim,4185.55,GHS,AGENT
ORMT-00008522,OR-C000349,1,SUCCESSFUL,2024-08-13 08:52:02.000,Western|Axim,197.58,GHS,AGENT
ORMT-00008523,OR-C000349,3,SUCCESSFUL,2024-08-05 19:28:10.000,Western|Axim,3547.06,GHS,AGENT
ORMT-00008524,OR-C000349,1,SUCCESSFUL,2024-08-24 08:02:02.000,Western|Axim,321.97,GHS,MOBILE_APP
ORMT-00008525,OR-C000349,2,SUCCESSFUL,2024-08-30 15:52:51.000,Western|Axim,1064.19,GHS,THIRD_PARTY
ORMT-00008526,OR-C000349,1,SUCCESSFUL,2024-08-10 16:02:30.000,Western|Axim,444.58,GHS,WEB
ORMT-00008527,OR-C000349,2,SUCCESSFUL,2024-09-18 09:10:34.000,Western|Axim,1817.05,GHS,MOBILE_APP
ORMT-00008528,OR-C000349,4,SUCCESSFUL,2024-09-20 14:35:38.000,Western|Axim,181.45,GHS,MOBILE_APP
ORMT-00008529,OR-C000349,1,SUCCESSFUL,2024-09-01 11:48:46.000,Western|Axim,8241.2,GHS,MOBILE_APP
ORMT-00008601,OR-C000350,2,SUCCESSFUL,2024-07-29 15:09:02.000,Oti|Dambai,960.04,GHS,MOBILE_APP
ORMT-00008602,OR-C000350,6,SUCCESSFUL,2024-08-04 11:31:52.000,Oti|Dambai,296.32,GHS,API
ORMT-00008603,OR-C000350,2,SUCCESSFUL,2024-08-15 10:30:45.000,Oti|Dambai,1134.16,GHS,AGENT
ORMT-00008604,OR-C000350,7,SUCCESSFUL,2024-09-19 08:10:34.000,Oti|Dambai,1134.39,GHS,MOBILE_APP
ORMT-00008605,OR-C000350,3,SUCCESSFUL,2024-09-15 14:55:19.000,Oti|Dambai,948.58,GHS,THIRD_PARTY
ORMT-00008638,OR-C000351,3,SUCCESSFUL,2024-09-26 18:21:19.000,Greater Accra|Kasoa,127.49,GHS,WEB
ORMT-00008648,OR-C000352,1,SUCCESSFUL,2024-09-11 13:48:42.000,Greater Accra|Kasoa,184.72,GHS,THIRD_PARTY
ORMT-00008760,OR-C000358,8,SUCCESSFUL,2024-07-11 09:58:59.000,Central|Elmina,927.19,GHS,THIRD_PARTY
ORMT-00008788,OR-C000359,3,SUCCESSFUL,2024-07-30 20:36:19.000,Bono|Berekum,370.92,GHS,AGENT
ORMT-00008789,OR-C000359,3,SUCCESSFUL,2024-07-28 13:45:55.000,Bono|Berekum,635.49,GHS,MOBILE_APP
ORMT-00008790,OR-C000359,1,SUCCESSFUL,2024-07-25 13:37:36.000,Bono|Berekum,223.06,GHS,AGENT
ORMT-00008791,OR-C000359,5,SUCCESSFUL,2024-09-16 18:44:38.000,Bono|Berekum,1181.55,GHS,THIRD_PARTY
ORMT-00008855,OR-C000363,6,SUCCESSFUL,2024-07-02 20:48:51.000,Eastern|Akropong,226.79,GHS,MOBILE_APP
ORMT-00008867,OR-C000364,7,FAILED,2024-09-15 10:46:41.000,Greater Accra|Madina,366.26,GHS,AGENT
ORMT-00008877,OR-C000365,2,SUCCESSFUL,2024-07-11 07:28:21.000,Greater Accra|Tema,2088.63,GHS,AGENT
ORMT-00008878,OR-C000365,2,SUCCESSFUL,2024-07-14 11:44:03.000,Greater Accra|Tema,512.77,GHS,MOBILE_APP
ORMT-00008879,OR-C000365,2,SUCCESSFUL,2024-07-06 16:53:59.000,Greater Accra|Tema,1623.57,GHS,THIRD_PARTY
ORMT-00008880,OR-C000365,4,SUCCESSFUL,2024-07-09 21:01:45.000,Greater Accra|Tema,586.78,GHS,API
ORMT-00008881,OR-C000365,3,SUCCESSFUL,2024-07-06 09:29:47.000,Greater Accra|Tema,393.68,GHS,THIRD_PARTY
ORMT-00008882,OR-C000365,3,SUCCESSFUL,2024-08-23 09:02:22.000,Greater Accra|Tema,705.38,GHS,THIRD_PARTY
ORMT-00008922,OR-C000367,1,SUCCESSFUL,2024-07-11 21:51:20.000,Ahafo|Goaso,534.2,GHS,AGENT
ORMT-00008929,OR-C000368,9,SUCCESSFUL,2024-09-28 11:14:24.000,Central|Winneba,1498.28,GHS,API
ORMT-00008930,OR-C000368,2,SUCCESSFUL,2024-09-30 16:30:02.000,Central|Winneba,301.04,GHS,MOBILE_APP
ORMT-00008931,OR-C000368,1,SUCCESSFUL,2024-09-30 12:22:14.000,Central|Winneba,1522.51,GHS,WEB
ORMT-00008932,OR-C000368,3,SUCCESSFUL,2024-09-29 19:55:30.000,Central|Winneba,485.8,GHS,AGENT
ORMT-00009033,OR-C000372,6,SUCCESSFUL,2024-07-07 09:39:52.000,Ashanti|Ejisu,856.31,GHS,AGENT
ORMT-00009034,OR-C000372,3,SUCCESSFUL,2024-07-23 18:40:53.000,Ashanti|Ejisu,479.48,GHS,AGENT
ORMT-00009035,OR-C000372,1,SUCCESSFUL,2024-08-07 11:34:37.000,Ashanti|Ejisu,869.52,GHS,MOBILE_APP
ORMT-00009036,OR-C000372,3,SUCCESSFUL,2024-08-13 18:17:17.000,Ashanti|Ejisu,2347.59,GHS,API
ORMT-00009037,OR-C000372,1,SUCCESSFUL,2024-08-19 10:52:02.000,Ashanti|Ejisu,1536.97,GHS,API
ORMT-00009038,OR-C000372,1,SUCCESSFUL,2024-08-28 09:23:37.000,Ashanti|Ejisu,355.24,GHS,MOBILE_APP
ORMT-00009039,OR-C000372,1,SUCCESSFUL,2024-08-17 16:36:30.000,Ashanti|Ejisu,444.12,GHS,AGENT
ORMT-00009152,OR-C000378,3,SUCCESSFUL,2024-07-08 20:57:17.000,Greater Accra|Tema,217.78,GHS,WEB
ORMT-00009153,OR-C000378,4,SUCCESSFUL,2024-08-22 07:34:55.000,Greater Accra|Tema,1201.13,GHS,AGENT
ORMT-00009175,OR-C000379,4,SUCCESSFUL,2024-08-24 07:16:15.000,Northern|Savelugu,725.46,GHS,AGENT
ORMT-00009197,OR-C000381,1,SUCCESSFUL,2024-09-20 21:54:45.000,Greater Accra|Madina,837.96,GHS,WEB
ORMT-00009279,OR-C000383,4,SUCCESSFUL,2024-07-27 08:55:58.000,Northern|Yendi,284.86,GHS,AGENT
ORMT-00009280,OR-C000383,4,SUCCESSFUL,2024-07-28 18:36:25.000,Northern|Yendi,185.41,GHS,AGENT
ORMT-00009281,OR-C000383,7,SUCCESSFUL,2024-07-08 19:21:38.000,Northern|Yendi,177.58,GHS,WEB
ORMT-00009282,OR-C000383,1,SUCCESSFUL,2024-07-13 20:02:36.000,Northern|Yendi,529.35,GHS,THIRD_PARTY
ORMT-00009283,OR-C000383,7,SUCCESSFUL,2024-08-26 12:38:47.000,Northern|Yendi,533.67,GHS,THIRD_PARTY
ORMT-00009284,OR-C000383,2,SUCCESSFUL,2024-08-21 11:13:20.000,Northern|Yendi,174.98,GHS,AGENT
ORMT-00009285,OR-C000383,2,SUCCESSFUL,2024-09-20 08:41:08.000,Northern|Yendi,1746.39,GHS,AGENT
ORMT-00009286,OR-C000383,2,SUCCESSFUL,2024-09-05 08:44:19.000,Northern|Yendi,585.4,GHS,MOBILE_APP
ORMT-00009287,OR-C000383,8,SUCCESSFUL,2024-09-10 15:02:10.000,Northern|Yendi,275.1,GHS,AGENT
ORMT-00009288,OR-C000383,1,SUCCESSFUL,2024-09-20 15:48:05.000,Northern|Yendi,683.84,GHS,MOBILE_APP
ORMT-00009372,OR-C000384,8,SUCCESSFUL,2024-07-29 07:05:20.000,Greater Accra|Kasoa,240.14,GHS,AGENT
ORMT-00009373,OR-C000384,7,SUCCESSFUL,2024-09-15 07:01:37.000,Greater Accra|Kasoa,540.83,GHS,MOBILE_APP
ORMT-00009389,OR-C000387,9,SUCCESSFUL,2024-08-04 14:57:45.000,Bono East|Techiman,495.36,GHS,AGENT
ORMT-00009390,OR-C000387,2,SUCCESSFUL,2024-08-14 14:18:26.000,Bono East|Techiman,295.84,GHS,THIRD_PARTY
ORMT-00009391,OR-C000387,1,SUCCESSFUL,2024-08-07 18:04:38.000,Bono East|Techiman,1462.5,GHS,MOBILE_APP
ORMT-00009392,OR-C000387,1,SUCCESSFUL,2024-09-04 16:41:13.000,Bono East|Techiman,403.79,GHS,WEB
ORMT-00009393,OR-C000387,4,SUCCESSFUL,2024-09-04 08:57:54.000,Bono East|Techiman,742.04,GHS,WEB
ORMT-00009423,OR-C000388,2,SUCCESSFUL,2024-08-24 10:21:10.000,Volta|Hohoe,425.79,GHS,THIRD_PARTY
ORMT-00009424,OR-C000388,1,SUCCESSFUL,2024-09-27 18:10:06.000,Volta|Hohoe,2305.33,GHS,AGENT
ORMT-00009445,OR-C000389,6,SUCCESSFUL,2024-08-12 18:07:13.000,Greater Accra|Madina,202.84,GHS,WEB
ORMT-00009446,OR-C000389,5,SUCCESSFUL,2024-09-30 07:08:47.000,Greater Accra|Madina,691.75,GHS,MOBILE_APP
ORMT-00009447,OR-C000389,7,SUCCESSFUL,2024-09-15 14:05:17.000,Greater Accra|Madina,388.7,GHS,AGENT
ORMT-00009448,OR-C000389,1,SUCCESSFUL,2024-09-18 15:31:19.000,Greater Accra|Madina,698.27,GHS,WEB
ORMT-00009472,OR-C000390,2,SUCCESSFUL,2024-07-03 18:32:33.000,Ashanti|Kumasi,167.24,GHS,API
ORMT-00009477,OR-C000391,1,SUCCESSFUL,2024-09-16 09:24:07.000,Oti|Jasikan,1513.65,GHS,THIRD_PARTY
ORMT-00009524,OR-C000394,8,SUCCESSFUL,2024-07-24 15:44:09.000,Northern|Savelugu,626.66,GHS,WEB
ORMT-00009525,OR-C000394,3,SUCCESSFUL,2024-07-29 10:45:05.000,Northern|Savelugu,294.31,GHS,MOBILE_APP
ORMT-00009526,OR-C000394,1,SUCCESSFUL,2024-09-01 08:27:01.000,Northern|Savelugu,460.51,GHS,WEB
ORMT-00009527,OR-C000394,2,SUCCESSFUL,2024-09-09 08:04:57.000,Northern|Savelugu,2455.19,GHS,API
ORMT-00009528,OR-C000394,3,SUCCESSFUL,2024-09-15 14:02:32.000,Northern|Savelugu,630.4,GHS,AGENT
ORMT-00009595,OR-C000396,1,SUCCESSFUL,2024-07-27 10:26:48.000,Greater Accra|Kasoa,2620.17,GHS,MOBILE_APP
ORMT-00009596,OR-C000396,7,SUCCESSFUL,2024-07-29 20:57:40.000,Greater Accra|Kasoa,979.98,GHS,AGENT
ORMT-00009597,OR-C000396,2,SUCCESSFUL,2024-07-12 19:01:15.000,Greater Accra|Kasoa,197.53,GHS,THIRD_PARTY
ORMT-00009598,OR-C000396,7,SUCCESSFUL,2024-07-25 19:07:19.000,Greater Accra|Kasoa,3056.11,GHS,MOBILE_APP
ORMT-00009599,OR-C000396,10,SUCCESSFUL,2024-08-26 10:19:10.000,Greater Accra|Kasoa,1842.2,GHS,THIRD_PARTY
ORMT-00009600,OR-C000396,2,SUCCESSFUL,2024-08-21 15:35:25.000,Greater Accra|Kasoa,2023.48,GHS,THIRD_PARTY
ORMT-00009601,OR-C000396,1,SUCCESSFUL,2024-08-23 17:16:14.000,Greater Accra|Kasoa,847.58,GHS,AGENT
ORMT-00009602,OR-C000396,3,SUCCESSFUL,2024-09-20 10:03:43.000,Greater Accra|Kasoa,494.26,GHS,WEB
ORMT-00009603,OR-C000396,7,SUCCESSFUL,2024-09-10 08:19:31.000,Greater Accra|Kasoa,1537.49,GHS,WEB
ORMT-00009604,OR-C000396,1,FAILED,2024-09-15 16:10:51.000,Greater Accra|Kasoa,346.25,GHS,THIRD_PARTY
ORMT-00009628,OR-C000397,1,SUCCESSFUL,2024-07-10 18:52:08.000,Greater Accra|Madina,1051.68,GHS,AGENT
ORMT-00009629,OR-C000397,1,SUCCESSFUL,2024-08-10 20:32:52.000,Greater Accra|Madina,971.27,GHS,AGENT
ORMT-00009630,OR-C000397,4,SUCCESSFUL,2024-09-25 09:50:03.000,Greater Accra|Madina,1500.13,GHS,AGENT
ORMT-00009651,OR-C000398,1,SUCCESSFUL,2024-08-23 07:37:30.000,Greater Accra|Madina,549.94,GHS,THIRD_PARTY
ORMT-00009662,OR-C000399,1,SUCCESSFUL,2024-08-24 16:00:22.000,Upper East|Navrongo,321.97,GHS,THIRD_PARTY
ORMT-00009663,OR-C000399,7,SUCCESSFUL,2024-09-20 11:40:47.000,Upper East|Navrongo,2917.38,GHS,MOBILE_APP
ORMT-00009664,OR-C000399,2,FAILED,2024-09-28 10:53:14.000,Upper East|Navrongo,1693.46,GHS,API
ORMT-00009692,OR-C000401,2,SUCCESSFUL,2024-09-07 17:42:06.000,Western|Takoradi,724.86,GHS,API
ORMT-00009693,OR-C000401,1,SUCCESSFUL,2024-09-30 15:23:57.000,Western|Takoradi,201.72,GHS,MOBILE_APP
ORMT-00009741,OR-C000405,2,SUCCESSFUL,2024-07-19 14:50:01.000,Western|Axim,219.98,GHS,API
ORMT-00009742,OR-C000405,1,SUCCESSFUL,2024-08-12 15:23:51.000,Western|Axim,3900.55,GHS,MOBILE_APP
ORMT-00009743,OR-C000405,1,SUCCESSFUL,2024-09-18 07:13:40.000,Western|Axim,518.58,GHS,AGENT
ORMT-00009775,OR-C000406,6,SUCCESSFUL,2024-07-22 13:43:18.000,Greater Accra|Accra,865.17,GHS,THIRD_PARTY
ORMT-00009776,OR-C000406,10,SUCCESSFUL,2024-07-31 16:23:54.000,Greater Accra|Accra,941.41,GHS,AGENT
ORMT-00009777,OR-C000406,1,SUCCESSFUL,2024-07-11 12:25:16.000,Greater Accra|Accra,611.01,GHS,MOBILE_APP
ORMT-00009778,OR-C000406,9,SUCCESSFUL,2024-08-01 20:20:54.000,Greater Accra|Accra,404.95,GHS,MOBILE_APP
ORMT-00009817,OR-C000407,3,SUCCESSFUL,2024-07-11 11:41:57.000,Greater Accra|Madina,226.3,GHS,AGENT
ORMT-00009818,OR-C000407,6,REJECTED,2024-07-21 18:07:15.000,Greater Accra|Madina,520.76,GHS,AGENT
ORMT-00009819,OR-C000407,6,SUCCESSFUL,2024-09-13 08:59:07.000,Greater Accra|Madina,236.3,GHS,AGENT
ORMT-00009820,OR-C000407,9,SUCCESSFUL,2024-09-23 15:02:23.000,Greater Accra|Madina,1722.06,GHS,API
ORMT-00009821,OR-C000407,5,SUCCESSFUL,2024-09-18 20:30:05.000,Greater Accra|Madina,273.69,GHS,AGENT
ORMT-00009870,OR-C000410,1,SUCCESSFUL,2024-08-28 16:10:59.000,Central|Elmina,515.5,GHS,WEB
ORMT-00009888,OR-C000411,4,SUCCESSFUL,2024-07-20 17:47:55.000,Greater Accra|Tema,2248.6,GHS,THIRD_PARTY
ORMT-00009889,OR-C000411,4,SUCCESSFUL,2024-08-23 15:28:11.000,Greater Accra|Tema,955.55,GHS,THIRD_PARTY
ORMT-00009890,OR-C000411,2,SUCCESSFUL,2024-09-14 21:57:54.000,Greater Accra|Tema,445.44,GHS,MOBILE_APP
ORMT-00009920,OR-C000412,1,SUCCESSFUL,2024-07-23 15:20:28.000,Greater Accra|Accra,668.97,GHS,MOBILE_APP
ORMT-00009921,OR-C000412,2,SUCCESSFUL,2024-07-26 07:11:45.000,Greater Accra|Accra,1390.35,GHS,AGENT
ORMT-00009922,OR-C000412,5,SUCCESSFUL,2024-08-05 11:39:54.000,Greater Accra|Accra,376.19,GHS,MOBILE_APP
ORMT-00009933,OR-C000413,4,SUCCESSFUL,2024-07-24 14:56:53.000,Northern|Savelugu,1024.35,GHS,THIRD_PARTY
ORMT-00009934,OR-C000413,5,SUCCESSFUL,2024-07-02 14:14:08.000,Northern|Savelugu,333.2,GHS,WEB
ORMT-00009935,OR-C000413,3,SUCCESSFUL,2024-07-01 10:06:26.000,Northern|Savelugu,2024.81,GHS,MOBILE_APP
ORMT-00009936,OR-C000413,1,SUCCESSFUL,2024-08-06 13:35:27.000,Northern|Savelugu,595.47,GHS,MOBILE_APP
ORMT-00009937,OR-C000413,8,SUCCESSFUL,2024-08-15 14:02:56.000,Northern|Savelugu,426.29,GHS,AGENT
ORMT-00009938,OR-C000413,1,SUCCESSFUL,2024-08-30 21:05:00.000,Northern|Savelugu,1453.75,GHS,THIRD_PARTY
ORMT-00009939,OR-C000413,2,SUCCESSFUL,2024-09-20 08:13:36.000,Northern|Savelugu,1017.72,GHS,AGENT
ORMT-00009940,OR-C000413,3,SUCCESSFUL,2024-09-28 15:49:46.000,Northern|Savelugu,1249.55,GHS,WEB
ORMT-00010046,OR-C000414,3,SUCCESSFUL,2024-07-04 10:04:21.000,Greater Accra|Madina,1221.36,GHS,AGENT
ORMT-00010047,OR-C000414,3,SUCCESSFUL,2024-08-10 11:48:31.000,Greater Accra|Madina,148.79,GHS,THIRD_PARTY
ORMT-00010048,OR-C000414,1,SUCCESSFUL,2024-08-01 07:18:45.000,Greater Accra|Madina,179.3,GHS,AGENT
ORMT-00010049,OR-C000414,10,SUCCESSFUL,2024-08-27 19:36:36.000,Greater Accra|Madina,152.98,GHS,AGENT
ORMT-00010050,OR-C000414,4,SUCCESSFUL,2024-08-21 12:42:39.000,Greater Accra|Madina,1318.82,GHS,MOBILE_APP
ORMT-00010051,OR-C000414,4,SUCCESSFUL,2024-09-02 08:27:09.000,Greater Accra|Madina,356.39,GHS,AGENT
ORMT-00010052,OR-C000414,1,SUCCESSFUL,2024-09-02 07:38:53.000,Greater Accra|Madina,131.64,GHS,THIRD_PARTY
ORMT-00010053,OR-C000414,3,SUCCESSFUL,2024-09-04 21:15:39.000,Greater Accra|Madina,420.54,GHS,MOBILE_APP
ORMT-00010054,OR-C000414,6,SUCCESSFUL,2024-09-20 15:30:49.000,Greater Accra|Madina,682.44,GHS,API
ORMT-00010055,OR-C000414,1,SUCCESSFUL,2024-09-07 21:54:00.000,Greater Accra|Madina,1624.37,GHS,AGENT
ORMT-00010056,OR-C000414,10,SUCCESSFUL,2024-09-23 13:21:42.000,Greater Accra|Madina,551.03,GHS,THIRD_PARTY
ORMT-00010137,OR-C000415,10,SUCCESSFUL,2024-07-05 09:39:25.000,Western|Axim,482.96,GHS,AGENT
ORMT-00010138,OR-C000415,9,SUCCESSFUL,2024-07-26 14:15:23.000,Western|Axim,1831.84,GHS,THIRD_PARTY
ORMT-00010139,OR-C000415,1,SUCCESSFUL,2024-07-19 11:12:57.000,Western|Axim,338.89,GHS,MOBILE_APP
ORMT-00010140,OR-C000415,6,SUCCESSFUL,2024-08-26 20:08:25.000,Western|Axim,353.1,GHS,MOBILE_APP
ORMT-00010141,OR-C000415,1,SUCCESSFUL,2024-08-15 09:45:48.000,Western|Axim,696.52,GHS,AGENT
ORMT-00010142,OR-C000415,6,SUCCESSFUL,2024-08-22 11:02:39.000,Western|Axim,1212.49,GHS,AGENT
ORMT-00010143,OR-C000415,8,SUCCESSFUL,2024-08-17 08:11:37.000,Western|Axim,1183.3,GHS,API
ORMT-00010144,OR-C000415,7,SUCCESSFUL,2024-08-14 08:51:58.000,Western|Axim,1002.26,GHS,MOBILE_APP
ORMT-00010145,OR-C000415,2,SUCCESSFUL,2024-08-02 15:20:52.000,Western|Axim,282.85,GHS,MOBILE_APP
ORMT-00010146,OR-C000415,1,SUCCESSFUL,2024-08-27 12:46:05.000,Western|Axim,126.89,GHS,WEB
ORMT-00010147,OR-C000415,3,SUCCESSFUL,2024-09-10 19:58:01.000,Western|Axim,608.08,GHS,MOBILE_APP
ORMT-00010247,OR-C000419,9,SUCCESSFUL,2024-07-06 12:22:42.000,Greater Accra|Madina,413.07,GHS,AGENT
ORMT-00010248,OR-C000419,7,SUCCESSFUL,2024-08-16 07:35:41.000,Greater Accra|Madina,3502.09,GHS,API
ORMT-00010286,OR-C000420,10,SUCCESSFUL,2024-07-22 10:44:45.000,Oti|Dambai,1155.5,GHS,AGENT
ORMT-00010287,OR-C000420,1,FAILED,2024-07-27 07:30:09.000,Oti|Dambai,1087.71,GHS,AGENT
ORMT-00010288,OR-C000420,1,SUCCESSFUL,2024-07-31 14:26:52.000,Oti|Dambai,275.25,GHS,THIRD_PARTY
ORMT-00010289,OR-C000420,1,SUCCESSFUL,2024-08-10 11:53:13.000,Oti|Dambai,157.22,GHS,MOBILE_APP
ORMT-00010324,OR-C000421,1,SUCCESSFUL,2024-07-22 18:54:09.000,Greater Accra|Tema,957.46,GHS,MOBILE_APP
ORMT-00010325,OR-C000421,4,SUCCESSFUL,2024-08-28 20:16:13.000,Greater Accra|Tema,450.59,GHS,THIRD_PARTY
ORMT-00010326,OR-C000421,1,SUCCESSFUL,2024-08-15 19:20:19.000,Greater Accra|Tema,411.51,GHS,MOBILE_APP
ORMT-00010327,OR-C000421,6,SUCCESSFUL,2024-09-29 15:01:02.000,Greater Accra|Tema,374.5,GHS,AGENT
ORMT-00010383,OR-C000425,1,SUCCESSFUL,2024-07-31 14:35:47.000,Northern|Tamale,552.27,GHS,THIRD_PARTY
ORMT-00010384,OR-C000425,1,SUCCESSFUL,2024-08-30 12:12:09.000,Northern|Tamale,1872.6,GHS,MOBILE_APP
ORMT-00010418,OR-C000427,8,SUCCESSFUL,2024-07-02 13:22:01.000,Greater Accra|Tema,3323.58,GHS,THIRD_PARTY
ORMT-00010460,OR-C000429,4,SUCCESSFUL,2024-08-31 15:10:06.000,Northern|Savelugu,916.52,GHS,MOBILE_APP
ORMT-00010535,OR-C000432,8,SUCCESSFUL,2024-07-08 11:04:01.000,Upper West|Lawra,146.22,GHS,AGENT
ORMT-00010536,OR-C000432,5,SUCCESSFUL,2024-08-27 20:16:16.000,Upper West|Lawra,1208.16,GHS,AGENT
ORMT-00010537,OR-C000432,1,SUCCESSFUL,2024-09-16 16:30:48.000,Upper West|Lawra,1225.73,GHS,WEB
ORMT-00010555,OR-C000434,1,SUCCESSFUL,2024-08-09 14:09:44.000,Ashanti|Obuasi,1218.27,GHS,MOBILE_APP
ORMT-00010559,OR-C000435,9,SUCCESSFUL,2024-07-24 18:21:06.000,Western|Axim,195.98,GHS,MOBILE_APP
ORMT-00010560,OR-C000435,1,SUCCESSFUL,2024-08-25 21:12:42.000,Western|Axim,244.41,GHS,AGENT
ORMT-00010573,OR-C000436,8,SUCCESSFUL,2024-08-25 18:19:55.000,Greater Accra|Accra,2134.21,GHS,API
ORMT-00010635,OR-C000438,1,SUCCESSFUL,2024-09-17 12:43:52.000,Volta|Hohoe,1722.92,GHS,MOBILE_APP
ORMT-00010679,OR-C000439,4,SUCCESSFUL,2024-07-14 14:32:34.000,Ashanti|Kumasi,663.78,GHS,WEB
ORMT-00010680,OR-C000439,4,SUCCESSFUL,2024-07-28 07:45:24.000,Ashanti|Kumasi,195.87,GHS,MOBILE_APP
ORMT-00010681,OR-C000439,10,SUCCESSFUL,2024-07-10 10:03:34.000,Ashanti|Kumasi,459.99,GHS,THIRD_PARTY
ORMT-00010682,OR-C000439,4,SUCCESSFUL,2024-07-04 13:49:46.000,Ashanti|Kumasi,302.01,GHS,MOBILE_APP
ORMT-00010683,OR-C000439,2,SUCCESSFUL,2024-08-05 19:35:00.000,Ashanti|Kumasi,188.55,GHS,THIRD_PARTY
ORMT-00010684,OR-C000439,1,FAILED,2024-08-08 14:35:40.000,Ashanti|Kumasi,253.21,GHS,AGENT
ORMT-00010685,OR-C000439,1,SUCCESSFUL,2024-09-29 18:25:59.000,Ashanti|Kumasi,2292.61,GHS,MOBILE_APP
ORMT-00010760,OR-C000441,4,SUCCESSFUL,2024-07-28 07:16:49.000,Bono East|Techiman,3541.99,GHS,MOBILE_APP
ORMT-00010761,OR-C000441,1,SUCCESSFUL,2024-08-07 16:49:58.000,Bono East|Techiman,266.23,GHS,MOBILE_APP
ORMT-00010762,OR-C000441,2,SUCCESSFUL,2024-09-17 16:53:38.000,Bono East|Techiman,634.58,GHS,MOBILE_APP
ORMT-00010763,OR-C000441,1,SUCCESSFUL,2024-09-06 07:39:15.000,Bono East|Techiman,332.64,GHS,THIRD_PARTY
ORMT-00010779,OR-C000442,3,SUCCESSFUL,2024-07-22 15:19:47.000,Eastern|Akropong,232.11,GHS,API
ORMT-00010811,OR-C000443,5,SUCCESSFUL,2024-08-13 21:19:39.000,Greater Accra|Madina,241.49,GHS,API
ORMT-00010889,OR-C000446,2,SUCCESSFUL,2024-08-30 09:29:20.000,Volta|Ho,865.03,GHS,MOBILE_APP
ORMT-00010890,OR-C000446,1,SUCCESSFUL,2024-09-07 15:56:50.000,Volta|Ho,463.25,GHS,AGENT
ORMT-00010920,OR-C000447,1,SUCCESSFUL,2024-07-08 15:32:54.000,Ashanti|Kumasi,375.88,GHS,MOBILE_APP
ORMT-00010921,OR-C000447,2,SUCCESSFUL,2024-07-20 12:52:10.000,Ashanti|Kumasi,1073.74,GHS,WEB
ORMT-00010922,OR-C000447,4,SUCCESSFUL,2024-07-26 18:48:12.000,Ashanti|Kumasi,327.74,GHS,MOBILE_APP
ORMT-00010923,OR-C000447,3,SUCCESSFUL,2024-09-27 20:54:29.000,Ashanti|Kumasi,460.32,GHS,THIRD_PARTY
ORMT-00011031,OR-C000448,1,SUCCESSFUL,2024-07-19 11:34:14.000,Greater Accra|Accra,542.44,GHS,AGENT
ORMT-00011032,OR-C000448,1,SUCCESSFUL,2024-07-14 15:37:41.000,Greater Accra|Accra,2303.4,GHS,AGENT
ORMT-00011033,OR-C000448,7,SUCCESSFUL,2024-07-03 19:23:06.000,Greater Accra|Accra,532.01,GHS,MOBILE_APP
ORMT-00011034,OR-C000448,4,SUCCESSFUL,2024-07-13 07:36:22.000,Greater Accra|Accra,1241.81,GHS,MOBILE_APP
ORMT-00011035,OR-C000448,9,SUCCESSFUL,2024-07-09 17:22:41.000,Greater Accra|Accra,504.3,GHS,MOBILE_APP
ORMT-00011036,OR-C000448,1,SUCCESSFUL,2024-07-31 14:55:48.000,Greater Accra|Accra,917.57,GHS,MOBILE_APP
ORMT-00011037,OR-C000448,2,SUCCESSFUL,2024-08-09 14:35:38.000,Greater Accra|Accra,236.01,GHS,MOBILE_APP
ORMT-00011038,OR-C000448,2,SUCCESSFUL,2024-08-09 13:39:32.000,Greater Accra|Accra,930.97,GHS,MOBILE_APP
ORMT-00011039,OR-C000448,4,SUCCESSFUL,2024-08-04 21:40:59.000,Greater Accra|Accra,1082.0,GHS,THIRD_PARTY
ORMT-00011040,OR-C000448,2,SUCCESSFUL,2024-08-29 20:21:47.000,Greater Accra|Accra,842.93,GHS,API
ORMT-00011041,OR-C000448,1,SUCCESSFUL,2024-08-16 19:10:31.000,Greater Accra|Accra,804.54,GHS,MOBILE_APP
ORMT-00011042,OR-C000448,4,SUCCESSFUL,2024-09-26 16:18:18.000,Greater Accra|Accra,990.79,GHS,MOBILE_APP
ORMT-00011043,OR-C000448,3,SUCCESSFUL,2024-09-27 08:42:15.000,Greater Accra|Accra,333.51,GHS,AGENT
ORMT-00011044,OR-C000448,1,SUCCESSFUL,2024-09-02 08:31:11.000,Greater Accra|Accra,386.77,GHS,THIRD_PARTY
ORMT-00011045,OR-C000448,1,SUCCESSFUL,2024-09-16 10:24:56.000,Greater Accra|Accra,155.95,GHS,WEB
ORMT-00011046,OR-C000448,2,SUCCESSFUL,2024-09-18 20:04:55.000,Greater Accra|Accra,247.99,GHS,AGENT
ORMT-00011047,OR-C000448,8,SUCCESSFUL,2024-09-22 18:10:41.000,Greater Accra|Accra,503.83,GHS,WEB
ORMT-00011136,OR-C000451,1,SUCCESSFUL,2024-07-08 21:16:48.000,Greater Accra|Tema,514.83,GHS,THIRD_PARTY
ORMT-00011137,OR-C000451,10,SUCCESSFUL,2024-07-29 19:14:37.000,Greater Accra|Tema,895.85,GHS,THIRD_PARTY
ORMT-00011138,OR-C000451,2,SUCCESSFUL,2024-07-25 12:47:22.000,Greater Accra|Tema,4025.03,GHS,AGENT
ORMT-00011139,OR-C000451,7,SUCCESSFUL,2024-07-30 17:15:25.000,Greater Accra|Tema,158.46,GHS,AGENT
ORMT-00011140,OR-C000451,9,SUCCESSFUL,2024-07-23 13:32:19.000,Greater Accra|Tema,402.46,GHS,MOBILE_APP
ORMT-00011141,OR-C000451,1,SUCCESSFUL,2024-08-25 11:39:39.000,Greater Accra|Tema,832.11,GHS,MOBILE_APP
ORMT-00011142,OR-C000451,5,SUCCESSFUL,2024-08-02 17:29:16.000,Greater Accra|Tema,88.8,GHS,THIRD_PARTY
ORMT-00011143,OR-C000451,5,SUCCESSFUL,2024-09-06 20:28:47.000,Greater Accra|Tema,478.94,GHS,AGENT
ORMT-00011144,OR-C000451,5,SUCCESSFUL,2024-09-05 20:42:23.000,Greater Accra|Tema,697.6,GHS,WEB
ORMT-00011217,OR-C000452,1,SUCCESSFUL,2024-09-13 10:54:09.000,Central|Winneba,500.5,GHS,WEB
ORMT-00011238,OR-C000454,4,SUCCESSFUL,2024-07-29 11:05:30.000,Greater Accra|Madina,3550.28,GHS,MOBILE_APP
ORMT-00011239,OR-C000454,1,FAILED,2024-08-05 15:20:47.000,Greater Accra|Madina,497.98,GHS,AGENT
ORMT-00011261,OR-C000456,1,SUCCESSFUL,2024-08-17 16:26:48.000,Northern|Savelugu,747.46,GHS,AGENT
ORMT-00011262,OR-C000456,7,SUCCESSFUL,2024-08-10 12:38:03.000,Northern|Savelugu,756.45,GHS,API
ORMT-00011263,OR-C000456,2,SUCCESSFUL,2024-09-28 18:33:02.000,Northern|Savelugu,1761.17,GHS,THIRD_PARTY
ORMT-00011264,OR-C000456,4,FAILED,2024-09-21 10:56:25.000,Northern|Savelugu,1499.7,GHS,AGENT
ORMT-00011333,OR-C000458,4,SUCCESSFUL,2024-07-26 13:46:00.000,Ashanti|Obuasi,2835.02,GHS,AGENT
ORMT-00011334,OR-C000458,2,SUCCESSFUL,2024-07-28 20:25:22.000,Ashanti|Obuasi,158.95,GHS,WEB
ORMT-00011335,OR-C000458,1,SUCCESSFUL,2024-08-30 16:01:59.000,Ashanti|Obuasi,50,GHS,MOBILE_APP
ORMT-00011336,OR-C000458,1,SUCCESSFUL,2024-08-02 17:57:31.000,Ashanti|Obuasi,1282.42,GHS,WEB
ORMT-00011337,OR-C000458,1,SUCCESSFUL,2024-08-30 21:15:03.000,Ashanti|Obuasi,388.58,GHS,API
ORMT-00011338,OR-C000458,1,SUCCESSFUL,2024-08-27 08:04:20.000,Ashanti|Obuasi,686.75,GHS,MOBILE_APP
ORMT-00011339,OR-C000458,4,SUCCESSFUL,2024-08-28 21:16:19.000,Ashanti|Obuasi,737.29,GHS,AGENT
ORMT-00011340,OR-C000458,8,SUCCESSFUL,2024-09-18 09:21:43.000,Ashanti|Obuasi,816.24,GHS,AGENT
ORMT-00011341,OR-C000458,4,SUCCESSFUL,2024-09-28 15:33:27.000,Ashanti|Obuasi,1425.81,GHS,AGENT
ORMT-00011342,OR-C000458,1,SUCCESSFUL,2024-09-06 13:41:00.000,Ashanti|Obuasi,2001.37,GHS,MOBILE_APP
ORMT-00011343,OR-C000458,7,SUCCESSFUL,2024-09-14 09:36:47.000,Ashanti|Obuasi,866.69,GHS,API
ORMT-00011404,OR-C000459,7,SUCCESSFUL,2024-07-21 12:40:13.000,Bono|Sunyani,508.0,GHS,THIRD_PARTY
ORMT-00011405,OR-C000459,2,SUCCESSFUL,2024-07-26 20:06:53.000,Bono|Sunyani,367.38,GHS,THIRD_PARTY
ORMT-00011406,OR-C000459,8,SUCCESSFUL,2024-07-13 09:14:03.000,Bono|Sunyani,385.34,GHS,THIRD_PARTY
ORMT-00011407,OR-C000459,4,SUCCESSFUL,2024-07-21 10:38:12.000,Bono|Sunyani,389.7,GHS,THIRD_PARTY
ORMT-00011408,OR-C000459,1,SUCCESSFUL,2024-07-09 14:37:55.000,Bono|Sunyani,618.81,GHS,AGENT
ORMT-00011409,OR-C000459,1,SUCCESSFUL,2024-07-20 10:31:46.000,Bono|Sunyani,484.58,GHS,MOBILE_APP
ORMT-00011410,OR-C000459,7,SUCCESSFUL,2024-08-03 07:37:35.000,Bono|Sunyani,287.38,GHS,THIRD_PARTY
ORMT-00011411,OR-C000459,2,SUCCESSFUL,2024-09-25 12:09:37.000,Bono|Sunyani,505.73,GHS,MOBILE_APP
ORMT-00011412,OR-C000459,2,SUCCESSFUL,2024-09-29 20:34:36.000,Bono|Sunyani,577.1,GHS,WEB
ORMT-00011413,OR-C000459,5,SUCCESSFUL,2024-09-09 16:53:36.000,Bono|Sunyani,1734.42,GHS,API
ORMT-00011451,OR-C000460,2,SUCCESSFUL,2024-07-29 08:54:38.000,Northern|Yendi,781.33,GHS,AGENT
ORMT-00011468,OR-C000462,1,SUCCESSFUL,2024-07-25 07:50:22.000,Ashanti|Ejisu,111.19,GHS,WEB
ORMT-00011501,OR-C000465,1,SUCCESSFUL,2024-07-28 19:53:32.000,Bono|Berekum,1325.63,GHS,API
ORMT-00011502,OR-C000465,6,SUCCESSFUL,2024-07-11 16:07:27.000,Bono|Berekum,1169.72,GHS,THIRD_PARTY
ORMT-00011525,OR-C000467,1,SUCCESSFUL,2024-09-18 19:03:33.000,Bono East|Kintampo,424.13,GHS,API
ORMT-00011551,OR-C000469,5,SUCCESSFUL,2024-07-05 20:11:28.000,Central|Cape Coast,476.79,GHS,MOBILE_APP
ORMT-00011552,OR-C000469,8,SUCCESSFUL,2024-07-29 12:27:31.000,Central|Cape Coast,529.48,GHS,API
ORMT-00011553,OR-C000469,8,SUCCESSFUL,2024-08-01 10:51:02.000,Central|Cape Coast,295.71,GHS,AGENT
ORMT-00011554,OR-C000469,9,SUCCESSFUL,2024-09-30 14:56:02.000,Central|Cape Coast,387.14,GHS,MOBILE_APP
ORMT-00011642,OR-C000473,1,SUCCESSFUL,2024-07-03 17:45:09.000,Northern|Savelugu,1330.6,GHS,AGENT
ORMT-00011643,OR-C000473,3,SUCCESSFUL,2024-08-08 11:49:48.000,Northern|Savelugu,660.65,GHS,THIRD_PARTY
ORMT-00011644,OR-C000473,4,SUCCESSFUL,2024-09-03 18:32:35.000,Northern|Savelugu,381.54,GHS,WEB
ORMT-00011645,OR-C000473,5,SUCCESSFUL,2024-09-30 18:53:06.000,Northern|Savelugu,409.47,GHS,AGENT
ORMT-00011646,OR-C000473,1,SUCCESSFUL,2024-09-18 15:13:38.000,Northern|Savelugu,693.12,GHS,API
ORMT-00011676,OR-C000474,8,SUCCESSFUL,2024-09-12 18:02:20.000,Greater Accra|Tema,1747.62,GHS,AGENT
ORMT-00011692,OR-C000475,4,SUCCESSFUL,2024-07-18 13:15:26.000,Greater Accra|Kasoa,7201.61,GHS,MOBILE_APP
ORMT-00011693,OR-C000475,5,SUCCESSFUL,2024-08-28 12:02:34.000,Greater Accra|Kasoa,317.51,GHS,MOBILE_APP
ORMT-00011694,OR-C000475,8,SUCCESSFUL,2024-09-15 16:16:04.000,Greater Accra|Kasoa,1857.93,GHS,THIRD_PARTY
ORMT-00011766,OR-C000477,4,SUCCESSFUL,2024-07-02 17:17:16.000,Upper East|Navrongo,327.13,GHS,AGENT
ORMT-00011767,OR-C000477,1,SUCCESSFUL,2024-07-08 20:11:30.000,Upper East|Navrongo,176.52,GHS,AGENT
ORMT-00011768,OR-C000477,5,SUCCESSFUL,2024-07-26 21:05:44.000,Upper East|Navrongo,539.32,GHS,AGENT
ORMT-00011769,OR-C000477,6,SUCCESSFUL,2024-07-27 09:45:22.000,Upper East|Navrongo,338.35,GHS,API
ORMT-00011770,OR-C000477,1,SUCCESSFUL,2024-07-04 20:56:54.000,Upper East|Navrongo,383.51,GHS,AGENT
ORMT-00011771,OR-C000477,4,SUCCESSFUL,2024-07-03 07:08:29.000,Upper East|Navrongo,1867.04,GHS,API
ORMT-00011772,OR-C000477,1,SUCCESSFUL,2024-07-18 15:35:27.000,Upper East|Navrongo,153.6,GHS,WEB
ORMT-00011773,OR-C000477,9,SUCCESSFUL,2024-08-06 16:32:21.000,Upper East|Navrongo,703.34,GHS,MOBILE_APP
ORMT-00011774,OR-C000477,1,SUCCESSFUL,2024-08-04 21:57:31.000,Upper East|Navrongo,1560.37,GHS,API
ORMT-00011775,OR-C000477,3,SUCCESSFUL,2024-08-08 10:56:07.000,Upper East|Navrongo,878.35,GHS,MOBILE_APP
ORMT-00011776,OR-C000477,9,SUCCESSFUL,2024-08-24 16:27:48.000,Upper East|Navrongo,922.83,GHS,AGENT
ORMT-00011777,OR-C000477,3,SUCCESSFUL,2024-09-08 18:17:08.000,Upper East|Navrongo,2657.03,GHS,THIRD_PARTY
ORMT-00011778,OR-C000477,2,SUCCESSFUL,2024-09-26 19:57:12.000,Upper East|Navrongo,220.76,GHS,THIRD_PARTY
ORMT-00011779,OR-C000477,1,SUCCESSFUL,2024-09-25 17:43:19.000,Upper East|Navrongo,1377.5,GHS,WEB
ORMT-00011780,OR-C000477,5,SUCCESSFUL,2024-09-21 13:57:03.000,Upper East|Navrongo,629.01,GHS,THIRD_PARTY
ORMT-00011952,OR-C000478,1,SUCCESSFUL,2024-07-24 11:52:36.000,Greater Accra|Kasoa,1638.19,GHS,AGENT
ORMT-00011953,OR-C000478,3,SUCCESSFUL,2024-07-18 12:34:33.000,Greater Accra|Kasoa,661.77,GHS,MOBILE_APP
ORMT-00011954,OR-C000478,5,SUCCESSFUL,2024-07-30 11:00:42.000,Greater Accra|Kasoa,1121.63,GHS,AGENT
ORMT-00011955,OR-C000478,7,SUCCESSFUL,2024-07-19 20:30:20.000,Greater Accra|Kasoa,758.2,GHS,MOBILE_APP
ORMT-00011956,OR-C000478,9,SUCCESSFUL,2024-07-13 18:24:21.000,Greater Accra|Kasoa,387.37,GHS,AGENT
ORMT-00011957,OR-C000478,4,SUCCESSFUL,2024-07-30 14:51:12.000,Greater Accra|Kasoa,450.94,GHS,MOBILE_APP
ORMT-00011958,OR-C000478,1,SUCCESSFUL,2024-07-27 17:20:01.000,Greater Accra|Kasoa,753.83,GHS,WEB
ORMT-00011959,OR-C000478,5,REJECTED,2024-07-24 07:33:57.000,Greater Accra|Kasoa,3337.55,GHS,MOBILE_APP
ORMT-00011960,OR-C000478,10,SUCCESSFUL,2024-07-18 09:22:28.000,Greater Accra|Kasoa,381.61,GHS,AGENT
ORMT-00011961,OR-C000478,6,SUCCESSFUL,2024-07-21 13:32:34.000,Greater Accra|Kasoa,410.13,GHS,AGENT
ORMT-00011962,OR-C000478,1,SUCCESSFUL,2024-08-29 15:00:27.000,Greater Accra|Kasoa,1912.64,GHS,AGENT
ORMT-00011963,OR-C000478,2,SUCCESSFUL,2024-08-27 20:49:49.000,Greater Accra|Kasoa,828.5,GHS,API
ORMT-00011964,OR-C000478,1,SUCCESSFUL,2024-08-31 20:31:17.000,Greater Accra|Kasoa,690.9,GHS,MOBILE_APP
ORMT-00011965,OR-C000478,8,SUCCESSFUL,2024-08-19 07:56:25.000,Greater Accra|Kasoa,879.73,GHS,API
ORMT-00011966,OR-C000478,2,SUCCESSFUL,2024-09-10 20:57:56.000,Greater Accra|Kasoa,604.7,GHS,WEB
ORMT-00011967,OR-C000478,2,SUCCESSFUL,2024-09-16 19:19:23.000,Greater Accra|Kasoa,617.96,GHS,THIRD_PARTY
ORMT-00011968,OR-C000478,3,SUCCESSFUL,2024-09-04 16:27:33.000,Greater Accra|Kasoa,1960.65,GHS,AGENT
ORMT-00011969,OR-C000478,4,SUCCESSFUL,2024-09-02 19:09:45.000,Greater Accra|Kasoa,64.32,GHS,THIRD_PARTY
ORMT-00011970,OR-C000478,4,SUCCESSFUL,2024-09-16 16:40:07.000,Greater Accra|Kasoa,2131.42,GHS,AGENT
ORMT-00012069,OR-C000479,1,SUCCESSFUL,2024-07-23 08:41:16.000,Ahafo|Goaso,262.1,GHS,AGENT
ORMT-00012070,OR-C000479,6,SUCCESSFUL,2024-08-15 19:44:02.000,Ahafo|Goaso,1358.53,GHS,WEB
ORMT-00012116,OR-C000481,1,SUCCESSFUL,2024-07-11 16:59:33.000,Greater Accra|Accra,1156.47,GHS,MOBILE_APP
ORMT-00012117,OR-C000481,1,SUCCESSFUL,2024-09-13 15:41:41.000,Greater Accra|Accra,1275.61,GHS,AGENT
ORMT-00012118,OR-C000481,2,SUCCESSFUL,2024-09-30 12:12:08.000,Greater Accra|Accra,578.41,GHS,MOBILE_APP
ORMT-00012168,OR-C000482,3,SUCCESSFUL,2024-07-12 08:20:04.000,Bono|Sunyani,454.13,GHS,AGENT
ORMT-00012169,OR-C000482,1,SUCCESSFUL,2024-07-14 14:20:22.000,Bono|Sunyani,781.15,GHS,MOBILE_APP
ORMT-00012170,OR-C000482,1,SUCCESSFUL,2024-08-04 16:05:28.000,Bono|Sunyani,1248.03,GHS,MOBILE_APP
ORMT-00012171,OR-C000482,1,SUCCESSFUL,2024-08-11 10:31:46.000,Bono|Sunyani,1858.62,GHS,MOBILE_APP
ORMT-00012172,OR-C000482,2,REJECTED,2024-08-30 11:04:05.000,Bono|Sunyani,255.68,GHS,AGENT
ORMT-00012173,OR-C000482,8,SUCCESSFUL,2024-09-28 07:19:40.000,Bono|Sunyani,430.35,GHS,MOBILE_APP
ORMT-00012174,OR-C000482,4,SUCCESSFUL,2024-09-17 15:55:06.000,Bono|Sunyani,1280.28,GHS,WEB
ORMT-00012263,OR-C000487,7,SUCCESSFUL,2024-07-14 11:11:33.000,Greater Accra|Madina,219.33,GHS,AGENT
ORMT-00012264,OR-C000487,5,SUCCESSFUL,2024-08-31 18:34:20.000,Greater Accra|Madina,326.75,GHS,AGENT
ORMT-00012272,OR-C000488,9,SUCCESSFUL,2024-08-15 15:16:12.000,Bono|Berekum,924.48,GHS,AGENT
ORMT-00012273,OR-C000488,7,SUCCESSFUL,2024-08-04 10:20:55.000,Bono|Berekum,362.01,GHS,MOBILE_APP
ORMT-00012274,OR-C000488,3,SUCCESSFUL,2024-08-21 20:03:38.000,Bono|Berekum,170.85,GHS,MOBILE_APP
ORMT-00012365,OR-C000490,1,SUCCESSFUL,2024-07-27 20:42:06.000,Oti|Jasikan,970.19,GHS,MOBILE_APP
ORMT-00012366,OR-C000490,3,SUCCESSFUL,2024-07-30 12:31:01.000,Oti|Jasikan,543.26,GHS,THIRD_PARTY
ORMT-00012367,OR-C000490,6,SUCCESSFUL,2024-08-28 16:30:51.000,Oti|Jasikan,651.7,GHS,MOBILE_APP
ORMT-00012368,OR-C000490,6,SUCCESSFUL,2024-08-25 14:49:04.000,Oti|Jasikan,624.54,GHS,API
ORMT-00012369,OR-C000490,9,SUCCESSFUL,2024-08-07 17:32:12.000,Oti|Jasikan,698.69,GHS,WEB
ORMT-00012370,OR-C000490,1,SUCCESSFUL,2024-09-05 17:21:04.000,Oti|Jasikan,1370.43,GHS,THIRD_PARTY
ORMT-00012428,OR-C000491,1,SUCCESSFUL,2024-07-06 12:55:20.000,Greater Accra|Madina,741.44,GHS,AGENT
ORMT-00012429,OR-C000491,2,SUCCESSFUL,2024-09-10 09:25:25.000,Greater Accra|Madina,482.62,GHS,AGENT
ORMT-00012451,OR-C000495,5,SUCCESSFUL,2024-08-18 12:40:14.000,Eastern|Koforidua,441.13,GHS,MOBILE_APP
ORMT-00012452,OR-C000495,8,SUCCESSFUL,2024-08-24 20:46:26.000,Eastern|Koforidua,463.95,GHS,WEB
ORMT-00012453,OR-C000495,1,SUCCESSFUL,2024-09-13 07:26:31.000,Eastern|Koforidua,859.9,GHS,THIRD_PARTY
ORMT-00012454,OR-C000495,1,SUCCESSFUL,2024-09-14 07:08:06.000,Eastern|Koforidua,268.76,GHS,MOBILE_APP
ORMT-00012496,OR-C000496,7,SUCCESSFUL,2024-09-16 12:02:24.000,Ashanti|Kumasi,246.34,GHS,THIRD_PARTY
ORMT-00012512,OR-C000497,1,SUCCESSFUL,2024-09-26 07:45:50.000,Ahafo|Duayaw Nkwanta,2960.49,GHS,AGENT
ORMT-00012513,OR-C000497,1,SUCCESSFUL,2024-09-25 15:42:52.000,Ahafo|Duayaw Nkwanta,62.78,GHS,MOBILE_APP
ORMT-00012587,OR-C000500,1,SUCCESSFUL,2024-07-13 07:08:15.000,Ashanti|Obuasi,373.87,GHS,THIRD_PARTY
