remittance_id,customer_id,country_id,remittance_status,remittance_timestamp,transaction_location,amount,currency,transaction_channel
ORMT-00000025,OR-C000002,8,SUCCESSFUL,2025-11-10 15:52:12.000,Western|Tarkwa,2256.93,GHS,AGENT
ORMT-00000026,OR-C000002,8,SUCCESSFUL,2025-12-24 09:14:09.000,Western|Tarkwa,528.25,GHS,API
ORMT-00000027,OR-C000002,7,SUCCESSFUL,2025-12-27 11:13:00.000,Western|Tarkwa,1759.21,GHS,AGENT
ORMT-00000098,OR-C000003,7,SUCCESSFUL,2025-10-06 14:36:24.000,Bono East|Kintampo,1264.51,GHS,AGENT
ORMT-00000099,OR-C000003,7,SUCCESSFUL,2025-11-04 07:57:09.000,Bono East|Kintampo,1530.58,GHS,API
ORMT-00000100,OR-C000003,1,SUCCESSFUL,2025-11-02 13:11:55.000,Bono East|Kintampo,483.93,GHS,AGENT
ORMT-00000101,OR-C000003,4,SUCCESSFUL,2025-11-25 18:39:30.000,Bono East|Kintampo,445.56,GHS,AGENT
ORMT-00000102,OR-C000003,1,SUCCESSFUL,2025-11-25 15:30:18.000,Bono East|Kintampo,384.45,GHS,AGENT
ORMT-00000103,OR-C000003,5,SUCCESSFUL,2025-11-08 17:39:48.000,Bono East|Kintampo,1916.69,GHS,MOBILE_APP
ORMT-00000104,OR-C000003,6,SUCCESSFUL,2025-12-07 10:53:36.000,Bono East|Kintampo,612.31,GHS,AGENT
ORMT-00000105,OR-C000003,1,SUCCESSFUL,2025-12-07 09:13:57.000,Bono East|Kintampo,393.79,GHS,WEB
ORMT-00000106,OR-C000003,1,SUCCESSFUL,2025-12-20 17:54:15.000,Bono East|Kintampo,4066.18,GHS,AGENT
ORMT-00000107,OR-C000003,2,SUCCESSFUL,2025-12-24 10:04:16.000,Bono East|Kintampo,143.59,GHS,AGENT
ORMT-00000108,OR-C000003,2,SUCCESSFUL,2025-12-28 07:10:46.000,Bono East|Kintampo,564.71,GHS,AGENT
ORMT-00000109,OR-C000003,1,SUCCESSFUL,2025-12-04 16:14:32.000,Bono East|Kintampo,536.24,GHS,AGENT
ORMT-00000115,OR-C000004,1,SUCCESSFUL,2025-12-24 09:34:51.000,Ashanti|Kumasi,118.51,GHS,WEB
ORMT-00000124,OR-C000006,2,SUCCESSFUL,2025-10-11 12:15:11.000,Greater Accra|Kasoa,3400.73,GHS,AGENT
ORMT-00000125,OR-C000006,7,SUCCESSFUL,2025-10-30 13:34:00.000,Greater Accra|Kasoa,315.22,GHS,AGENT
ORMT-00000139,OR-C000007,3,SUCCESSFUL,2025-10-01 10:13:12.000,Greater Accra|Kasoa,555.6,GHS,THIRD_PARTY
ORMT-00000140,OR-C000007,2,SUCCESSFUL,2025-11-25 18:48:53.000,Greater Accra|Kasoa,457.65,GHS,MOBILE_APP
ORMT-00000141,OR-C000007,3,SUCCESSFUL,2025-12-29 10:58:28.000,Greater Accra|Kasoa,1960.32,GHS,AGENT
ORMT-00000142,OR-C000007,6,SUCCESSFUL,2025-12-18 21:37:22.000,Greater Accra|Kasoa,609.32,GHS,AGENT
ORMT-00000189,OR-C000008,2,SUCCESSFUL,2025-10-28 14:08:56.000,Ahafo|Duayaw Nkwanta,9072.13,GHS,AGENT
ORMT-00000190,OR-C000008,4,SUCCESSFUL,2025-12-05 09:28:44.000,Ahafo|Duayaw Nkwanta,2148.79,GHS,API
ORMT-00000191,OR-C000008,6,SUCCESSFUL,2025-12-17 09:45:37.000,Ahafo|Duayaw Nkwanta,698.76,GHS,AGENT
ORMT-00000192,OR-C000008,2,SUCCESSFUL,2025-12-22 08:30:39.000,Ahafo|Duayaw Nkwanta,1106.05,GHS,THIRD_PARTY
ORMT-00000193,OR-C000008,6,SUCCESSFUL,2025-12-02 10:17:17.000,Ahafo|Duayaw Nkwanta,669.98,GHS,AGENT
ORMT-00000212,OR-C000009,3,SUCCESSFUL,2025-10-06 10:28:29.000,Western|Takoradi,1054.91,GHS,THIRD_PARTY
ORMT-00000213,OR-C000009,7,SUCCESSFUL,2025-12-03 07:36:11.000,Western|Takoradi,1315.05,GHS,AGENT
ORMT-00000250,OR-C000010,1,SUCCESSFUL,2025-10-08 11:03:32.000,Greater Accra|Tema,996.5,GHS,MOBILE_APP
ORMT-00000251,OR-C000010,1,SUCCESSFUL,2025-10-25 14:58:46.000,Greater Accra|Tema,123.01,GHS,AGENT
ORMT-00000252,OR-C000010,6,SUCCESSFUL,2025-10-05 19:04:12.000,Greater Accra|Tema,918.5,GHS,MOBILE_APP
ORMT-00000253,OR-C000010,6,SUCCESSFUL,2025-11-23 19:26:49.000,Greater Accra|Tema,505.3,GHS,AGENT
ORMT-00000254,OR-C000010,10,SUCCESSFUL,2025-12-25 10:01:53.000,Greater Accra|Tema,751.33,GHS,API
ORMT-00000255,OR-C000010,10,SUCCESSFUL,2025-12-31 10:04:00.000,Greater Accra|Tema,1471.76,GHS,API
ORMT-00000269,OR-C000011,10,SUCCESSFUL,2025-10-29 09:23:33.000,Ashanti|Obuasi,462.7,GHS,MOBILE_APP
ORMT-00000270,OR-C000011,10,SUCCESSFUL,2025-11-20 07:00:29.000,Ashanti|Obuasi,717.13,GHS,AGENT
ORMT-00000290,OR-C000012,1,SUCCESSFUL,2025-10-17 07:01:31.000,Volta|Hohoe,256.22,GHS,AGENT
ORMT-00000291,OR-C000012,2,SUCCESSFUL,2025-12-29 12:30:10.000,Volta|Hohoe,1369.23,GHS,MOBILE_APP
ORMT-00000324,OR-C000014,2,SUCCESSFUL,2025-10-02 10:17:56.000,Ashanti|Kumasi,935.28,GHS,WEB
ORMT-00000325,OR-C000014,1,SUCCESSFUL,2025-10-29 20:54:32.000,Ashanti|Kumasi,1905.4,GHS,THIRD_PARTY
ORMT-00000326,OR-C000014,3,SUCCESSFUL,2025-11-07 19:45:11.000,Ashanti|Kumasi,1796.43,GHS,AGENT
ORMT-00000327,OR-C000014,1,SUCCESSFUL,2025-11-18 18:46:59.000,Ashanti|Kumasi,319.17,GHS,MOBILE_APP
ORMT-00000328,OR-C000014,4,SUCCESSFUL,2025-11-28 09:50:38.000,Ashanti|Kumasi,2193.2,GHS,THIRD_PARTY
ORMT-00000329,OR-C000014,1,SUCCESSFUL,2025-11-17 16:01:13.000,Ashanti|Kumasi,531.63,GHS,MOBILE_APP
ORMT-00000330,OR-C000014,7,SUCCESSFUL,2025-11-28 12:34:37.000,Ashanti|Kumasi,1099.59,GHS,WEB
ORMT-00000331,OR-C000014,7,SUCCESSFUL,2025-11-03 07:15:39.000,Ashanti|Kumasi,897.47,GHS,AGENT
ORMT-00000332,OR-C000014,5,SUCCESSFUL,2025-11-26 16:00:57.000,Ashanti|Kumasi,254.57,GHS,AGENT
ORMT-00000333,OR-C000014,5,SUCCESSFUL,2025-11-11 12:17:09.000,Ashanti|Kumasi,1173.1,GHS,AGENT
ORMT-00000334,OR-C000014,6,SUCCESSFUL,2025-11-05 17:12:32.000,Ashanti|Kumasi,153.66,GHS,API
ORMT-00000335,OR-C000014,3,SUCCESSFUL,2025-12-27 14:48:16.000,Ashanti|Kumasi,230.52,GHS,MOBILE_APP
ORMT-00000336,OR-C000014,1,SUCCESSFUL,2025-12-23 16:28:53.000,Ashanti|Kumasi,248.9,GHS,MOBILE_APP
ORMT-00000337,OR-C000014,5,SUCCESSFUL,2025-12-29 10:09:14.000,Ashanti|Kumasi,1919.08,GHS,AGENT
ORMT-00000364,OR-C000015,4,SUCCESSFUL,2025-10-30 07:53:58.000,Ashanti|Ejisu,324.66,GHS,THIRD_PARTY
ORMT-00000365,OR-C000015,10,SUCCESSFUL,2025-10-31 07:03:41.000,Ashanti|Ejisu,1964.58,GHS,AGENT
ORMT-00000366,OR-C000015,6,SUCCESSFUL,2025-11-23 19:10:19.000,Ashanti|Ejisu,554.68,GHS,THIRD_PARTY
ORMT-00000367,OR-C000015,4,SUCCESSFUL,2025-11-10 16:02:53.000,Ashanti|Ejisu,557.38,GHS,THIRD_PARTY
ORMT-00000368,OR-C000015,5,SUCCESSFUL,2025-12-15 10:06:47.000,Ashanti|Ejisu,409.06,GHS,THIRD_PARTY
ORMT-00000369,OR-C000015,4,SUCCESSFUL,2025-12-13 19:48:52.000,Ashanti|Ejisu,1767.75,GHS,WEB
ORMT-00000370,OR-C000015,6,SUCCESSFUL,2025-12-06 17:50:08.000,Ashanti|Ejisu,280.59,GHS,MOBILE_APP
ORMT-00000371,OR-C000015,7,FAILED,2025-12-20 17:32:05.000,Ashanti|Ejisu,384.34,GHS,AGENT
ORMT-00000372,OR-C000015,1,SUCCESSFUL,2025-12-03 14:16:33.000,Ashanti|Ejisu,1537.82,GHS,AGENT
ORMT-00000373,OR-C000015,6,SUCCESSFUL,2025-12-22 15:01:45.000,Ashanti|Ejisu,493.98,GHS,AGENT
ORMT-00000378,OR-C000017,3,SUCCESSFUL,2025-10-16 19:21:19.000,Greater Accra|Madina,859.08,GHS,AGENT
ORMT-00000401,OR-C000018,1,FAILED,2025-10-15 21:49:55.000,Upper West|Wa,1045.66,GHS,AGENT
ORMT-00000402,OR-C000018,8,SUCCESSFUL,2025-10-18 21:34:15.000,Upper West|Wa,586.8,GHS,MOBILE_APP
ORMT-00000403,OR-C000018,7,SUCCESSFUL,2025-10-10 12:45:50.000,Upper West|Wa,72.47,GHS,AGENT
ORMT-00000404,OR-C000018,1,SUCCESSFUL,2025-11-04 08:53:31.000,Upper West|Wa,682.56,GHS,MOBILE_APP
ORMT-00000405,OR-C000018,2,SUCCESSFUL,2025-11-15 21:33:31.000,Upper West|Wa,690.04,GHS,AGENT
ORMT-00000406,OR-C000018,1,SUCCESSFUL,2025-11-28 14:39:46.000,Upper West|Wa,377.91,GHS,THIRD_PARTY
ORMT-00000407,OR-C000018,6,SUCCESSFUL,2025-11-29 20:01:34.000,Upper West|Wa,126.84,GHS,THIRD_PARTY
ORMT-00000408,OR-C000018,1,SUCCESSFUL,2025-11-28 14:40:12.000,Upper West|Wa,201.86,GHS,THIRD_PARTY
ORMT-00000409,OR-C000018,1,SUCCESSFUL,2025-12-29 16:10:09.000,Upper West|Wa,1329.82,GHS,THIRD_PARTY
ORMT-00000426,OR-C000019,7,SUCCESSFUL,2025-10-13 07:39:05.000,Ahafo|Duayaw Nkwanta,1493.6,GHS,AGENT
ORMT-00000427,OR-C000019,1,SUCCESSFUL,2025-10-01 15:37:50.000,Ahafo|Duayaw Nkwanta,1087.87,GHS,AGENT
ORMT-00000428,OR-C000019,3,SUCCESSFUL,2025-12-07 13:54:29.000,Ahafo|Duayaw Nkwanta,462.32,GHS,THIRD_PARTY
ORMT-00000429,OR-C000019,3,SUCCESSFUL,2025-12-26 09:34:56.000,Ahafo|Duayaw Nkwanta,338.56,GHS,AGENT
ORMT-00000437,OR-C000020,3,SUCCESSFUL,2025-12-17 09:38:52.000,Greater Accra|Kasoa,151.34,GHS,AGENT
ORMT-00000438,OR-C000020,2,SUCCESSFUL,2025-12-16 17:29:03.000,Greater Accra|Kasoa,396.76,GHS,AGENT
ORMT-00000478,OR-C000021,7,SUCCESSFUL,2025-10-07 17:10:26.000,Bono East|Techiman,224.53,GHS,WEB
ORMT-00000479,OR-C000021,4,SUCCESSFUL,2025-11-17 07:48:07.000,Bono East|Techiman,1069.1,GHS,AGENT
ORMT-00000480,OR-C000021,4,SUCCESSFUL,2025-12-11 18:32:50.000,Bono East|Techiman,1070.28,GHS,AGENT
ORMT-00000481,OR-C000021,10,REJECTED,2025-12-23 20:21:13.000,Bono East|Techiman,166.26,GHS,API
ORMT-00000482,OR-C000021,5,SUCCESSFUL,2025-12-02 19:54:03.000,Bono East|Techiman,1615.56,GHS,THIRD_PARTY
ORMT-00000515,OR-C000023,1,SUCCESSFUL,2025-10-01 13:21:08.000,Ashanti|Kumasi,462.41,GHS,MOBILE_APP
ORMT-00000516,OR-C000023,9,SUCCESSFUL,2025-11-03 15:16:37.000,Ashanti|Kumasi,301.6,GHS,WEB
ORMT-00000517,OR-C000023,7,SUCCESSFUL,2025-11-14 12:49:53.000,Ashanti|Kumasi,170.14,GHS,AGENT
ORMT-00000518,OR-C000023,1,SUCCESSFUL,2025-11-08 17:44:56.000,Ashanti|Kumasi,838.63,GHS,THIRD_PARTY
ORMT-00000519,OR-C000023,4,SUCCESSFUL,2025-11-26 12:45:05.000,Ashanti|Kumasi,1420.26,GHS,MOBILE_APP
ORMT-00000520,OR-C000023,3,SUCCESSFUL,2025-12-25 20:54:56.000,Ashanti|Kumasi,443.29,GHS,AGENT
ORMT-00000521,OR-C000023,1,SUCCESSFUL,2025-12-13 15:05:21.000,Ashanti|Kumasi,686.95,GHS,MOBILE_APP
ORMT-00000522,OR-C000023,6,SUCCESSFUL,2025-12-17 08:29:21.000,Ashanti|Kumasi,554.72,GHS,API
ORMT-00000523,OR-C000023,2,SUCCESSFUL,2025-12-26 10:14:23.000,Ashanti|Kumasi,351.67,GHS,AGENT
ORMT-00000545,OR-C000024,1,SUCCESSFUL,2025-10-04 14:12:42.000,Bono East|Kintampo,109.1,GHS,MOBILE_APP
ORMT-00000546,OR-C000024,6,SUCCESSFUL,2025-10-04 16:46:38.000,Bono East|Kintampo,917.79,GHS,API
ORMT-00000547,OR-C000024,2,SUCCESSFUL,2025-12-14 16:07:54.000,Bono East|Kintampo,889.32,GHS,AGENT
ORMT-00000548,OR-C000024,2,SUCCESSFUL,2025-12-21 15:31:27.000,Bono East|Kintampo,795.17,GHS,MOBILE_APP
ORMT-00000549,OR-C000024,1,SUCCESSFUL,2025-12-15 09:19:40.000,Bono East|Kintampo,474.7,GHS,MOBILE_APP
ORMT-00000567,OR-C000025,9,SUCCESSFUL,2025-11-29 07:14:44.000,Eastern|Nkawkaw,1867.02,GHS,AGENT
ORMT-00000568,OR-C000025,2,SUCCESSFUL,2025-12-01 14:10:31.000,Eastern|Nkawkaw,1453.19,GHS,WEB
ORMT-00000606,OR-C000026,7,SUCCESSFUL,2025-10-05 12:37:47.000,Oti|Dambai,188.14,GHS,AGENT
ORMT-00000607,OR-C000026,4,SUCCESSFUL,2025-10-16 10:33:09.000,Oti|Dambai,1277.5,GHS,THIRD_PARTY
ORMT-00000608,OR-C000026,1,SUCCESSFUL,2025-11-24 19:04:37.000,Oti|Dambai,580.2,GHS,MOBILE_APP
ORMT-00000609,OR-C000026,1,SUCCESSFUL,2025-12-06 17:04:51.000,Oti|Dambai,1987.7,GHS,AGENT
ORMT-00000610,OR-C000026,4,SUCCESSFUL,2025-12-15 12:03:09.000,Oti|Dambai,1059.35,GHS,AGENT
ORMT-00000611,OR-C000026,1,SUCCESSFUL,2025-12-17 11:07:22.000,Oti|Dambai,380.0,GHS,MOBILE_APP
ORMT-00000625,OR-C000027,2,SUCCESSFUL,2025-12-19 14:00:55.000,Volta|Keta,1338.52,GHS,AGENT
ORMT-00000635,OR-C000028,8,SUCCESSFUL,2025-10-29 12:31:19.000,Ashanti|Obuasi,2024.81,GHS,AGENT
ORMT-00000636,OR-C000028,1,SUCCESSFUL,2025-10-12 20:24:25.000,Ashanti|Obuasi,115.54,GHS,THIRD_PARTY
ORMT-00000637,OR-C000028,4,SUCCESSFUL,2025-12-30 17:56:15.000,Ashanti|Obuasi,3209.51,GHS,AGENT
ORMT-00000700,OR-C000030,4,SUCCESSFUL,2025-10-23 21:15:31.000,Greater Accra|Kasoa,417.71,GHS,THIRD_PARTY
ORMT-00000701,OR-C000030,5,SUCCESSFUL,2025-10-21 21:40:39.000,Greater Accra|Kasoa,297.81,GHS,API
ORMT-00000702,OR-C000030,2,SUCCESSFUL,2025-11-28 16:06:12.000,Greater Accra|Kasoa,596.39,GHS,AGENT
ORMT-00000703,OR-C000030,9,SUCCESSFUL,2025-12-01 09:46:52.000,Greater Accra|Kasoa,1390.05,GHS,AGENT
ORMT-00000824,OR-C000031,8,SUCCESSFUL,2025-10-27 07:41:16.000,Greater Accra|Madina,2775.82,GHS,API
ORMT-00000825,OR-C000031,2,REJECTED,2025-10-05 18:21:40.000,Greater Accra|Madina,453.79,GHS,THIRD_PARTY
ORMT-00000826,OR-C000031,2,SUCCESSFUL,2025-10-07 15:07:25.000,Greater Accra|Madina,185.97,GHS,AGENT
ORMT-00000827,OR-C000031,2,SUCCESSFUL,2025-11-03 20:17:02.000,Greater Accra|Madina,1177.11,GHS,THIRD_PARTY
ORMT-00000828,OR-C000031,3,SUCCESSFUL,2025-12-21 18:12:26.000,Greater Accra|Madina,262.7,GHS,MOBILE_APP
ORMT-00000829,OR-C000031,1,SUCCESSFUL,2025-12-26 15:44:57.000,Greater Accra|Madina,2650.55,GHS,THIRD_PARTY
ORMT-00000830,OR-C000031,5,SUCCESSFUL,2025-12-10 16:40:30.000,Greater Accra|Madina,2546.17,GHS,MOBILE_APP
ORMT-00000831,OR-C000031,9,SUCCESSFUL,2025-12-22 19:36:15.000,Greater Accra|Madina,2241.33,GHS,AGENT
ORMT-00000832,OR-C000031,1,SUCCESSFUL,2025-12-03 19:37:40.000,Greater Accra|Madina,298.77,GHS,AGENT
ORMT-00000833,OR-C000031,3,SUCCESSFUL,2025-12-26 09:06:04.000,Greater Accra|Madina,3525.37,GHS,THIRD_PARTY
ORMT-00000834,OR-C000031,1,SUCCESSFUL,2025-12-26 10:53:45.000,Greater Accra|Madina,50,GHS,THIRD_PARTY
ORMT-00000899,OR-C000032,7,SUCCESSFUL,2025-10-25 14:14:36.000,Greater Accra|Kasoa,1062.81,GHS,AGENT
ORMT-00000900,OR-C000032,1,SUCCESSFUL,2025-10-24 21:55:57.000,Greater Accra|Kasoa,561.61,GHS,API
ORMT-00000901,OR-C000032,1,FAILED,2025-10-20 11:09:05.000,Greater Accra|Kasoa,326.22,GHS,WEB
ORMT-00000902,OR-C000032,2,SUCCESSFUL,2025-10-06 20:20:38.000,Greater Accra|Kasoa,275.42,GHS,MOBILE_APP
ORMT-00000903,OR-C000032,1,SUCCESSFUL,2025-10-25 18:29:41.000,Greater Accra|Kasoa,799.18,GHS,AGENT
ORMT-00000904,OR-C000032,1,REJECTED,2025-11-07 17:47:41.000,Greater Accra|Kasoa,1118.34,GHS,MOBILE_APP
ORMT-00000905,OR-C000032,7,SUCCESSFUL,2025-11-26 10:29:00.000,Greater Accra|Kasoa,3639.55,GHS,AGENT
ORMT-00000906,OR-C000032,5,SUCCESSFUL,2025-12-27 21:01:48.000,Greater Accra|Kasoa,564.74,GHS,AGENT
ORMT-00000907,OR-C000032,1,SUCCESSFUL,2025-12-20 16:04:13.000,Greater Accra|Kasoa,810.05,GHS,AGENT
ORMT-00000908,OR-C000032,5,SUCCESSFUL,2025-12-08 10:28:03.000,Greater Accra|Kasoa,524.76,GHS,THIRD_PARTY
ORMT-00000909,OR-C000032,6,SUCCESSFUL,2025-12-28 16:09:12.000,Greater Accra|Kasoa,763.1,GHS,AGENT
ORMT-00000910,OR-C000032,1,SUCCESSFUL,2025-12-26 09:41:09.000,Greater Accra|Kasoa,435.13,GHS,WEB
ORMT-00000920,OR-C000033,5,SUCCESSFUL,2025-10-02 09:57:38.000,Northern|Tamale,517.74,GHS,MOBILE_APP
ORMT-00000921,OR-C000033,1,SUCCESSFUL,2025-11-11 16:30:33.000,Northern|Tamale,1010.28,GHS,MOBILE_APP
ORMT-00000922,OR-C000033,2,FAILED,2025-12-09 09:33:29.000,Northern|Tamale,1249.56,GHS,AGENT
ORMT-00000944,OR-C000034,1,SUCCESSFUL,2025-10-13 15:29:43.000,Ahafo|Goaso,445.71,GHS,MOBILE_APP
ORMT-00000945,OR-C000034,3,SUCCESSFUL,2025-10-26 18:53:37.000,Ahafo|Goaso,363.2,GHS,THIRD_PARTY
ORMT-00000946,OR-C000034,1,SUCCESSFUL,2025-10-11 15:39:08.000,Ahafo|Goaso,1043.95,GHS,AGENT
ORMT-00000947,OR-C000034,5,SUCCESSFUL,2025-10-29 07:14:36.000,Ahafo|Goaso,461.31,GHS,WEB
ORMT-00000948,OR-C000034,1,SUCCESSFUL,2025-11-09 17:08:33.000,Ahafo|Goaso,816.27,GHS,MOBILE_APP
ORMT-00000949,OR-C000034,4,SUCCESSFUL,2025-12-19 21:51:47.000,Ahafo|Goaso,510.22,GHS,AGENT
ORMT-00000950,OR-C000034,7,SUCCESSFUL,2025-12-24 12:03:53.000,Ahafo|Goaso,506.13,GHS,AGENT
ORMT-00000951,OR-C000034,3,SUCCESSFUL,2025-12-31 11:19:31.000,Ahafo|Goaso,176.25,GHS,API
ORMT-00000952,OR-C000034,3,SUCCESSFUL,2025-12-29 10:29:07.000,Ahafo|Goaso,280.47,GHS,API
ORMT-00000978,OR-C000036,5,SUCCESSFUL,2025-11-19 10:22:19.000,Eastern|Koforidua,123.08,GHS,AGENT
ORMT-00000992,OR-C000038,2,SUCCESSFUL,2025-11-19 10:34:13.000,Ashanti|Obuasi,538.76,GHS,MOBILE_APP
ORMT-00000997,OR-C000039,3,SUCCESSFUL,2025-10-04 15:26:32.000,Ahafo|Goaso,943.08,GHS,AGENT
ORMT-00000998,OR-C000039,1,SUCCESSFUL,2025-12-27 11:35:35.000,Ahafo|Goaso,2265.63,GHS,AGENT
ORMT-00000999,OR-C000039,4,SUCCESSFUL,2025-12-29 19:36:51.000,Ahafo|Goaso,583.64,GHS,AGENT
ORMT-00001010,OR-C000040,3,SUCCESSFUL,2025-11-28 09:37:23.000,Greater Accra|Accra,745.49,GHS,MOBILE_APP
ORMT-00001101,OR-C000041,7,SUCCESSFUL,2025-10-18 07:21:31.000,Bono|Berekum,251.78,GHS,AGENT
ORMT-00001102,OR-C000041,1,SUCCESSFUL,2025-10-16 11:53:23.000,Bono|Berekum,425.96,GHS,THIRD_PARTY
ORMT-00001103,OR-C000041,4,SUCCESSFUL,2025-11-08 13:41:26.000,Bono|Berekum,495.3,GHS,WEB
ORMT-00001104,OR-C000041,5,SUCCESSFUL,2025-11-23 18:35:59.000,Bono|Berekum,116.29,GHS,WEB
ORMT-00001105,OR-C000041,7,SUCCESSFUL,2025-11-22 12:03:07.000,Bono|Berekum,371.7,GHS,AGENT
ORMT-00001106,OR-C000041,1,SUCCESSFUL,2025-11-05 08:40:33.000,Bono|Berekum,859.3,GHS,AGENT
ORMT-00001107,OR-C000041,1,SUCCESSFUL,2025-11-25 15:18:06.000,Bono|Berekum,2011.8,GHS,WEB
ORMT-00001108,OR-C000041,3,SUCCESSFUL,2025-11-03 19:48:03.000,Bono|Berekum,556.79,GHS,MOBILE_APP
ORMT-00001109,OR-C000041,9,SUCCESSFUL,2025-12-11 13:47:52.000,Bono|Berekum,272.18,GHS,AGENT
ORMT-00001110,OR-C000041,1,SUCCESSFUL,2025-12-21 09:31:51.000,Bono|Berekum,1305.62,GHS,AGENT
ORMT-00001111,OR-C000041,1,SUCCESSFUL,2025-12-27 15:16:20.000,Bono|Berekum,286.72,GHS,API
ORMT-00001112,OR-C000041,4,SUCCESSFUL,2025-12-17 14:29:18.000,Bono|Berekum,183.48,GHS,AGENT
ORMT-00001113,OR-C000041,1,SUCCESSFUL,2025-12-16 13:50:16.000,Bono|Berekum,562.28,GHS,WEB
ORMT-00001114,OR-C000041,2,SUCCESSFUL,2025-12-31 14:51:02.000,Bono|Berekum,423.93,GHS,AGENT
ORMT-00001124,OR-C000042,1,SUCCESSFUL,2025-10-05 14:50:05.000,Greater Accra|Kasoa,801.12,GHS,AGENT
ORMT-00001125,OR-C000042,3,SUCCESSFUL,2025-11-16 11:49:47.000,Greater Accra|Kasoa,905.26,GHS,API
ORMT-00001126,OR-C000042,3,SUCCESSFUL,2025-12-16 12:17:19.000,Greater Accra|Kasoa,505.05,GHS,MOBILE_APP
ORMT-00001127,OR-C000042,1,SUCCESSFUL,2025-12-03 12:41:16.000,Greater Accra|Kasoa,1161.01,GHS,AGENT
ORMT-00001150,OR-C000043,2,SUCCESSFUL,2025-10-16 12:49:57.000,Greater Accra|Tema,446.0,GHS,AGENT
ORMT-00001151,OR-C000043,10,SUCCESSFUL,2025-10-23 19:21:07.000,Greater Accra|Tema,2678.43,GHS,MOBILE_APP
ORMT-00001152,OR-C000043,7,SUCCESSFUL,2025-11-27 20:56:38.000,Greater Accra|Tema,1688.73,GHS,WEB
ORMT-00001153,OR-C000043,4,SUCCESSFUL,2025-11-28 07:32:20.000,Greater Accra|Tema,3155.12,GHS,MOBILE_APP
ORMT-00001154,OR-C000043,4,SUCCESSFUL,2025-12-31 08:22:07.000,Greater Accra|Tema,554.3,GHS,AGENT
ORMT-00001155,OR-C000043,1,SUCCESSFUL,2025-12-10 14:11:32.000,Greater Accra|Tema,1589.01,GHS,AGENT
ORMT-00001156,OR-C000043,1,SUCCESSFUL,2025-12-06 14:46:03.000,Greater Accra|Tema,1668.68,GHS,AGENT
ORMT-00001157,OR-C000043,7,SUCCESSFUL,2025-12-13 16:43:01.000,Greater Accra|Tema,782.83,GHS,API
ORMT-00001158,OR-C000043,3,SUCCESSFUL,2025-12-30 16:56:18.000,Greater Accra|Tema,749.1,GHS,AGENT
ORMT-00001176,OR-C000044,9,SUCCESSFUL,2025-10-21 20:22:34.000,Upper East|Navrongo,2199.84,GHS,AGENT
ORMT-00001177,OR-C000044,7,SUCCESSFUL,2025-11-06 10:16:39.000,Upper East|Navrongo,582.84,GHS,MOBILE_APP
ORMT-00001178,OR-C000044,1,SUCCESSFUL,2025-12-09 09:12:28.000,Upper East|Navrongo,142.04,GHS,AGENT
ORMT-00001187,OR-C000045,1,SUCCESSFUL,2025-12-24 13:34:21.000,Oti|Dambai,2653.51,GHS,AGENT
ORMT-00001229,OR-C000047,1,SUCCESSFUL,2025-10-13 15:38:01.000,Central|Cape Coast,1158.85,GHS,WEB
ORMT-00001230,OR-C000047,6,SUCCESSFUL,2025-11-22 21:57:52.000,Central|Cape Coast,1133.78,GHS,WEB
ORMT-00001231,OR-C000047,5,SUCCESSFUL,2025-11-17 13:12:01.000,Central|Cape Coast,4555.29,GHS,THIRD_PARTY
ORMT-00001232,OR-C000047,10,SUCCESSFUL,2025-11-06 21:01:15.000,Central|Cape Coast,498.51,GHS,THIRD_PARTY
ORMT-00001233,OR-C000047,1,SUCCESSFUL,2025-11-27 14:23:55.000,Central|Cape Coast,597.68,GHS,AGENT
ORMT-00001234,OR-C000047,4,SUCCESSFUL,2025-11-24 09:52:39.000,Central|Cape Coast,495.73,GHS,AGENT
ORMT-00001235,OR-C000047,1,SUCCESSFUL,2025-12-09 19:34:30.000,Central|Cape Coast,308.33,GHS,AGENT
ORMT-00001236,OR-C000047,1,SUCCESSFUL,2025-12-29 15:42:09.000,Central|Cape Coast,412.83,GHS,AGENT
ORMT-00001237,OR-C000047,1,SUCCESSFUL,2025-12-07 19:37:36.000,Central|Cape Coast,1640.15,GHS,WEB
ORMT-00001238,OR-C000047,1,SUCCESSFUL,2025-12-26 13:15:58.000,Central|Cape Coast,366.07,GHS,THIRD_PARTY
ORMT-00001239,OR-C000047,1,SUCCESSFUL,2025-12-22 13:28:51.000,Central|Cape Coast,547.27,GHS,MOBILE_APP
ORMT-00001240,OR-C000047,3,SUCCESSFUL,2025-12-11 12:01:30.000,Central|Cape Coast,92.22,GHS,MOBILE_APP
ORMT-00001244,OR-C000048,6,SUCCESSFUL,2025-10-20 18:32:17.000,Greater Accra|Madina,2654.64,GHS,WEB
ORMT-00001262,OR-C000049,4,SUCCESSFUL,2025-12-16 09:21:37.000,Upper East|Navrongo,4518.19,GHS,AGENT
ORMT-00001285,OR-C000051,7,SUCCESSFUL,2025-12-24 15:25:52.000,Eastern|Akropong,1386.7,GHS,AGENT
ORMT-00001286,OR-C000051,1,SUCCESSFUL,2025-12-02 12:06:56.000,Eastern|Akropong,1102.16,GHS,API
ORMT-00001301,OR-C000052,4,SUCCESSFUL,2025-10-04 19:27:03.000,Northern|Yendi,2818.41,GHS,MOBILE_APP
ORMT-00001302,OR-C000052,1,SUCCESSFUL,2025-12-06 14:09:32.000,Northern|Yendi,5533.35,GHS,MOBILE_APP
ORMT-00001303,OR-C000052,1,SUCCESSFUL,2025-12-15 19:36:30.000,Northern|Yendi,295.45,GHS,AGENT
ORMT-00001317,OR-C000053,7,SUCCESSFUL,2025-10-25 15:20:09.000,Greater Accra|Accra,381.88,GHS,MOBILE_APP
ORMT-00001318,OR-C000053,7,SUCCESSFUL,2025-12-28 08:16:44.000,Greater Accra|Accra,474.01,GHS,AGENT
ORMT-00001328,OR-C000054,5,SUCCESSFUL,2025-12-09 15:01:46.000,Upper East|Navrongo,1188.42,GHS,THIRD_PARTY
ORMT-00001370,OR-C000056,1,SUCCESSFUL,2025-10-24 19:44:13.000,Northern|Tamale,170.46,GHS,AGENT
ORMT-00001371,OR-C000056,1,SUCCESSFUL,2025-10-08 11:38:44.000,Northern|Tamale,295.0,GHS,THIRD_PARTY
ORMT-00001372,OR-C000056,3,SUCCESSFUL,2025-10-16 17:40:06.000,Northern|Tamale,283.93,GHS,AGENT
ORMT-00001373,OR-C000056,1,SUCCESSFUL,2025-10-18 07:15:34.000,Northern|Tamale,134.7,GHS,API
ORMT-00001374,OR-C000056,2,SUCCESSFUL,2025-11-09 09:21:30.000,Northern|Tamale,214.62,GHS,MOBILE_APP
ORMT-00001375,OR-C000056,5,SUCCESSFUL,2025-11-27 17:21:52.000,Northern|Tamale,628.25,GHS,MOBILE_APP
ORMT-00001376,OR-C000056,1,SUCCESSFUL,2025-11-05 10:57:32.000,Northern|Tamale,238.9,GHS,AGENT
ORMT-00001377,OR-C000056,4,SUCCESSFUL,2025-12-21 14:14:51.000,Northern|Tamale,570.3,GHS,AGENT
ORMT-00001378,OR-C000056,1,SUCCESSFUL,2025-12-21 08:20:43.000,Northern|Tamale,982.38,GHS,THIRD_PARTY
ORMT-00001430,OR-C000057,7,SUCCESSFUL,2025-10-22 15:47:05.000,Western|Takoradi,375.59,GHS,AGENT
ORMT-00001431,OR-C000057,2,SUCCESSFUL,2025-10-17 11:20:52.000,Western|Takoradi,369.49,GHS,AGENT
ORMT-00001432,OR-C000057,2,SUCCESSFUL,2025-10-16 17:34:39.000,Western|Takoradi,1931.61,GHS,WEB
ORMT-00001433,OR-C000057,5,SUCCESSFUL,2025-11-29 09:17:44.000,Western|Takoradi,637.44,GHS,THIRD_PARTY
ORMT-00001434,OR-C000057,8,SUCCESSFUL,2025-11-17 16:23:18.000,Western|Takoradi,2113.38,GHS,THIRD_PARTY
ORMT-00001435,OR-C000057,4,SUCCESSFUL,2025-12-29 20:59:24.000,Western|Takoradi,1590.75,GHS,WEB
ORMT-00001436,OR-C000057,5,SUCCESSFUL,2025-12-31 20:11:17.000,Western|Takoradi,304.74,GHS,MOBILE_APP
ORMT-00001437,OR-C000057,10,SUCCESSFUL,2025-12-17 11:44:51.000,Western|Takoradi,438.82,GHS,THIRD_PARTY
ORMT-00001438,OR-C000057,1,SUCCESSFUL,2025-12-27 17:55:30.000,Western|Takoradi,896.57,GHS,MOBILE_APP
ORMT-00001521,OR-C000058,3,SUCCESSFUL,2025-10-30 13:15:30.000,Greater Accra|Kasoa,142.82,GHS,API
ORMT-00001522,OR-C000058,2,SUCCESSFUL,2025-10-01 11:40:08.000,Greater Accra|Kasoa,1221.92,GHS,AGENT
ORMT-00001523,OR-C000058,2,SUCCESSFUL,2025-11-28 19:48:19.000,Greater Accra|Kasoa,475.12,GHS,MOBILE_APP
ORMT-00001524,OR-C000058,3,SUCCESSFUL,2025-11-20 18:50:14.000,Greater Accra|Kasoa,3206.76,GHS,THIRD_PARTY
ORMT-00001525,OR-C000058,6,SUCCESSFUL,2025-11-23 11:52:34.000,Greater Accra|Kasoa,1335.82,GHS,AGENT
ORMT-00001526,OR-C000058,2,SUCCESSFUL,2025-11-30 16:09:29.000,Greater Accra|Kasoa,200.86,GHS,API
ORMT-00001527,OR-C000058,1,SUCCESSFUL,2025-12-10 09:58:53.000,Greater Accra|Kasoa,360.17,GHS,WEB
ORMT-00001528,OR-C000058,4,SUCCESSFUL,2025-12-01 21:58:11.000,Greater Accra|Kasoa,3892.25,GHS,WEB
ORMT-00001529,OR-C000058,7,SUCCESSFUL,2025-12-06 21:36:44.000,Greater Accra|Kasoa,592.14,GHS,AGENT
ORMT-00001530,OR-C000058,1,SUCCESSFUL,2025-12-28 12:03:55.000,Greater Accra|Kasoa,2169.15,GHS,WEB
ORMT-00001531,OR-C000058,1,SUCCESSFUL,2025-12-24 15:30:35.000,Greater Accra|Kasoa,278.49,GHS,MOBILE_APP
ORMT-00001532,OR-C000058,3,SUCCESSFUL,2025-12-16 17:05:21.000,Greater Accra|Kasoa,1076.08,GHS,MOBILE_APP
ORMT-00001533,OR-C000058,4,SUCCESSFUL,2025-12-16 16:06:25.000,Greater Accra|Kasoa,374.32,GHS,AGENT
ORMT-00001534,OR-C000058,8,SUCCESSFUL,2025-12-29 19:33:45.000,Greater Accra|Kasoa,3425.08,GHS,THIRD_PARTY
ORMT-00001560,OR-C000061,4,SUCCESSFUL,2025-10-05 20:43:58.000,Greater Accra|Madina,492.12,GHS,AGENT
ORMT-00001561,OR-C000061,3,SUCCESSFUL,2025-12-05 08:15:01.000,Greater Accra|Madina,189.59,GHS,MOBILE_APP
ORMT-00001562,OR-C000061,5,SUCCESSFUL,2025-12-15 15:28:47.000,Greater Accra|Madina,512.36,GHS,AGENT
ORMT-00001571,OR-C000062,4,SUCCESSFUL,2025-11-14 11:19:19.000,Greater Accra|Accra,131.16,GHS,AGENT
ORMT-00001593,OR-C000065,1,SUCCESSFUL,2025-12-16 08:35:32.000,Bono|Sunyani,1616.59,GHS,AGENT
ORMT-00001594,OR-C000065,5,SUCCESSFUL,2025-12-24 12:44:40.000,Bono|Sunyani,394.06,GHS,MOBILE_APP
ORMT-00001602,OR-C000066,1,SUCCESSFUL,2025-11-30 15:09:24.000,Central|Cape Coast,238.1,GHS,MOBILE_APP
ORMT-00001603,OR-C000066,9,SUCCESSFUL,2025-12-06 11:35:23.000,Central|Cape Coast,1363.52,GHS,AGENT
ORMT-00001613,OR-C000067,1,SUCCESSFUL,2025-10-13 21:32:40.000,Eastern|Nkawkaw,3048.24,GHS,THIRD_PARTY
ORMT-00001614,OR-C000067,2,SUCCESSFUL,2025-11-30 08:15:24.000,Eastern|Nkawkaw,355.62,GHS,AGENT
ORMT-00001615,OR-C000067,4,SUCCESSFUL,2025-11-14 11:50:04.000,Eastern|Nkawkaw,846.91,GHS,MOBILE_APP
ORMT-00001616,OR-C000067,3,SUCCESSFUL,2025-12-28 07:57:14.000,Eastern|Nkawkaw,1301.52,GHS,AGENT
ORMT-00001621,OR-C000068,1,SUCCESSFUL,2025-12-24 07:13:47.000,Ashanti|Ejisu,302.72,GHS,THIRD_PARTY
ORMT-00001622,OR-C000068,2,SUCCESSFUL,2025-12-26 10:37:49.000,Ashanti|Ejisu,325.05,GHS,THIRD_PARTY
ORMT-00001633,OR-C000069,4,SUCCESSFUL,2025-10-28 21:50:11.000,Volta|Ho,1805.65,GHS,API
ORMT-00001634,OR-C000069,1,SUCCESSFUL,2025-12-25 13:50:47.000,Volta|Ho,892.39,GHS,WEB
ORMT-00001656,OR-C000070,7,SUCCESSFUL,2025-10-28 10:25:12.000,Ashanti|Kumasi,68.77,GHS,MOBILE_APP
ORMT-00001657,OR-C000070,2,SUCCESSFUL,2025-11-20 12:09:17.000,Ashanti|Kumasi,342.12,GHS,AGENT
ORMT-00001658,OR-C000070,1,SUCCESSFUL,2025-12-13 18:39:32.000,Ashanti|Kumasi,277.37,GHS,MOBILE_APP
ORMT-00001659,OR-C000070,4,SUCCESSFUL,2025-12-27 07:42:56.000,Ashanti|Kumasi,1256.73,GHS,AGENT
ORMT-00001695,OR-C000071,3,SUCCESSFUL,2025-10-28 16:53:55.000,Greater Accra|Tema,937.54,GHS,MOBILE_APP
ORMT-00001696,OR-C000071,3,SUCCESSFUL,2025-10-18 10:34:18.000,Greater Accra|Tema,563.35,GHS,AGENT
ORMT-00001697,OR-C000071,4,SUCCESSFUL,2025-10-27 08:35:58.000,Greater Accra|Tema,1347.31,GHS,AGENT
ORMT-00001698,OR-C000071,9,SUCCESSFUL,2025-11-09 17:29:53.000,Greater Accra|Tema,793.02,GHS,THIRD_PARTY
ORMT-00001699,OR-C000071,1,SUCCESSFUL,2025-12-03 18:32:52.000,Greater Accra|Tema,160.91,GHS,AGENT
ORMT-00001707,OR-C000072,2,SUCCESSFUL,2025-11-12 15:20:08.000,Ashanti|Obuasi,1368.76,GHS,THIRD_PARTY
ORMT-00001723,OR-C000073,3,SUCCESSFUL,2025-11-25 10:46:13.000,Ashanti|Kumasi,200.95,GHS,WEB
ORMT-00001724,OR-C000073,1,SUCCESSFUL,2025-12-25 08:48:17.000,Ashanti|Kumasi,1770.63,GHS,API
ORMT-00001725,OR-C000073,9,SUCCESSFUL,2025-12-18 20:36:00.000,Ashanti|Kumasi,1134.82,GHS,AGENT
ORMT-00001726,OR-C000073,7,SUCCESSFUL,2025-12-07 15:43:43.000,Ashanti|Kumasi,1624.34,GHS,MOBILE_APP
ORMT-00001737,OR-C000074,5,SUCCESSFUL,2025-11-07 15:45:16.000,Upper West|Wa,854.37,GHS,AGENT
ORMT-00001747,OR-C000075,1,SUCCESSFUL,2025-11-29 17:20:06.000,Bono|Berekum,442.16,GHS,THIRD_PARTY
ORMT-00001777,OR-C000076,10,SUCCESSFUL,2025-10-30 12:40:30.000,Eastern|Nkawkaw,226.35,GHS,AGENT
ORMT-00001778,OR-C000076,2,SUCCESSFUL,2025-10-20 13:52:54.000,Eastern|Nkawkaw,327.47,GHS,MOBILE_APP
ORMT-00001779,OR-C000076,1,SUCCESSFUL,2025-11-18 10:36:13.000,Eastern|Nkawkaw,742.53,GHS,AGENT
ORMT-00001780,OR-C000076,3,SUCCESSFUL,2025-12-16 12:58:18.000,Eastern|Nkawkaw,3662.7,GHS,AGENT
ORMT-00001781,OR-C000076,6,SUCCESSFUL,2025-12-12 19:23:35.000,Eastern|Nkawkaw,426.57,GHS,WEB
ORMT-00001782,OR-C000076,1,SUCCESSFUL,2025-12-29 15:49:59.000,Eastern|Nkawkaw,198.7,GHS,AGENT
ORMT-00001783,OR-C000076,4,SUCCESSFUL,2025-12-04 11:01:54.000,Eastern|Nkawkaw,469.1,GHS,MOBILE_APP
ORMT-00001784,OR-C000076,1,SUCCESSFUL,2025-12-16 19:21:53.000,Eastern|Nkawkaw,436.44,GHS,MOBILE_APP
ORMT-00001785,OR-C000076,4,SUCCESSFUL,2025-12-25 15:02:54.000,Eastern|Nkawkaw,356.34,GHS,WEB
ORMT-00001794,OR-C000077,6,SUCCESSFUL,2025-11-24 17:01:10.000,Northern|Savelugu,649.91,GHS,API
ORMT-00001818,OR-C000078,7,SUCCESSFUL,2025-10-13 15:09:31.000,Central|Elmina,359.52,GHS,THIRD_PARTY
ORMT-00001819,OR-C000078,9,SUCCESSFUL,2025-10-20 20:01:25.000,Central|Elmina,532.48,GHS,MOBILE_APP
ORMT-00001820,OR-C000078,1,SUCCESSFUL,2025-10-18 13:48:34.000,Central|Elmina,155.12,GHS,API
ORMT-00001821,OR-C000078,2,SUCCESSFUL,2025-10-30 14:21:17.000,Central|Elmina,124.2,GHS,AGENT
ORMT-00001822,OR-C000078,1,SUCCESSFUL,2025-11-26 11:03:23.000,Central|Elmina,649.47,GHS,AGENT
ORMT-00001823,OR-C000078,8,SUCCESSFUL,2025-12-03 20:12:56.000,Central|Elmina,1182.39,GHS,MOBILE_APP
ORMT-00001824,OR-C000078,1,SUCCESSFUL,2025-12-07 08:20:43.000,Central|Elmina,582.92,GHS,MOBILE_APP
ORMT-00001825,OR-C000078,10,SUCCESSFUL,2025-12-11 10:25:03.000,Central|Elmina,1166.39,GHS,MOBILE_APP
ORMT-00001826,OR-C000078,1,SUCCESSFUL,2025-12-28 14:51:55.000,Central|Elmina,900.75,GHS,AGENT
ORMT-00001827,OR-C000078,3,SUCCESSFUL,2025-12-26 14:11:28.000,Central|Elmina,1301.09,GHS,THIRD_PARTY
ORMT-00001828,OR-C000078,2,SUCCESSFUL,2025-12-19 21:14:01.000,Central|Elmina,2249.8,GHS,MOBILE_APP
ORMT-00001840,OR-C000079,4,SUCCESSFUL,2025-12-25 18:15:07.000,Ashanti|Ejisu,344.46,GHS,MOBILE_APP
ORMT-00001848,OR-C000080,4,SUCCESSFUL,2025-12-23 07:12:00.000,Greater Accra|Accra,686.55,GHS,AGENT
ORMT-00001854,OR-C000081,3,SUCCESSFUL,2025-10-25 10:52:34.000,Bono|Berekum,627.01,GHS,MOBILE_APP
ORMT-00001855,OR-C000081,10,SUCCESSFUL,2025-11-19 13:13:21.000,Bono|Berekum,582.12,GHS,MOBILE_APP
ORMT-00001856,OR-C000081,6,SUCCESSFUL,2025-12-29 13:35:33.000,Bono|Berekum,154.4,GHS,MOBILE_APP
ORMT-00001866,OR-C000082,9,SUCCESSFUL,2025-10-01 20:25:46.000,Central|Winneba,579.32,GHS,API
ORMT-00001867,OR-C000082,8,SUCCESSFUL,2025-11-26 20:01:52.000,Central|Winneba,1182.48,GHS,MOBILE_APP
ORMT-00001868,OR-C000082,1,SUCCESSFUL,2025-11-20 16:35:43.000,Central|Winneba,912.54,GHS,API
ORMT-00001869,OR-C000082,5,SUCCESSFUL,2025-12-14 10:39:04.000,Central|Winneba,212.88,GHS,THIRD_PARTY
ORMT-00001870,OR-C000082,3,SUCCESSFUL,2025-12-02 11:26:30.000,Central|Winneba,413.14,GHS,AGENT
ORMT-00001871,OR-C000082,3,SUCCESSFUL,2025-12-12 09:39:41.000,Central|Winneba,967.92,GHS,MOBILE_APP
ORMT-00001872,OR-C000082,2,SUCCESSFUL,2025-12-06 18:50:37.000,Central|Winneba,391.91,GHS,AGENT
ORMT-00001873,OR-C000082,3,SUCCESSFUL,2025-12-26 12:43:32.000,Central|Winneba,361.12,GHS,MOBILE_APP
ORMT-00001875,OR-C000083,9,SUCCESSFUL,2025-11-01 20:07:07.000,Eastern|Akropong,1762.24,GHS,MOBILE_APP
ORMT-00001876,OR-C000083,6,SUCCESSFUL,2025-11-02 14:45:07.000,Eastern|Akropong,676.88,GHS,THIRD_PARTY
ORMT-00001898,OR-C000084,3,SUCCESSFUL,2025-10-04 20:38:36.000,Greater Accra|Madina,1020.3,GHS,AGENT
ORMT-00001899,OR-C000084,7,SUCCESSFUL,2025-11-13 15:17:21.000,Greater Accra|Madina,1906.18,GHS,MOBILE_APP
ORMT-00001900,OR-C000084,1,SUCCESSFUL,2025-12-02 16:19:51.000,Greater Accra|Madina,4559.45,GHS,MOBILE_APP
ORMT-00001908,OR-C000085,4,SUCCESSFUL,2025-10-23 07:40:14.000,Ashanti|Ejisu,649.71,GHS,WEB
ORMT-00001909,OR-C000085,1,SUCCESSFUL,2025-11-29 20:10:59.000,Ashanti|Ejisu,225.37,GHS,THIRD_PARTY
ORMT-00001923,OR-C000086,4,SUCCESSFUL,2025-10-14 15:29:11.000,Ashanti|Ejisu,476.39,GHS,WEB
ORMT-00001924,OR-C000086,2,SUCCESSFUL,2025-12-27 10:58:37.000,Ashanti|Ejisu,992.08,GHS,MOBILE_APP
ORMT-00001958,OR-C000089,5,SUCCESSFUL,2025-10-07 18:32:31.000,Greater Accra|Madina,3616.48,GHS,THIRD_PARTY
ORMT-00001959,OR-C000089,1,SUCCESSFUL,2025-11-23 08:21:59.000,Greater Accra|Madina,562.82,GHS,MOBILE_APP
ORMT-00001993,OR-C000090,5,SUCCESSFUL,2025-10-09 12:03:35.000,Greater Accra|Madina,1427.6,GHS,THIRD_PARTY
ORMT-00001994,OR-C000090,1,SUCCESSFUL,2025-10-05 12:48:47.000,Greater Accra|Madina,145.35,GHS,API
ORMT-00001995,OR-C000090,1,SUCCESSFUL,2025-11-26 18:25:20.000,Greater Accra|Madina,941.22,GHS,MOBILE_APP
ORMT-00001996,OR-C000090,7,SUCCESSFUL,2025-12-10 20:16:16.000,Greater Accra|Madina,258.46,GHS,AGENT
ORMT-00001997,OR-C000090,3,SUCCESSFUL,2025-12-31 09:00:11.000,Greater Accra|Madina,711.26,GHS,MOBILE_APP
ORMT-00001998,OR-C000090,4,SUCCESSFUL,2025-12-10 14:12:59.000,Greater Accra|Madina,1548.54,GHS,MOBILE_APP
ORMT-00001999,OR-C000090,4,SUCCESSFUL,2025-12-04 14:03:28.000,Greater Accra|Madina,383.1,GHS,AGENT
ORMT-00002000,OR-C000090,2,SUCCESSFUL,2025-12-07 20:04:22.000,Greater Accra|Madina,2331.5,GHS,MOBILE_APP
ORMT-00002001,OR-C000090,1,REJECTED,2025-12-02 16:37:09.000,Greater Accra|Madina,274.43,GHS,API
ORMT-00002002,OR-C000090,2,SUCCESSFUL,2025-12-01 08:02:54.000,Greater Accra|Madina,689.65,GHS,MOBILE_APP
ORMT-00002003,OR-C000090,4,SUCCESSFUL,2025-12-13 18:06:37.000,Greater Accra|Madina,945.83,GHS,API
ORMT-00002044,OR-C000092,2,SUCCESSFUL,2025-10-14 14:33:07.000,Central|Cape Coast,759.85,GHS,AGENT
ORMT-00002045,OR-C000092,2,SUCCESSFUL,2025-10-30 15:29:30.000,Central|Cape Coast,1339.3,GHS,AGENT
ORMT-00002046,OR-C000092,2,SUCCESSFUL,2025-11-09 09:15:16.000,Central|Cape Coast,174.49,GHS,THIRD_PARTY
ORMT-00002047,OR-C000092,3,SUCCESSFUL,2025-11-13 19:53:36.000,Central|Cape Coast,3039.24,GHS,API
ORMT-00002048,OR-C000092,6,SUCCESSFUL,2025-11-22 14:04:58.000,Central|Cape Coast,241.62,GHS,AGENT
ORMT-00002049,OR-C000092,2,SUCCESSFUL,2025-11-14 17:35:39.000,Central|Cape Coast,356.75,GHS,AGENT
ORMT-00002050,OR-C000092,10,SUCCESSFUL,2025-12-20 21:57:38.000,Central|Cape Coast,1411.28,GHS,AGENT
ORMT-00002085,OR-C000093,8,SUCCESSFUL,2025-10-05 08:49:58.000,Greater Accra|Accra,454.3,GHS,AGENT
ORMT-00002086,OR-C000093,8,SUCCESSFUL,2025-11-19 18:36:35.000,Greater Accra|Accra,3550.65,GHS,AGENT
ORMT-00002087,OR-C000093,4,SUCCESSFUL,2025-12-10 16:48:36.000,Greater Accra|Accra,3234.01,GHS,API
ORMT-00002088,OR-C000093,1,SUCCESSFUL,2025-12-24 19:24:28.000,Greater Accra|Accra,996.26,GHS,THIRD_PARTY
ORMT-00002092,OR-C000094,1,SUCCESSFUL,2025-10-03 09:42:12.000,Eastern|Akropong,1910.1,GHS,API
ORMT-00002093,OR-C000094,1,SUCCESSFUL,2025-12-06 10:47:50.000,Eastern|Akropong,859.07,GHS,AGENT
ORMT-00002119,OR-C000095,9,SUCCESSFUL,2025-12-04 17:18:54.000,Greater Accra|Kasoa,527.5,GHS,MOBILE_APP
ORMT-00002120,OR-C000095,2,REJECTED,2025-12-09 16:52:46.000,Greater Accra|Kasoa,366.93,GHS,MOBILE_APP
ORMT-00002121,OR-C000095,2,SUCCESSFUL,2025-12-27 12:32:30.000,Greater Accra|Kasoa,2632.46,GHS,WEB
ORMT-00002149,OR-C000096,1,SUCCESSFUL,2025-10-30 07:55:52.000,Ashanti|Kumasi,603.32,GHS,MOBILE_APP
ORMT-00002150,OR-C000096,2,SUCCESSFUL,2025-10-07 08:12:50.000,Ashanti|Kumasi,178.55,GHS,MOBILE_APP
ORMT-00002151,OR-C000096,4,SUCCESSFUL,2025-11-10 18:23:44.000,Ashanti|Kumasi,805.63,GHS,AGENT
ORMT-00002152,OR-C000096,3,SUCCESSFUL,2025-11-10 08:15:15.000,Ashanti|Kumasi,2058.98,GHS,AGENT
ORMT-00002153,OR-C000096,3,SUCCESSFUL,2025-12-25 18:28:06.000,Ashanti|Kumasi,966.25,GHS,API
ORMT-00002154,OR-C000096,1,SUCCESSFUL,2025-12-21 15:29:14.000,Ashanti|Kumasi,407.28,GHS,AGENT
ORMT-00002155,OR-C000096,2,SUCCESSFUL,2025-12-13 21:09:16.000,Ashanti|Kumasi,882.98,GHS,THIRD_PARTY
ORMT-00002167,OR-C000097,1,SUCCESSFUL,2025-11-06 12:30:09.000,Ashanti|Kumasi,467.32,GHS,AGENT
ORMT-00002266,OR-C000098,1,SUCCESSFUL,2025-10-02 11:32:11.000,Greater Accra|Tema,486.12,GHS,WEB
ORMT-00002267,OR-C000098,1,SUCCESSFUL,2025-10-11 10:54:51.000,Greater Accra|Tema,943.79,GHS,AGENT
ORMT-00002268,OR-C000098,8,SUCCESSFUL,2025-10-28 15:23:33.000,Greater Accra|Tema,825.44,GHS,THIRD_PARTY
ORMT-00002269,OR-C000098,3,SUCCESSFUL,2025-10-21 12:07:25.000,Greater Accra|Tema,465.97,GHS,AGENT
ORMT-00002270,OR-C000098,7,SUCCESSFUL,2025-10-05 18:37:11.000,Greater Accra|Tema,1000.82,GHS,AGENT
ORMT-00002271,OR-C000098,10,SUCCESSFUL,2025-10-24 17:36:59.000,Greater Accra|Tema,257.71,GHS,THIRD_PARTY
ORMT-00002272,OR-C000098,2,FAILED,2025-11-06 15:26:29.000,Greater Accra|Tema,418.66,GHS,AGENT
ORMT-00002273,OR-C000098,2,SUCCESSFUL,2025-11-24 09:52:36.000,Greater Accra|Tema,1444.19,GHS,THIRD_PARTY
ORMT-00002274,OR-C000098,2,SUCCESSFUL,2025-11-25 08:11:56.000,Greater Accra|Tema,781.16,GHS,AGENT
ORMT-00002275,OR-C000098,2,SUCCESSFUL,2025-11-20 07:57:18.000,Greater Accra|Tema,684.11,GHS,AGENT
ORMT-00002276,OR-C000098,3,SUCCESSFUL,2025-12-19 13:09:29.000,Greater Accra|Tema,1124.66,GHS,AGENT
ORMT-00002277,OR-C000098,5,SUCCESSFUL,2025-12-18 08:52:05.000,Greater Accra|Tema,295.37,GHS,MOBILE_APP
ORMT-00002278,OR-C000098,1,SUCCESSFUL,2025-12-31 18:06:35.000,Greater Accra|Tema,1692.33,GHS,MOBILE_APP
ORMT-00002279,OR-C000098,4,SUCCESSFUL,2025-12-06 12:42:51.000,Greater Accra|Tema,356.05,GHS,API
ORMT-00002280,OR-C000098,5,SUCCESSFUL,2025-12-25 12:41:47.000,Greater Accra|Tema,347.42,GHS,AGENT
ORMT-00002281,OR-C000098,2,SUCCESSFUL,2025-12-30 18:17:00.000,Greater Accra|Tema,699.34,GHS,AGENT
ORMT-00002297,OR-C000100,5,SUCCESSFUL,2025-11-11 08:09:04.000,Eastern|Nkawkaw,554.24,GHS,MOBILE_APP
ORMT-00002375,OR-C000101,1,SUCCESSFUL,2025-10-10 10:08:14.000,Ahafo|Duayaw Nkwanta,503.2,GHS,THIRD_PARTY
ORMT-00002376,OR-C000101,3,SUCCESSFUL,2025-10-25 14:22:49.000,Ahafo|Duayaw Nkwanta,428.77,GHS,AGENT
ORMT-00002377,OR-C000101,7,SUCCESSFUL,2025-11-08 18:02:43.000,Ahafo|Duayaw Nkwanta,2342.54,GHS,THIRD_PARTY
ORMT-00002378,OR-C000101,4,SUCCESSFUL,2025-11-03 08:53:17.000,Ahafo|Duayaw Nkwanta,1365.44,GHS,AGENT
ORMT-00002379,OR-C000101,4,SUCCESSFUL,2025-11-22 12:08:49.000,Ahafo|Duayaw Nkwanta,421.66,GHS,AGENT
ORMT-00002380,OR-C000101,8,REJECTED,2025-12-24 07:24:26.000,Ahafo|Duayaw Nkwanta,52.62,GHS,THIRD_PARTY
ORMT-00002381,OR-C000101,2,SUCCESSFUL,2025-12-27 07:15:17.000,Ahafo|Duayaw Nkwanta,523.01,GHS,MOBILE_APP
ORMT-00002382,OR-C000101,1,SUCCESSFUL,2025-12-26 14:47:32.000,Ahafo|Duayaw Nkwanta,389.93,GHS,AGENT
ORMT-00002383,OR-C000101,3,SUCCESSFUL,2025-12-27 08:57:11.000,Ahafo|Duayaw Nkwanta,190.06,GHS,THIRD_PARTY
ORMT-00002384,OR-C000101,10,SUCCESSFUL,2025-12-08 10:59:50.000,Ahafo|Duayaw Nkwanta,2244.39,GHS,AGENT
ORMT-00002385,OR-C000101,4,SUCCESSFUL,2025-12-09 14:52:08.000,Ahafo|Duayaw Nkwanta,1331.24,GHS,API
ORMT-00002415,OR-C000102,8,SUCCESSFUL,2025-10-05 12:48:19.000,Oti|Dambai,1675.52,GHS,API
ORMT-00002416,OR-C000102,3,SUCCESSFUL,2025-10-31 08:47:44.000,Oti|Dambai,221.89,GHS,AGENT
ORMT-00002417,OR-C000102,6,SUCCESSFUL,2025-11-20 11:56:51.000,Oti|Dambai,408.36,GHS,AGENT
ORMT-00002418,OR-C000102,1,SUCCESSFUL,2025-12-17 20:23:48.000,Oti|Dambai,1270.8,GHS,MOBILE_APP
ORMT-00002419,OR-C000102,2,SUCCESSFUL,2025-12-27 11:56:16.000,Oti|Dambai,2361.76,GHS,MOBILE_APP
ORMT-00002420,OR-C000102,1,SUCCESSFUL,2025-12-11 09:33:08.000,Oti|Dambai,134.21,GHS,AGENT
ORMT-00002430,OR-C000103,4,SUCCESSFUL,2025-11-30 13:52:34.000,Upper West|Wa,582.72,GHS,AGENT
ORMT-00002431,OR-C000103,1,SUCCESSFUL,2025-11-09 15:15:55.000,Upper West|Wa,359.51,GHS,THIRD_PARTY
ORMT-00002432,OR-C000103,5,SUCCESSFUL,2025-11-21 13:04:55.000,Upper West|Wa,368.29,GHS,AGENT
ORMT-00002433,OR-C000103,1,SUCCESSFUL,2025-11-14 18:01:58.000,Upper West|Wa,1448.12,GHS,AGENT
ORMT-00002434,OR-C000103,5,SUCCESSFUL,2025-12-10 08:58:28.000,Upper West|Wa,1925.48,GHS,WEB
ORMT-00002437,OR-C000104,4,SUCCESSFUL,2025-12-18 20:42:03.000,Greater Accra|Kasoa,377.81,GHS,AGENT
ORMT-00002481,OR-C000105,1,SUCCESSFUL,2025-10-05 19:33:56.000,Bono|Sunyani,3374.51,GHS,API
ORMT-00002482,OR-C000105,4,SUCCESSFUL,2025-10-29 20:31:58.000,Bono|Sunyani,1166.74,GHS,API
ORMT-00002483,OR-C000105,8,REJECTED,2025-10-06 21:02:54.000,Bono|Sunyani,158.96,GHS,MOBILE_APP
ORMT-00002484,OR-C000105,1,SUCCESSFUL,2025-10-05 11:46:51.000,Bono|Sunyani,330.73,GHS,THIRD_PARTY
ORMT-00002485,OR-C000105,4,SUCCESSFUL,2025-10-31 16:15:27.000,Bono|Sunyani,457.14,GHS,MOBILE_APP
ORMT-00002486,OR-C000105,2,SUCCESSFUL,2025-10-01 18:58:59.000,Bono|Sunyani,684.32,GHS,MOBILE_APP
ORMT-00002487,OR-C000105,3,SUCCESSFUL,2025-12-09 19:03:31.000,Bono|Sunyani,2088.19,GHS,MOBILE_APP
ORMT-00002488,OR-C000105,3,SUCCESSFUL,2025-12-21 20:15:00.000,Bono|Sunyani,1544.42,GHS,WEB
ORMT-00002489,OR-C000105,6,SUCCESSFUL,2025-12-09 08:00:22.000,Bono|Sunyani,304.99,GHS,AGENT
ORMT-00002524,OR-C000106,9,SUCCESSFUL,2025-10-21 21:51:18.000,Upper East|Bolgatanga,710.84,GHS,API
ORMT-00002525,OR-C000106,1,SUCCESSFUL,2025-10-30 17:08:27.000,Upper East|Bolgatanga,404.01,GHS,AGENT
ORMT-00002526,OR-C000106,2,SUCCESSFUL,2025-10-12 19:32:53.000,Upper East|Bolgatanga,451.86,GHS,AGENT
ORMT-00002527,OR-C000106,4,SUCCESSFUL,2025-10-25 15:38:46.000,Upper East|Bolgatanga,1548.05,GHS,AGENT
ORMT-00002528,OR-C000106,6,SUCCESSFUL,2025-11-26 19:51:30.000,Upper East|Bolgatanga,931.03,GHS,AGENT
ORMT-00002529,OR-C000106,2,SUCCESSFUL,2025-12-17 18:55:16.000,Upper East|Bolgatanga,177.31,GHS,API
ORMT-00002530,OR-C000106,7,SUCCESSFUL,2025-12-16 15:48:22.000,Upper East|Bolgatanga,398.03,GHS,AGENT
ORMT-00002541,OR-C000107,3,SUCCESSFUL,2025-11-19 13:15:35.000,Ashanti|Ejisu,166.06,GHS,AGENT
ORMT-00002552,OR-C000108,3,SUCCESSFUL,2025-11-23 13:27:32.000,Upper East|Navrongo,1489.2,GHS,AGENT
ORMT-00002553,OR-C000108,2,SUCCESSFUL,2025-11-03 09:58:36.000,Upper East|Navrongo,180.96,GHS,THIRD_PARTY
ORMT-00002554,OR-C000108,2,SUCCESSFUL,2025-11-25 17:15:07.000,Upper East|Navrongo,317.24,GHS,AGENT
ORMT-00002555,OR-C000108,5,SUCCESSFUL,2025-11-15 21:02:03.000,Upper East|Navrongo,6868.6,GHS,AGENT
ORMT-00002556,OR-C000108,1,SUCCESSFUL,2025-11-28 11:39:25.000,Upper East|Navrongo,438.52,GHS,AGENT
ORMT-00002557,OR-C000108,4,SUCCESSFUL,2025-12-04 07:11:31.000,Upper East|Navrongo,789.35,GHS,AGENT
ORMT-00002561,OR-C000109,9,SUCCESSFUL,2025-12-10 20:49:30.000,Greater Accra|Madina,535.97,GHS,AGENT
ORMT-00002643,OR-C000110,1,SUCCESSFUL,2025-10-25 15:33:56.000,Western|Takoradi,586.66,GHS,API
ORMT-00002644,OR-C000110,4,SUCCESSFUL,2025-10-02 12:00:36.000,Western|Takoradi,555.71,GHS,API
ORMT-00002645,OR-C000110,7,SUCCESSFUL,2025-11-18 18:14:13.000,Western|Takoradi,685.88,GHS,THIRD_PARTY
ORMT-00002646,OR-C000110,9,SUCCESSFUL,2025-12-25 19:03:57.000,Western|Takoradi,1435.62,GHS,API
ORMT-00002647,OR-C000110,5,SUCCESSFUL,2025-12-25 16:51:11.000,Western|Takoradi,4727.89,GHS,API
ORMT-00002648,OR-C000110,3,SUCCESSFUL,2025-12-28 15:30:05.000,Western|Takoradi,299.94,GHS,AGENT
ORMT-00002649,OR-C000110,3,SUCCESSFUL,2025-12-11 17:18:44.000,Western|Takoradi,136.75,GHS,MOBILE_APP
ORMT-00002661,OR-C000111,2,SUCCESSFUL,2025-11-11 18:59:25.000,Greater Accra|Kasoa,2723.3,GHS,API
ORMT-00002662,OR-C000111,1,SUCCESSFUL,2025-12-17 20:55:59.000,Greater Accra|Kasoa,899.96,GHS,AGENT
ORMT-00002786,OR-C000112,1,SUCCESSFUL,2025-10-31 19:36:35.000,Eastern|Akropong,1257.66,GHS,AGENT
ORMT-00002787,OR-C000112,3,SUCCESSFUL,2025-10-13 11:34:02.000,Eastern|Akropong,278.61,GHS,MOBILE_APP
ORMT-00002788,OR-C000112,3,SUCCESSFUL,2025-10-31 10:02:07.000,Eastern|Akropong,256.66,GHS,WEB
ORMT-00002789,OR-C000112,2,SUCCESSFUL,2025-10-24 13:03:02.000,Eastern|Akropong,465.95,GHS,AGENT
ORMT-00002790,OR-C000112,2,SUCCESSFUL,2025-10-12 15:07:57.000,Eastern|Akropong,509.86,GHS,AGENT
ORMT-00002791,OR-C000112,1,SUCCESSFUL,2025-11-08 19:21:26.000,Eastern|Akropong,1039.23,GHS,API
ORMT-00002792,OR-C000112,1,SUCCESSFUL,2025-11-18 17:25:57.000,Eastern|Akropong,128.96,GHS,MOBILE_APP
ORMT-00002793,OR-C000112,7,SUCCESSFUL,2025-11-13 09:37:53.000,Eastern|Akropong,831.92,GHS,AGENT
ORMT-00002794,OR-C000112,7,SUCCESSFUL,2025-12-18 19:20:29.000,Eastern|Akropong,1014.67,GHS,AGENT
ORMT-00002795,OR-C000112,1,SUCCESSFUL,2025-12-31 18:31:32.000,Eastern|Akropong,328.13,GHS,MOBILE_APP
ORMT-00002796,OR-C000112,6,SUCCESSFUL,2025-12-24 15:46:47.000,Eastern|Akropong,2204.88,GHS,MOBILE_APP
ORMT-00002797,OR-C000112,3,SUCCESSFUL,2025-12-06 09:45:28.000,Eastern|Akropong,98.86,GHS,AGENT
ORMT-00002827,OR-C000113,5,SUCCESSFUL,2025-11-28 15:48:34.000,Upper East|Navrongo,2186.52,GHS,MOBILE_APP
ORMT-00002828,OR-C000113,5,SUCCESSFUL,2025-12-09 20:56:33.000,Upper East|Navrongo,1692.54,GHS,AGENT
ORMT-00002838,OR-C000115,1,SUCCESSFUL,2025-11-16 13:29:42.000,Western|Axim,506.87,GHS,AGENT
ORMT-00002839,OR-C000115,6,SUCCESSFUL,2025-12-13 07:21:54.000,Western|Axim,236.72,GHS,AGENT
ORMT-00002840,OR-C000115,5,SUCCESSFUL,2025-12-15 15:59:17.000,Western|Axim,754.64,GHS,AGENT
ORMT-00002842,OR-C000116,1,SUCCESSFUL,2025-10-12 13:25:39.000,Ashanti|Ejisu,1536.04,GHS,MOBILE_APP
ORMT-00002843,OR-C000116,5,SUCCESSFUL,2025-11-06 07:44:56.000,Ashanti|Ejisu,1097.08,GHS,MOBILE_APP
ORMT-00002844,OR-C000116,9,SUCCESSFUL,2025-12-14 15:56:40.000,Ashanti|Ejisu,985.82,GHS,AGENT
ORMT-00002848,OR-C000117,1,SUCCESSFUL,2025-11-04 16:33:20.000,Upper West|Wa,1980.58,GHS,AGENT
ORMT-00002849,OR-C000117,5,SUCCESSFUL,2025-12-29 11:26:19.000,Upper West|Wa,844.24,GHS,WEB
ORMT-00002857,OR-C000118,2,SUCCESSFUL,2025-11-22 11:13:55.000,Bono|Berekum,558.3,GHS,MOBILE_APP
ORMT-00002873,OR-C000119,4,SUCCESSFUL,2025-11-26 17:40:57.000,Greater Accra|Kasoa,326.79,GHS,AGENT
ORMT-00002882,OR-C000120,3,SUCCESSFUL,2025-11-12 19:56:34.000,Eastern|Koforidua,437.87,GHS,THIRD_PARTY
ORMT-00002883,OR-C000120,1,SUCCESSFUL,2025-11-04 07:49:38.000,Eastern|Koforidua,1910.61,GHS,MOBILE_APP
ORMT-00002944,OR-C000121,7,SUCCESSFUL,2025-11-26 19:51:02.000,Greater Accra|Accra,1357.72,GHS,AGENT
ORMT-00002945,OR-C000121,10,SUCCESSFUL,2025-12-28 07:07:30.000,Greater Accra|Accra,849.89,GHS,MOBILE_APP
ORMT-00002946,OR-C000121,1,SUCCESSFUL,2025-12-21 15:16:15.000,Greater Accra|Accra,1033.1,GHS,AGENT
ORMT-00002957,OR-C000122,4,SUCCESSFUL,2025-11-25 11:03:59.000,Ashanti|Kumasi,269.87,GHS,API
ORMT-00002971,OR-C000123,4,SUCCESSFUL,2025-10-30 12:27:43.000,Central|Cape Coast,522.71,GHS,API
ORMT-00002972,OR-C000123,3,SUCCESSFUL,2025-10-11 19:30:24.000,Central|Cape Coast,499.03,GHS,AGENT
ORMT-00002973,OR-C000123,4,SUCCESSFUL,2025-11-18 21:57:09.000,Central|Cape Coast,1956.11,GHS,MOBILE_APP
ORMT-00002974,OR-C000123,2,SUCCESSFUL,2025-12-29 13:24:41.000,Central|Cape Coast,233.49,GHS,AGENT
ORMT-00002975,OR-C000123,1,SUCCESSFUL,2025-12-25 18:47:58.000,Central|Cape Coast,381.24,GHS,AGENT
ORMT-00002976,OR-C000123,2,SUCCESSFUL,2025-12-22 13:21:22.000,Central|Cape Coast,491.11,GHS,API
ORMT-00002986,OR-C000124,1,SUCCESSFUL,2025-11-23 07:38:11.000,Bono|Sunyani,208.77,GHS,THIRD_PARTY
ORMT-00002987,OR-C000124,4,SUCCESSFUL,2025-12-12 12:08:28.000,Bono|Sunyani,1237.45,GHS,THIRD_PARTY
ORMT-00003017,OR-C000125,6,SUCCESSFUL,2025-10-17 17:27:27.000,Greater Accra|Kasoa,452.44,GHS,THIRD_PARTY
ORMT-00003018,OR-C000125,1,SUCCESSFUL,2025-10-24 08:29:24.000,Greater Accra|Kasoa,337.63,GHS,AGENT
ORMT-00003019,OR-C000125,2,SUCCESSFUL,2025-10-17 09:38:53.000,Greater Accra|Kasoa,466.44,GHS,AGENT
ORMT-00003020,OR-C000125,6,SUCCESSFUL,2025-10-22 08:33:36.000,Greater Accra|Kasoa,349.42,GHS,AGENT
ORMT-00003021,OR-C000125,3,SUCCESSFUL,2025-11-14 11:09:47.000,Greater Accra|Kasoa,824.88,GHS,API
ORMT-00003022,OR-C000125,1,SUCCESSFUL,2025-12-08 09:18:51.000,Greater Accra|Kasoa,202.8,GHS,AGENT
ORMT-00003023,OR-C000125,1,SUCCESSFUL,2025-12-27 21:47:31.000,Greater Accra|Kasoa,695.35,GHS,AGENT
ORMT-00003047,OR-C000126,2,SUCCESSFUL,2025-12-09 09:07:11.000,Northern|Savelugu,717.72,GHS,AGENT
ORMT-00003055,OR-C000127,4,SUCCESSFUL,2025-10-19 15:26:05.000,Western|Axim,2429.15,GHS,MOBILE_APP
ORMT-00003056,OR-C000127,1,SUCCESSFUL,2025-12-13 19:38:04.000,Western|Axim,1610.76,GHS,WEB
ORMT-00003057,OR-C000127,9,SUCCESSFUL,2025-12-09 13:25:06.000,Western|Axim,287.37,GHS,WEB
ORMT-00003080,OR-C000128,9,SUCCESSFUL,2025-10-15 15:03:15.000,Ashanti|Kumasi,374.21,GHS,MOBILE_APP
ORMT-00003081,OR-C000128,4,FAILED,2025-10-08 08:01:38.000,Ashanti|Kumasi,426.84,GHS,AGENT
ORMT-00003082,OR-C000128,1,SUCCESSFUL,2025-10-01 14:17:20.000,Ashanti|Kumasi,2080.63,GHS,MOBILE_APP
ORMT-00003083,OR-C000128,6,SUCCESSFUL,2025-10-18 11:57:29.000,Ashanti|Kumasi,345.93,GHS,MOBILE_APP
ORMT-00003084,OR-C000128,1,SUCCESSFUL,2025-10-11 18:04:31.000,Ashanti|Kumasi,1855.9,GHS,MOBILE_APP
ORMT-00003085,OR-C000128,4,SUCCESSFUL,2025-10-02 14:16:28.000,Ashanti|Kumasi,1719.11,GHS,AGENT
ORMT-00003086,OR-C000128,4,SUCCESSFUL,2025-10-11 11:08:37.000,Ashanti|Kumasi,1286.21,GHS,WEB
ORMT-00003087,OR-C000128,5,SUCCESSFUL,2025-10-05 17:48:16.000,Ashanti|Kumasi,564.68,GHS,MOBILE_APP
ORMT-00003088,OR-C000128,10,SUCCESSFUL,2025-11-15 19:08:31.000,Ashanti|Kumasi,214.08,GHS,AGENT
ORMT-00003089,OR-C000128,6,SUCCESSFUL,2025-11-26 12:04:09.000,Ashanti|Kumasi,399.14,GHS,THIRD_PARTY
ORMT-00003090,OR-C000128,8,SUCCESSFUL,2025-11-23 16:56:36.000,Ashanti|Kumasi,2137.77,GHS,API
ORMT-00003091,OR-C000128,8,SUCCESSFUL,2025-11-02 21:20:24.000,Ashanti|Kumasi,2294.99,GHS,AGENT
ORMT-00003092,OR-C000128,1,SUCCESSFUL,2025-12-06 11:54:03.000,Ashanti|Kumasi,435.9,GHS,THIRD_PARTY
ORMT-00003093,OR-C000128,6,SUCCESSFUL,2025-12-22 20:18:56.000,Ashanti|Kumasi,2155.73,GHS,AGENT
ORMT-00003100,OR-C000129,1,SUCCESSFUL,2025-10-09 12:57:54.000,Greater Accra|Accra,2602.87,GHS,AGENT
ORMT-00003101,OR-C000129,2,SUCCESSFUL,2025-12-28 08:15:57.000,Greater Accra|Accra,1008.53,GHS,AGENT
ORMT-00003140,OR-C000132,1,SUCCESSFUL,2025-10-31 20:33:43.000,Western|Tarkwa,92.55,GHS,AGENT
ORMT-00003141,OR-C000132,2,SUCCESSFUL,2025-10-03 12:13:37.000,Western|Tarkwa,509.03,GHS,MOBILE_APP
ORMT-00003142,OR-C000132,2,SUCCESSFUL,2025-11-29 07:16:06.000,Western|Tarkwa,241.36,GHS,AGENT
ORMT-00003143,OR-C000132,2,SUCCESSFUL,2025-12-06 08:07:53.000,Western|Tarkwa,3563.78,GHS,API
ORMT-00003144,OR-C000132,2,SUCCESSFUL,2025-12-18 16:08:23.000,Western|Tarkwa,358.72,GHS,THIRD_PARTY
ORMT-00003145,OR-C000132,1,SUCCESSFUL,2025-12-04 21:20:44.000,Western|Tarkwa,769.97,GHS,AGENT
ORMT-00003146,OR-C000132,7,SUCCESSFUL,2025-12-04 18:37:55.000,Western|Tarkwa,221.51,GHS,AGENT
ORMT-00003169,OR-C000133,9,SUCCESSFUL,2025-11-18 17:02:18.000,Greater Accra|Accra,1151.14,GHS,AGENT
ORMT-00003170,OR-C000133,1,SUCCESSFUL,2025-12-30 07:03:29.000,Greater Accra|Accra,56.8,GHS,AGENT
ORMT-00003172,OR-C000134,9,SUCCESSFUL,2025-10-28 11:36:57.000,Bono|Sunyani,2457.58,GHS,MOBILE_APP
ORMT-00003213,OR-C000135,2,SUCCESSFUL,2025-10-28 17:47:12.000,Western|Axim,559.3,GHS,AGENT
ORMT-00003214,OR-C000135,4,SUCCESSFUL,2025-10-16 09:57:27.000,Western|Axim,553.76,GHS,AGENT
ORMT-00003215,OR-C000135,1,SUCCESSFUL,2025-11-25 12:42:52.000,Western|Axim,2192.35,GHS,AGENT
ORMT-00003216,OR-C000135,2,SUCCESSFUL,2025-11-27 11:27:40.000,Western|Axim,1608.41,GHS,AGENT
ORMT-00003217,OR-C000135,1,SUCCESSFUL,2025-11-25 09:04:10.000,Western|Axim,1037.28,GHS,AGENT
ORMT-00003218,OR-C000135,4,SUCCESSFUL,2025-11-15 16:02:30.000,Western|Axim,2025.29,GHS,AGENT
ORMT-00003219,OR-C000135,2,SUCCESSFUL,2025-12-16 18:32:12.000,Western|Axim,90.79,GHS,THIRD_PARTY
ORMT-00003220,OR-C000135,1,FAILED,2025-12-03 20:54:25.000,Western|Axim,980.49,GHS,MOBILE_APP
ORMT-00003221,OR-C000135,1,SUCCESSFUL,2025-12-11 10:23:56.000,Western|Axim,581.47,GHS,AGENT
ORMT-00003222,OR-C000135,4,SUCCESSFUL,2025-12-28 21:00:39.000,Western|Axim,722.39,GHS,AGENT
ORMT-00003229,OR-C000136,8,SUCCESSFUL,2025-10-30 18:09:40.000,Ashanti|Ejisu,1200.88,GHS,MOBILE_APP
ORMT-00003243,OR-C000137,5,SUCCESSFUL,2025-10-29 08:25:11.000,Volta|Ho,528.25,GHS,AGENT
ORMT-00003244,OR-C000137,3,SUCCESSFUL,2025-11-12 20:43:07.000,Volta|Ho,486.1,GHS,AGENT
ORMT-00003245,OR-C000137,7,SUCCESSFUL,2025-12-18 19:53:02.000,Volta|Ho,315.99,GHS,AGENT
ORMT-00003289,OR-C000138,2,SUCCESSFUL,2025-10-02 12:08:53.000,Volta|Hohoe,562.29,GHS,MOBILE_APP
ORMT-00003290,OR-C000138,3,SUCCESSFUL,2025-10-04 13:38:56.000,Volta|Hohoe,682.87,GHS,MOBILE_APP
ORMT-00003291,OR-C000138,2,SUCCESSFUL,2025-11-21 20:59:39.000,Volta|Hohoe,1430.8,GHS,WEB
ORMT-00003292,OR-C000138,2,SUCCESSFUL,2025-12-22 07:19:06.000,Volta|Hohoe,1313.15,GHS,THIRD_PARTY
ORMT-00003293,OR-C000138,8,SUCCESSFUL,2025-12-24 11:22:43.000,Volta|Hohoe,1000.86,GHS,MOBILE_APP
ORMT-00003294,OR-C000138,5,SUCCESSFUL,2025-12-25 16:11:31.000,Volta|Hohoe,958.11,GHS,WEB
ORMT-00003295,OR-C000138,3,SUCCESSFUL,2025-12-16 19:26:14.000,Volta|Hohoe,670.27,GHS,AGENT
ORMT-00003296,OR-C000138,8,SUCCESSFUL,2025-12-30 19:52:15.000,Volta|Hohoe,300.21,GHS,AGENT
ORMT-00003297,OR-C000138,1,SUCCESSFUL,2025-12-05 09:10:47.000,Volta|Hohoe,604.28,GHS,AGENT
ORMT-00003307,OR-C000139,1,SUCCESSFUL,2025-10-12 16:10:04.000,Ashanti|Kumasi,1882.53,GHS,MOBILE_APP
ORMT-00003308,OR-C000139,1,SUCCESSFUL,2025-11-21 15:29:54.000,Ashanti|Kumasi,941.97,GHS,AGENT
ORMT-00003309,OR-C000139,2,SUCCESSFUL,2025-12-26 18:36:50.000,Ashanti|Kumasi,1873.49,GHS,WEB
ORMT-00003311,OR-C000140,2,SUCCESSFUL,2025-11-02 14:15:24.000,Ashanti|Kumasi,141.04,GHS,API
ORMT-00003312,OR-C000140,3,SUCCESSFUL,2025-11-07 08:13:18.000,Ashanti|Kumasi,310.67,GHS,MOBILE_APP
ORMT-00003313,OR-C000140,9,SUCCESSFUL,2025-12-28 08:47:33.000,Ashanti|Kumasi,201.9,GHS,MOBILE_APP
ORMT-00003315,OR-C000141,8,FAILED,2025-12-20 13:32:01.000,Ashanti|Kumasi,2676.65,GHS,THIRD_PARTY
ORMT-00003316,OR-C000141,3,SUCCESSFUL,2025-12-25 10:24:18.000,Ashanti|Kumasi,586.36,GHS,MOBILE_APP
ORMT-00003320,OR-C000142,1,SUCCESSFUL,2025-10-13 11:26:48.000,Greater Accra|Tema,549.38,GHS,AGENT
ORMT-00003321,OR-C000142,1,SUCCESSFUL,2025-11-13 11:23:05.000,Greater Accra|Tema,1116.93,GHS,AGENT
ORMT-00003322,OR-C000142,3,SUCCESSFUL,2025-11-27 14:42:08.000,Greater Accra|Tema,967.92,GHS,THIRD_PARTY
ORMT-00003323,OR-C000142,2,SUCCESSFUL,2025-12-31 15:15:03.000,Greater Accra|Tema,1164.14,GHS,THIRD_PARTY
ORMT-00003324,OR-C000142,6,SUCCESSFUL,2025-12-24 10:37:49.000,Greater Accra|Tema,2661.05,GHS,THIRD_PARTY
ORMT-00003325,OR-C000142,3,SUCCESSFUL,2025-12-29 21:32:31.000,Greater Accra|Tema,176.65,GHS,MOBILE_APP
ORMT-00003358,OR-C000143,2,SUCCESSFUL,2025-10-06 10:40:02.000,Ashanti|Obuasi,442.47,GHS,AGENT
ORMT-00003359,OR-C000143,6,SUCCESSFUL,2025-10-29 07:17:44.000,Ashanti|Obuasi,278.88,GHS,MOBILE_APP
ORMT-00003360,OR-C000143,2,SUCCESSFUL,2025-10-17 13:59:20.000,Ashanti|Obuasi,665.37,GHS,AGENT
ORMT-00003361,OR-C000143,2,SUCCESSFUL,2025-11-29 19:31:13.000,Ashanti|Obuasi,265.04,GHS,AGENT
ORMT-00003362,OR-C000143,10,SUCCESSFUL,2025-12-26 08:04:15.000,Ashanti|Obuasi,1013.07,GHS,AGENT
ORMT-00003363,OR-C000143,1,SUCCESSFUL,2025-12-01 19:07:06.000,Ashanti|Obuasi,1383.82,GHS,AGENT
ORMT-00003381,OR-C000144,3,REJECTED,2025-10-15 08:22:39.000,Northern|Tamale,961.29,GHS,MOBILE_APP
ORMT-00003382,OR-C000144,1,SUCCESSFUL,2025-11-28 20:04:14.000,Northern|Tamale,641.97,GHS,AGENT
ORMT-00003383,OR-C000144,1,SUCCESSFUL,2025-11-22 16:58:11.000,Northern|Tamale,1199.73,GHS,MOBILE_APP
ORMT-00003384,OR-C000144,1,SUCCESSFUL,2025-11-06 14:09:47.000,Northern|Tamale,322.77,GHS,THIRD_PARTY
ORMT-00003385,OR-C000144,9,SUCCESSFUL,2025-11-19 17:45:45.000,Northern|Tamale,1266.27,GHS,MOBILE_APP
ORMT-00003386,OR-C000144,4,SUCCESSFUL,2025-12-27 16:03:46.000,Northern|Tamale,1951.85,GHS,API
ORMT-00003387,OR-C000144,1,SUCCESSFUL,2025-12-28 11:12:33.000,Northern|Tamale,305.25,GHS,AGENT
ORMT-00003391,OR-C000145,1,SUCCESSFUL,2025-12-03 21:12:52.000,Eastern|Nkawkaw,393.06,GHS,WEB
ORMT-00003399,OR-C000146,1,SUCCESSFUL,2025-10-02 17:06:51.000,Western|Takoradi,550.72,GHS,AGENT
ORMT-00003407,OR-C000147,10,SUCCESSFUL,2025-12-11 12:04:12.000,Greater Accra|Tema,863.84,GHS,AGENT
ORMT-00003429,OR-C000148,2,SUCCESSFUL,2025-11-19 16:57:56.000,Bono|Sunyani,513.82,GHS,MOBILE_APP
ORMT-00003430,OR-C000148,4,SUCCESSFUL,2025-11-22 09:56:58.000,Bono|Sunyani,3155.15,GHS,MOBILE_APP
ORMT-00003431,OR-C000148,9,SUCCESSFUL,2025-12-21 14:32:33.000,Bono|Sunyani,491.3,GHS,AGENT
ORMT-00003439,OR-C000149,3,SUCCESSFUL,2025-10-25 21:16:34.000,Volta|Ho,1151.09,GHS,API
ORMT-00003440,OR-C000149,2,SUCCESSFUL,2025-10-24 21:32:30.000,Volta|Ho,493.9,GHS,MOBILE_APP
ORMT-00003441,OR-C000149,3,SUCCESSFUL,2025-12-23 16:40:15.000,Volta|Ho,341.07,GHS,AGENT
ORMT-00003552,OR-C000150,4,SUCCESSFUL,2025-10-14 19:26:47.000,Greater Accra|Accra,2270.2,GHS,AGENT
ORMT-00003553,OR-C000150,2,SUCCESSFUL,2025-10-17 20:02:40.000,Greater Accra|Accra,789.66,GHS,MOBILE_APP
ORMT-00003554,OR-C000150,2,SUCCESSFUL,2025-10-31 12:54:57.000,Greater Accra|Accra,633.09,GHS,AGENT
ORMT-00003555,OR-C000150,2,SUCCESSFUL,2025-10-01 21:40:14.000,Greater Accra|Accra,1303.86,GHS,MOBILE_APP
ORMT-00003556,OR-C000150,1,SUCCESSFUL,2025-11-09 10:00:11.000,Greater Accra|Accra,1537.96,GHS,THIRD_PARTY
ORMT-00003557,OR-C000150,4,SUCCESSFUL,2025-11-27 20:25:38.000,Greater Accra|Accra,196.51,GHS,THIRD_PARTY
ORMT-00003558,OR-C000150,4,SUCCESSFUL,2025-11-29 07:59:58.000,Greater Accra|Accra,763.44,GHS,MOBILE_APP
ORMT-00003559,OR-C000150,1,SUCCESSFUL,2025-12-26 17:09:12.000,Greater Accra|Accra,383.32,GHS,THIRD_PARTY
ORMT-00003560,OR-C000150,6,SUCCESSFUL,2025-12-24 17:53:44.000,Greater Accra|Accra,331.36,GHS,WEB
ORMT-00003561,OR-C000150,3,SUCCESSFUL,2025-12-23 15:47:40.000,Greater Accra|Accra,1342.73,GHS,AGENT
ORMT-00003562,OR-C000150,1,SUCCESSFUL,2025-12-05 17:34:27.000,Greater Accra|Accra,646.4,GHS,MOBILE_APP
ORMT-00003571,OR-C000151,8,SUCCESSFUL,2025-10-29 15:31:50.000,Greater Accra|Kasoa,383.81,GHS,THIRD_PARTY
ORMT-00003598,OR-C000152,5,SUCCESSFUL,2025-12-07 13:05:52.000,Greater Accra|Madina,1113.94,GHS,WEB
ORMT-00003599,OR-C000152,6,SUCCESSFUL,2025-12-21 17:32:26.000,Greater Accra|Madina,4275.35,GHS,THIRD_PARTY
ORMT-00003608,OR-C000153,7,SUCCESSFUL,2025-10-20 14:14:00.000,Western|Takoradi,960.28,GHS,AGENT
ORMT-00003609,OR-C000153,10,SUCCESSFUL,2025-12-14 15:51:01.000,Western|Takoradi,335.59,GHS,MOBILE_APP
ORMT-00003610,OR-C000153,3,SUCCESSFUL,2025-12-29 13:40:58.000,Western|Takoradi,111.12,GHS,AGENT
ORMT-00003692,OR-C000154,2,SUCCESSFUL,2025-10-10 14:54:16.000,Greater Accra|Kasoa,343.07,GHS,WEB
ORMT-00003693,OR-C000154,1,SUCCESSFUL,2025-10-19 12:07:22.000,Greater Accra|Kasoa,1689.93,GHS,AGENT
ORMT-00003694,OR-C000154,7,SUCCESSFUL,2025-11-22 13:20:54.000,Greater Accra|Kasoa,267.96,GHS,AGENT
ORMT-00003695,OR-C000154,3,SUCCESSFUL,2025-11-25 07:37:28.000,Greater Accra|Kasoa,1033.33,GHS,WEB
ORMT-00003696,OR-C000154,3,SUCCESSFUL,2025-11-25 09:36:25.000,Greater Accra|Kasoa,1369.89,GHS,MOBILE_APP
ORMT-00003697,OR-C000154,10,SUCCESSFUL,2025-11-15 10:12:00.000,Greater Accra|Kasoa,365.51,GHS,THIRD_PARTY
ORMT-00003698,OR-C000154,5,SUCCESSFUL,2025-11-04 08:29:05.000,Greater Accra|Kasoa,500.49,GHS,MOBILE_APP
ORMT-00003699,OR-C000154,3,SUCCESSFUL,2025-12-29 15:17:53.000,Greater Accra|Kasoa,600.12,GHS,AGENT
ORMT-00003700,OR-C000154,3,SUCCESSFUL,2025-12-25 10:05:58.000,Greater Accra|Kasoa,220.01,GHS,AGENT
ORMT-00003701,OR-C000154,1,SUCCESSFUL,2025-12-16 18:57:48.000,Greater Accra|Kasoa,1106.03,GHS,MOBILE_APP
ORMT-00003702,OR-C000154,8,SUCCESSFUL,2025-12-05 12:57:12.000,Greater Accra|Kasoa,855.59,GHS,MOBILE_APP
ORMT-00003704,OR-C000155,9,SUCCESSFUL,2025-12-30 11:18:08.000,Ahafo|Duayaw Nkwanta,360.29,GHS,THIRD_PARTY
ORMT-00003712,OR-C000156,4,SUCCESSFUL,2025-10-31 12:51:00.000,Oti|Jasikan,1748.97,GHS,AGENT
ORMT-00003713,OR-C000156,2,SUCCESSFUL,2025-10-08 19:14:01.000,Oti|Jasikan,334.05,GHS,API
ORMT-00003714,OR-C000156,5,SUCCESSFUL,2025-10-26 08:45:12.000,Oti|Jasikan,203.0,GHS,MOBILE_APP
ORMT-00003715,OR-C000156,3,SUCCESSFUL,2025-10-25 19:56:20.000,Oti|Jasikan,1726.18,GHS,AGENT
ORMT-00003716,OR-C000156,2,SUCCESSFUL,2025-10-02 19:10:11.000,Oti|Jasikan,415.01,GHS,AGENT
ORMT-00003717,OR-C000156,1,SUCCESSFUL,2025-12-04 09:35:56.000,Oti|Jasikan,1462.87,GHS,AGENT
ORMT-00003718,OR-C000156,6,SUCCESSFUL,2025-12-25 09:10:25.000,Oti|Jasikan,1374.66,GHS,THIRD_PARTY
ORMT-00003719,OR-C000156,1,SUCCESSFUL,2025-12-31 07:19:11.000,Oti|Jasikan,2720.55,GHS,MOBILE_APP
ORMT-00003720,OR-C000156,7,SUCCESSFUL,2025-12-18 18:42:52.000,Oti|Jasikan,1824.16,GHS,MOBILE_APP
ORMT-00003744,OR-C000157,5,SUCCESSFUL,2025-10-25 11:47:28.000,Western|Axim,680.11,GHS,AGENT
ORMT-00003745,OR-C000157,9,SUCCESSFUL,2025-11-04 19:22:02.000,Western|Axim,133.95,GHS,AGENT
ORMT-00003746,OR-C000157,7,SUCCESSFUL,2025-12-19 19:06:21.000,Western|Axim,126.97,GHS,AGENT
ORMT-00003747,OR-C000157,10,SUCCESSFUL,2025-12-04 09:30:38.000,Western|Axim,443.18,GHS,AGENT
ORMT-00003748,OR-C000157,9,SUCCESSFUL,2025-12-15 15:32:50.000,Western|Axim,552.63,GHS,AGENT
ORMT-00003766,OR-C000159,3,SUCCESSFUL,2025-10-19 18:52:42.000,Ashanti|Obuasi,1235.01,GHS,AGENT
ORMT-00003767,OR-C000159,10,SUCCESSFUL,2025-12-02 12:49:30.000,Ashanti|Obuasi,726.93,GHS,AGENT
ORMT-00003768,OR-C000159,6,SUCCESSFUL,2025-12-31 09:30:43.000,Ashanti|Obuasi,384.95,GHS,MOBILE_APP
ORMT-00003769,OR-C000159,2,SUCCESSFUL,2025-12-03 15:53:43.000,Ashanti|Obuasi,868.3,GHS,AGENT
ORMT-00003770,OR-C000159,3,SUCCESSFUL,2025-12-26 21:15:08.000,Ashanti|Obuasi,1426.3,GHS,WEB
ORMT-00003859,OR-C000161,2,SUCCESSFUL,2025-10-10 08:55:54.000,Bono|Sunyani,579.02,GHS,AGENT
ORMT-00003860,OR-C000161,10,SUCCESSFUL,2025-10-31 21:51:04.000,Bono|Sunyani,71.31,GHS,AGENT
ORMT-00003861,OR-C000161,1,SUCCESSFUL,2025-10-08 07:19:31.000,Bono|Sunyani,505.83,GHS,MOBILE_APP
ORMT-00003862,OR-C000161,10,SUCCESSFUL,2025-10-17 12:43:20.000,Bono|Sunyani,1361.44,GHS,AGENT
ORMT-00003863,OR-C000161,6,SUCCESSFUL,2025-10-15 19:25:54.000,Bono|Sunyani,464.97,GHS,API
ORMT-00003864,OR-C000161,1,SUCCESSFUL,2025-11-19 18:56:27.000,Bono|Sunyani,556.04,GHS,AGENT
ORMT-00003865,OR-C000161,1,FAILED,2025-11-17 16:36:40.000,Bono|Sunyani,576.65,GHS,MOBILE_APP
ORMT-00003866,OR-C000161,4,SUCCESSFUL,2025-11-01 15:39:55.000,Bono|Sunyani,3749.03,GHS,MOBILE_APP
ORMT-00003867,OR-C000161,6,SUCCESSFUL,2025-11-10 09:14:43.000,Bono|Sunyani,664.75,GHS,AGENT
ORMT-00003868,OR-C000161,8,SUCCESSFUL,2025-11-07 11:25:44.000,Bono|Sunyani,1053.34,GHS,MOBILE_APP
ORMT-00003869,OR-C000161,1,SUCCESSFUL,2025-12-10 19:30:49.000,Bono|Sunyani,247.41,GHS,WEB
ORMT-00003870,OR-C000161,4,SUCCESSFUL,2025-12-14 18:19:46.000,Bono|Sunyani,1848.82,GHS,AGENT
ORMT-00003871,OR-C000161,1,SUCCESSFUL,2025-12-24 17:07:07.000,Bono|Sunyani,1260.66,GHS,THIRD_PARTY
ORMT-00003872,OR-C000161,1,SUCCESSFUL,2025-12-23 12:34:25.000,Bono|Sunyani,1701.83,GHS,AGENT
ORMT-00003873,OR-C000161,7,SUCCESSFUL,2025-12-30 19:23:08.000,Bono|Sunyani,767.46,GHS,THIRD_PARTY
ORMT-00003999,OR-C000162,3,SUCCESSFUL,2025-10-03 16:17:16.000,Greater Accra|Kasoa,782.08,GHS,AGENT
ORMT-00004000,OR-C000162,4,SUCCESSFUL,2025-10-10 21:59:08.000,Greater Accra|Kasoa,1077.02,GHS,THIRD_PARTY
ORMT-00004001,OR-C000162,9,SUCCESSFUL,2025-12-22 07:51:17.000,Greater Accra|Kasoa,317.87,GHS,WEB
ORMT-00004002,OR-C000162,1,SUCCESSFUL,2025-12-16 18:15:25.000,Greater Accra|Kasoa,1827.02,GHS,AGENT
ORMT-00004003,OR-C000162,10,SUCCESSFUL,2025-12-07 19:08:21.000,Greater Accra|Kasoa,400.19,GHS,AGENT
ORMT-00004004,OR-C000162,7,SUCCESSFUL,2025-12-03 15:37:14.000,Greater Accra|Kasoa,1802.63,GHS,AGENT
ORMT-00004011,OR-C000163,8,SUCCESSFUL,2025-10-25 12:15:10.000,Central|Cape Coast,1335.28,GHS,AGENT
ORMT-00004012,OR-C000163,1,SUCCESSFUL,2025-11-02 08:34:47.000,Central|Cape Coast,838.55,GHS,AGENT
ORMT-00004013,OR-C000163,1,SUCCESSFUL,2025-12-28 18:43:10.000,Central|Cape Coast,260.33,GHS,AGENT
ORMT-00004021,OR-C000164,5,SUCCESSFUL,2025-10-05 07:36:03.000,Greater Accra|Kasoa,257.52,GHS,MOBILE_APP
ORMT-00004022,OR-C000164,2,SUCCESSFUL,2025-11-29 20:23:47.000,Greater Accra|Kasoa,806.95,GHS,MOBILE_APP
ORMT-00004034,OR-C000165,1,SUCCESSFUL,2025-10-14 17:01:47.000,Ashanti|Ejisu,1523.31,GHS,AGENT
ORMT-00004035,OR-C000165,1,SUCCESSFUL,2025-11-26 17:13:02.000,Ashanti|Ejisu,1053.16,GHS,AGENT
ORMT-00004036,OR-C000165,5,SUCCESSFUL,2025-11-17 17:44:11.000,Ashanti|Ejisu,175.93,GHS,MOBILE_APP
ORMT-00004037,OR-C000165,4,SUCCESSFUL,2025-12-14 11:24:09.000,Ashanti|Ejisu,426.57,GHS,WEB
ORMT-00004038,OR-C000165,2,SUCCESSFUL,2025-12-15 11:01:54.000,Ashanti|Ejisu,586.73,GHS,AGENT
ORMT-00004056,OR-C000166,5,SUCCESSFUL,2025-12-09 20:58:57.000,Bono|Berekum,4442.67,GHS,AGENT
ORMT-00004057,OR-C000166,5,SUCCESSFUL,2025-12-25 15:36:54.000,Bono|Berekum,844.2,GHS,MOBILE_APP
ORMT-00004103,OR-C000167,2,SUCCESSFUL,2025-10-16 15:03:51.000,Greater Accra|Tema,2279.16,GHS,API
ORMT-00004104,OR-C000167,2,SUCCESSFUL,2025-10-21 20:47:25.000,Greater Accra|Tema,382.36,GHS,MOBILE_APP
ORMT-00004105,OR-C000167,3,SUCCESSFUL,2025-11-21 14:53:08.000,Greater Accra|Tema,113.38,GHS,AGENT
ORMT-00004106,OR-C000167,3,SUCCESSFUL,2025-11-29 12:59:56.000,Greater Accra|Tema,574.44,GHS,AGENT
ORMT-00004107,OR-C000167,1,SUCCESSFUL,2025-12-07 07:36:25.000,Greater Accra|Tema,3102.04,GHS,MOBILE_APP
ORMT-00004108,OR-C000167,10,SUCCESSFUL,2025-12-05 08:37:08.000,Greater Accra|Tema,462.58,GHS,THIRD_PARTY
ORMT-00004121,OR-C000168,7,SUCCESSFUL,2025-11-24 17:56:23.000,Eastern|Nkawkaw,3330.2,GHS,AGENT
ORMT-00004122,OR-C000168,2,SUCCESSFUL,2025-12-01 11:30:10.000,Eastern|Nkawkaw,423.65,GHS,MOBILE_APP
ORMT-00004138,OR-C000170,2,SUCCESSFUL,2025-10-24 10:21:29.000,Northern|Yendi,178.69,GHS,THIRD_PARTY
ORMT-00004139,OR-C000170,6,SUCCESSFUL,2025-10-10 19:07:07.000,Northern|Yendi,299.07,GHS,MOBILE_APP
ORMT-00004140,OR-C000170,7,SUCCESSFUL,2025-10-17 13:56:14.000,Northern|Yendi,539.45,GHS,MOBILE_APP
ORMT-00004141,OR-C000170,9,SUCCESSFUL,2025-10-08 17:51:54.000,Northern|Yendi,506.42,GHS,AGENT
ORMT-00004142,OR-C000170,4,SUCCESSFUL,2025-10-07 16:27:59.000,Northern|Yendi,416.37,GHS,API
ORMT-00004143,OR-C000170,4,SUCCESSFUL,2025-10-08 09:53:54.000,Northern|Yendi,460.75,GHS,AGENT
ORMT-00004144,OR-C000170,2,SUCCESSFUL,2025-10-03 08:26:02.000,Northern|Yendi,741.06,GHS,AGENT
ORMT-00004145,OR-C000170,9,SUCCESSFUL,2025-10-14 14:51:20.000,Northern|Yendi,1092.68,GHS,WEB
ORMT-00004146,OR-C000170,2,SUCCESSFUL,2025-11-27 07:10:14.000,Northern|Yendi,1460.64,GHS,MOBILE_APP
ORMT-00004147,OR-C000170,1,SUCCESSFUL,2025-12-15 19:03:19.000,Northern|Yendi,1227.19,GHS,THIRD_PARTY
ORMT-00004148,OR-C000170,10,SUCCESSFUL,2025-12-18 20:51:35.000,Northern|Yendi,762.29,GHS,AGENT
ORMT-00004149,OR-C000170,10,SUCCESSFUL,2025-12-08 17:07:12.000,Northern|Yendi,346.03,GHS,AGENT
ORMT-00004156,OR-C000171,5,SUCCESSFUL,2025-10-13 13:50:24.000,Northern|Yendi,829.18,GHS,MOBILE_APP
ORMT-00004157,OR-C000171,1,SUCCESSFUL,2025-10-24 09:03:18.000,Northern|Yendi,727.31,GHS,THIRD_PARTY
ORMT-00004159,OR-C000172,5,SUCCESSFUL,2025-11-11 14:35:45.000,Bono East|Kintampo,370.29,GHS,THIRD_PARTY
ORMT-00004164,OR-C000173,1,FAILED,2025-10-07 16:20:56.000,Ashanti|Obuasi,216.5,GHS,AGENT
ORMT-00004194,OR-C000174,1,SUCCESSFUL,2025-10-21 07:48:13.000,Northern|Yendi,2206.34,GHS,AGENT
ORMT-00004195,OR-C000174,4,SUCCESSFUL,2025-11-02 15:40:38.000,Northern|Yendi,1204.9,GHS,AGENT
ORMT-00004196,OR-C000174,8,SUCCESSFUL,2025-12-20 19:15:07.000,Northern|Yendi,1027.3,GHS,AGENT
ORMT-00004197,OR-C000174,3,SUCCESSFUL,2025-12-17 14:44:38.000,Northern|Yendi,1949.65,GHS,THIRD_PARTY
ORMT-00004209,OR-C000175,1,SUCCESSFUL,2025-12-28 12:52:45.000,Upper East|Bolgatanga,727.65,GHS,API
ORMT-00004215,OR-C000177,2,SUCCESSFUL,2025-11-28 17:13:42.000,Eastern|Nkawkaw,350.08,GHS,AGENT
ORMT-00004232,OR-C000178,1,SUCCESSFUL,2025-12-23 08:22:44.000,Northern|Yendi,629.19,GHS,API
ORMT-00004254,OR-C000179,2,SUCCESSFUL,2025-10-20 11:12:54.000,Volta|Keta,962.34,GHS,AGENT
ORMT-00004255,OR-C000179,3,SUCCESSFUL,2025-12-26 20:39:55.000,Volta|Keta,1759.56,GHS,MOBILE_APP
ORMT-00004361,OR-C000181,3,SUCCESSFUL,2025-10-30 10:18:20.000,Northern|Tamale,477.82,GHS,MOBILE_APP
ORMT-00004362,OR-C000181,2,SUCCESSFUL,2025-10-04 16:04:47.000,Northern|Tamale,1552.25,GHS,MOBILE_APP
ORMT-00004363,OR-C000181,5,SUCCESSFUL,2025-10-13 13:45:15.000,Northern|Tamale,154.92,GHS,AGENT
ORMT-00004364,OR-C000181,2,SUCCESSFUL,2025-10-30 12:16:09.000,Northern|Tamale,1008.39,GHS,AGENT
ORMT-00004365,OR-C000181,4,SUCCESSFUL,2025-12-13 19:08:41.000,Northern|Tamale,4771.25,GHS,WEB
ORMT-00004366,OR-C000181,2,SUCCESSFUL,2025-12-23 16:00:52.000,Northern|Tamale,573.78,GHS,MOBILE_APP
ORMT-00004367,OR-C000181,6,SUCCESSFUL,2025-12-29 15:06:45.000,Northern|Tamale,1322.28,GHS,AGENT
ORMT-00004368,OR-C000181,9,SUCCESSFUL,2025-12-26 13:22:04.000,Northern|Tamale,763.72,GHS,AGENT
ORMT-00004369,OR-C000181,2,SUCCESSFUL,2025-12-21 07:29:28.000,Northern|Tamale,310.32,GHS,WEB
ORMT-00004405,OR-C000183,5,SUCCESSFUL,2025-10-07 09:25:50.000,Bono|Berekum,297.3,GHS,AGENT
ORMT-00004406,OR-C000183,7,SUCCESSFUL,2025-11-29 16:27:19.000,Bono|Berekum,103.98,GHS,AGENT
ORMT-00004407,OR-C000183,2,SUCCESSFUL,2025-11-19 07:10:22.000,Bono|Berekum,1601.57,GHS,AGENT
ORMT-00004408,OR-C000183,2,SUCCESSFUL,2025-11-13 15:39:43.000,Bono|Berekum,1962.16,GHS,AGENT
ORMT-00004409,OR-C000183,1,SUCCESSFUL,2025-12-05 10:29:09.000,Bono|Berekum,2528.16,GHS,WEB
ORMT-00004416,OR-C000184,3,SUCCESSFUL,2025-10-13 19:49:48.000,Western|Tarkwa,245.72,GHS,MOBILE_APP
ORMT-00004458,OR-C000186,8,SUCCESSFUL,2025-11-01 18:10:00.000,Upper East|Bolgatanga,1692.01,GHS,MOBILE_APP
ORMT-00004459,OR-C000186,5,FAILED,2025-11-02 09:15:30.000,Upper East|Bolgatanga,544.61,GHS,AGENT
ORMT-00004460,OR-C000186,9,SUCCESSFUL,2025-11-10 11:11:56.000,Upper East|Bolgatanga,204.09,GHS,THIRD_PARTY
ORMT-00004461,OR-C000186,10,SUCCESSFUL,2025-11-30 07:50:03.000,Upper East|Bolgatanga,544.24,GHS,AGENT
ORMT-00004462,OR-C000186,1,SUCCESSFUL,2025-12-09 20:43:31.000,Upper East|Bolgatanga,979.46,GHS,API
ORMT-00004463,OR-C000186,1,SUCCESSFUL,2025-12-08 12:54:15.000,Upper East|Bolgatanga,556.41,GHS,MOBILE_APP
ORMT-00004464,OR-C000186,1,SUCCESSFUL,2025-12-27 13:44:46.000,Upper East|Bolgatanga,589.91,GHS,AGENT
ORMT-00004465,OR-C000186,7,SUCCESSFUL,2025-12-11 16:00:20.000,Upper East|Bolgatanga,409.38,GHS,THIRD_PARTY
ORMT-00004466,OR-C000186,2,SUCCESSFUL,2025-12-12 09:04:54.000,Upper East|Bolgatanga,341.91,GHS,AGENT
ORMT-00004467,OR-C000186,1,SUCCESSFUL,2025-12-15 09:11:35.000,Upper East|Bolgatanga,1191.23,GHS,THIRD_PARTY
ORMT-00004474,OR-C000187,8,SUCCESSFUL,2025-12-06 09:12:04.000,Ashanti|Obuasi,326.11,GHS,AGENT
ORMT-00004476,OR-C000188,10,SUCCESSFUL,2025-12-15 07:13:54.000,Ahafo|Goaso,545.07,GHS,AGENT
ORMT-00004509,OR-C000189,4,SUCCESSFUL,2025-10-29 11:17:00.000,Northern|Tamale,634.87,GHS,MOBILE_APP
ORMT-00004510,OR-C000189,3,SUCCESSFUL,2025-10-31 19:59:18.000,Northern|Tamale,549.93,GHS,AGENT
ORMT-00004511,OR-C000189,10,SUCCESSFUL,2025-10-31 08:49:55.000,Northern|Tamale,1087.86,GHS,AGENT
ORMT-00004512,OR-C000189,7,SUCCESSFUL,2025-12-24 19:52:34.000,Northern|Tamale,289.2,GHS,API
ORMT-00004513,OR-C000189,7,SUCCESSFUL,2025-12-24 13:37:35.000,Northern|Tamale,825.91,GHS,AGENT
ORMT-00004514,OR-C000189,6,SUCCESSFUL,2025-12-31 10:48:17.000,Northern|Tamale,254.54,GHS,MOBILE_APP
ORMT-00004525,OR-C000190,1,SUCCESSFUL,2025-10-30 16:01:33.000,Greater Accra|Accra,448.01,GHS,API
ORMT-00004526,OR-C000190,1,SUCCESSFUL,2025-11-17 18:58:38.000,Greater Accra|Accra,701.63,GHS,MOBILE_APP
ORMT-00004527,OR-C000190,2,SUCCESSFUL,2025-11-26 13:11:13.000,Greater Accra|Accra,462.96,GHS,MOBILE_APP
ORMT-00004535,OR-C000191,2,SUCCESSFUL,2025-12-20 10:01:53.000,Volta|Keta,554.09,GHS,AGENT
ORMT-00004553,OR-C000195,7,SUCCESSFUL,2025-12-09 18:20:29.000,Western|Takoradi,2476.01,GHS,MOBILE_APP
ORMT-00004571,OR-C000196,3,SUCCESSFUL,2025-10-27 08:09:43.000,Oti|Jasikan,312.43,GHS,API
ORMT-00004572,OR-C000196,10,SUCCESSFUL,2025-10-23 10:20:18.000,Oti|Jasikan,695.16,GHS,THIRD_PARTY
ORMT-00004573,OR-C000196,6,SUCCESSFUL,2025-10-16 14:53:37.000,Oti|Jasikan,1497.26,GHS,MOBILE_APP
ORMT-00004574,OR-C000196,1,SUCCESSFUL,2025-10-18 21:54:36.000,Oti|Jasikan,449.22,GHS,WEB
ORMT-00004575,OR-C000196,1,SUCCESSFUL,2025-10-30 20:58:41.000,Oti|Jasikan,605.99,GHS,API
ORMT-00004576,OR-C000196,9,SUCCESSFUL,2025-11-09 18:12:07.000,Oti|Jasikan,626.65,GHS,AGENT
ORMT-00004577,OR-C000196,1,SUCCESSFUL,2025-11-28 13:27:49.000,Oti|Jasikan,101.42,GHS,AGENT
ORMT-00004578,OR-C000196,1,SUCCESSFUL,2025-11-13 17:36:38.000,Oti|Jasikan,319.62,GHS,AGENT
ORMT-00004579,OR-C000196,7,SUCCESSFUL,2025-11-16 16:12:31.000,Oti|Jasikan,102.64,GHS,AGENT
ORMT-00004580,OR-C000196,9,SUCCESSFUL,2025-11-18 21:39:39.000,Oti|Jasikan,282.72,GHS,MOBILE_APP
ORMT-00004581,OR-C000196,2,SUCCESSFUL,2025-11-14 09:49:57.000,Oti|Jasikan,301.48,GHS,API
ORMT-00004582,OR-C000196,2,SUCCESSFUL,2025-12-03 12:57:01.000,Oti|Jasikan,1509.21,GHS,MOBILE_APP
ORMT-00004583,OR-C000196,2,SUCCESSFUL,2025-12-29 18:19:30.000,Oti|Jasikan,895.16,GHS,MOBILE_APP
ORMT-00004584,OR-C000196,8,SUCCESSFUL,2025-12-26 10:40:29.000,Oti|Jasikan,1890.93,GHS,MOBILE_APP
ORMT-00004585,OR-C000196,2,SUCCESSFUL,2025-12-09 10:28:23.000,Oti|Jasikan,65.68,GHS,WEB
ORMT-00004586,OR-C000196,2,SUCCESSFUL,2025-12-03 09:27:11.000,Oti|Jasikan,361.8,GHS,THIRD_PARTY
ORMT-00004592,OR-C000197,3,SUCCESSFUL,2025-10-24 15:55:13.000,Greater Accra|Kasoa,798.73,GHS,AGENT
ORMT-00004593,OR-C000197,1,SUCCESSFUL,2025-12-19 15:53:54.000,Greater Accra|Kasoa,510.44,GHS,MOBILE_APP
ORMT-00004602,OR-C000198,6,SUCCESSFUL,2025-10-05 20:27:08.000,Bono East|Kintampo,164.91,GHS,MOBILE_APP
ORMT-00004613,OR-C000199,1,SUCCESSFUL,2025-11-27 07:59:04.000,Greater Accra|Accra,353.63,GHS,API
ORMT-00004614,OR-C000199,2,SUCCESSFUL,2025-11-17 14:12:20.000,Greater Accra|Accra,626.86,GHS,AGENT
ORMT-00004615,OR-C000199,1,SUCCESSFUL,2025-12-06 08:55:59.000,Greater Accra|Accra,470.48,GHS,AGENT
ORMT-00004648,OR-C000200,2,SUCCESSFUL,2025-10-30 20:58:41.000,Bono|Sunyani,714.52,GHS,AGENT
ORMT-00004649,OR-C000200,5,SUCCESSFUL,2025-10-24 14:37:57.000,Bono|Sunyani,185.65,GHS,AGENT
ORMT-00004650,OR-C000200,9,SUCCESSFUL,2025-11-06 21:42:31.000,Bono|Sunyani,1980.23,GHS,MOBILE_APP
ORMT-00004651,OR-C000200,1,SUCCESSFUL,2025-11-15 07:42:17.000,Bono|Sunyani,999.44,GHS,THIRD_PARTY
ORMT-00004652,OR-C000200,1,SUCCESSFUL,2025-11-19 16:47:57.000,Bono|Sunyani,87.33,GHS,WEB
ORMT-00004653,OR-C000200,2,SUCCESSFUL,2025-12-27 07:35:55.000,Bono|Sunyani,1126.59,GHS,MOBILE_APP
ORMT-00004654,OR-C000200,4,SUCCESSFUL,2025-12-10 21:49:41.000,Bono|Sunyani,483.3,GHS,AGENT
ORMT-00004655,OR-C000200,1,SUCCESSFUL,2025-12-13 08:17:08.000,Bono|Sunyani,874.32,GHS,AGENT
ORMT-00004656,OR-C000200,1,SUCCESSFUL,2025-12-21 20:55:54.000,Bono|Sunyani,192.8,GHS,AGENT
ORMT-00004657,OR-C000200,1,SUCCESSFUL,2025-12-26 13:42:15.000,Bono|Sunyani,2937.0,GHS,AGENT
ORMT-00004661,OR-C000201,3,SUCCESSFUL,2025-11-14 16:30:48.000,Greater Accra|Tema,160.81,GHS,MOBILE_APP
ORMT-00004662,OR-C000201,6,SUCCESSFUL,2025-12-17 14:57:51.000,Greater Accra|Tema,1285.55,GHS,MOBILE_APP
ORMT-00004702,OR-C000202,7,SUCCESSFUL,2025-10-24 12:38:20.000,Greater Accra|Madina,294.03,GHS,THIRD_PARTY
ORMT-00004703,OR-C000202,1,SUCCESSFUL,2025-11-10 11:33:33.000,Greater Accra|Madina,706.74,GHS,AGENT
ORMT-00004704,OR-C000202,2,FAILED,2025-11-16 07:04:58.000,Greater Accra|Madina,3617.84,GHS,MOBILE_APP
ORMT-00004705,OR-C000202,7,SUCCESSFUL,2025-12-01 11:05:39.000,Greater Accra|Madina,279.13,GHS,MOBILE_APP
ORMT-00004725,OR-C000203,4,SUCCESSFUL,2025-11-10 19:36:52.000,Volta|Hohoe,7602.75,GHS,AGENT
ORMT-00004733,OR-C000205,7,SUCCESSFUL,2025-10-02 10:09:59.000,Greater Accra|Accra,600.04,GHS,AGENT
ORMT-00004775,OR-C000206,5,SUCCESSFUL,2025-10-10 15:27:24.000,Western|Takoradi,1383.49,GHS,AGENT
ORMT-00004776,OR-C000206,1,SUCCESSFUL,2025-10-04 16:31:12.000,Western|Takoradi,3375.54,GHS,MOBILE_APP
ORMT-00004777,OR-C000206,4,SUCCESSFUL,2025-10-15 21:24:02.000,Western|Takoradi,766.73,GHS,WEB
ORMT-00004778,OR-C000206,1,SUCCESSFUL,2025-10-13 14:19:10.000,Western|Takoradi,1782.03,GHS,MOBILE_APP
ORMT-00004781,OR-C000207,4,SUCCESSFUL,2025-10-19 08:28:49.000,Greater Accra|Kasoa,363.49,GHS,WEB
ORMT-00004782,OR-C000207,1,SUCCESSFUL,2025-10-24 07:01:34.000,Greater Accra|Kasoa,439.24,GHS,AGENT
ORMT-00004783,OR-C000207,2,SUCCESSFUL,2025-10-21 17:37:06.000,Greater Accra|Kasoa,899.48,GHS,MOBILE_APP
ORMT-00004784,OR-C000207,2,SUCCESSFUL,2025-11-18 10:56:19.000,Greater Accra|Kasoa,1066.35,GHS,AGENT
ORMT-00004785,OR-C000207,2,SUCCESSFUL,2025-11-19 14:19:15.000,Greater Accra|Kasoa,164.02,GHS,AGENT
ORMT-00004786,OR-C000207,2,SUCCESSFUL,2025-12-14 12:27:03.000,Greater Accra|Kasoa,565.45,GHS,API
ORMT-00004798,OR-C000208,10,SUCCESSFUL,2025-11-14 10:36:23.000,Volta|Hohoe,234.76,GHS,API
ORMT-00004799,OR-C000208,1,SUCCESSFUL,2025-12-26 09:57:08.000,Volta|Hohoe,416.87,GHS,THIRD_PARTY
ORMT-00004800,OR-C000208,4,SUCCESSFUL,2025-12-07 16:49:49.000,Volta|Hohoe,280.29,GHS,WEB
ORMT-00004840,OR-C000210,1,SUCCESSFUL,2025-10-31 12:32:52.000,Western|Tarkwa,451.3,GHS,MOBILE_APP
ORMT-00004841,OR-C000210,10,SUCCESSFUL,2025-10-25 07:51:13.000,Western|Tarkwa,724.65,GHS,THIRD_PARTY
ORMT-00004866,OR-C000211,1,SUCCESSFUL,2025-10-14 19:47:52.000,Greater Accra|Kasoa,183.23,GHS,THIRD_PARTY
ORMT-00004867,OR-C000211,4,SUCCESSFUL,2025-10-07 08:33:21.000,Greater Accra|Kasoa,191.35,GHS,AGENT
ORMT-00004868,OR-C000211,7,SUCCESSFUL,2025-10-24 14:00:05.000,Greater Accra|Kasoa,2300.91,GHS,MOBILE_APP
ORMT-00004869,OR-C000211,2,SUCCESSFUL,2025-12-28 16:01:08.000,Greater Accra|Kasoa,524.67,GHS,THIRD_PARTY
ORMT-00004870,OR-C000211,4,SUCCESSFUL,2025-12-17 14:32:26.000,Greater Accra|Kasoa,1136.32,GHS,MOBILE_APP
ORMT-00004871,OR-C000211,3,SUCCESSFUL,2025-12-06 20:46:50.000,Greater Accra|Kasoa,548.9,GHS,THIRD_PARTY
ORMT-00004872,OR-C000211,7,SUCCESSFUL,2025-12-03 17:33:36.000,Greater Accra|Kasoa,801.61,GHS,API
ORMT-00004873,OR-C000211,5,SUCCESSFUL,2025-12-01 14:12:35.000,Greater Accra|Kasoa,187.61,GHS,AGENT
ORMT-00004874,OR-C000211,1,SUCCESSFUL,2025-12-17 20:18:27.000,Greater Accra|Kasoa,477.9,GHS,WEB
ORMT-00004900,OR-C000215,10,SUCCESSFUL,2025-10-14 17:09:56.000,Eastern|Nkawkaw,937.9,GHS,THIRD_PARTY
ORMT-00004901,OR-C000215,6,SUCCESSFUL,2025-11-02 11:17:58.000,Eastern|Nkawkaw,1114.02,GHS,API
ORMT-00004902,OR-C000215,1,SUCCESSFUL,2025-11-06 15:57:31.000,Eastern|Nkawkaw,1004.71,GHS,AGENT
ORMT-00004903,OR-C000215,2,SUCCESSFUL,2025-12-17 21:50:42.000,Eastern|Nkawkaw,677.61,GHS,THIRD_PARTY
ORMT-00004904,OR-C000215,7,SUCCESSFUL,2025-12-08 19:27:23.000,Eastern|Nkawkaw,554.58,GHS,MOBILE_APP
ORMT-00004905,OR-C000215,2,SUCCESSFUL,2025-12-11 16:08:54.000,Eastern|Nkawkaw,942.3,GHS,WEB
ORMT-00004906,OR-C000215,9,SUCCESSFUL,2025-12-09 12:29:01.000,Eastern|Nkawkaw,79.2,GHS,AGENT
ORMT-00004907,OR-C000215,1,SUCCESSFUL,2025-12-27 14:45:54.000,Eastern|Nkawkaw,371.98,GHS,AGENT
ORMT-00004908,OR-C000215,5,SUCCESSFUL,2025-12-04 18:54:01.000,Eastern|Nkawkaw,876.93,GHS,THIRD_PARTY
ORMT-00004944,OR-C000216,3,SUCCESSFUL,2025-11-27 14:50:34.000,Greater Accra|Madina,1742.48,GHS,MOBILE_APP
ORMT-00004952,OR-C000217,2,SUCCESSFUL,2025-10-31 08:10:19.000,Greater Accra|Kasoa,3353.22,GHS,AGENT
ORMT-00004953,OR-C000217,4,SUCCESSFUL,2025-11-17 13:07:02.000,Greater Accra|Kasoa,1838.53,GHS,MOBILE_APP
ORMT-00005007,OR-C000218,1,FAILED,2025-10-12 09:06:13.000,Greater Accra|Madina,369.7,GHS,AGENT
ORMT-00005008,OR-C000218,1,SUCCESSFUL,2025-11-29 13:10:47.000,Greater Accra|Madina,924.04,GHS,AGENT
ORMT-00005015,OR-C000219,2,SUCCESSFUL,2025-10-16 12:11:35.000,Greater Accra|Madina,187.08,GHS,MOBILE_APP
ORMT-00005035,OR-C000220,6,SUCCESSFUL,2025-10-28 13:55:44.000,Greater Accra|Accra,1767.73,GHS,MOBILE_APP
ORMT-00005036,OR-C000220,2,SUCCESSFUL,2025-12-20 15:36:18.000,Greater Accra|Accra,700.86,GHS,API
ORMT-00005037,OR-C000220,1,SUCCESSFUL,2025-12-27 13:23:37.000,Greater Accra|Accra,306.36,GHS,MOBILE_APP
ORMT-00005038,OR-C000220,2,SUCCESSFUL,2025-12-03 21:47:08.000,Greater Accra|Accra,2815.64,GHS,MOBILE_APP
ORMT-00005039,OR-C000220,7,SUCCESSFUL,2025-12-30 17:49:51.000,Greater Accra|Accra,1128.94,GHS,AGENT
ORMT-00005080,OR-C000221,6,SUCCESSFUL,2025-10-02 19:24:16.000,Greater Accra|Tema,636.57,GHS,AGENT
ORMT-00005081,OR-C000221,1,SUCCESSFUL,2025-10-24 15:58:26.000,Greater Accra|Tema,514.8,GHS,WEB
ORMT-00005082,OR-C000221,8,SUCCESSFUL,2025-10-30 19:29:35.000,Greater Accra|Tema,282.43,GHS,API
ORMT-00005083,OR-C000221,2,SUCCESSFUL,2025-10-22 13:31:27.000,Greater Accra|Tema,335.22,GHS,AGENT
ORMT-00005084,OR-C000221,4,SUCCESSFUL,2025-12-29 18:55:58.000,Greater Accra|Tema,502.87,GHS,API
ORMT-00005085,OR-C000221,1,SUCCESSFUL,2025-12-21 09:44:07.000,Greater Accra|Tema,1820.5,GHS,AGENT
ORMT-00005106,OR-C000222,10,SUCCESSFUL,2025-10-18 08:29:06.000,Upper East|Bolgatanga,583.91,GHS,MOBILE_APP
ORMT-00005110,OR-C000223,4,SUCCESSFUL,2025-12-25 09:41:23.000,Upper West|Lawra,418.7,GHS,AGENT
ORMT-00005118,OR-C000224,1,SUCCESSFUL,2025-10-06 14:58:30.000,Volta|Hohoe,1279.77,GHS,THIRD_PARTY
ORMT-00005119,OR-C000224,1,SUCCESSFUL,2025-11-03 14:42:59.000,Volta|Hohoe,1337.91,GHS,THIRD_PARTY
ORMT-00005120,OR-C000224,1,SUCCESSFUL,2025-11-08 08:32:32.000,Volta|Hohoe,445.13,GHS,AGENT
ORMT-00005127,OR-C000225,1,SUCCESSFUL,2025-10-29 13:30:59.000,Greater Accra|Accra,521.43,GHS,THIRD_PARTY
ORMT-00005128,OR-C000225,1,SUCCESSFUL,2025-12-30 19:37:37.000,Greater Accra|Accra,226.41,GHS,MOBILE_APP
ORMT-00005134,OR-C000226,3,SUCCESSFUL,2025-11-26 16:47:39.000,Ahafo|Goaso,719.82,GHS,MOBILE_APP
ORMT-00005135,OR-C000226,4,SUCCESSFUL,2025-12-30 12:12:24.000,Ahafo|Goaso,1689.33,GHS,AGENT
ORMT-00005165,OR-C000227,8,SUCCESSFUL,2025-10-05 21:08:11.000,Greater Accra|Madina,311.48,GHS,AGENT
ORMT-00005166,OR-C000227,4,SUCCESSFUL,2025-10-23 16:27:11.000,Greater Accra|Madina,420.97,GHS,AGENT
ORMT-00005167,OR-C000227,1,SUCCESSFUL,2025-12-21 16:02:57.000,Greater Accra|Madina,1168.28,GHS,AGENT
ORMT-00005208,OR-C000228,2,SUCCESSFUL,2025-10-21 16:37:53.000,Upper West|Wa,1276.92,GHS,AGENT
ORMT-00005209,OR-C000228,8,SUCCESSFUL,2025-10-16 17:42:28.000,Upper West|Wa,3525.51,GHS,AGENT
ORMT-00005210,OR-C000228,1,SUCCESSFUL,2025-11-11 07:03:33.000,Upper West|Wa,769.6,GHS,THIRD_PARTY
ORMT-00005211,OR-C000228,3,SUCCESSFUL,2025-11-15 09:20:34.000,Upper West|Wa,435.66,GHS,AGENT
ORMT-00005212,OR-C000228,7,SUCCESSFUL,2025-12-08 10:34:19.000,Upper West|Wa,2487.69,GHS,AGENT
ORMT-00005260,OR-C000229,6,SUCCESSFUL,2025-10-04 10:08:37.000,Greater Accra|Tema,836.73,GHS,MOBILE_APP
ORMT-00005261,OR-C000229,10,FAILED,2025-11-26 21:53:31.000,Greater Accra|Tema,560.63,GHS,THIRD_PARTY
ORMT-00005262,OR-C000229,3,REJECTED,2025-11-15 15:03:27.000,Greater Accra|Tema,874.76,GHS,WEB
ORMT-00005263,OR-C000229,2,SUCCESSFUL,2025-12-27 18:19:58.000,Greater Accra|Tema,1514.14,GHS,AGENT
ORMT-00005285,OR-C000230,5,SUCCESSFUL,2025-11-26 19:31:02.000,Western|Axim,2931.12,GHS,AGENT
ORMT-00005286,OR-C000231,3,SUCCESSFUL,2025-11-08 17:58:10.000,Upper East|Navrongo,424.67,GHS,AGENT
ORMT-00005287,OR-C000231,7,SUCCESSFUL,2025-12-26 11:42:37.000,Upper East|Navrongo,1694.45,GHS,WEB
ORMT-00005304,OR-C000233,4,SUCCESSFUL,2025-10-20 11:13:50.000,Eastern|Akropong,422.07,GHS,AGENT
ORMT-00005305,OR-C000233,2,SUCCESSFUL,2025-10-05 21:18:26.000,Eastern|Akropong,952.35,GHS,MOBILE_APP
ORMT-00005306,OR-C000233,1,SUCCESSFUL,2025-10-30 11:32:14.000,Eastern|Akropong,386.4,GHS,API
ORMT-00005307,OR-C000233,8,SUCCESSFUL,2025-10-21 12:54:08.000,Eastern|Akropong,1181.42,GHS,MOBILE_APP
ORMT-00005308,OR-C000233,1,SUCCESSFUL,2025-10-14 12:04:27.000,Eastern|Akropong,1792.56,GHS,WEB
ORMT-00005309,OR-C000233,2,SUCCESSFUL,2025-10-28 20:50:27.000,Eastern|Akropong,138.88,GHS,AGENT
ORMT-00005310,OR-C000233,5,SUCCESSFUL,2025-10-29 13:57:17.000,Eastern|Akropong,911.22,GHS,AGENT
ORMT-00005311,OR-C000233,5,SUCCESSFUL,2025-10-01 12:25:43.000,Eastern|Akropong,418.45,GHS,AGENT
ORMT-00005312,OR-C000233,4,FAILED,2025-11-23 21:21:33.000,Eastern|Akropong,200.86,GHS,AGENT
ORMT-00005313,OR-C000233,9,SUCCESSFUL,2025-11-19 11:52:17.000,Eastern|Akropong,772.37,GHS,WEB
ORMT-00005314,OR-C000233,8,SUCCESSFUL,2025-12-10 16:56:58.000,Eastern|Akropong,1062.6,GHS,THIRD_PARTY
ORMT-00005315,OR-C000233,1,SUCCESSFUL,2025-12-01 16:15:35.000,Eastern|Akropong,1739.56,GHS,AGENT
ORMT-00005375,OR-C000234,1,SUCCESSFUL,2025-10-28 14:49:00.000,Eastern|Koforidua,414.38,GHS,THIRD_PARTY
ORMT-00005376,OR-C000234,10,SUCCESSFUL,2025-10-02 14:51:37.000,Eastern|Koforidua,781.07,GHS,AGENT
ORMT-00005377,OR-C000234,6,SUCCESSFUL,2025-11-01 13:08:40.000,Eastern|Koforidua,395.9,GHS,API
ORMT-00005378,OR-C000234,5,SUCCESSFUL,2025-12-26 13:47:55.000,Eastern|Koforidua,6429.87,GHS,MOBILE_APP
ORMT-00005379,OR-C000234,2,REJECTED,2025-12-01 11:08:05.000,Eastern|Koforidua,119.75,GHS,AGENT
ORMT-00005389,OR-C000235,1,SUCCESSFUL,2025-12-22 21:20:25.000,Northern|Tamale,250.76,GHS,AGENT
ORMT-00005390,OR-C000235,3,SUCCESSFUL,2025-12-12 07:29:30.000,Northern|Tamale,225.24,GHS,AGENT
ORMT-00005414,OR-C000236,5,SUCCESSFUL,2025-10-27 09:37:36.000,Upper West|Wa,127.22,GHS,MOBILE_APP
ORMT-00005415,OR-C000236,9,SUCCESSFUL,2025-10-29 12:14:27.000,Upper West|Wa,936.07,GHS,MOBILE_APP
ORMT-00005416,OR-C000236,1,SUCCESSFUL,2025-10-02 11:42:35.000,Upper West|Wa,855.73,GHS,THIRD_PARTY
ORMT-00005417,OR-C000236,8,REJECTED,2025-11-28 13:48:21.000,Upper West|Wa,525.36,GHS,AGENT
ORMT-00005418,OR-C000236,3,SUCCESSFUL,2025-11-04 11:24:38.000,Upper West|Wa,191.78,GHS,AGENT
ORMT-00005444,OR-C000237,4,SUCCESSFUL,2025-11-10 09:59:37.000,Bono|Berekum,487.48,GHS,WEB
ORMT-00005448,OR-C000238,2,FAILED,2025-12-26 17:53:28.000,Western|Axim,771.12,GHS,WEB
ORMT-00005454,OR-C000239,1,SUCCESSFUL,2025-11-16 09:03:49.000,Ashanti|Obuasi,875.62,GHS,API
ORMT-00005455,OR-C000239,2,SUCCESSFUL,2025-12-19 17:53:46.000,Ashanti|Obuasi,1527.11,GHS,AGENT
ORMT-00005474,OR-C000241,8,SUCCESSFUL,2025-11-30 16:03:04.000,Eastern|Koforidua,154.22,GHS,AGENT
ORMT-00005475,OR-C000241,3,SUCCESSFUL,2025-11-09 17:58:23.000,Eastern|Koforidua,324.04,GHS,MOBILE_APP
ORMT-00005476,OR-C000241,10,SUCCESSFUL,2025-11-11 16:27:44.000,Eastern|Koforidua,110.13,GHS,AGENT
ORMT-00005477,OR-C000241,5,SUCCESSFUL,2025-12-28 18:17:42.000,Eastern|Koforidua,214.09,GHS,MOBILE_APP
ORMT-00005500,OR-C000244,1,SUCCESSFUL,2025-11-20 14:29:21.000,Bono East|Techiman,780.36,GHS,API
ORMT-00005542,OR-C000245,2,SUCCESSFUL,2025-10-15 19:18:55.000,Northern|Tamale,365.38,GHS,THIRD_PARTY
ORMT-00005543,OR-C000245,4,SUCCESSFUL,2025-12-19 08:43:53.000,Northern|Tamale,251.73,GHS,API
ORMT-00005544,OR-C000245,5,SUCCESSFUL,2025-12-24 09:12:56.000,Northern|Tamale,433.88,GHS,MOBILE_APP
ORMT-00005545,OR-C000245,1,SUCCESSFUL,2025-12-25 17:02:50.000,Northern|Tamale,792.8,GHS,AGENT
ORMT-00005557,OR-C000246,6,SUCCESSFUL,2025-10-14 08:24:39.000,Volta|Keta,1121.55,GHS,AGENT
ORMT-00005568,OR-C000247,4,SUCCESSFUL,2025-10-15 15:55:13.000,Greater Accra|Tema,2251.99,GHS,AGENT
ORMT-00005569,OR-C000247,6,SUCCESSFUL,2025-10-27 10:00:22.000,Greater Accra|Tema,422.06,GHS,AGENT
ORMT-00005570,OR-C000247,10,SUCCESSFUL,2025-11-09 18:09:49.000,Greater Accra|Tema,2478.31,GHS,AGENT
ORMT-00005577,OR-C000248,1,SUCCESSFUL,2025-10-24 17:09:46.000,Greater Accra|Tema,958.89,GHS,MOBILE_APP
ORMT-00005582,OR-C000249,1,SUCCESSFUL,2025-12-20 14:42:16.000,Upper West|Lawra,2583.17,GHS,THIRD_PARTY
ORMT-00005615,OR-C000250,2,SUCCESSFUL,2025-10-15 13:47:33.000,Upper East|Navrongo,2021.3,GHS,THIRD_PARTY
ORMT-00005616,OR-C000250,4,SUCCESSFUL,2025-10-15 21:48:19.000,Upper East|Navrongo,1902.83,GHS,AGENT
ORMT-00005617,OR-C000250,9,SUCCESSFUL,2025-10-15 14:01:23.000,Upper East|Navrongo,423.36,GHS,THIRD_PARTY
ORMT-00005618,OR-C000250,2,SUCCESSFUL,2025-11-02 14:22:02.000,Upper East|Navrongo,460.39,GHS,API
ORMT-00005619,OR-C000250,7,SUCCESSFUL,2025-11-15 21:20:21.000,Upper East|Navrongo,192.24,GHS,WEB
ORMT-00005620,OR-C000250,2,SUCCESSFUL,2025-11-05 18:36:29.000,Upper East|Navrongo,1166.75,GHS,API
ORMT-00005621,OR-C000250,7,SUCCESSFUL,2025-11-26 13:40:16.000,Upper East|Navrongo,258.49,GHS,AGENT
ORMT-00005622,OR-C000250,1,SUCCESSFUL,2025-12-14 21:20:52.000,Upper East|Navrongo,297.87,GHS,AGENT
ORMT-00005691,OR-C000251,7,SUCCESSFUL,2025-10-08 13:23:04.000,Greater Accra|Accra,813.89,GHS,AGENT
ORMT-00005692,OR-C000251,2,SUCCESSFUL,2025-10-25 21:58:00.000,Greater Accra|Accra,623.01,GHS,MOBILE_APP
ORMT-00005693,OR-C000251,6,SUCCESSFUL,2025-10-15 19:59:12.000,Greater Accra|Accra,1783.89,GHS,API
ORMT-00005694,OR-C000251,3,SUCCESSFUL,2025-11-30 11:01:43.000,Greater Accra|Accra,1343.24,GHS,API
ORMT-00005695,OR-C000251,4,SUCCESSFUL,2025-11-10 19:40:01.000,Greater Accra|Accra,600.26,GHS,WEB
ORMT-00005696,OR-C000251,1,SUCCESSFUL,2025-12-04 17:06:21.000,Greater Accra|Accra,247.68,GHS,AGENT
ORMT-00005697,OR-C000251,3,SUCCESSFUL,2025-12-10 09:06:34.000,Greater Accra|Accra,850.01,GHS,MOBILE_APP
ORMT-00005698,OR-C000251,3,SUCCESSFUL,2025-12-28 12:54:16.000,Greater Accra|Accra,944.62,GHS,AGENT
ORMT-00005699,OR-C000251,3,SUCCESSFUL,2025-12-14 18:21:27.000,Greater Accra|Accra,725.79,GHS,MOBILE_APP
ORMT-00005700,OR-C000251,7,SUCCESSFUL,2025-12-23 19:24:09.000,Greater Accra|Accra,1109.05,GHS,AGENT
ORMT-00005824,OR-C000252,3,SUCCESSFUL,2025-10-09 17:13:39.000,Eastern|Koforidua,1080.37,GHS,THIRD_PARTY
ORMT-00005825,OR-C000252,2,SUCCESSFUL,2025-11-03 13:34:31.000,Eastern|Koforidua,432.74,GHS,MOBILE_APP
ORMT-00005826,OR-C000252,3,SUCCESSFUL,2025-11-10 14:14:23.000,Eastern|Koforidua,501.38,GHS,THIRD_PARTY
ORMT-00005827,OR-C000252,4,SUCCESSFUL,2025-11-12 09:58:35.000,Eastern|Koforidua,731.69,GHS,MOBILE_APP
ORMT-00005828,OR-C000252,4,SUCCESSFUL,2025-11-24 09:51:22.000,Eastern|Koforidua,2289.01,GHS,AGENT
ORMT-00005829,OR-C000252,1,SUCCESSFUL,2025-11-03 10:10:07.000,Eastern|Koforidua,1450.29,GHS,THIRD_PARTY
ORMT-00005830,OR-C000252,4,SUCCESSFUL,2025-12-02 13:53:30.000,Eastern|Koforidua,271.13,GHS,AGENT
ORMT-00005831,OR-C000252,2,SUCCESSFUL,2025-12-01 11:19:04.000,Eastern|Koforidua,298.82,GHS,AGENT
ORMT-00005832,OR-C000252,3,SUCCESSFUL,2025-12-30 08:46:41.000,Eastern|Koforidua,227.9,GHS,WEB
ORMT-00005833,OR-C000252,3,SUCCESSFUL,2025-12-29 21:25:09.000,Eastern|Koforidua,772.76,GHS,AGENT
ORMT-00005834,OR-C000252,1,SUCCESSFUL,2025-12-11 15:09:10.000,Eastern|Koforidua,311.72,GHS,THIRD_PARTY
ORMT-00005835,OR-C000252,7,SUCCESSFUL,2025-12-28 16:25:28.000,Eastern|Koforidua,1843.59,GHS,MOBILE_APP
ORMT-00005836,OR-C000252,1,SUCCESSFUL,2025-12-10 20:47:36.000,Eastern|Koforidua,1339.82,GHS,WEB
ORMT-00005837,OR-C000252,2,SUCCESSFUL,2025-12-20 17:48:17.000,Eastern|Koforidua,517.39,GHS,AGENT
ORMT-00005838,OR-C000252,1,SUCCESSFUL,2025-12-01 17:43:47.000,Eastern|Koforidua,401.16,GHS,THIRD_PARTY
ORMT-00005879,OR-C000254,8,SUCCESSFUL,2025-10-30 09:43:41.000,Greater Accra|Accra,1248.27,GHS,AGENT
ORMT-00005880,OR-C000254,2,SUCCESSFUL,2025-11-08 13:33:21.000,Greater Accra|Accra,335.56,GHS,THIRD_PARTY
ORMT-00005881,OR-C000254,6,SUCCESSFUL,2025-11-22 15:44:52.000,Greater Accra|Accra,673.0,GHS,AGENT
ORMT-00005882,OR-C000254,1,SUCCESSFUL,2025-12-17 21:07:47.000,Greater Accra|Accra,985.93,GHS,MOBILE_APP
ORMT-00005883,OR-C000254,1,SUCCESSFUL,2025-12-03 19:16:59.000,Greater Accra|Accra,424.73,GHS,MOBILE_APP
ORMT-00005974,OR-C000255,3,SUCCESSFUL,2025-10-17 15:26:07.000,Ashanti|Obuasi,319.94,GHS,MOBILE_APP
ORMT-00005975,OR-C000255,5,SUCCESSFUL,2025-10-07 15:37:46.000,Ashanti|Obuasi,201.19,GHS,AGENT
ORMT-00005976,OR-C000255,4,SUCCESSFUL,2025-10-15 10:36:15.000,Ashanti|Obuasi,254.98,GHS,MOBILE_APP
ORMT-00005977,OR-C000255,4,SUCCESSFUL,2025-11-26 09:07:46.000,Ashanti|Obuasi,120.12,GHS,AGENT
ORMT-00005978,OR-C000255,2,SUCCESSFUL,2025-11-18 11:04:50.000,Ashanti|Obuasi,638.04,GHS,AGENT
ORMT-00005979,OR-C000255,4,SUCCESSFUL,2025-11-24 10:16:30.000,Ashanti|Obuasi,304.57,GHS,THIRD_PARTY
ORMT-00005980,OR-C000255,1,SUCCESSFUL,2025-11-21 07:22:59.000,Ashanti|Obuasi,378.01,GHS,AGENT
ORMT-00005981,OR-C000255,4,SUCCESSFUL,2025-12-27 20:15:03.000,Ashanti|Obuasi,352.81,GHS,AGENT
ORMT-00005982,OR-C000255,6,SUCCESSFUL,2025-12-10 10:17:55.000,Ashanti|Obuasi,1639.16,GHS,API
ORMT-00005983,OR-C000255,1,SUCCESSFUL,2025-12-27 17:22:21.000,Ashanti|Obuasi,974.12,GHS,API
ORMT-00005984,OR-C000255,4,SUCCESSFUL,2025-12-24 13:43:21.000,Ashanti|Obuasi,570.47,GHS,MOBILE_APP
ORMT-00005985,OR-C000255,5,SUCCESSFUL,2025-12-22 07:02:54.000,Ashanti|Obuasi,839.29,GHS,AGENT
ORMT-00005986,OR-C000255,4,SUCCESSFUL,2025-12-31 11:57:44.000,Ashanti|Obuasi,843.08,GHS,MOBILE_APP
ORMT-00005987,OR-C000255,4,SUCCESSFUL,2025-12-16 07:44:50.000,Ashanti|Obuasi,534.69,GHS,WEB
ORMT-00006013,OR-C000257,7,SUCCESSFUL,2025-10-22 09:36:16.000,Upper East|Navrongo,470.89,GHS,AGENT
ORMT-00006014,OR-C000257,1,SUCCESSFUL,2025-10-07 11:34:30.000,Upper East|Navrongo,265.39,GHS,MOBILE_APP
ORMT-00006015,OR-C000257,1,SUCCESSFUL,2025-10-18 18:48:08.000,Upper East|Navrongo,1093.11,GHS,AGENT
ORMT-00006016,OR-C000257,10,SUCCESSFUL,2025-11-04 11:17:52.000,Upper East|Navrongo,431.36,GHS,WEB
ORMT-00006017,OR-C000257,2,SUCCESSFUL,2025-11-18 16:08:12.000,Upper East|Navrongo,185.77,GHS,WEB
ORMT-00006018,OR-C000257,3,SUCCESSFUL,2025-12-03 20:38:29.000,Upper East|Navrongo,924.43,GHS,AGENT
ORMT-00006019,OR-C000257,2,SUCCESSFUL,2025-12-31 14:39:24.000,Upper East|Navrongo,342.95,GHS,MOBILE_APP
ORMT-00006031,OR-C000258,2,SUCCESSFUL,2025-10-03 07:45:40.000,Greater Accra|Tema,1202.16,GHS,THIRD_PARTY
ORMT-00006032,OR-C000258,6,SUCCESSFUL,2025-11-02 17:22:31.000,Greater Accra|Tema,552.85,GHS,API
ORMT-00006033,OR-C000258,1,SUCCESSFUL,2025-11-24 13:48:13.000,Greater Accra|Tema,804.55,GHS,AGENT
ORMT-00006034,OR-C000258,3,SUCCESSFUL,2025-12-15 21:38:20.000,Greater Accra|Tema,1090.29,GHS,API
ORMT-00006082,OR-C000259,7,REJECTED,2025-11-05 17:07:10.000,Ashanti|Obuasi,181.85,GHS,AGENT
ORMT-00006083,OR-C000259,1,SUCCESSFUL,2025-11-30 16:25:42.000,Ashanti|Obuasi,684.53,GHS,MOBILE_APP
ORMT-00006084,OR-C000259,5,SUCCESSFUL,2025-12-30 16:03:21.000,Ashanti|Obuasi,631.48,GHS,AGENT
ORMT-00006085,OR-C000259,2,SUCCESSFUL,2025-12-10 17:01:03.000,Ashanti|Obuasi,271.75,GHS,AGENT
ORMT-00006091,OR-C000260,6,SUCCESSFUL,2025-10-10 16:16:58.000,Ashanti|Kumasi,3952.27,GHS,THIRD_PARTY
ORMT-00006092,OR-C000260,9,SUCCESSFUL,2025-12-04 13:58:22.000,Ashanti|Kumasi,231.72,GHS,AGENT
ORMT-00006105,OR-C000261,3,SUCCESSFUL,2025-12-19 18:57:11.000,Eastern|Nkawkaw,1626.08,GHS,MOBILE_APP
ORMT-00006231,OR-C000262,7,SUCCESSFUL,2025-10-26 11:55:49.000,Upper West|Wa,1304.17,GHS,AGENT
ORMT-00006232,OR-C000262,10,SUCCESSFUL,2025-10-10 16:01:54.000,Upper West|Wa,1653.93,GHS,THIRD_PARTY
ORMT-00006233,OR-C000262,1,SUCCESSFUL,2025-10-21 18:42:41.000,Upper West|Wa,2425.76,GHS,AGENT
ORMT-00006234,OR-C000262,8,FAILED,2025-10-26 14:24:04.000,Upper West|Wa,2701.61,GHS,AGENT
ORMT-00006235,OR-C000262,1,SUCCESSFUL,2025-11-20 16:31:31.000,Upper West|Wa,252.8,GHS,AGENT
ORMT-00006236,OR-C000262,7,SUCCESSFUL,2025-11-05 20:37:00.000,Upper West|Wa,558.66,GHS,MOBILE_APP
ORMT-00006237,OR-C000262,10,SUCCESSFUL,2025-11-11 18:10:48.000,Upper West|Wa,524.66,GHS,MOBILE_APP
ORMT-00006238,OR-C000262,7,SUCCESSFUL,2025-11-07 15:01:17.000,Upper West|Wa,310.12,GHS,AGENT
ORMT-00006239,OR-C000262,1,SUCCESSFUL,2025-11-17 21:49:50.000,Upper West|Wa,673.23,GHS,API
ORMT-00006240,OR-C000262,10,SUCCESSFUL,2025-11-12 17:46:34.000,Upper West|Wa,477.99,GHS,API
ORMT-00006241,OR-C000262,4,SUCCESSFUL,2025-11-18 19:13:39.000,Upper West|Wa,173.36,GHS,AGENT
ORMT-00006242,OR-C000262,1,SUCCESSFUL,2025-11-03 08:33:53.000,Upper West|Wa,447.45,GHS,AGENT
ORMT-00006243,OR-C000262,1,SUCCESSFUL,2025-11-15 09:53:12.000,Upper West|Wa,6525.57,GHS,MOBILE_APP
ORMT-00006244,OR-C000262,2,SUCCESSFUL,2025-12-30 11:05:53.000,Upper West|Wa,1475.4,GHS,AGENT
ORMT-00006245,OR-C000262,1,SUCCESSFUL,2025-12-08 07:36:40.000,Upper West|Wa,319.2,GHS,AGENT
ORMT-00006281,OR-C000263,10,SUCCESSFUL,2025-10-08 11:49:46.000,Ashanti|Ejisu,252.38,GHS,MOBILE_APP
ORMT-00006282,OR-C000263,2,SUCCESSFUL,2025-11-16 14:30:22.000,Ashanti|Ejisu,401.04,GHS,AGENT
ORMT-00006283,OR-C000263,1,SUCCESSFUL,2025-11-02 17:21:49.000,Ashanti|Ejisu,806.13,GHS,AGENT
ORMT-00006304,OR-C000264,3,SUCCESSFUL,2025-10-27 16:33:24.000,Greater Accra|Kasoa,1093.38,GHS,AGENT
ORMT-00006305,OR-C000264,1,SUCCESSFUL,2025-11-16 20:29:06.000,Greater Accra|Kasoa,2133.32,GHS,AGENT
ORMT-00006306,OR-C000264,8,SUCCESSFUL,2025-12-28 17:11:18.000,Greater Accra|Kasoa,465.43,GHS,AGENT
ORMT-00006307,OR-C000264,6,SUCCESSFUL,2025-12-22 10:50:51.000,Greater Accra|Kasoa,825.79,GHS,AGENT
ORMT-00006340,OR-C000265,5,SUCCESSFUL,2025-10-30 09:43:21.000,Greater Accra|Madina,900.8,GHS,MOBILE_APP
ORMT-00006341,OR-C000265,4,SUCCESSFUL,2025-10-15 08:23:14.000,Greater Accra|Madina,280.97,GHS,THIRD_PARTY
ORMT-00006342,OR-C000265,7,SUCCESSFUL,2025-10-07 20:28:43.000,Greater Accra|Madina,458.96,GHS,THIRD_PARTY
ORMT-00006343,OR-C000265,2,SUCCESSFUL,2025-10-27 09:49:36.000,Greater Accra|Madina,3026.4,GHS,AGENT
ORMT-00006344,OR-C000265,1,SUCCESSFUL,2025-12-17 07:38:11.000,Greater Accra|Madina,401.04,GHS,THIRD_PARTY
ORMT-00006345,OR-C000265,4,SUCCESSFUL,2025-12-31 07:50:09.000,Greater Accra|Madina,423.24,GHS,AGENT
ORMT-00006346,OR-C000265,5,SUCCESSFUL,2025-12-06 14:47:52.000,Greater Accra|Madina,191.14,GHS,MOBILE_APP
ORMT-00006347,OR-C000265,3,SUCCESSFUL,2025-12-28 20:52:18.000,Greater Accra|Madina,272.52,GHS,MOBILE_APP
ORMT-00006348,OR-C000265,2,SUCCESSFUL,2025-12-16 10:21:08.000,Greater Accra|Madina,2734.3,GHS,API
ORMT-00006360,OR-C000266,5,SUCCESSFUL,2025-10-01 08:11:28.000,Ashanti|Kumasi,871.05,GHS,WEB
ORMT-00006361,OR-C000266,4,SUCCESSFUL,2025-11-28 18:03:31.000,Ashanti|Kumasi,124.94,GHS,API
ORMT-00006362,OR-C000266,10,SUCCESSFUL,2025-11-21 14:01:50.000,Ashanti|Kumasi,487.73,GHS,AGENT
ORMT-00006363,OR-C000266,3,SUCCESSFUL,2025-12-25 20:56:21.000,Ashanti|Kumasi,523.51,GHS,AGENT
ORMT-00006402,OR-C000267,2,SUCCESSFUL,2025-10-17 11:26:41.000,Bono East|Kintampo,1246.2,GHS,AGENT
ORMT-00006403,OR-C000267,1,SUCCESSFUL,2025-10-24 07:41:50.000,Bono East|Kintampo,2144.21,GHS,AGENT
ORMT-00006404,OR-C000267,3,SUCCESSFUL,2025-10-28 10:45:28.000,Bono East|Kintampo,1061.46,GHS,WEB
ORMT-00006405,OR-C000267,4,SUCCESSFUL,2025-11-01 10:42:56.000,Bono East|Kintampo,1537.29,GHS,AGENT
ORMT-00006406,OR-C000267,3,SUCCESSFUL,2025-12-24 10:11:17.000,Bono East|Kintampo,1409.98,GHS,WEB
ORMT-00006407,OR-C000267,6,FAILED,2025-12-02 18:55:36.000,Bono East|Kintampo,1419.06,GHS,AGENT
ORMT-00006408,OR-C000267,6,SUCCESSFUL,2025-12-11 17:10:45.000,Bono East|Kintampo,867.35,GHS,AGENT
ORMT-00006411,OR-C000268,3,SUCCESSFUL,2025-12-07 09:38:37.000,Eastern|Akropong,585.08,GHS,MOBILE_APP
ORMT-00006418,OR-C000269,2,SUCCESSFUL,2025-11-10 19:29:34.000,Oti|Jasikan,3247.18,GHS,AGENT
ORMT-00006430,OR-C000270,3,SUCCESSFUL,2025-10-21 17:14:25.000,Ahafo|Goaso,89.26,GHS,API
ORMT-00006431,OR-C000270,1,SUCCESSFUL,2025-11-29 17:56:54.000,Ahafo|Goaso,50,GHS,MOBILE_APP
ORMT-00006432,OR-C000270,1,SUCCESSFUL,2025-11-01 20:52:11.000,Ahafo|Goaso,332.23,GHS,MOBILE_APP
ORMT-00006433,OR-C000270,8,SUCCESSFUL,2025-11-14 09:42:10.000,Ahafo|Goaso,782.09,GHS,MOBILE_APP
ORMT-00006457,OR-C000271,7,SUCCESSFUL,2025-11-15 20:22:22.000,Greater Accra|Kasoa,911.88,GHS,THIRD_PARTY
ORMT-00006458,OR-C000271,5,SUCCESSFUL,2025-12-28 08:33:12.000,Greater Accra|Kasoa,245.82,GHS,MOBILE_APP
ORMT-00006459,OR-C000271,9,SUCCESSFUL,2025-12-11 16:04:27.000,Greater Accra|Kasoa,651.66,GHS,WEB
ORMT-00006460,OR-C000271,1,SUCCESSFUL,2025-12-16 20:32:51.000,Greater Accra|Kasoa,1090.37,GHS,MOBILE_APP
ORMT-00006492,OR-C000272,1,SUCCESSFUL,2025-10-27 11:36:26.000,Ashanti|Ejisu,1040.81,GHS,API
ORMT-00006493,OR-C000272,4,SUCCESSFUL,2025-11-27 20:27:23.000,Ashanti|Ejisu,1192.93,GHS,AGENT
ORMT-00006494,OR-C000272,1,SUCCESSFUL,2025-12-28 16:54:10.000,Ashanti|Ejisu,320.7,GHS,WEB
ORMT-00006511,OR-C000273,1,SUCCESSFUL,2025-10-14 21:49:32.000,Bono|Berekum,1586.89,GHS,MOBILE_APP
ORMT-00006512,OR-C000273,9,SUCCESSFUL,2025-11-29 09:40:11.000,Bono|Berekum,3475.6,GHS,THIRD_PARTY
ORMT-00006519,OR-C000274,8,SUCCESSFUL,2025-10-07 20:52:22.000,Western|Tarkwa,347.18,GHS,WEB
ORMT-00006520,OR-C000274,2,SUCCESSFUL,2025-11-03 10:48:40.000,Western|Tarkwa,399.98,GHS,THIRD_PARTY
ORMT-00006521,OR-C000274,4,SUCCESSFUL,2025-11-18 21:49:37.000,Western|Tarkwa,614.42,GHS,AGENT
ORMT-00006522,OR-C000274,1,SUCCESSFUL,2025-11-28 09:15:21.000,Western|Tarkwa,2084.4,GHS,THIRD_PARTY
ORMT-00006540,OR-C000276,1,SUCCESSFUL,2025-11-05 19:07:32.000,Central|Winneba,544.61,GHS,AGENT
ORMT-00006541,OR-C000276,6,SUCCESSFUL,2025-11-12 17:19:08.000,Central|Winneba,313.7,GHS,AGENT
ORMT-00006542,OR-C000276,3,SUCCESSFUL,2025-11-06 09:34:26.000,Central|Winneba,417.5,GHS,WEB
ORMT-00006543,OR-C000276,2,SUCCESSFUL,2025-12-21 20:08:46.000,Central|Winneba,256.42,GHS,MOBILE_APP
ORMT-00006549,OR-C000277,1,SUCCESSFUL,2025-11-20 21:38:13.000,Ashanti|Kumasi,207.54,GHS,API
ORMT-00006560,OR-C000278,3,SUCCESSFUL,2025-12-26 13:41:06.000,Ashanti|Ejisu,2273.02,GHS,MOBILE_APP
ORMT-00006610,OR-C000279,8,SUCCESSFUL,2025-10-22 15:55:46.000,Greater Accra|Madina,72.25,GHS,THIRD_PARTY
ORMT-00006611,OR-C000279,9,SUCCESSFUL,2025-10-12 11:48:41.000,Greater Accra|Madina,272.3,GHS,AGENT
ORMT-00006612,OR-C000279,10,SUCCESSFUL,2025-11-24 21:51:06.000,Greater Accra|Madina,2556.34,GHS,AGENT
ORMT-00006613,OR-C000279,2,SUCCESSFUL,2025-11-12 11:42:39.000,Greater Accra|Madina,297.64,GHS,WEB
ORMT-00006614,OR-C000279,2,SUCCESSFUL,2025-11-21 11:17:30.000,Greater Accra|Madina,361.97,GHS,API
ORMT-00006615,OR-C000279,1,SUCCESSFUL,2025-12-14 10:53:46.000,Greater Accra|Madina,333.48,GHS,THIRD_PARTY
ORMT-00006616,OR-C000279,1,SUCCESSFUL,2025-12-02 18:48:00.000,Greater Accra|Madina,348.09,GHS,AGENT
ORMT-00006629,OR-C000281,1,SUCCESSFUL,2025-10-23 16:28:20.000,Northern|Yendi,1092.95,GHS,AGENT
ORMT-00006636,OR-C000282,5,SUCCESSFUL,2025-10-02 19:25:16.000,Oti|Jasikan,2256.61,GHS,THIRD_PARTY
ORMT-00006759,OR-C000284,3,SUCCESSFUL,2025-10-06 12:22:12.000,Greater Accra|Kasoa,915.12,GHS,THIRD_PARTY
ORMT-00006760,OR-C000284,3,SUCCESSFUL,2025-11-22 17:52:19.000,Greater Accra|Kasoa,1252.36,GHS,API
ORMT-00006761,OR-C000284,4,SUCCESSFUL,2025-11-27 10:14:29.000,Greater Accra|Kasoa,429.66,GHS,AGENT
ORMT-00006762,OR-C000284,4,SUCCESSFUL,2025-11-29 18:15:41.000,Greater Accra|Kasoa,93.16,GHS,AGENT
ORMT-00006763,OR-C000284,10,SUCCESSFUL,2025-11-07 18:23:57.000,Greater Accra|Kasoa,669.3,GHS,API
ORMT-00006764,OR-C000284,5,SUCCESSFUL,2025-11-17 14:15:16.000,Greater Accra|Kasoa,810.04,GHS,AGENT
ORMT-00006765,OR-C000284,6,SUCCESSFUL,2025-11-01 21:28:19.000,Greater Accra|Kasoa,93.78,GHS,MOBILE_APP
ORMT-00006766,OR-C000284,1,SUCCESSFUL,2025-11-28 12:31:17.000,Greater Accra|Kasoa,574.8,GHS,MOBILE_APP
ORMT-00006767,OR-C000284,1,SUCCESSFUL,2025-12-22 07:54:22.000,Greater Accra|Kasoa,418.63,GHS,THIRD_PARTY
ORMT-00006768,OR-C000284,1,SUCCESSFUL,2025-12-26 14:21:34.000,Greater Accra|Kasoa,221.23,GHS,MOBILE_APP
ORMT-00006769,OR-C000284,6,SUCCESSFUL,2025-12-31 09:34:31.000,Greater Accra|Kasoa,2302.37,GHS,AGENT
ORMT-00006770,OR-C000284,1,SUCCESSFUL,2025-12-04 08:31:25.000,Greater Accra|Kasoa,121.42,GHS,MOBILE_APP
ORMT-00006771,OR-C000285,1,SUCCESSFUL,2025-12-01 11:11:14.000,Ahafo|Duayaw Nkwanta,684.91,GHS,AGENT
ORMT-00006810,OR-C000288,6,SUCCESSFUL,2025-11-03 14:16:58.000,Ashanti|Ejisu,364.93,GHS,AGENT
ORMT-00006838,OR-C000289,7,SUCCESSFUL,2025-10-06 07:13:16.000,Bono|Berekum,1211.06,GHS,API
ORMT-00006839,OR-C000289,3,SUCCESSFUL,2025-10-18 14:01:44.000,Bono|Berekum,865.46,GHS,AGENT
ORMT-00006840,OR-C000289,2,SUCCESSFUL,2025-10-30 16:27:52.000,Bono|Berekum,808.26,GHS,AGENT
ORMT-00006841,OR-C000289,6,SUCCESSFUL,2025-10-26 14:20:51.000,Bono|Berekum,964.32,GHS,WEB
ORMT-00006842,OR-C000289,1,SUCCESSFUL,2025-10-09 20:19:12.000,Bono|Berekum,1350.66,GHS,THIRD_PARTY
ORMT-00006843,OR-C000289,1,SUCCESSFUL,2025-11-12 12:12:30.000,Bono|Berekum,6666.18,GHS,MOBILE_APP
ORMT-00006844,OR-C000289,6,SUCCESSFUL,2025-12-01 10:23:09.000,Bono|Berekum,978.26,GHS,AGENT
ORMT-00006845,OR-C000289,10,SUCCESSFUL,2025-12-12 07:32:36.000,Bono|Berekum,320.88,GHS,AGENT
ORMT-00006846,OR-C000289,7,SUCCESSFUL,2025-12-12 16:31:14.000,Bono|Berekum,1241.78,GHS,THIRD_PARTY
ORMT-00006867,OR-C000290,2,SUCCESSFUL,2025-12-12 19:26:00.000,Central|Elmina,958.71,GHS,AGENT
ORMT-00006882,OR-C000291,5,SUCCESSFUL,2025-10-30 18:25:14.000,Volta|Hohoe,343.33,GHS,MOBILE_APP
ORMT-00006883,OR-C000291,4,SUCCESSFUL,2025-11-02 08:50:07.000,Volta|Hohoe,493.71,GHS,API
ORMT-00006898,OR-C000292,1,SUCCESSFUL,2025-10-19 10:34:14.000,Ashanti|Ejisu,1219.12,GHS,THIRD_PARTY
ORMT-00006899,OR-C000292,4,SUCCESSFUL,2025-10-14 12:10:57.000,Ashanti|Ejisu,565.07,GHS,AGENT
ORMT-00006900,OR-C000292,2,SUCCESSFUL,2025-12-07 08:47:03.000,Ashanti|Ejisu,308.91,GHS,MOBILE_APP
ORMT-00006921,OR-C000293,7,SUCCESSFUL,2025-10-28 20:08:48.000,Greater Accra|Kasoa,211.55,GHS,AGENT
ORMT-00006922,OR-C000293,1,SUCCESSFUL,2025-11-26 17:52:16.000,Greater Accra|Kasoa,248.96,GHS,AGENT
ORMT-00006923,OR-C000293,3,SUCCESSFUL,2025-11-07 16:33:59.000,Greater Accra|Kasoa,757.37,GHS,AGENT
ORMT-00006924,OR-C000293,3,SUCCESSFUL,2025-11-04 21:53:37.000,Greater Accra|Kasoa,468.12,GHS,AGENT
ORMT-00006925,OR-C000293,1,SUCCESSFUL,2025-12-04 11:29:45.000,Greater Accra|Kasoa,473.78,GHS,AGENT
ORMT-00006926,OR-C000293,2,SUCCESSFUL,2025-12-19 20:59:34.000,Greater Accra|Kasoa,942.51,GHS,API
ORMT-00006927,OR-C000293,2,SUCCESSFUL,2025-12-02 17:57:36.000,Greater Accra|Kasoa,844.04,GHS,MOBILE_APP
ORMT-00006928,OR-C000293,6,SUCCESSFUL,2025-12-01 08:57:52.000,Greater Accra|Kasoa,1066.66,GHS,WEB
ORMT-00006941,OR-C000294,10,SUCCESSFUL,2025-10-25 12:49:05.000,Eastern|Koforidua,1566.57,GHS,API
ORMT-00006942,OR-C000294,5,SUCCESSFUL,2025-11-22 21:40:59.000,Eastern|Koforidua,350.91,GHS,THIRD_PARTY
ORMT-00006947,OR-C000296,7,SUCCESSFUL,2025-12-07 19:37:13.000,Ashanti|Obuasi,251.71,GHS,API
ORMT-00006948,OR-C000296,3,SUCCESSFUL,2025-12-07 19:12:07.000,Ashanti|Obuasi,1175.79,GHS,THIRD_PARTY
ORMT-00006953,OR-C000297,2,SUCCESSFUL,2025-12-02 15:55:28.000,Central|Winneba,507.75,GHS,THIRD_PARTY
ORMT-00006993,OR-C000298,2,SUCCESSFUL,2025-10-16 11:40:30.000,Central|Cape Coast,5513.88,GHS,AGENT
ORMT-00006994,OR-C000298,1,SUCCESSFUL,2025-10-01 12:45:53.000,Central|Cape Coast,1404.17,GHS,AGENT
ORMT-00006995,OR-C000298,1,REJECTED,2025-10-16 08:38:29.000,Central|Cape Coast,672.68,GHS,MOBILE_APP
ORMT-00006996,OR-C000298,3,SUCCESSFUL,2025-10-01 07:08:12.000,Central|Cape Coast,153.31,GHS,API
ORMT-00006997,OR-C000298,8,SUCCESSFUL,2025-10-02 20:09:22.000,Central|Cape Coast,170.85,GHS,AGENT
ORMT-00006998,OR-C000298,4,SUCCESSFUL,2025-10-05 09:00:21.000,Central|Cape Coast,814.63,GHS,WEB
ORMT-00006999,OR-C000298,1,SUCCESSFUL,2025-11-05 16:32:18.000,Central|Cape Coast,1144.24,GHS,AGENT
ORMT-00007000,OR-C000298,6,SUCCESSFUL,2025-11-05 11:22:13.000,Central|Cape Coast,396.76,GHS,AGENT
ORMT-00007001,OR-C000298,2,SUCCESSFUL,2025-11-20 16:39:37.000,Central|Cape Coast,97.82,GHS,API
ORMT-00007002,OR-C000298,6,SUCCESSFUL,2025-12-24 17:50:53.000,Central|Cape Coast,412.81,GHS,MOBILE_APP
ORMT-00007003,OR-C000298,2,SUCCESSFUL,2025-12-08 10:59:11.000,Central|Cape Coast,2380.93,GHS,AGENT
ORMT-00007004,OR-C000298,4,SUCCESSFUL,2025-12-02 13:28:32.000,Central|Cape Coast,293.31,GHS,THIRD_PARTY
ORMT-00007005,OR-C000298,4,SUCCESSFUL,2025-12-16 10:05:47.000,Central|Cape Coast,1758.79,GHS,MOBILE_APP
ORMT-00007006,OR-C000298,3,SUCCESSFUL,2025-12-04 18:00:49.000,Central|Cape Coast,648.23,GHS,AGENT
ORMT-00007102,OR-C000299,10,SUCCESSFUL,2025-10-08 17:27:48.000,Greater Accra|Kasoa,2357.39,GHS,AGENT
ORMT-00007103,OR-C000299,4,SUCCESSFUL,2025-10-16 11:50:03.000,Greater Accra|Kasoa,407.88,GHS,MOBILE_APP
ORMT-00007104,OR-C000299,5,FAILED,2025-10-23 07:25:02.000,Greater Accra|Kasoa,464.13,GHS,AGENT
ORMT-00007105,OR-C000299,1,SUCCESSFUL,2025-10-10 13:27:38.000,Greater Accra|Kasoa,722.16,GHS,AGENT
ORMT-00007106,OR-C000299,2,SUCCESSFUL,2025-10-18 19:53:18.000,Greater Accra|Kasoa,978.01,GHS,API
ORMT-00007107,OR-C000299,1,SUCCESSFUL,2025-11-12 18:38:55.000,Greater Accra|Kasoa,251.56,GHS,API
ORMT-00007108,OR-C000299,1,SUCCESSFUL,2025-11-05 08:15:00.000,Greater Accra|Kasoa,461.79,GHS,AGENT
ORMT-00007109,OR-C000299,1,SUCCESSFUL,2025-11-02 18:52:18.000,Greater Accra|Kasoa,330.83,GHS,MOBILE_APP
ORMT-00007110,OR-C000299,1,SUCCESSFUL,2025-12-20 10:38:42.000,Greater Accra|Kasoa,863.43,GHS,AGENT
ORMT-00007111,OR-C000299,5,SUCCESSFUL,2025-12-24 14:25:25.000,Greater Accra|Kasoa,253.67,GHS,MOBILE_APP
ORMT-00007112,OR-C000299,10,SUCCESSFUL,2025-12-25 08:30:20.000,Greater Accra|Kasoa,866.45,GHS,MOBILE_APP
ORMT-00007113,OR-C000299,2,SUCCESSFUL,2025-12-28 20:45:51.000,Greater Accra|Kasoa,139.45,GHS,WEB
ORMT-00007114,OR-C000299,2,SUCCESSFUL,2025-12-30 17:05:26.000,Greater Accra|Kasoa,610.17,GHS,AGENT
ORMT-00007115,OR-C000299,1,SUCCESSFUL,2025-12-13 21:52:32.000,Greater Accra|Kasoa,1219.35,GHS,WEB
ORMT-00007116,OR-C000299,6,SUCCESSFUL,2025-12-13 07:19:59.000,Greater Accra|Kasoa,231.3,GHS,THIRD_PARTY
ORMT-00007147,OR-C000300,6,SUCCESSFUL,2025-12-02 12:10:46.000,Greater Accra|Kasoa,1467.23,GHS,THIRD_PARTY
ORMT-00007151,OR-C000301,1,SUCCESSFUL,2025-10-28 09:12:40.000,Oti|Dambai,1329.09,GHS,API
ORMT-00007160,OR-C000302,7,FAILED,2025-11-27 11:40:30.000,Ashanti|Kumasi,2126.96,GHS,AGENT
ORMT-00007211,OR-C000303,2,SUCCESSFUL,2025-10-04 19:18:00.000,Eastern|Akropong,1486.23,GHS,AGENT
ORMT-00007212,OR-C000303,3,SUCCESSFUL,2025-10-15 08:09:10.000,Eastern|Akropong,489.42,GHS,MOBILE_APP
ORMT-00007213,OR-C000303,1,SUCCESSFUL,2025-10-17 17:50:29.000,Eastern|Akropong,204.07,GHS,AGENT
ORMT-00007214,OR-C000303,1,SUCCESSFUL,2025-10-30 10:57:07.000,Eastern|Akropong,964.8,GHS,THIRD_PARTY
ORMT-00007215,OR-C000303,8,SUCCESSFUL,2025-11-29 19:51:53.000,Eastern|Akropong,1230.82,GHS,AGENT
ORMT-00007216,OR-C000303,8,SUCCESSFUL,2025-12-15 13:55:40.000,Eastern|Akropong,1809.98,GHS,MOBILE_APP
ORMT-00007233,OR-C000304,4,SUCCESSFUL,2025-10-24 21:39:48.000,Greater Accra|Accra,170.44,GHS,AGENT
ORMT-00007234,OR-C000304,1,SUCCESSFUL,2025-11-02 16:46:15.000,Greater Accra|Accra,354.59,GHS,AGENT
ORMT-00007235,OR-C000304,2,FAILED,2025-11-24 21:06:39.000,Greater Accra|Accra,463.58,GHS,AGENT
ORMT-00007236,OR-C000304,1,SUCCESSFUL,2025-12-18 07:13:10.000,Greater Accra|Accra,1207.3,GHS,MOBILE_APP
ORMT-00007246,OR-C000305,4,SUCCESSFUL,2025-10-08 13:03:31.000,Ahafo|Goaso,1330.64,GHS,THIRD_PARTY
ORMT-00007247,OR-C000305,7,FAILED,2025-10-09 21:16:16.000,Ahafo|Goaso,2462.65,GHS,THIRD_PARTY
ORMT-00007248,OR-C000305,2,SUCCESSFUL,2025-12-28 17:59:33.000,Ahafo|Goaso,895.29,GHS,AGENT
ORMT-00007249,OR-C000305,1,SUCCESSFUL,2025-12-04 09:48:33.000,Ahafo|Goaso,976.38,GHS,MOBILE_APP
ORMT-00007270,OR-C000306,1,SUCCESSFUL,2025-10-02 09:20:41.000,Northern|Savelugu,349.33,GHS,WEB
ORMT-00007271,OR-C000306,2,SUCCESSFUL,2025-10-09 11:22:47.000,Northern|Savelugu,764.62,GHS,AGENT
ORMT-00007272,OR-C000306,1,SUCCESSFUL,2025-12-20 07:15:42.000,Northern|Savelugu,583.2,GHS,AGENT
ORMT-00007273,OR-C000306,2,SUCCESSFUL,2025-12-16 19:45:06.000,Northern|Savelugu,4964.24,GHS,AGENT
ORMT-00007290,OR-C000307,3,FAILED,2025-10-09 18:53:11.000,Northern|Tamale,640.27,GHS,WEB
ORMT-00007291,OR-C000307,3,SUCCESSFUL,2025-11-18 15:34:14.000,Northern|Tamale,445.89,GHS,THIRD_PARTY
ORMT-00007292,OR-C000307,1,SUCCESSFUL,2025-11-02 19:01:45.000,Northern|Tamale,833.55,GHS,AGENT
ORMT-00007293,OR-C000307,5,SUCCESSFUL,2025-12-06 18:48:51.000,Northern|Tamale,624.03,GHS,AGENT
ORMT-00007294,OR-C000307,10,SUCCESSFUL,2025-12-03 16:07:12.000,Northern|Tamale,191.74,GHS,AGENT
ORMT-00007295,OR-C000307,8,SUCCESSFUL,2025-12-27 08:51:20.000,Northern|Tamale,410.94,GHS,AGENT
ORMT-00007307,OR-C000308,5,FAILED,2025-11-13 10:30:33.000,Greater Accra|Kasoa,844.82,GHS,AGENT
ORMT-00007308,OR-C000308,1,SUCCESSFUL,2025-11-11 15:24:26.000,Greater Accra|Kasoa,1050.91,GHS,AGENT
ORMT-00007309,OR-C000308,1,SUCCESSFUL,2025-11-18 14:35:31.000,Greater Accra|Kasoa,3660.25,GHS,AGENT
ORMT-00007310,OR-C000308,1,SUCCESSFUL,2025-12-15 10:47:05.000,Greater Accra|Kasoa,463.51,GHS,MOBILE_APP
ORMT-00007325,OR-C000309,1,SUCCESSFUL,2025-11-08 19:53:10.000,Ashanti|Obuasi,408.82,GHS,AGENT
ORMT-00007326,OR-C000309,1,SUCCESSFUL,2025-12-29 16:48:24.000,Ashanti|Obuasi,462.85,GHS,AGENT
ORMT-00007327,OR-C000309,2,SUCCESSFUL,2025-12-23 16:52:02.000,Ashanti|Obuasi,795.96,GHS,WEB
ORMT-00007340,OR-C000310,1,SUCCESSFUL,2025-10-28 12:06:47.000,Western|Tarkwa,344.87,GHS,MOBILE_APP
ORMT-00007341,OR-C000310,9,SUCCESSFUL,2025-10-26 17:19:50.000,Western|Tarkwa,336.44,GHS,MOBILE_APP
ORMT-00007342,OR-C000310,1,SUCCESSFUL,2025-12-12 12:41:43.000,Western|Tarkwa,558.12,GHS,MOBILE_APP
ORMT-00007343,OR-C000310,3,SUCCESSFUL,2025-12-13 12:51:07.000,Western|Tarkwa,1914.1,GHS,AGENT
ORMT-00007356,OR-C000311,1,SUCCESSFUL,2025-10-05 11:58:47.000,Greater Accra|Madina,733.38,GHS,THIRD_PARTY
ORMT-00007357,OR-C000311,1,FAILED,2025-10-30 14:17:32.000,Greater Accra|Madina,928.39,GHS,THIRD_PARTY
ORMT-00007362,OR-C000312,2,SUCCESSFUL,2025-11-09 19:31:15.000,Bono East|Techiman,216.9,GHS,MOBILE_APP
ORMT-00007363,OR-C000312,1,SUCCESSFUL,2025-11-28 09:04:16.000,Bono East|Techiman,1070.14,GHS,AGENT
ORMT-00007367,OR-C000313,1,SUCCESSFUL,2025-12-25 07:46:05.000,Greater Accra|Madina,845.29,GHS,AGENT
ORMT-00007368,OR-C000313,1,SUCCESSFUL,2025-12-14 09:38:18.000,Greater Accra|Madina,208.7,GHS,AGENT
ORMT-00007378,OR-C000314,4,FAILED,2025-11-29 10:07:44.000,Oti|Dambai,516.87,GHS,AGENT
ORMT-00007386,OR-C000316,2,SUCCESSFUL,2025-10-07 19:12:20.000,Northern|Savelugu,398.66,GHS,THIRD_PARTY
ORMT-00007387,OR-C000316,7,SUCCESSFUL,2025-10-24 10:27:25.000,Northern|Savelugu,1369.21,GHS,AGENT
ORMT-00007395,OR-C000317,3,SUCCESSFUL,2025-12-12 17:05:16.000,Central|Cape Coast,1126.86,GHS,MOBILE_APP
ORMT-00007403,OR-C000318,4,SUCCESSFUL,2025-12-12 12:50:05.000,Eastern|Akropong,528.55,GHS,MOBILE_APP
ORMT-00007427,OR-C000319,10,SUCCESSFUL,2025-10-25 10:09:31.000,Volta|Hohoe,205.76,GHS,THIRD_PARTY
ORMT-00007428,OR-C000319,2,SUCCESSFUL,2025-10-17 19:12:56.000,Volta|Hohoe,3762.36,GHS,MOBILE_APP
ORMT-00007429,OR-C000319,7,SUCCESSFUL,2025-11-20 07:30:16.000,Volta|Hohoe,736.82,GHS,MOBILE_APP
ORMT-00007430,OR-C000319,1,SUCCESSFUL,2025-11-24 10:16:22.000,Volta|Hohoe,479.55,GHS,WEB
ORMT-00007431,OR-C000319,1,SUCCESSFUL,2025-11-20 20:32:47.000,Volta|Hohoe,830.58,GHS,AGENT
ORMT-00007432,OR-C000319,1,SUCCESSFUL,2025-12-18 11:43:59.000,Volta|Hohoe,539.4,GHS,AGENT
ORMT-00007433,OR-C000319,1,SUCCESSFUL,2025-12-24 19:43:04.000,Volta|Hohoe,3776.39,GHS,AGENT
ORMT-00007434,OR-C000319,1,SUCCESSFUL,2025-12-27 15:56:01.000,Volta|Hohoe,1181.01,GHS,AGENT
ORMT-00007435,OR-C000319,2,SUCCESSFUL,2025-12-13 12:06:26.000,Volta|Hohoe,472.48,GHS,AGENT
ORMT-00007436,OR-C000319,7,SUCCESSFUL,2025-12-14 07:25:11.000,Volta|Hohoe,783.98,GHS,API
ORMT-00007437,OR-C000319,1,SUCCESSFUL,2025-12-13 07:14:47.000,Volta|Hohoe,733.65,GHS,AGENT
ORMT-00007438,OR-C000319,3,SUCCESSFUL,2025-12-30 19:54:51.000,Volta|Hohoe,3246.74,GHS,AGENT
ORMT-00007439,OR-C000319,1,SUCCESSFUL,2025-12-28 16:33:40.000,Volta|Hohoe,857.96,GHS,WEB
ORMT-00007440,OR-C000319,2,SUCCESSFUL,2025-12-07 17:25:57.000,Volta|Hohoe,1227.36,GHS,API
ORMT-00007546,OR-C000320,3,SUCCESSFUL,2025-10-29 17:19:50.000,Eastern|Akropong,1606.64,GHS,AGENT
ORMT-00007547,OR-C000320,5,SUCCESSFUL,2025-10-30 14:22:01.000,Eastern|Akropong,415.33,GHS,API
ORMT-00007548,OR-C000320,1,SUCCESSFUL,2025-10-26 08:40:24.000,Eastern|Akropong,486.82,GHS,API
ORMT-00007549,OR-C000320,4,SUCCESSFUL,2025-10-26 09:27:51.000,Eastern|Akropong,207.62,GHS,MOBILE_APP
ORMT-00007550,OR-C000320,1,SUCCESSFUL,2025-10-19 19:09:41.000,Eastern|Akropong,583.38,GHS,AGENT
ORMT-00007551,OR-C000320,4,SUCCESSFUL,2025-11-18 14:06:54.000,Eastern|Akropong,827.15,GHS,API
ORMT-00007552,OR-C000320,7,SUCCESSFUL,2025-11-14 18:06:08.000,Eastern|Akropong,81.5,GHS,AGENT
ORMT-00007553,OR-C000320,5,SUCCESSFUL,2025-11-02 09:42:18.000,Eastern|Akropong,309.7,GHS,MOBILE_APP
ORMT-00007554,OR-C000320,7,SUCCESSFUL,2025-11-26 15:32:31.000,Eastern|Akropong,1092.79,GHS,AGENT
ORMT-00007555,OR-C000320,2,SUCCESSFUL,2025-12-12 09:57:28.000,Eastern|Akropong,710.91,GHS,AGENT
ORMT-00007556,OR-C000320,1,SUCCESSFUL,2025-12-25 19:47:19.000,Eastern|Akropong,960.1,GHS,API
ORMT-00007557,OR-C000320,4,SUCCESSFUL,2025-12-04 14:28:04.000,Eastern|Akropong,641.94,GHS,WEB
ORMT-00007558,OR-C000320,4,SUCCESSFUL,2025-12-20 11:22:16.000,Eastern|Akropong,429.45,GHS,THIRD_PARTY
ORMT-00007559,OR-C000320,3,SUCCESSFUL,2025-12-26 17:42:49.000,Eastern|Akropong,129.06,GHS,AGENT
ORMT-00007560,OR-C000320,1,SUCCESSFUL,2025-12-27 10:28:11.000,Eastern|Akropong,248.03,GHS,MOBILE_APP
ORMT-00007615,OR-C000321,7,SUCCESSFUL,2025-10-22 18:48:25.000,Ahafo|Goaso,239.93,GHS,AGENT
ORMT-00007616,OR-C000321,1,SUCCESSFUL,2025-10-13 21:45:03.000,Ahafo|Goaso,479.54,GHS,AGENT
ORMT-00007617,OR-C000321,1,SUCCESSFUL,2025-10-28 19:57:19.000,Ahafo|Goaso,280.29,GHS,MOBILE_APP
ORMT-00007618,OR-C000321,2,SUCCESSFUL,2025-10-06 08:26:29.000,Ahafo|Goaso,874.19,GHS,MOBILE_APP
ORMT-00007619,OR-C000321,4,SUCCESSFUL,2025-12-26 16:39:38.000,Ahafo|Goaso,647.49,GHS,AGENT
ORMT-00007620,OR-C000321,1,SUCCESSFUL,2025-12-18 12:04:49.000,Ahafo|Goaso,225.66,GHS,WEB
ORMT-00007621,OR-C000321,1,SUCCESSFUL,2025-12-28 16:50:38.000,Ahafo|Goaso,520.14,GHS,API
ORMT-00007624,OR-C000322,2,SUCCESSFUL,2025-12-26 15:27:41.000,Ashanti|Ejisu,653.44,GHS,THIRD_PARTY
ORMT-00007625,OR-C000322,10,SUCCESSFUL,2025-12-19 11:57:38.000,Ashanti|Ejisu,480.88,GHS,WEB
ORMT-00007630,OR-C000323,2,SUCCESSFUL,2025-11-02 10:19:01.000,Greater Accra|Tema,420.88,GHS,AGENT
ORMT-00007647,OR-C000324,1,SUCCESSFUL,2025-11-20 13:44:35.000,Greater Accra|Kasoa,1221.3,GHS,AGENT
ORMT-00007651,OR-C000325,7,SUCCESSFUL,2025-10-13 07:49:21.000,Greater Accra|Tema,224.06,GHS,AGENT
ORMT-00007669,OR-C000326,3,SUCCESSFUL,2025-10-15 21:36:44.000,Eastern|Nkawkaw,729.89,GHS,API
ORMT-00007670,OR-C000326,9,SUCCESSFUL,2025-12-24 07:53:09.000,Eastern|Nkawkaw,1163.78,GHS,AGENT
ORMT-00007723,OR-C000327,4,SUCCESSFUL,2025-10-28 11:08:57.000,Ashanti|Ejisu,799.88,GHS,MOBILE_APP
ORMT-00007724,OR-C000327,4,SUCCESSFUL,2025-10-05 15:59:34.000,Ashanti|Ejisu,232.21,GHS,WEB
ORMT-00007725,OR-C000327,10,FAILED,2025-10-03 15:06:10.000,Ashanti|Ejisu,1019.32,GHS,AGENT
ORMT-00007726,OR-C000327,8,SUCCESSFUL,2025-10-25 16:46:55.000,Ashanti|Ejisu,740.21,GHS,AGENT
ORMT-00007727,OR-C000327,6,SUCCESSFUL,2025-10-03 09:06:46.000,Ashanti|Ejisu,645.18,GHS,THIRD_PARTY
ORMT-00007728,OR-C000327,10,SUCCESSFUL,2025-10-15 07:08:58.000,Ashanti|Ejisu,560.37,GHS,MOBILE_APP
ORMT-00007729,OR-C000327,1,SUCCESSFUL,2025-11-14 20:05:36.000,Ashanti|Ejisu,81.83,GHS,AGENT
ORMT-00007730,OR-C000327,10,SUCCESSFUL,2025-11-27 20:19:43.000,Ashanti|Ejisu,1151.69,GHS,AGENT
ORMT-00007731,OR-C000327,1,SUCCESSFUL,2025-11-20 10:41:33.000,Ashanti|Ejisu,1141.86,GHS,MOBILE_APP
ORMT-00007732,OR-C000327,2,SUCCESSFUL,2025-11-23 19:30:46.000,Ashanti|Ejisu,847.32,GHS,API
ORMT-00007733,OR-C000327,5,SUCCESSFUL,2025-11-07 21:16:46.000,Ashanti|Ejisu,451.85,GHS,API
ORMT-00007734,OR-C000327,5,SUCCESSFUL,2025-12-06 16:09:09.000,Ashanti|Ejisu,350.85,GHS,AGENT
ORMT-00007735,OR-C000327,3,SUCCESSFUL,2025-12-27 15:22:29.000,Ashanti|Ejisu,1353.96,GHS,MOBILE_APP
ORMT-00007736,OR-C000327,2,SUCCESSFUL,2025-12-20 16:04:49.000,Ashanti|Ejisu,454.48,GHS,AGENT
ORMT-00007737,OR-C000327,9,SUCCESSFUL,2025-12-27 11:02:38.000,Ashanti|Ejisu,185.69,GHS,THIRD_PARTY
ORMT-00007738,OR-C000327,3,SUCCESSFUL,2025-12-08 19:25:28.000,Ashanti|Ejisu,513.93,GHS,MOBILE_APP
ORMT-00007739,OR-C000327,7,SUCCESSFUL,2025-12-21 08:10:11.000,Ashanti|Ejisu,363.54,GHS,THIRD_PARTY
ORMT-00007740,OR-C000327,10,SUCCESSFUL,2025-12-23 09:16:20.000,Ashanti|Ejisu,881.32,GHS,AGENT
ORMT-00007741,OR-C000327,3,SUCCESSFUL,2025-12-25 20:43:49.000,Ashanti|Ejisu,425.68,GHS,THIRD_PARTY
ORMT-00007742,OR-C000327,2,SUCCESSFUL,2025-12-30 16:42:48.000,Ashanti|Ejisu,561.41,GHS,MOBILE_APP
ORMT-00007743,OR-C000327,2,SUCCESSFUL,2025-12-29 16:45:59.000,Ashanti|Ejisu,971.1,GHS,AGENT
ORMT-00007744,OR-C000327,6,SUCCESSFUL,2025-12-29 18:58:18.000,Ashanti|Ejisu,1046.46,GHS,MOBILE_APP
ORMT-00007745,OR-C000327,2,SUCCESSFUL,2025-12-13 09:02:12.000,Ashanti|Ejisu,2542.8,GHS,THIRD_PARTY
ORMT-00007748,OR-C000328,1,SUCCESSFUL,2025-10-13 18:54:37.000,Upper West|Lawra,945.13,GHS,AGENT
ORMT-00007749,OR-C000328,6,SUCCESSFUL,2025-12-12 20:32:08.000,Upper West|Lawra,839.63,GHS,THIRD_PARTY
ORMT-00007816,OR-C000329,1,SUCCESSFUL,2025-10-09 20:15:33.000,Upper West|Wa,370.37,GHS,AGENT
ORMT-00007817,OR-C000329,5,SUCCESSFUL,2025-10-15 13:40:03.000,Upper West|Wa,3007.18,GHS,WEB
ORMT-00007818,OR-C000329,8,SUCCESSFUL,2025-11-23 17:30:50.000,Upper West|Wa,272.78,GHS,AGENT
ORMT-00007819,OR-C000329,4,SUCCESSFUL,2025-11-14 17:57:52.000,Upper West|Wa,476.02,GHS,AGENT
ORMT-00007820,OR-C000329,9,SUCCESSFUL,2025-11-21 15:54:13.000,Upper West|Wa,658.5,GHS,THIRD_PARTY
ORMT-00007821,OR-C000329,5,SUCCESSFUL,2025-11-29 14:11:38.000,Upper West|Wa,1434.33,GHS,MOBILE_APP
ORMT-00007822,OR-C000329,2,SUCCESSFUL,2025-11-13 18:41:24.000,Upper West|Wa,617.81,GHS,API
ORMT-00007823,OR-C000329,1,SUCCESSFUL,2025-12-04 19:52:54.000,Upper West|Wa,1421.48,GHS,AGENT
ORMT-00007824,OR-C000329,5,SUCCESSFUL,2025-12-27 19:46:28.000,Upper West|Wa,2563.75,GHS,AGENT
ORMT-00007825,OR-C000329,4,SUCCESSFUL,2025-12-01 11:30:08.000,Upper West|Wa,363.67,GHS,MOBILE_APP
ORMT-00007826,OR-C000329,3,SUCCESSFUL,2025-12-14 17:30:20.000,Upper West|Wa,50,GHS,AGENT
ORMT-00007827,OR-C000329,5,SUCCESSFUL,2025-12-31 11:55:09.000,Upper West|Wa,280.64,GHS,MOBILE_APP
ORMT-00007828,OR-C000329,1,SUCCESSFUL,2025-12-04 10:28:00.000,Upper West|Wa,198.67,GHS,THIRD_PARTY
ORMT-00007829,OR-C000329,2,SUCCESSFUL,2025-12-19 08:09:40.000,Upper West|Wa,341.34,GHS,THIRD_PARTY
ORMT-00007830,OR-C000329,2,SUCCESSFUL,2025-12-16 07:57:44.000,Upper West|Wa,780.19,GHS,AGENT
ORMT-00007831,OR-C000329,2,SUCCESSFUL,2025-12-11 17:38:52.000,Upper West|Wa,924.51,GHS,API
ORMT-00007843,OR-C000330,4,SUCCESSFUL,2025-10-20 09:50:53.000,Upper West|Lawra,829.64,GHS,AGENT
ORMT-00007896,OR-C000331,7,SUCCESSFUL,2025-10-29 21:04:49.000,Northern|Yendi,1145.27,GHS,MOBILE_APP
ORMT-00007897,OR-C000331,5,SUCCESSFUL,2025-12-02 10:09:17.000,Northern|Yendi,429.86,GHS,AGENT
ORMT-00007918,OR-C000332,8,SUCCESSFUL,2025-10-19 11:18:35.000,Eastern|Nkawkaw,405.85,GHS,WEB
ORMT-00007964,OR-C000334,4,SUCCESSFUL,2025-11-09 07:02:09.000,Greater Accra|Accra,383.66,GHS,MOBILE_APP
ORMT-00007965,OR-C000334,4,SUCCESSFUL,2025-12-29 14:55:07.000,Greater Accra|Accra,50,GHS,API
ORMT-00007966,OR-C000334,3,SUCCESSFUL,2025-12-30 08:08:00.000,Greater Accra|Accra,481.0,GHS,MOBILE_APP
ORMT-00007967,OR-C000334,10,SUCCESSFUL,2025-12-24 14:17:16.000,Greater Accra|Accra,853.19,GHS,MOBILE_APP
ORMT-00007968,OR-C000334,7,REJECTED,2025-12-29 14:37:32.000,Greater Accra|Accra,1287.63,GHS,MOBILE_APP
ORMT-00008083,OR-C000335,3,SUCCESSFUL,2025-10-17 20:58:30.000,Bono East|Kintampo,1213.66,GHS,AGENT
ORMT-00008084,OR-C000335,4,SUCCESSFUL,2025-10-02 12:00:53.000,Bono East|Kintampo,514.84,GHS,MOBILE_APP
ORMT-00008085,OR-C000335,4,SUCCESSFUL,2025-10-23 10:07:58.000,Bono East|Kintampo,239.55,GHS,AGENT
ORMT-00008086,OR-C000335,4,SUCCESSFUL,2025-10-01 13:21:29.000,Bono East|Kintampo,812.19,GHS,AGENT
ORMT-00008087,OR-C000335,2,SUCCESSFUL,2025-11-18 15:51:58.000,Bono East|Kintampo,290.19,GHS,AGENT
ORMT-00008088,OR-C000335,2,SUCCESSFUL,2025-11-29 08:32:22.000,Bono East|Kintampo,258.05,GHS,AGENT
ORMT-00008089,OR-C000335,1,SUCCESSFUL,2025-11-04 21:24:13.000,Bono East|Kintampo,234.68,GHS,AGENT
ORMT-00008090,OR-C000335,3,SUCCESSFUL,2025-11-16 12:52:30.000,Bono East|Kintampo,430.82,GHS,THIRD_PARTY
ORMT-00008091,OR-C000335,5,SUCCESSFUL,2025-11-17 07:22:15.000,Bono East|Kintampo,1574.81,GHS,THIRD_PARTY
ORMT-00008092,OR-C000335,1,SUCCESSFUL,2025-12-29 13:03:43.000,Bono East|Kintampo,812.96,GHS,AGENT
ORMT-00008093,OR-C000335,2,SUCCESSFUL,2025-12-31 08:42:21.000,Bono East|Kintampo,193.38,GHS,AGENT
ORMT-00008094,OR-C000335,1,SUCCESSFUL,2025-12-25 15:17:11.000,Bono East|Kintampo,264.85,GHS,AGENT
ORMT-00008095,OR-C000335,4,SUCCESSFUL,2025-12-30 20:57:35.000,Bono East|Kintampo,193.49,GHS,THIRD_PARTY
ORMT-00008124,OR-C000336,3,SUCCESSFUL,2025-10-03 08:12:03.000,Greater Accra|Madina,1617.67,GHS,AGENT
ORMT-00008125,OR-C000336,10,SUCCESSFUL,2025-10-01 16:21:49.000,Greater Accra|Madina,811.73,GHS,THIRD_PARTY
ORMT-00008126,OR-C000336,2,SUCCESSFUL,2025-11-13 08:23:43.000,Greater Accra|Madina,1135.97,GHS,AGENT
ORMT-00008127,OR-C000336,2,SUCCESSFUL,2025-11-25 13:05:19.000,Greater Accra|Madina,1638.1,GHS,AGENT
ORMT-00008128,OR-C000336,1,SUCCESSFUL,2025-11-12 16:43:24.000,Greater Accra|Madina,1773.95,GHS,WEB
ORMT-00008129,OR-C000336,10,SUCCESSFUL,2025-12-30 19:49:11.000,Greater Accra|Madina,1510.68,GHS,THIRD_PARTY
ORMT-00008130,OR-C000336,2,SUCCESSFUL,2025-12-08 16:01:50.000,Greater Accra|Madina,777.33,GHS,MOBILE_APP
ORMT-00008131,OR-C000336,9,SUCCESSFUL,2025-12-31 18:53:13.000,Greater Accra|Madina,552.18,GHS,THIRD_PARTY
ORMT-00008163,OR-C000337,4,REJECTED,2025-10-29 07:05:31.000,Greater Accra|Accra,882.44,GHS,WEB
ORMT-00008164,OR-C000337,7,SUCCESSFUL,2025-11-16 13:23:15.000,Greater Accra|Accra,100.87,GHS,API
ORMT-00008165,OR-C000337,1,SUCCESSFUL,2025-11-05 18:32:28.000,Greater Accra|Accra,1524.77,GHS,API
ORMT-00008166,OR-C000337,4,SUCCESSFUL,2025-11-28 17:25:52.000,Greater Accra|Accra,4015.02,GHS,MOBILE_APP
ORMT-00008167,OR-C000337,8,SUCCESSFUL,2025-12-13 18:58:49.000,Greater Accra|Accra,849.84,GHS,MOBILE_APP
ORMT-00008168,OR-C000337,4,SUCCESSFUL,2025-12-07 13:12:42.000,Greater Accra|Accra,536.4,GHS,MOBILE_APP
ORMT-00008169,OR-C000337,1,SUCCESSFUL,2025-12-25 10:05:17.000,Greater Accra|Accra,764.82,GHS,API
ORMT-00008193,OR-C000338,1,SUCCESSFUL,2025-11-01 07:47:24.000,Northern|Tamale,751.78,GHS,AGENT
ORMT-00008194,OR-C000338,3,SUCCESSFUL,2025-12-13 14:37:05.000,Northern|Tamale,944.38,GHS,MOBILE_APP
ORMT-00008195,OR-C000338,3,SUCCESSFUL,2025-12-03 19:55:28.000,Northern|Tamale,220.88,GHS,MOBILE_APP
ORMT-00008196,OR-C000338,1,SUCCESSFUL,2025-12-02 18:41:12.000,Northern|Tamale,443.73,GHS,AGENT
ORMT-00008197,OR-C000338,5,SUCCESSFUL,2025-12-20 13:15:45.000,Northern|Tamale,3865.63,GHS,THIRD_PARTY
ORMT-00008198,OR-C000338,4,SUCCESSFUL,2025-12-25 17:02:02.000,Northern|Tamale,1280.37,GHS,WEB
ORMT-00008229,OR-C000339,4,SUCCESSFUL,2025-10-14 11:02:16.000,Western|Takoradi,1130.41,GHS,API
ORMT-00008230,OR-C000339,4,SUCCESSFUL,2025-11-14 17:03:22.000,Western|Takoradi,1111.25,GHS,MOBILE_APP
ORMT-00008231,OR-C000339,8,SUCCESSFUL,2025-11-20 17:56:01.000,Western|Takoradi,832.3,GHS,MOBILE_APP
ORMT-00008232,OR-C000339,1,SUCCESSFUL,2025-12-05 20:05:47.000,Western|Takoradi,1194.13,GHS,API
ORMT-00008243,OR-C000340,1,SUCCESSFUL,2025-10-27 12:20:42.000,Greater Accra|Kasoa,186.76,GHS,AGENT
ORMT-00008244,OR-C000340,1,SUCCESSFUL,2025-10-19 11:10:12.000,Greater Accra|Kasoa,541.87,GHS,MOBILE_APP
ORMT-00008245,OR-C000340,1,SUCCESSFUL,2025-11-26 21:24:18.000,Greater Accra|Kasoa,1224.02,GHS,WEB
ORMT-00008246,OR-C000340,6,SUCCESSFUL,2025-12-17 10:01:58.000,Greater Accra|Kasoa,1337.47,GHS,AGENT
ORMT-00008247,OR-C000340,4,SUCCESSFUL,2025-12-25 09:09:03.000,Greater Accra|Kasoa,254.1,GHS,WEB
ORMT-00008248,OR-C000340,2,SUCCESSFUL,2025-12-20 21:52:19.000,Greater Accra|Kasoa,1034.75,GHS,MOBILE_APP
ORMT-00008269,OR-C000342,7,SUCCESSFUL,2025-11-24 09:34:43.000,Ashanti|Obuasi,1317.85,GHS,MOBILE_APP
ORMT-00008270,OR-C000342,6,SUCCESSFUL,2025-11-14 16:44:05.000,Ashanti|Obuasi,1582.26,GHS,WEB
ORMT-00008271,OR-C000342,7,SUCCESSFUL,2025-11-29 07:40:49.000,Ashanti|Obuasi,1380.16,GHS,AGENT
ORMT-00008272,OR-C000342,8,SUCCESSFUL,2025-12-31 09:04:01.000,Ashanti|Obuasi,572.4,GHS,AGENT
ORMT-00008273,OR-C000342,3,SUCCESSFUL,2025-12-25 18:54:46.000,Ashanti|Obuasi,778.65,GHS,MOBILE_APP
ORMT-00008274,OR-C000342,6,SUCCESSFUL,2025-12-10 15:46:43.000,Ashanti|Obuasi,770.62,GHS,MOBILE_APP
ORMT-00008275,OR-C000342,6,SUCCESSFUL,2025-12-28 21:57:04.000,Ashanti|Obuasi,540.6,GHS,AGENT
ORMT-00008284,OR-C000343,7,SUCCESSFUL,2025-10-20 08:22:07.000,Northern|Tamale,598.74,GHS,MOBILE_APP
ORMT-00008285,OR-C000343,1,SUCCESSFUL,2025-12-30 10:49:34.000,Northern|Tamale,713.07,GHS,AGENT
ORMT-00008333,OR-C000345,3,SUCCESSFUL,2025-10-22 08:54:16.000,Greater Accra|Tema,1373.62,GHS,MOBILE_APP
ORMT-00008334,OR-C000345,1,SUCCESSFUL,2025-10-10 07:56:31.000,Greater Accra|Tema,235.15,GHS,MOBILE_APP
ORMT-00008335,OR-C000345,1,SUCCESSFUL,2025-11-03 07:22:31.000,Greater Accra|Tema,612.08,GHS,MOBILE_APP
ORMT-00008336,OR-C000345,1,SUCCESSFUL,2025-11-06 08:07:37.000,Greater Accra|Tema,2224.14,GHS,AGENT
ORMT-00008337,OR-C000345,1,SUCCESSFUL,2025-12-28 13:36:20.000,Greater Accra|Tema,492.26,GHS,AGENT
ORMT-00008338,OR-C000345,1,SUCCESSFUL,2025-12-13 14:40:02.000,Greater Accra|Tema,368.6,GHS,MOBILE_APP
ORMT-00008339,OR-C000345,3,SUCCESSFUL,2025-12-24 09:32:07.000,Greater Accra|Tema,50,GHS,AGENT
ORMT-00008340,OR-C000345,6,SUCCESSFUL,2025-12-27 13:04:32.000,Greater Accra|Tema,2837.8,GHS,MOBILE_APP
ORMT-00008346,OR-C000346,5,SUCCESSFUL,2025-12-13 08:31:43.000,Greater Accra|Madina,851.35,GHS,API
ORMT-00008347,OR-C000346,6,SUCCESSFUL,2025-12-31 20:26:58.000,Greater Accra|Madina,2155.73,GHS,THIRD_PARTY
ORMT-00008410,OR-C000347,2,SUCCESSFUL,2025-10-05 10:56:13.000,Greater Accra|Kasoa,238.59,GHS,WEB
ORMT-00008411,OR-C000347,1,SUCCESSFUL,2025-10-06 15:17:41.000,Greater Accra|Kasoa,130.07,GHS,AGENT
ORMT-00008412,OR-C000347,5,SUCCESSFUL,2025-11-03 08:37:23.000,Greater Accra|Kasoa,271.29,GHS,AGENT
ORMT-00008413,OR-C000347,3,SUCCESSFUL,2025-11-16 12:53:54.000,Greater Accra|Kasoa,1074.85,GHS,MOBILE_APP
ORMT-00008414,OR-C000347,9,SUCCESSFUL,2025-11-04 18:42:24.000,Greater Accra|Kasoa,1037.81,GHS,API
ORMT-00008415,OR-C000347,5,SUCCESSFUL,2025-12-13 14:07:34.000,Greater Accra|Kasoa,523.25,GHS,MOBILE_APP
ORMT-00008416,OR-C000347,4,SUCCESSFUL,2025-12-19 18:35:18.000,Greater Accra|Kasoa,635.06,GHS,THIRD_PARTY
ORMT-00008417,OR-C000347,5,SUCCESSFUL,2025-12-27 13:31:51.000,Greater Accra|Kasoa,379.37,GHS,MOBILE_APP
ORMT-00008418,OR-C000347,4,SUCCESSFUL,2025-12-19 13:45:54.000,Greater Accra|Kasoa,465.7,GHS,AGENT
ORMT-00008419,OR-C000347,10,SUCCESSFUL,2025-12-26 13:33:05.000,Greater Accra|Kasoa,3105.0,GHS,MOBILE_APP
ORMT-00008420,OR-C000347,7,SUCCESSFUL,2025-12-13 07:52:47.000,Greater Accra|Kasoa,2690.83,GHS,THIRD_PARTY
ORMT-00008421,OR-C000347,1,SUCCESSFUL,2025-12-25 08:02:47.000,Greater Accra|Kasoa,101.67,GHS,AGENT
ORMT-00008422,OR-C000347,3,SUCCESSFUL,2025-12-29 10:42:41.000,Greater Accra|Kasoa,183.37,GHS,AGENT
ORMT-00008429,OR-C000348,3,SUCCESSFUL,2025-12-27 18:50:32.000,Greater Accra|Tema,1831.04,GHS,AGENT
ORMT-00008578,OR-C000349,4,SUCCESSFUL,2025-10-08 11:11:48.000,Western|Axim,850.04,GHS,MOBILE_APP
ORMT-00008579,OR-C000349,1,SUCCESSFUL,2025-10-04 10:01:40.000,Western|Axim,1213.86,GHS,MOBILE_APP
ORMT-00008580,OR-C000349,10,SUCCESSFUL,2025-10-23 14:34:18.000,Western|Axim,1993.2,GHS,MOBILE_APP
ORMT-00008581,OR-C000349,5,SUCCESSFUL,2025-10-23 21:35:49.000,Western|Axim,562.88,GHS,MOBILE_APP
ORMT-00008582,OR-C000349,1,SUCCESSFUL,2025-10-11 17:27:44.000,Western|Axim,1967.41,GHS,MOBILE_APP
ORMT-00008583,OR-C000349,7,SUCCESSFUL,2025-10-25 20:17:35.000,Western|Axim,1254.21,GHS,MOBILE_APP
ORMT-00008584,OR-C000349,7,SUCCESSFUL,2025-10-09 14:25:17.000,Western|Axim,336.85,GHS,MOBILE_APP
ORMT-00008585,OR-C000349,4,SUCCESSFUL,2025-10-23 21:28:42.000,Western|Axim,695.94,GHS,AGENT
ORMT-00008586,OR-C000349,10,SUCCESSFUL,2025-10-21 11:08:17.000,Western|Axim,1683.29,GHS,MOBILE_APP
ORMT-00008587,OR-C000349,4,SUCCESSFUL,2025-11-02 19:36:23.000,Western|Axim,607.28,GHS,AGENT
ORMT-00008588,OR-C000349,7,SUCCESSFUL,2025-11-29 13:37:18.000,Western|Axim,1627.16,GHS,AGENT
ORMT-00008589,OR-C000349,1,SUCCESSFUL,2025-12-26 13:17:05.000,Western|Axim,1121.6,GHS,WEB
ORMT-00008590,OR-C000349,1,SUCCESSFUL,2025-12-26 11:45:40.000,Western|Axim,2444.83,GHS,API
ORMT-00008591,OR-C000349,1,SUCCESSFUL,2025-12-31 13:10:07.000,Western|Axim,708.09,GHS,THIRD_PARTY
ORMT-00008630,OR-C000350,4,SUCCESSFUL,2025-10-21 19:19:00.000,Oti|Dambai,714.0,GHS,AGENT
ORMT-00008631,OR-C000350,2,SUCCESSFUL,2025-10-04 11:09:16.000,Oti|Dambai,382.26,GHS,MOBILE_APP
ORMT-00008632,OR-C000350,3,SUCCESSFUL,2025-10-10 08:59:07.000,Oti|Dambai,617.28,GHS,AGENT
ORMT-00008633,OR-C000350,3,SUCCESSFUL,2025-10-21 14:07:35.000,Oti|Dambai,685.85,GHS,AGENT
ORMT-00008634,OR-C000350,3,SUCCESSFUL,2025-12-30 07:31:38.000,Oti|Dambai,1796.2,GHS,API
ORMT-00008635,OR-C000350,6,SUCCESSFUL,2025-12-30 11:39:25.000,Oti|Dambai,1284.81,GHS,WEB
ORMT-00008636,OR-C000350,1,SUCCESSFUL,2025-12-29 16:01:39.000,Oti|Dambai,672.92,GHS,AGENT
ORMT-00008637,OR-C000350,8,SUCCESSFUL,2025-12-11 19:00:10.000,Oti|Dambai,733.43,GHS,AGENT
ORMT-00008664,OR-C000354,1,SUCCESSFUL,2025-10-18 20:58:55.000,Ashanti|Obuasi,976.67,GHS,MOBILE_APP
ORMT-00008665,OR-C000354,9,SUCCESSFUL,2025-12-29 21:05:58.000,Ashanti|Obuasi,733.6,GHS,THIRD_PARTY
ORMT-00008666,OR-C000354,10,SUCCESSFUL,2025-12-20 11:45:58.000,Ashanti|Obuasi,502.52,GHS,AGENT
ORMT-00008667,OR-C000354,5,SUCCESSFUL,2025-12-12 14:11:33.000,Ashanti|Obuasi,256.6,GHS,THIRD_PARTY
ORMT-00008681,OR-C000355,3,SUCCESSFUL,2025-10-03 07:03:13.000,Central|Winneba,3873.23,GHS,THIRD_PARTY
ORMT-00008682,OR-C000355,1,SUCCESSFUL,2025-10-14 07:35:03.000,Central|Winneba,1271.23,GHS,API
ORMT-00008683,OR-C000355,3,SUCCESSFUL,2025-10-15 19:13:26.000,Central|Winneba,984.23,GHS,MOBILE_APP
ORMT-00008684,OR-C000355,5,SUCCESSFUL,2025-11-17 17:03:58.000,Central|Winneba,639.62,GHS,AGENT
ORMT-00008685,OR-C000355,1,SUCCESSFUL,2025-11-28 07:11:19.000,Central|Winneba,229.86,GHS,MOBILE_APP
ORMT-00008686,OR-C000355,5,REJECTED,2025-12-01 18:06:29.000,Central|Winneba,882.94,GHS,MOBILE_APP
ORMT-00008687,OR-C000355,6,SUCCESSFUL,2025-12-15 12:13:35.000,Central|Winneba,1354.74,GHS,THIRD_PARTY
ORMT-00008688,OR-C000355,10,SUCCESSFUL,2025-12-25 13:47:37.000,Central|Winneba,595.24,GHS,AGENT
ORMT-00008689,OR-C000355,1,SUCCESSFUL,2025-12-22 12:21:18.000,Central|Winneba,607.83,GHS,AGENT
ORMT-00008724,OR-C000356,3,SUCCESSFUL,2025-10-26 16:16:07.000,Bono|Sunyani,575.13,GHS,AGENT
ORMT-00008725,OR-C000356,3,SUCCESSFUL,2025-10-02 14:27:29.000,Bono|Sunyani,604.91,GHS,AGENT
ORMT-00008726,OR-C000356,9,SUCCESSFUL,2025-10-22 13:32:46.000,Bono|Sunyani,102.77,GHS,AGENT
ORMT-00008727,OR-C000356,9,SUCCESSFUL,2025-11-27 14:15:52.000,Bono|Sunyani,4019.97,GHS,AGENT
ORMT-00008728,OR-C000356,4,SUCCESSFUL,2025-11-17 15:52:32.000,Bono|Sunyani,713.33,GHS,MOBILE_APP
ORMT-00008729,OR-C000356,3,SUCCESSFUL,2025-11-13 12:01:29.000,Bono|Sunyani,324.38,GHS,AGENT
ORMT-00008730,OR-C000356,3,SUCCESSFUL,2025-11-11 21:12:27.000,Bono|Sunyani,185.38,GHS,MOBILE_APP
ORMT-00008731,OR-C000356,3,SUCCESSFUL,2025-11-06 09:47:57.000,Bono|Sunyani,2056.32,GHS,AGENT
ORMT-00008732,OR-C000356,7,SUCCESSFUL,2025-12-06 21:29:18.000,Bono|Sunyani,415.51,GHS,THIRD_PARTY
ORMT-00008733,OR-C000356,7,SUCCESSFUL,2025-12-26 17:51:29.000,Bono|Sunyani,371.35,GHS,AGENT
ORMT-00008734,OR-C000356,4,SUCCESSFUL,2025-12-11 17:24:01.000,Bono|Sunyani,558.29,GHS,MOBILE_APP
ORMT-00008735,OR-C000356,1,SUCCESSFUL,2025-12-31 18:51:42.000,Bono|Sunyani,423.39,GHS,THIRD_PARTY
ORMT-00008736,OR-C000356,8,SUCCESSFUL,2025-12-16 09:46:40.000,Bono|Sunyani,658.41,GHS,AGENT
ORMT-00008752,OR-C000357,3,SUCCESSFUL,2025-11-25 20:15:29.000,Ashanti|Obuasi,664.69,GHS,AGENT
ORMT-00008753,OR-C000357,7,SUCCESSFUL,2025-12-15 11:17:17.000,Ashanti|Obuasi,1358.18,GHS,WEB
ORMT-00008754,OR-C000357,1,SUCCESSFUL,2025-12-28 11:55:38.000,Ashanti|Obuasi,1497.65,GHS,AGENT
ORMT-00008755,OR-C000357,1,SUCCESSFUL,2025-12-14 10:02:23.000,Ashanti|Obuasi,458.11,GHS,AGENT
ORMT-00008822,OR-C000359,1,SUCCESSFUL,2025-10-31 17:13:46.000,Bono|Berekum,271.63,GHS,AGENT
ORMT-00008823,OR-C000359,9,SUCCESSFUL,2025-10-13 14:14:42.000,Bono|Berekum,3024.54,GHS,THIRD_PARTY
ORMT-00008824,OR-C000359,2,SUCCESSFUL,2025-11-16 09:13:25.000,Bono|Berekum,389.6,GHS,AGENT
ORMT-00008825,OR-C000359,6,SUCCESSFUL,2025-11-25 12:04:38.000,Bono|Berekum,930.01,GHS,AGENT
ORMT-00008846,OR-C000362,3,SUCCESSFUL,2025-12-09 13:13:38.000,Greater Accra|Accra,1414.57,GHS,THIRD_PARTY
ORMT-00008865,OR-C000363,6,SUCCESSFUL,2025-10-06 20:35:42.000,Eastern|Akropong,829.43,GHS,AGENT
ORMT-00008871,OR-C000364,10,SUCCESSFUL,2025-12-12 20:16:44.000,Greater Accra|Madina,1103.08,GHS,AGENT
ORMT-00008897,OR-C000365,9,SUCCESSFUL,2025-11-21 21:37:23.000,Greater Accra|Tema,330.4,GHS,API
ORMT-00008898,OR-C000365,2,SUCCESSFUL,2025-12-29 08:26:29.000,Greater Accra|Tema,1022.26,GHS,THIRD_PARTY
ORMT-00008899,OR-C000365,1,SUCCESSFUL,2025-12-30 14:09:34.000,Greater Accra|Tema,3693.32,GHS,AGENT
ORMT-00008900,OR-C000365,5,SUCCESSFUL,2025-12-27 08:11:02.000,Greater Accra|Tema,670.83,GHS,MOBILE_APP
ORMT-00008901,OR-C000365,2,SUCCESSFUL,2025-12-16 19:55:42.000,Greater Accra|Tema,502.3,GHS,WEB
ORMT-00008918,OR-C000366,8,FAILED,2025-10-11 11:54:15.000,Ashanti|Obuasi,550.48,GHS,THIRD_PARTY
ORMT-00008919,OR-C000366,1,SUCCESSFUL,2025-11-13 20:23:38.000,Ashanti|Obuasi,158.26,GHS,MOBILE_APP
ORMT-00008920,OR-C000366,2,SUCCESSFUL,2025-12-26 17:37:13.000,Ashanti|Obuasi,2666.8,GHS,WEB
ORMT-00008921,OR-C000366,1,SUCCESSFUL,2025-12-27 15:51:02.000,Ashanti|Obuasi,1452.74,GHS,AGENT
ORMT-00008926,OR-C000367,8,SUCCESSFUL,2025-11-11 18:32:14.000,Ahafo|Goaso,555.26,GHS,WEB
ORMT-00008927,OR-C000367,8,SUCCESSFUL,2025-12-02 09:25:21.000,Ahafo|Goaso,292.18,GHS,MOBILE_APP
ORMT-00008928,OR-C000367,4,SUCCESSFUL,2025-12-31 13:19:47.000,Ahafo|Goaso,797.51,GHS,MOBILE_APP
ORMT-00008967,OR-C000368,1,SUCCESSFUL,2025-10-09 11:00:24.000,Central|Winneba,596.5,GHS,MOBILE_APP
ORMT-00008968,OR-C000368,10,SUCCESSFUL,2025-10-15 17:27:44.000,Central|Winneba,3814.51,GHS,THIRD_PARTY
ORMT-00008969,OR-C000368,3,SUCCESSFUL,2025-10-17 08:41:02.000,Central|Winneba,9385.5,GHS,AGENT
ORMT-00008970,OR-C000368,10,SUCCESSFUL,2025-11-22 12:19:35.000,Central|Winneba,1846.77,GHS,WEB
ORMT-00008971,OR-C000368,6,SUCCESSFUL,2025-11-07 11:05:21.000,Central|Winneba,1098.59,GHS,AGENT
ORMT-00008972,OR-C000368,1,SUCCESSFUL,2025-12-27 10:25:20.000,Central|Winneba,2208.41,GHS,AGENT
ORMT-00008973,OR-C000368,7,SUCCESSFUL,2025-12-21 09:54:01.000,Central|Winneba,1110.96,GHS,AGENT
ORMT-00008974,OR-C000368,10,SUCCESSFUL,2025-12-02 13:02:05.000,Central|Winneba,4019.33,GHS,AGENT
ORMT-00008975,OR-C000368,3,SUCCESSFUL,2025-12-04 10:24:18.000,Central|Winneba,335.87,GHS,AGENT
ORMT-00008976,OR-C000368,10,SUCCESSFUL,2025-12-01 09:56:25.000,Central|Winneba,768.24,GHS,MOBILE_APP
ORMT-00008982,OR-C000369,4,SUCCESSFUL,2025-10-11 11:39:33.000,Ashanti|Obuasi,146.63,GHS,WEB
ORMT-00008983,OR-C000369,3,SUCCESSFUL,2025-11-30 11:36:29.000,Ashanti|Obuasi,401.1,GHS,AGENT
ORMT-00009003,OR-C000370,5,SUCCESSFUL,2025-12-01 09:28:00.000,Bono East|Kintampo,549.92,GHS,MOBILE_APP
ORMT-00009004,OR-C000370,3,SUCCESSFUL,2025-12-06 13:41:05.000,Bono East|Kintampo,1572.17,GHS,WEB
ORMT-00009005,OR-C000370,8,SUCCESSFUL,2025-12-26 08:18:11.000,Bono East|Kintampo,534.6,GHS,AGENT
ORMT-00009006,OR-C000370,3,SUCCESSFUL,2025-12-13 15:32:07.000,Bono East|Kintampo,768.92,GHS,THIRD_PARTY
ORMT-00009022,OR-C000371,1,SUCCESSFUL,2025-11-09 20:25:45.000,Ashanti|Obuasi,438.38,GHS,AGENT
ORMT-00009053,OR-C000372,8,SUCCESSFUL,2025-11-16 15:49:55.000,Ashanti|Ejisu,651.38,GHS,WEB
ORMT-00009054,OR-C000372,4,SUCCESSFUL,2025-12-14 10:32:42.000,Ashanti|Ejisu,565.0,GHS,AGENT
ORMT-00009055,OR-C000372,10,SUCCESSFUL,2025-12-03 09:56:41.000,Ashanti|Ejisu,1214.89,GHS,MOBILE_APP
ORMT-00009056,OR-C000372,10,SUCCESSFUL,2025-12-05 18:44:15.000,Ashanti|Ejisu,986.16,GHS,AGENT
ORMT-00009057,OR-C000372,3,SUCCESSFUL,2025-12-30 18:02:16.000,Ashanti|Ejisu,350.93,GHS,MOBILE_APP
ORMT-00009087,OR-C000373,2,SUCCESSFUL,2025-10-25 12:50:50.000,Eastern|Koforidua,4658.25,GHS,THIRD_PARTY
ORMT-00009088,OR-C000373,1,SUCCESSFUL,2025-10-15 15:38:27.000,Eastern|Koforidua,1290.18,GHS,API
ORMT-00009089,OR-C000373,5,SUCCESSFUL,2025-11-08 20:12:33.000,Eastern|Koforidua,171.85,GHS,AGENT
ORMT-00009090,OR-C000373,6,SUCCESSFUL,2025-12-13 21:00:30.000,Eastern|Koforidua,1632.87,GHS,AGENT
ORMT-00009106,OR-C000374,2,SUCCESSFUL,2025-11-01 13:39:00.000,Ashanti|Kumasi,887.4,GHS,API
ORMT-00009107,OR-C000374,2,REJECTED,2025-12-17 10:35:23.000,Ashanti|Kumasi,1087.61,GHS,THIRD_PARTY
ORMT-00009108,OR-C000374,3,SUCCESSFUL,2025-12-28 20:23:58.000,Ashanti|Kumasi,1006.38,GHS,API
ORMT-00009109,OR-C000374,4,SUCCESSFUL,2025-12-08 09:21:39.000,Ashanti|Kumasi,217.23,GHS,API
ORMT-00009110,OR-C000374,2,SUCCESSFUL,2025-12-09 11:12:07.000,Ashanti|Kumasi,312.37,GHS,THIRD_PARTY
ORMT-00009120,OR-C000375,4,SUCCESSFUL,2025-12-26 20:36:34.000,Greater Accra|Madina,291.96,GHS,THIRD_PARTY
ORMT-00009141,OR-C000376,2,SUCCESSFUL,2025-10-14 20:22:45.000,Volta|Ho,1877.91,GHS,AGENT
ORMT-00009142,OR-C000376,1,SUCCESSFUL,2025-10-07 19:19:50.000,Volta|Ho,3753.87,GHS,THIRD_PARTY
ORMT-00009143,OR-C000376,4,SUCCESSFUL,2025-12-13 13:41:29.000,Volta|Ho,1132.13,GHS,AGENT
ORMT-00009144,OR-C000376,1,REJECTED,2025-12-16 09:24:24.000,Volta|Ho,1278.28,GHS,AGENT
ORMT-00009145,OR-C000376,4,SUCCESSFUL,2025-12-21 20:06:39.000,Volta|Ho,1157.69,GHS,AGENT
ORMT-00009146,OR-C000376,3,SUCCESSFUL,2025-12-27 11:13:21.000,Volta|Ho,1570.24,GHS,AGENT
ORMT-00009167,OR-C000378,7,SUCCESSFUL,2025-11-11 08:23:20.000,Greater Accra|Tema,601.16,GHS,AGENT
ORMT-00009168,OR-C000378,1,SUCCESSFUL,2025-12-30 09:31:57.000,Greater Accra|Tema,434.13,GHS,MOBILE_APP
ORMT-00009169,OR-C000378,1,SUCCESSFUL,2025-12-22 19:26:54.000,Greater Accra|Tema,1274.0,GHS,API
ORMT-00009184,OR-C000379,1,SUCCESSFUL,2025-10-23 19:39:15.000,Northern|Savelugu,570.21,GHS,API
ORMT-00009185,OR-C000379,1,SUCCESSFUL,2025-12-01 09:45:00.000,Northern|Savelugu,416.09,GHS,AGENT
ORMT-00009186,OR-C000379,4,SUCCESSFUL,2025-12-05 16:21:45.000,Northern|Savelugu,408.58,GHS,AGENT
ORMT-00009209,OR-C000381,2,SUCCESSFUL,2025-10-09 08:22:14.000,Greater Accra|Madina,281.12,GHS,AGENT
ORMT-00009210,OR-C000381,4,SUCCESSFUL,2025-10-28 17:14:07.000,Greater Accra|Madina,1638.52,GHS,AGENT
ORMT-00009211,OR-C000381,6,SUCCESSFUL,2025-11-26 20:45:28.000,Greater Accra|Madina,1457.32,GHS,AGENT
ORMT-00009212,OR-C000381,1,SUCCESSFUL,2025-12-30 20:53:54.000,Greater Accra|Madina,1351.18,GHS,API
ORMT-00009213,OR-C000381,2,SUCCESSFUL,2025-12-02 17:48:20.000,Greater Accra|Madina,568.28,GHS,AGENT
ORMT-00009345,OR-C000383,5,SUCCESSFUL,2025-10-23 09:29:59.000,Northern|Yendi,787.86,GHS,MOBILE_APP
ORMT-00009346,OR-C000383,5,SUCCESSFUL,2025-10-13 11:31:43.000,Northern|Yendi,2078.02,GHS,MOBILE_APP
ORMT-00009347,OR-C000383,1,SUCCESSFUL,2025-10-24 17:31:50.000,Northern|Yendi,1133.29,GHS,AGENT
ORMT-00009348,OR-C000383,3,SUCCESSFUL,2025-10-13 20:39:12.000,Northern|Yendi,216.29,GHS,API
ORMT-00009349,OR-C000383,1,SUCCESSFUL,2025-10-01 17:32:52.000,Northern|Yendi,464.54,GHS,MOBILE_APP
ORMT-00009350,OR-C000383,3,SUCCESSFUL,2025-10-31 07:11:37.000,Northern|Yendi,321.68,GHS,AGENT
ORMT-00009351,OR-C000383,3,SUCCESSFUL,2025-10-25 16:30:36.000,Northern|Yendi,243.83,GHS,THIRD_PARTY
ORMT-00009352,OR-C000383,4,SUCCESSFUL,2025-10-02 19:33:11.000,Northern|Yendi,212.39,GHS,MOBILE_APP
ORMT-00009353,OR-C000383,6,SUCCESSFUL,2025-11-30 14:41:22.000,Northern|Yendi,1035.96,GHS,THIRD_PARTY
ORMT-00009354,OR-C000383,1,FAILED,2025-11-21 14:30:47.000,Northern|Yendi,1737.29,GHS,WEB
ORMT-00009355,OR-C000383,8,SUCCESSFUL,2025-11-14 20:04:31.000,Northern|Yendi,301.2,GHS,API
ORMT-00009356,OR-C000383,4,SUCCESSFUL,2025-11-16 14:32:01.000,Northern|Yendi,1007.34,GHS,MOBILE_APP
ORMT-00009357,OR-C000383,10,SUCCESSFUL,2025-11-30 21:14:59.000,Northern|Yendi,342.38,GHS,MOBILE_APP
ORMT-00009358,OR-C000383,9,SUCCESSFUL,2025-12-10 17:41:58.000,Northern|Yendi,820.09,GHS,AGENT
ORMT-00009359,OR-C000383,3,SUCCESSFUL,2025-12-04 12:44:16.000,Northern|Yendi,121.3,GHS,API
ORMT-00009360,OR-C000383,1,SUCCESSFUL,2025-12-25 14:51:31.000,Northern|Yendi,507.4,GHS,API
ORMT-00009361,OR-C000383,3,SUCCESSFUL,2025-12-30 21:29:59.000,Northern|Yendi,322.33,GHS,API
ORMT-00009362,OR-C000383,10,SUCCESSFUL,2025-12-21 12:29:47.000,Northern|Yendi,684.12,GHS,MOBILE_APP
ORMT-00009363,OR-C000383,5,SUCCESSFUL,2025-12-06 09:09:47.000,Northern|Yendi,369.05,GHS,THIRD_PARTY
ORMT-00009364,OR-C000383,3,SUCCESSFUL,2025-12-11 07:27:30.000,Northern|Yendi,553.11,GHS,AGENT
ORMT-00009374,OR-C000384,6,SUCCESSFUL,2025-11-19 15:47:46.000,Greater Accra|Kasoa,1692.41,GHS,THIRD_PARTY
ORMT-00009375,OR-C000384,1,SUCCESSFUL,2025-11-17 11:31:26.000,Greater Accra|Kasoa,565.29,GHS,AGENT
ORMT-00009376,OR-C000384,1,SUCCESSFUL,2025-11-22 17:08:08.000,Greater Accra|Kasoa,233.98,GHS,MOBILE_APP
ORMT-00009380,OR-C000385,3,SUCCESSFUL,2025-10-17 21:05:16.000,Bono East|Techiman,461.67,GHS,AGENT
ORMT-00009387,OR-C000386,7,SUCCESSFUL,2025-10-24 09:19:21.000,Western|Tarkwa,2871.36,GHS,WEB
ORMT-00009388,OR-C000386,2,SUCCESSFUL,2025-11-01 10:00:26.000,Western|Tarkwa,509.92,GHS,MOBILE_APP
ORMT-00009414,OR-C000387,1,SUCCESSFUL,2025-10-05 10:51:31.000,Bono East|Techiman,1118.83,GHS,AGENT
ORMT-00009415,OR-C000387,3,SUCCESSFUL,2025-10-22 13:53:24.000,Bono East|Techiman,862.5,GHS,MOBILE_APP
ORMT-00009416,OR-C000387,7,SUCCESSFUL,2025-12-12 08:43:57.000,Bono East|Techiman,338.34,GHS,MOBILE_APP
ORMT-00009417,OR-C000387,10,SUCCESSFUL,2025-12-15 12:00:19.000,Bono East|Techiman,649.24,GHS,THIRD_PARTY
ORMT-00009418,OR-C000387,1,SUCCESSFUL,2025-12-18 08:08:23.000,Bono East|Techiman,1005.77,GHS,MOBILE_APP
ORMT-00009419,OR-C000387,2,SUCCESSFUL,2025-12-11 10:21:58.000,Bono East|Techiman,440.34,GHS,AGENT
ORMT-00009433,OR-C000388,2,SUCCESSFUL,2025-11-12 10:47:30.000,Volta|Hohoe,1047.71,GHS,API
ORMT-00009434,OR-C000388,5,SUCCESSFUL,2025-12-07 16:12:40.000,Volta|Hohoe,1791.0,GHS,MOBILE_APP
ORMT-00009435,OR-C000388,5,SUCCESSFUL,2025-12-22 21:16:54.000,Volta|Hohoe,164.75,GHS,THIRD_PARTY
ORMT-00009460,OR-C000389,4,SUCCESSFUL,2025-12-27 16:27:10.000,Greater Accra|Madina,1854.17,GHS,THIRD_PARTY
ORMT-00009461,OR-C000389,1,SUCCESSFUL,2025-12-24 14:15:47.000,Greater Accra|Madina,471.38,GHS,MOBILE_APP
ORMT-00009494,OR-C000392,4,SUCCESSFUL,2025-10-14 21:20:40.000,Northern|Yendi,6499.04,GHS,THIRD_PARTY
ORMT-00009495,OR-C000392,9,SUCCESSFUL,2025-12-28 12:18:16.000,Northern|Yendi,4215.55,GHS,MOBILE_APP
ORMT-00009497,OR-C000393,6,SUCCESSFUL,2025-10-26 13:06:47.000,Western|Takoradi,1151.76,GHS,AGENT
ORMT-00009498,OR-C000393,4,SUCCESSFUL,2025-12-18 16:48:57.000,Western|Takoradi,794.71,GHS,AGENT
ORMT-00009550,OR-C000394,7,SUCCESSFUL,2025-11-23 13:08:10.000,Northern|Savelugu,537.12,GHS,AGENT
ORMT-00009551,OR-C000394,9,SUCCESSFUL,2025-12-29 18:29:12.000,Northern|Savelugu,1520.15,GHS,AGENT
ORMT-00009622,OR-C000396,7,SUCCESSFUL,2025-10-25 15:23:57.000,Greater Accra|Kasoa,771.35,GHS,THIRD_PARTY
ORMT-00009623,OR-C000396,2,SUCCESSFUL,2025-10-07 14:48:50.000,Greater Accra|Kasoa,247.37,GHS,AGENT
ORMT-00009624,OR-C000396,1,SUCCESSFUL,2025-10-19 07:35:11.000,Greater Accra|Kasoa,1691.65,GHS,AGENT
ORMT-00009625,OR-C000396,2,SUCCESSFUL,2025-10-14 15:44:49.000,Greater Accra|Kasoa,337.63,GHS,API
ORMT-00009626,OR-C000396,4,SUCCESSFUL,2025-10-04 08:16:38.000,Greater Accra|Kasoa,1086.62,GHS,THIRD_PARTY
ORMT-00009627,OR-C000396,5,SUCCESSFUL,2025-10-18 10:43:21.000,Greater Accra|Kasoa,987.56,GHS,AGENT
ORMT-00009643,OR-C000397,8,SUCCESSFUL,2025-10-31 19:33:08.000,Greater Accra|Madina,440.46,GHS,AGENT
ORMT-00009644,OR-C000397,2,SUCCESSFUL,2025-11-17 13:59:40.000,Greater Accra|Madina,269.38,GHS,API
ORMT-00009655,OR-C000398,9,SUCCESSFUL,2025-10-09 18:12:01.000,Greater Accra|Madina,665.99,GHS,MOBILE_APP
ORMT-00009656,OR-C000398,1,SUCCESSFUL,2025-11-15 07:37:09.000,Greater Accra|Madina,900.97,GHS,AGENT
ORMT-00009657,OR-C000398,2,SUCCESSFUL,2025-12-02 17:39:44.000,Greater Accra|Madina,1089.42,GHS,WEB
ORMT-00009683,OR-C000399,1,SUCCESSFUL,2025-10-15 19:35:04.000,Upper East|Navrongo,1313.07,GHS,API
ORMT-00009684,OR-C000399,6,SUCCESSFUL,2025-11-03 17:38:44.000,Upper East|Navrongo,528.41,GHS,AGENT
ORMT-00009685,OR-C000399,1,SUCCESSFUL,2025-12-28 14:54:56.000,Upper East|Navrongo,2417.29,GHS,AGENT
ORMT-00009702,OR-C000401,4,SUCCESSFUL,2025-10-29 08:38:21.000,Western|Takoradi,909.05,GHS,WEB
ORMT-00009703,OR-C000401,3,FAILED,2025-10-08 12:23:13.000,Western|Takoradi,722.42,GHS,MOBILE_APP
ORMT-00009704,OR-C000401,2,SUCCESSFUL,2025-11-28 09:17:19.000,Western|Takoradi,1535.01,GHS,MOBILE_APP
ORMT-00009711,OR-C000402,7,SUCCESSFUL,2025-10-09 19:07:52.000,Western|Tarkwa,340.15,GHS,WEB
ORMT-00009712,OR-C000402,3,SUCCESSFUL,2025-11-19 15:04:11.000,Western|Tarkwa,371.17,GHS,THIRD_PARTY
ORMT-00009713,OR-C000402,1,SUCCESSFUL,2025-12-24 16:48:01.000,Western|Tarkwa,1966.2,GHS,AGENT
ORMT-00009714,OR-C000402,2,SUCCESSFUL,2025-12-08 14:28:47.000,Western|Tarkwa,505.81,GHS,MOBILE_APP
ORMT-00009715,OR-C000402,7,SUCCESSFUL,2025-12-24 15:19:02.000,Western|Tarkwa,547.27,GHS,MOBILE_APP
ORMT-00009723,OR-C000403,1,SUCCESSFUL,2025-10-16 14:51:41.000,Greater Accra|Accra,433.68,GHS,API
ORMT-00009748,OR-C000405,7,SUCCESSFUL,2025-11-26 11:32:52.000,Western|Axim,1503.15,GHS,AGENT
ORMT-00009805,OR-C000406,1,SUCCESSFUL,2025-10-15 20:27:54.000,Greater Accra|Accra,390.82,GHS,AGENT
ORMT-00009806,OR-C000406,1,SUCCESSFUL,2025-11-10 12:15:32.000,Greater Accra|Accra,516.97,GHS,MOBILE_APP
ORMT-00009807,OR-C000406,4,SUCCESSFUL,2025-12-26 21:13:30.000,Greater Accra|Accra,1397.63,GHS,WEB
ORMT-00009808,OR-C000406,3,SUCCESSFUL,2025-12-31 11:45:31.000,Greater Accra|Accra,903.37,GHS,THIRD_PARTY
ORMT-00009809,OR-C000406,2,SUCCESSFUL,2025-12-16 10:29:34.000,Greater Accra|Accra,693.98,GHS,THIRD_PARTY
ORMT-00009810,OR-C000406,2,SUCCESSFUL,2025-12-15 15:28:15.000,Greater Accra|Accra,676.17,GHS,AGENT
ORMT-00009841,OR-C000407,1,SUCCESSFUL,2025-10-03 11:12:30.000,Greater Accra|Madina,584.55,GHS,MOBILE_APP
ORMT-00009842,OR-C000407,7,SUCCESSFUL,2025-11-04 07:39:11.000,Greater Accra|Madina,3138.32,GHS,AGENT
ORMT-00009843,OR-C000407,6,SUCCESSFUL,2025-12-24 08:22:22.000,Greater Accra|Madina,207.49,GHS,WEB
ORMT-00009844,OR-C000407,6,SUCCESSFUL,2025-12-18 12:09:20.000,Greater Accra|Madina,2042.36,GHS,AGENT
ORMT-00009849,OR-C000408,5,SUCCESSFUL,2025-12-30 19:20:25.000,Volta|Hohoe,1381.21,GHS,AGENT
ORMT-00009850,OR-C000408,2,SUCCESSFUL,2025-12-08 07:42:38.000,Volta|Hohoe,161.22,GHS,AGENT
ORMT-00009861,OR-C000409,2,SUCCESSFUL,2025-10-05 19:33:55.000,Upper East|Navrongo,1767.03,GHS,AGENT
ORMT-00009862,OR-C000409,4,SUCCESSFUL,2025-10-27 09:12:01.000,Upper East|Navrongo,301.31,GHS,AGENT
ORMT-00009863,OR-C000409,3,SUCCESSFUL,2025-12-28 11:56:55.000,Upper East|Navrongo,888.2,GHS,AGENT
ORMT-00009875,OR-C000410,5,SUCCESSFUL,2025-12-13 11:57:30.000,Central|Elmina,680.35,GHS,THIRD_PARTY
ORMT-00009912,OR-C000411,2,SUCCESSFUL,2025-10-22 18:57:22.000,Greater Accra|Tema,2107.0,GHS,AGENT
ORMT-00009913,OR-C000411,2,SUCCESSFUL,2025-11-10 09:04:03.000,Greater Accra|Tema,975.66,GHS,MOBILE_APP
ORMT-00009914,OR-C000411,1,SUCCESSFUL,2025-12-25 20:19:00.000,Greater Accra|Tema,576.38,GHS,MOBILE_APP
ORMT-00009915,OR-C000411,6,SUCCESSFUL,2025-12-21 10:22:19.000,Greater Accra|Tema,551.23,GHS,AGENT
ORMT-00009916,OR-C000411,3,SUCCESSFUL,2025-12-18 15:31:30.000,Greater Accra|Tema,1080.92,GHS,AGENT
ORMT-00009917,OR-C000411,1,SUCCESSFUL,2025-12-04 10:13:56.000,Greater Accra|Tema,790.14,GHS,THIRD_PARTY
ORMT-00009918,OR-C000411,2,SUCCESSFUL,2025-12-13 12:01:41.000,Greater Accra|Tema,1702.48,GHS,AGENT
ORMT-00009919,OR-C000411,2,SUCCESSFUL,2025-12-26 08:21:12.000,Greater Accra|Tema,1109.26,GHS,AGENT
ORMT-00009927,OR-C000412,8,SUCCESSFUL,2025-12-27 13:02:32.000,Greater Accra|Accra,1621.14,GHS,MOBILE_APP
ORMT-00009986,OR-C000413,1,SUCCESSFUL,2025-10-15 19:35:49.000,Northern|Savelugu,796.18,GHS,WEB
ORMT-00009987,OR-C000413,2,SUCCESSFUL,2025-10-29 10:12:02.000,Northern|Savelugu,2778.84,GHS,THIRD_PARTY
ORMT-00009988,OR-C000413,2,SUCCESSFUL,2025-10-24 12:58:22.000,Northern|Savelugu,685.3,GHS,THIRD_PARTY
ORMT-00009989,OR-C000413,9,SUCCESSFUL,2025-10-03 15:17:16.000,Northern|Savelugu,460.0,GHS,THIRD_PARTY
ORMT-00009990,OR-C000413,4,SUCCESSFUL,2025-11-05 12:52:55.000,Northern|Savelugu,1148.09,GHS,AGENT
ORMT-00009991,OR-C000413,4,SUCCESSFUL,2025-11-29 20:50:18.000,Northern|Savelugu,273.94,GHS,WEB
ORMT-00009992,OR-C000413,4,SUCCESSFUL,2025-11-16 20:30:54.000,Northern|Savelugu,656.59,GHS,MOBILE_APP
ORMT-00009993,OR-C000413,4,SUCCESSFUL,2025-11-29 14:49:37.000,Northern|Savelugu,769.77,GHS,API
ORMT-00009994,OR-C000413,1,SUCCESSFUL,2025-12-26 11:25:15.000,Northern|Savelugu,402.84,GHS,MOBILE_APP
ORMT-00009995,OR-C000413,2,SUCCESSFUL,2025-12-05 09:27:39.000,Northern|Savelugu,2034.6,GHS,AGENT
ORMT-00009996,OR-C000413,2,SUCCESSFUL,2025-12-17 10:41:28.000,Northern|Savelugu,884.67,GHS,API
ORMT-00009997,OR-C000413,1,SUCCESSFUL,2025-12-26 15:31:20.000,Northern|Savelugu,172.82,GHS,THIRD_PARTY
ORMT-00009998,OR-C000413,4,SUCCESSFUL,2025-12-27 10:16:15.000,Northern|Savelugu,603.0,GHS,AGENT
ORMT-00009999,OR-C000413,4,SUCCESSFUL,2025-12-15 07:50:48.000,Northern|Savelugu,280.95,GHS,THIRD_PARTY
ORMT-00010000,OR-C000413,3,SUCCESSFUL,2025-12-08 16:40:53.000,Northern|Savelugu,528.24,GHS,AGENT
ORMT-00010001,OR-C000413,1,SUCCESSFUL,2025-12-10 09:20:34.000,Northern|Savelugu,509.7,GHS,MOBILE_APP
ORMT-00010002,OR-C000413,6,SUCCESSFUL,2025-12-31 09:06:37.000,Northern|Savelugu,588.5,GHS,AGENT
ORMT-00010003,OR-C000413,5,SUCCESSFUL,2025-12-14 10:10:13.000,Northern|Savelugu,4011.42,GHS,AGENT
ORMT-00010114,OR-C000414,1,SUCCESSFUL,2025-10-18 14:37:34.000,Greater Accra|Madina,65.27,GHS,MOBILE_APP
ORMT-00010115,OR-C000414,3,SUCCESSFUL,2025-10-08 21:51:13.000,Greater Accra|Madina,142.53,GHS,API
ORMT-00010116,OR-C000414,1,SUCCESSFUL,2025-11-17 21:09:08.000,Greater Accra|Madina,996.64,GHS,THIRD_PARTY
ORMT-00010117,OR-C000414,3,SUCCESSFUL,2025-11-29 21:17:55.000,Greater Accra|Madina,1657.42,GHS,WEB
ORMT-00010118,OR-C000414,5,SUCCESSFUL,2025-11-25 07:06:49.000,Greater Accra|Madina,488.87,GHS,MOBILE_APP
ORMT-00010119,OR-C000414,10,SUCCESSFUL,2025-11-13 19:17:27.000,Greater Accra|Madina,1547.62,GHS,THIRD_PARTY
ORMT-00010120,OR-C000414,1,SUCCESSFUL,2025-11-15 15:01:16.000,Greater Accra|Madina,2897.87,GHS,AGENT
ORMT-00010121,OR-C000414,1,SUCCESSFUL,2025-11-21 13:06:10.000,Greater Accra|Madina,155.03,GHS,MOBILE_APP
ORMT-00010122,OR-C000414,1,SUCCESSFUL,2025-11-06 15:49:51.000,Greater Accra|Madina,194.44,GHS,WEB
ORMT-00010123,OR-C000414,1,SUCCESSFUL,2025-12-06 11:53:11.000,Greater Accra|Madina,691.82,GHS,THIRD_PARTY
ORMT-00010124,OR-C000414,2,SUCCESSFUL,2025-12-25 15:57:13.000,Greater Accra|Madina,73.81,GHS,API
ORMT-00010125,OR-C000414,10,SUCCESSFUL,2025-12-23 07:41:56.000,Greater Accra|Madina,437.65,GHS,API
ORMT-00010126,OR-C000414,5,SUCCESSFUL,2025-12-27 21:39:49.000,Greater Accra|Madina,379.83,GHS,MOBILE_APP
ORMT-00010127,OR-C000414,8,SUCCESSFUL,2025-12-07 11:21:12.000,Greater Accra|Madina,619.95,GHS,WEB
ORMT-00010128,OR-C000414,3,SUCCESSFUL,2025-12-16 07:11:30.000,Greater Accra|Madina,1108.88,GHS,MOBILE_APP
ORMT-00010129,OR-C000414,4,SUCCESSFUL,2025-12-10 09:37:04.000,Greater Accra|Madina,9557.24,GHS,WEB
ORMT-00010130,OR-C000414,3,SUCCESSFUL,2025-12-14 18:07:21.000,Greater Accra|Madina,1443.74,GHS,WEB
ORMT-00010131,OR-C000414,1,SUCCESSFUL,2025-12-16 15:11:43.000,Greater Accra|Madina,859.34,GHS,AGENT
ORMT-00010132,OR-C000414,4,SUCCESSFUL,2025-12-09 14:59:53.000,Greater Accra|Madina,493.24,GHS,WEB
ORMT-00010133,OR-C000414,1,SUCCESSFUL,2025-12-29 11:28:37.000,Greater Accra|Madina,180.59,GHS,MOBILE_APP
ORMT-00010134,OR-C000414,3,SUCCESSFUL,2025-12-27 15:10:46.000,Greater Accra|Madina,1038.13,GHS,AGENT
ORMT-00010208,OR-C000415,1,SUCCESSFUL,2025-10-29 21:39:32.000,Western|Axim,300.55,GHS,API
ORMT-00010209,OR-C000415,8,SUCCESSFUL,2025-10-24 17:11:50.000,Western|Axim,623.1,GHS,AGENT
ORMT-00010210,OR-C000415,6,REJECTED,2025-10-26 19:56:37.000,Western|Axim,283.63,GHS,WEB
ORMT-00010211,OR-C000415,3,FAILED,2025-10-03 13:08:52.000,Western|Axim,534.94,GHS,AGENT
ORMT-00010212,OR-C000415,3,SUCCESSFUL,2025-11-20 21:06:02.000,Western|Axim,425.54,GHS,MOBILE_APP
ORMT-00010213,OR-C000415,3,SUCCESSFUL,2025-11-10 10:35:18.000,Western|Axim,512.13,GHS,MOBILE_APP
ORMT-00010214,OR-C000415,5,SUCCESSFUL,2025-12-06 21:50:23.000,Western|Axim,196.07,GHS,AGENT
ORMT-00010215,OR-C000415,3,SUCCESSFUL,2025-12-13 19:52:53.000,Western|Axim,451.93,GHS,WEB
ORMT-00010219,OR-C000416,8,SUCCESSFUL,2025-10-20 21:24:15.000,Ashanti|Ejisu,609.96,GHS,AGENT
ORMT-00010220,OR-C000416,8,SUCCESSFUL,2025-11-09 07:48:55.000,Ashanti|Ejisu,345.94,GHS,AGENT
ORMT-00010221,OR-C000416,10,SUCCESSFUL,2025-11-27 07:54:40.000,Ashanti|Ejisu,471.75,GHS,AGENT
ORMT-00010225,OR-C000417,1,SUCCESSFUL,2025-10-12 13:32:22.000,Volta|Keta,668.14,GHS,MOBILE_APP
ORMT-00010226,OR-C000417,9,SUCCESSFUL,2025-10-25 09:18:29.000,Volta|Keta,461.22,GHS,AGENT
ORMT-00010238,OR-C000418,2,SUCCESSFUL,2025-10-02 19:26:44.000,Central|Winneba,666.12,GHS,API
ORMT-00010239,OR-C000418,4,SUCCESSFUL,2025-10-28 21:14:54.000,Central|Winneba,77.76,GHS,AGENT
ORMT-00010240,OR-C000418,8,SUCCESSFUL,2025-11-14 12:53:49.000,Central|Winneba,1509.58,GHS,MOBILE_APP
ORMT-00010241,OR-C000418,1,SUCCESSFUL,2025-12-17 20:25:48.000,Central|Winneba,1950.1,GHS,MOBILE_APP
ORMT-00010256,OR-C000419,2,SUCCESSFUL,2025-12-31 12:56:26.000,Greater Accra|Madina,407.94,GHS,AGENT
ORMT-00010310,OR-C000420,1,SUCCESSFUL,2025-10-27 13:26:16.000,Oti|Dambai,720.72,GHS,THIRD_PARTY
ORMT-00010311,OR-C000420,1,SUCCESSFUL,2025-10-23 07:52:40.000,Oti|Dambai,615.49,GHS,API
ORMT-00010312,OR-C000420,2,SUCCESSFUL,2025-11-16 09:08:23.000,Oti|Dambai,693.03,GHS,AGENT
ORMT-00010313,OR-C000420,2,SUCCESSFUL,2025-11-14 15:59:39.000,Oti|Dambai,788.84,GHS,MOBILE_APP
ORMT-00010344,OR-C000421,1,SUCCESSFUL,2025-10-02 07:18:19.000,Greater Accra|Tema,170.59,GHS,AGENT
ORMT-00010345,OR-C000421,1,SUCCESSFUL,2025-11-24 11:05:06.000,Greater Accra|Tema,655.72,GHS,AGENT
ORMT-00010346,OR-C000421,2,SUCCESSFUL,2025-12-27 17:18:17.000,Greater Accra|Tema,518.03,GHS,AGENT
ORMT-00010374,OR-C000424,8,SUCCESSFUL,2025-11-09 12:20:08.000,Central|Cape Coast,3002.63,GHS,AGENT
ORMT-00010375,OR-C000424,1,SUCCESSFUL,2025-11-07 07:49:25.000,Central|Cape Coast,352.42,GHS,WEB
ORMT-00010387,OR-C000425,2,SUCCESSFUL,2025-12-20 09:16:17.000,Northern|Tamale,572.68,GHS,WEB
ORMT-00010388,OR-C000425,1,SUCCESSFUL,2025-12-08 10:11:21.000,Northern|Tamale,525.84,GHS,AGENT
ORMT-00010389,OR-C000425,4,SUCCESSFUL,2025-12-29 16:22:36.000,Northern|Tamale,555.38,GHS,AGENT
ORMT-00010415,OR-C000426,4,SUCCESSFUL,2025-11-18 13:21:53.000,Greater Accra|Madina,1001.23,GHS,THIRD_PARTY
ORMT-00010416,OR-C000426,1,SUCCESSFUL,2025-11-15 07:45:15.000,Greater Accra|Madina,317.2,GHS,THIRD_PARTY
ORMT-00010417,OR-C000426,3,SUCCESSFUL,2025-12-11 18:03:52.000,Greater Accra|Madina,356.11,GHS,AGENT
ORMT-00010426,OR-C000427,1,SUCCESSFUL,2025-10-20 18:08:37.000,Greater Accra|Tema,230.7,GHS,AGENT
ORMT-00010427,OR-C000427,3,SUCCESSFUL,2025-11-07 09:42:02.000,Greater Accra|Tema,524.73,GHS,API
ORMT-00010428,OR-C000427,1,SUCCESSFUL,2025-12-23 12:12:19.000,Greater Accra|Tema,317.26,GHS,AGENT
ORMT-00010429,OR-C000427,1,SUCCESSFUL,2025-12-25 12:09:15.000,Greater Accra|Tema,223.99,GHS,AGENT
ORMT-00010449,OR-C000428,3,SUCCESSFUL,2025-10-05 08:56:43.000,Greater Accra|Accra,1245.18,GHS,AGENT
ORMT-00010450,OR-C000428,2,SUCCESSFUL,2025-11-13 14:50:55.000,Greater Accra|Accra,526.35,GHS,THIRD_PARTY
ORMT-00010451,OR-C000428,1,SUCCESSFUL,2025-11-27 07:35:21.000,Greater Accra|Accra,1743.84,GHS,MOBILE_APP
ORMT-00010452,OR-C000428,8,FAILED,2025-11-13 17:52:13.000,Greater Accra|Accra,1054.2,GHS,AGENT
ORMT-00010453,OR-C000428,3,SUCCESSFUL,2025-11-10 09:12:24.000,Greater Accra|Accra,867.97,GHS,AGENT
ORMT-00010454,OR-C000428,4,SUCCESSFUL,2025-12-28 21:25:26.000,Greater Accra|Accra,581.03,GHS,API
ORMT-00010455,OR-C000428,3,SUCCESSFUL,2025-12-21 15:52:02.000,Greater Accra|Accra,225.73,GHS,WEB
ORMT-00010456,OR-C000428,3,SUCCESSFUL,2025-12-10 19:19:39.000,Greater Accra|Accra,1156.71,GHS,WEB
ORMT-00010457,OR-C000428,1,SUCCESSFUL,2025-12-23 13:04:37.000,Greater Accra|Accra,2560.69,GHS,API
ORMT-00010482,OR-C000430,7,SUCCESSFUL,2025-10-15 11:57:53.000,Greater Accra|Tema,658.75,GHS,AGENT
ORMT-00010483,OR-C000430,1,SUCCESSFUL,2025-10-18 17:04:53.000,Greater Accra|Tema,1253.45,GHS,MOBILE_APP
ORMT-00010484,OR-C000430,1,SUCCESSFUL,2025-11-04 19:37:58.000,Greater Accra|Tema,440.47,GHS,AGENT
ORMT-00010485,OR-C000430,3,SUCCESSFUL,2025-11-07 18:01:11.000,Greater Accra|Tema,8981.76,GHS,MOBILE_APP
ORMT-00010486,OR-C000430,3,SUCCESSFUL,2025-11-29 12:25:43.000,Greater Accra|Tema,199.43,GHS,MOBILE_APP
ORMT-00010487,OR-C000430,2,SUCCESSFUL,2025-12-22 07:30:14.000,Greater Accra|Tema,572.6,GHS,WEB
ORMT-00010488,OR-C000430,1,SUCCESSFUL,2025-12-22 15:44:06.000,Greater Accra|Tema,853.75,GHS,AGENT
ORMT-00010489,OR-C000430,7,SUCCESSFUL,2025-12-27 14:23:14.000,Greater Accra|Tema,208.28,GHS,MOBILE_APP
ORMT-00010490,OR-C000430,1,SUCCESSFUL,2025-12-02 12:13:44.000,Greater Accra|Tema,3311.01,GHS,MOBILE_APP
ORMT-00010509,OR-C000431,8,SUCCESSFUL,2025-10-02 16:12:22.000,Bono East|Techiman,265.56,GHS,THIRD_PARTY
ORMT-00010510,OR-C000431,4,SUCCESSFUL,2025-10-21 17:46:38.000,Bono East|Techiman,280.29,GHS,MOBILE_APP
ORMT-00010511,OR-C000431,4,SUCCESSFUL,2025-10-28 16:27:37.000,Bono East|Techiman,650.35,GHS,API
ORMT-00010512,OR-C000431,4,SUCCESSFUL,2025-10-08 20:40:22.000,Bono East|Techiman,724.25,GHS,AGENT
ORMT-00010513,OR-C000431,1,SUCCESSFUL,2025-11-30 08:41:58.000,Bono East|Techiman,386.32,GHS,AGENT
ORMT-00010514,OR-C000431,4,SUCCESSFUL,2025-11-16 14:34:22.000,Bono East|Techiman,402.06,GHS,AGENT
ORMT-00010515,OR-C000431,9,SUCCESSFUL,2025-11-30 20:36:10.000,Bono East|Techiman,145.16,GHS,MOBILE_APP
ORMT-00010516,OR-C000431,10,SUCCESSFUL,2025-11-10 21:10:32.000,Bono East|Techiman,730.86,GHS,MOBILE_APP
ORMT-00010517,OR-C000431,1,SUCCESSFUL,2025-12-16 07:51:58.000,Bono East|Techiman,547.11,GHS,AGENT
ORMT-00010518,OR-C000431,4,SUCCESSFUL,2025-12-07 14:17:47.000,Bono East|Techiman,232.12,GHS,MOBILE_APP
ORMT-00010519,OR-C000431,6,SUCCESSFUL,2025-12-26 12:14:45.000,Bono East|Techiman,794.35,GHS,AGENT
ORMT-00010520,OR-C000431,4,SUCCESSFUL,2025-12-24 18:29:33.000,Bono East|Techiman,3333.35,GHS,THIRD_PARTY
ORMT-00010521,OR-C000431,1,SUCCESSFUL,2025-12-19 15:22:47.000,Bono East|Techiman,455.85,GHS,MOBILE_APP
ORMT-00010522,OR-C000431,5,SUCCESSFUL,2025-12-05 07:19:37.000,Bono East|Techiman,634.2,GHS,AGENT
ORMT-00010523,OR-C000431,6,SUCCESSFUL,2025-12-11 15:47:53.000,Bono East|Techiman,216.66,GHS,AGENT
ORMT-00010547,OR-C000433,4,SUCCESSFUL,2025-10-21 19:34:11.000,Volta|Hohoe,285.54,GHS,AGENT
ORMT-00010548,OR-C000433,2,SUCCESSFUL,2025-12-15 10:09:03.000,Volta|Hohoe,1916.56,GHS,MOBILE_APP
ORMT-00010558,OR-C000434,9,SUCCESSFUL,2025-10-27 13:36:57.000,Ashanti|Obuasi,1214.61,GHS,MOBILE_APP
ORMT-00010622,OR-C000437,3,SUCCESSFUL,2025-10-31 17:16:12.000,Oti|Dambai,387.28,GHS,AGENT
ORMT-00010623,OR-C000437,1,SUCCESSFUL,2025-10-29 08:58:57.000,Oti|Dambai,1010.55,GHS,API
ORMT-00010624,OR-C000437,4,SUCCESSFUL,2025-10-07 14:08:38.000,Oti|Dambai,643.68,GHS,AGENT
ORMT-00010625,OR-C000437,2,SUCCESSFUL,2025-10-06 17:03:47.000,Oti|Dambai,1332.92,GHS,MOBILE_APP
ORMT-00010626,OR-C000437,3,SUCCESSFUL,2025-10-18 11:33:36.000,Oti|Dambai,1815.74,GHS,AGENT
ORMT-00010627,OR-C000437,9,SUCCESSFUL,2025-11-08 10:06:30.000,Oti|Dambai,294.29,GHS,THIRD_PARTY
ORMT-00010628,OR-C000437,5,SUCCESSFUL,2025-11-15 14:17:23.000,Oti|Dambai,986.09,GHS,MOBILE_APP
ORMT-00010629,OR-C000437,7,SUCCESSFUL,2025-11-07 10:34:47.000,Oti|Dambai,1986.86,GHS,MOBILE_APP
ORMT-00010630,OR-C000437,2,SUCCESSFUL,2025-12-30 07:06:33.000,Oti|Dambai,1151.64,GHS,THIRD_PARTY
ORMT-00010631,OR-C000437,2,SUCCESSFUL,2025-12-27 18:15:31.000,Oti|Dambai,375.79,GHS,MOBILE_APP
ORMT-00010632,OR-C000437,4,SUCCESSFUL,2025-12-01 09:28:46.000,Oti|Dambai,231.49,GHS,MOBILE_APP
ORMT-00010633,OR-C000437,3,SUCCESSFUL,2025-12-06 17:48:07.000,Oti|Dambai,1155.93,GHS,AGENT
ORMT-00010634,OR-C000437,3,SUCCESSFUL,2025-12-22 21:44:38.000,Oti|Dambai,362.66,GHS,AGENT
ORMT-00010651,OR-C000438,9,SUCCESSFUL,2025-10-22 09:02:56.000,Volta|Hohoe,1217.19,GHS,AGENT
ORMT-00010652,OR-C000438,4,SUCCESSFUL,2025-11-20 20:31:16.000,Volta|Hohoe,1489.17,GHS,AGENT
ORMT-00010653,OR-C000438,6,SUCCESSFUL,2025-11-14 12:46:13.000,Volta|Hohoe,4431.59,GHS,AGENT
ORMT-00010654,OR-C000438,5,FAILED,2025-11-06 21:01:06.000,Volta|Hohoe,750.94,GHS,AGENT
ORMT-00010655,OR-C000438,2,SUCCESSFUL,2025-12-04 18:14:38.000,Volta|Hohoe,414.71,GHS,AGENT
ORMT-00010729,OR-C000439,1,SUCCESSFUL,2025-10-04 14:19:05.000,Ashanti|Kumasi,674.74,GHS,MOBILE_APP
ORMT-00010730,OR-C000439,1,SUCCESSFUL,2025-11-06 12:58:22.000,Ashanti|Kumasi,370.71,GHS,WEB
ORMT-00010731,OR-C000439,6,SUCCESSFUL,2025-11-06 10:15:45.000,Ashanti|Kumasi,1057.06,GHS,WEB
ORMT-00010732,OR-C000439,1,SUCCESSFUL,2025-11-12 09:49:30.000,Ashanti|Kumasi,2643.69,GHS,AGENT
ORMT-00010733,OR-C000439,1,SUCCESSFUL,2025-11-15 21:52:25.000,Ashanti|Kumasi,464.56,GHS,THIRD_PARTY
ORMT-00010734,OR-C000439,1,SUCCESSFUL,2025-12-11 13:11:19.000,Ashanti|Kumasi,1306.89,GHS,AGENT
ORMT-00010735,OR-C000439,1,REJECTED,2025-12-08 12:45:47.000,Ashanti|Kumasi,282.32,GHS,AGENT
ORMT-00010750,OR-C000440,5,SUCCESSFUL,2025-10-06 13:16:35.000,Central|Elmina,554.45,GHS,MOBILE_APP
ORMT-00010751,OR-C000440,7,FAILED,2025-10-04 20:22:52.000,Central|Elmina,287.94,GHS,AGENT
ORMT-00010752,OR-C000440,1,SUCCESSFUL,2025-10-24 21:31:57.000,Central|Elmina,729.09,GHS,THIRD_PARTY
ORMT-00010753,OR-C000440,1,SUCCESSFUL,2025-11-19 20:58:53.000,Central|Elmina,1012.95,GHS,AGENT
ORMT-00010754,OR-C000440,5,SUCCESSFUL,2025-11-29 16:55:20.000,Central|Elmina,324.88,GHS,AGENT
ORMT-00010755,OR-C000440,2,SUCCESSFUL,2025-11-09 21:18:32.000,Central|Elmina,617.66,GHS,THIRD_PARTY
ORMT-00010756,OR-C000440,3,SUCCESSFUL,2025-12-20 20:56:21.000,Central|Elmina,603.84,GHS,AGENT
ORMT-00010757,OR-C000440,1,SUCCESSFUL,2025-12-26 16:37:17.000,Central|Elmina,1590.24,GHS,API
ORMT-00010777,OR-C000441,6,SUCCESSFUL,2025-11-14 20:11:43.000,Bono East|Techiman,2120.56,GHS,MOBILE_APP
ORMT-00010778,OR-C000441,5,SUCCESSFUL,2025-12-29 19:07:47.000,Bono East|Techiman,567.14,GHS,THIRD_PARTY
ORMT-00010830,OR-C000443,1,SUCCESSFUL,2025-10-23 10:49:31.000,Greater Accra|Madina,181.14,GHS,MOBILE_APP
ORMT-00010831,OR-C000443,8,SUCCESSFUL,2025-10-21 09:23:43.000,Greater Accra|Madina,257.23,GHS,WEB
ORMT-00010832,OR-C000443,5,SUCCESSFUL,2025-10-27 16:23:22.000,Greater Accra|Madina,366.29,GHS,THIRD_PARTY
ORMT-00010833,OR-C000443,9,SUCCESSFUL,2025-11-07 11:48:24.000,Greater Accra|Madina,200.41,GHS,MOBILE_APP
ORMT-00010834,OR-C000443,10,SUCCESSFUL,2025-12-22 10:01:13.000,Greater Accra|Madina,158.0,GHS,API
ORMT-00010835,OR-C000443,2,SUCCESSFUL,2025-12-15 09:11:34.000,Greater Accra|Madina,1307.05,GHS,WEB
ORMT-00010869,OR-C000444,4,SUCCESSFUL,2025-10-29 13:17:39.000,Bono East|Kintampo,425.08,GHS,THIRD_PARTY
ORMT-00010870,OR-C000444,7,SUCCESSFUL,2025-10-25 16:44:42.000,Bono East|Kintampo,845.89,GHS,API
ORMT-00010871,OR-C000444,2,SUCCESSFUL,2025-10-27 09:34:47.000,Bono East|Kintampo,2096.73,GHS,THIRD_PARTY
ORMT-00010872,OR-C000444,3,SUCCESSFUL,2025-10-28 16:57:28.000,Bono East|Kintampo,1077.23,GHS,AGENT
ORMT-00010873,OR-C000444,1,SUCCESSFUL,2025-10-31 20:05:51.000,Bono East|Kintampo,1947.15,GHS,AGENT
ORMT-00010874,OR-C000444,4,SUCCESSFUL,2025-10-28 17:21:39.000,Bono East|Kintampo,1446.21,GHS,WEB
ORMT-00010875,OR-C000444,1,SUCCESSFUL,2025-11-10 17:22:01.000,Bono East|Kintampo,264.49,GHS,AGENT
ORMT-00010876,OR-C000444,6,SUCCESSFUL,2025-11-20 19:41:09.000,Bono East|Kintampo,237.34,GHS,MOBILE_APP
ORMT-00010877,OR-C000444,10,SUCCESSFUL,2025-11-25 16:33:25.000,Bono East|Kintampo,290.12,GHS,MOBILE_APP
ORMT-00010878,OR-C000444,1,SUCCESSFUL,2025-12-25 10:55:12.000,Bono East|Kintampo,233.77,GHS,THIRD_PARTY
ORMT-00010879,OR-C000444,3,SUCCESSFUL,2025-12-28 18:09:45.000,Bono East|Kintampo,755.89,GHS,MOBILE_APP
ORMT-00010880,OR-C000444,2,SUCCESSFUL,2025-12-23 17:43:39.000,Bono East|Kintampo,3097.47,GHS,AGENT
ORMT-00010881,OR-C000444,3,SUCCESSFUL,2025-12-01 12:55:55.000,Bono East|Kintampo,1223.31,GHS,MOBILE_APP
ORMT-00010885,OR-C000445,1,SUCCESSFUL,2025-12-14 07:04:18.000,Greater Accra|Madina,681.38,GHS,MOBILE_APP
ORMT-00010893,OR-C000446,5,SUCCESSFUL,2025-12-06 15:30:16.000,Volta|Ho,100.96,GHS,AGENT
ORMT-00010949,OR-C000447,3,SUCCESSFUL,2025-10-31 07:05:09.000,Ashanti|Kumasi,2128.49,GHS,THIRD_PARTY
ORMT-00010950,OR-C000447,3,REJECTED,2025-10-17 08:53:33.000,Ashanti|Kumasi,146.04,GHS,WEB
ORMT-00010951,OR-C000447,4,SUCCESSFUL,2025-10-01 21:40:14.000,Ashanti|Kumasi,299.79,GHS,MOBILE_APP
ORMT-00010952,OR-C000447,2,SUCCESSFUL,2025-11-12 20:47:09.000,Ashanti|Kumasi,311.13,GHS,MOBILE_APP
ORMT-00010953,OR-C000447,7,SUCCESSFUL,2025-11-25 10:35:08.000,Ashanti|Kumasi,1458.68,GHS,WEB
ORMT-00010954,OR-C000447,1,SUCCESSFUL,2025-12-30 10:44:57.000,Ashanti|Kumasi,524.76,GHS,AGENT
ORMT-00010955,OR-C000447,5,SUCCESSFUL,2025-12-31 11:29:35.000,Ashanti|Kumasi,574.32,GHS,AGENT
ORMT-00010956,OR-C000447,4,SUCCESSFUL,2025-12-09 13:27:21.000,Ashanti|Kumasi,460.39,GHS,AGENT
ORMT-00010957,OR-C000447,6,SUCCESSFUL,2025-12-16 21:52:50.000,Ashanti|Kumasi,1163.16,GHS,API
ORMT-00010958,OR-C000447,2,SUCCESSFUL,2025-12-22 17:42:25.000,Ashanti|Kumasi,617.66,GHS,API
ORMT-00010959,OR-C000447,3,SUCCESSFUL,2025-12-02 14:48:06.000,Ashanti|Kumasi,971.56,GHS,API
ORMT-00010960,OR-C000447,7,SUCCESSFUL,2025-12-23 09:21:27.000,Ashanti|Kumasi,1213.99,GHS,AGENT
ORMT-00011093,OR-C000448,5,SUCCESSFUL,2025-10-31 10:45:55.000,Greater Accra|Accra,373.05,GHS,MOBILE_APP
ORMT-00011094,OR-C000448,3,SUCCESSFUL,2025-10-24 07:36:51.000,Greater Accra|Accra,916.39,GHS,MOBILE_APP
ORMT-00011095,OR-C000448,1,SUCCESSFUL,2025-11-03 14:28:09.000,Greater Accra|Accra,1917.34,GHS,WEB
ORMT-00011096,OR-C000448,10,SUCCESSFUL,2025-11-13 11:01:04.000,Greater Accra|Accra,1208.38,GHS,AGENT
ORMT-00011097,OR-C000448,3,SUCCESSFUL,2025-11-09 16:11:53.000,Greater Accra|Accra,530.22,GHS,AGENT
ORMT-00011098,OR-C000448,10,SUCCESSFUL,2025-11-19 13:48:42.000,Greater Accra|Accra,519.71,GHS,THIRD_PARTY
ORMT-00011099,OR-C000448,1,SUCCESSFUL,2025-11-03 19:05:36.000,Greater Accra|Accra,497.44,GHS,AGENT
ORMT-00011100,OR-C000448,5,SUCCESSFUL,2025-11-26 13:10:52.000,Greater Accra|Accra,1088.16,GHS,API
ORMT-00011101,OR-C000448,2,REJECTED,2025-11-06 09:19:28.000,Greater Accra|Accra,804.57,GHS,AGENT
ORMT-00011102,OR-C000448,4,SUCCESSFUL,2025-12-19 12:44:41.000,Greater Accra|Accra,1020.43,GHS,MOBILE_APP
ORMT-00011103,OR-C000448,5,SUCCESSFUL,2025-12-16 14:37:24.000,Greater Accra|Accra,1638.04,GHS,API
ORMT-00011104,OR-C000448,4,SUCCESSFUL,2025-12-25 20:04:05.000,Greater Accra|Accra,2044.07,GHS,THIRD_PARTY
ORMT-00011105,OR-C000448,1,SUCCESSFUL,2025-12-20 17:48:07.000,Greater Accra|Accra,239.22,GHS,WEB
ORMT-00011106,OR-C000448,1,SUCCESSFUL,2025-12-18 16:52:47.000,Greater Accra|Accra,386.95,GHS,AGENT
ORMT-00011107,OR-C000448,3,SUCCESSFUL,2025-12-21 10:52:44.000,Greater Accra|Accra,3633.71,GHS,AGENT
ORMT-00011108,OR-C000448,6,SUCCESSFUL,2025-12-22 11:35:28.000,Greater Accra|Accra,337.86,GHS,AGENT
ORMT-00011116,OR-C000449,8,SUCCESSFUL,2025-10-14 13:08:58.000,Ashanti|Kumasi,1013.5,GHS,MOBILE_APP
ORMT-00011117,OR-C000449,2,SUCCESSFUL,2025-11-20 15:27:38.000,Ashanti|Kumasi,1283.08,GHS,MOBILE_APP
ORMT-00011123,OR-C000450,2,SUCCESSFUL,2025-11-26 18:11:27.000,Greater Accra|Kasoa,602.67,GHS,AGENT
ORMT-00011124,OR-C000450,1,SUCCESSFUL,2025-12-17 12:20:20.000,Greater Accra|Kasoa,426.8,GHS,AGENT
ORMT-00011203,OR-C000451,2,SUCCESSFUL,2025-10-25 09:13:37.000,Greater Accra|Tema,771.77,GHS,MOBILE_APP
ORMT-00011204,OR-C000451,1,SUCCESSFUL,2025-10-29 14:47:53.000,Greater Accra|Tema,1237.83,GHS,AGENT
ORMT-00011205,OR-C000451,5,SUCCESSFUL,2025-11-06 08:04:46.000,Greater Accra|Tema,1103.19,GHS,AGENT
ORMT-00011206,OR-C000451,9,SUCCESSFUL,2025-11-11 09:05:36.000,Greater Accra|Tema,3364.98,GHS,MOBILE_APP
ORMT-00011207,OR-C000451,1,SUCCESSFUL,2025-11-20 08:44:52.000,Greater Accra|Tema,240.63,GHS,THIRD_PARTY
ORMT-00011208,OR-C000451,1,FAILED,2025-11-09 13:18:11.000,Greater Accra|Tema,608.47,GHS,AGENT
ORMT-00011209,OR-C000451,9,SUCCESSFUL,2025-12-04 15:25:06.000,Greater Accra|Tema,180.76,GHS,MOBILE_APP
ORMT-00011210,OR-C000451,6,SUCCESSFUL,2025-12-03 11:48:15.000,Greater Accra|Tema,504.08,GHS,THIRD_PARTY
ORMT-00011211,OR-C000451,1,SUCCESSFUL,2025-12-26 18:16:23.000,Greater Accra|Tema,2365.2,GHS,WEB
ORMT-00011212,OR-C000451,1,SUCCESSFUL,2025-12-03 17:15:35.000,Greater Accra|Tema,1745.58,GHS,MOBILE_APP
ORMT-00011213,OR-C000451,8,SUCCESSFUL,2025-12-10 08:09:06.000,Greater Accra|Tema,324.57,GHS,AGENT
ORMT-00011214,OR-C000451,5,SUCCESSFUL,2025-12-17 15:52:13.000,Greater Accra|Tema,185.34,GHS,MOBILE_APP
ORMT-00011224,OR-C000452,3,SUCCESSFUL,2025-10-28 10:47:31.000,Central|Winneba,465.85,GHS,AGENT
ORMT-00011225,OR-C000452,1,SUCCESSFUL,2025-10-16 16:58:21.000,Central|Winneba,692.43,GHS,THIRD_PARTY
ORMT-00011226,OR-C000452,6,SUCCESSFUL,2025-10-09 20:03:33.000,Central|Winneba,937.12,GHS,AGENT
ORMT-00011227,OR-C000452,1,SUCCESSFUL,2025-11-23 11:12:31.000,Central|Winneba,694.62,GHS,MOBILE_APP
ORMT-00011236,OR-C000453,1,SUCCESSFUL,2025-12-14 08:12:52.000,Upper West|Lawra,1152.36,GHS,MOBILE_APP
ORMT-00011246,OR-C000454,2,REJECTED,2025-10-20 21:49:22.000,Greater Accra|Madina,168.65,GHS,THIRD_PARTY
ORMT-00011247,OR-C000455,5,SUCCESSFUL,2025-12-30 07:35:31.000,Eastern|Akropong,453.02,GHS,WEB
ORMT-00011248,OR-C000455,3,SUCCESSFUL,2025-12-26 07:56:07.000,Eastern|Akropong,488.46,GHS,MOBILE_APP
ORMT-00011277,OR-C000456,9,SUCCESSFUL,2025-12-27 21:19:06.000,Northern|Savelugu,1626.6,GHS,AGENT
ORMT-00011278,OR-C000457,7,SUCCESSFUL,2025-11-16 19:29:18.000,Eastern|Koforidua,1090.99,GHS,MOBILE_APP
ORMT-00011390,OR-C000458,4,SUCCESSFUL,2025-10-27 19:09:20.000,Ashanti|Obuasi,1056.94,GHS,MOBILE_APP
ORMT-00011391,OR-C000458,1,FAILED,2025-10-22 21:43:19.000,Ashanti|Obuasi,356.23,GHS,MOBILE_APP
ORMT-00011392,OR-C000458,1,SUCCESSFUL,2025-10-30 16:20:23.000,Ashanti|Obuasi,87.79,GHS,WEB
ORMT-00011393,OR-C000458,1,SUCCESSFUL,2025-10-07 07:42:33.000,Ashanti|Obuasi,745.41,GHS,THIRD_PARTY
ORMT-00011394,OR-C000458,3,SUCCESSFUL,2025-10-27 13:29:51.000,Ashanti|Obuasi,499.59,GHS,MOBILE_APP
ORMT-00011395,OR-C000458,1,SUCCESSFUL,2025-11-21 13:26:54.000,Ashanti|Obuasi,3449.34,GHS,MOBILE_APP
ORMT-00011396,OR-C000458,3,SUCCESSFUL,2025-11-11 18:07:14.000,Ashanti|Obuasi,1510.76,GHS,AGENT
ORMT-00011397,OR-C000458,4,SUCCESSFUL,2025-11-22 15:42:55.000,Ashanti|Obuasi,1036.34,GHS,AGENT
ORMT-00011398,OR-C000458,7,SUCCESSFUL,2025-12-15 07:45:19.000,Ashanti|Obuasi,1176.17,GHS,AGENT
ORMT-00011399,OR-C000458,6,SUCCESSFUL,2025-12-14 12:20:43.000,Ashanti|Obuasi,969.28,GHS,AGENT
ORMT-00011400,OR-C000458,1,SUCCESSFUL,2025-12-10 13:23:41.000,Ashanti|Obuasi,286.12,GHS,API
ORMT-00011401,OR-C000458,1,SUCCESSFUL,2025-12-12 09:14:52.000,Ashanti|Obuasi,2336.23,GHS,AGENT
ORMT-00011402,OR-C000458,1,SUCCESSFUL,2025-12-20 13:41:03.000,Ashanti|Obuasi,506.06,GHS,WEB
ORMT-00011440,OR-C000459,4,SUCCESSFUL,2025-10-14 15:20:17.000,Bono|Sunyani,353.18,GHS,WEB
ORMT-00011441,OR-C000459,2,SUCCESSFUL,2025-11-03 15:54:22.000,Bono|Sunyani,362.02,GHS,MOBILE_APP
ORMT-00011442,OR-C000459,4,SUCCESSFUL,2025-12-02 18:58:03.000,Bono|Sunyani,778.89,GHS,WEB
ORMT-00011443,OR-C000459,2,SUCCESSFUL,2025-12-01 09:42:59.000,Bono|Sunyani,499.67,GHS,WEB
ORMT-00011444,OR-C000459,3,SUCCESSFUL,2025-12-22 10:03:58.000,Bono|Sunyani,437.18,GHS,AGENT
ORMT-00011445,OR-C000459,7,SUCCESSFUL,2025-12-25 10:57:47.000,Bono|Sunyani,644.62,GHS,MOBILE_APP
ORMT-00011446,OR-C000459,2,SUCCESSFUL,2025-12-13 19:17:46.000,Bono|Sunyani,278.88,GHS,AGENT
ORMT-00011447,OR-C000459,1,SUCCESSFUL,2025-12-22 15:24:10.000,Bono|Sunyani,352.57,GHS,THIRD_PARTY
ORMT-00011448,OR-C000459,7,SUCCESSFUL,2025-12-21 18:35:41.000,Bono|Sunyani,221.48,GHS,AGENT
ORMT-00011456,OR-C000460,1,SUCCESSFUL,2025-11-03 12:16:26.000,Northern|Yendi,448.17,GHS,MOBILE_APP
ORMT-00011457,OR-C000460,4,SUCCESSFUL,2025-12-13 20:22:40.000,Northern|Yendi,527.87,GHS,MOBILE_APP
ORMT-00011462,OR-C000461,1,FAILED,2025-11-28 15:25:53.000,Volta|Hohoe,585.11,GHS,MOBILE_APP
ORMT-00011474,OR-C000462,1,SUCCESSFUL,2025-10-02 09:03:47.000,Ashanti|Ejisu,298.35,GHS,THIRD_PARTY
ORMT-00011478,OR-C000463,5,SUCCESSFUL,2025-11-13 21:46:25.000,Greater Accra|Accra,1064.2,GHS,MOBILE_APP
ORMT-00011479,OR-C000463,10,SUCCESSFUL,2025-12-05 09:54:24.000,Greater Accra|Accra,812.19,GHS,AGENT
ORMT-00011492,OR-C000464,1,SUCCESSFUL,2025-11-02 11:52:25.000,Central|Elmina,139.23,GHS,AGENT
ORMT-00011493,OR-C000464,10,SUCCESSFUL,2025-11-17 07:02:42.000,Central|Elmina,471.83,GHS,AGENT
ORMT-00011532,OR-C000467,7,SUCCESSFUL,2025-11-02 12:48:01.000,Bono East|Kintampo,698.17,GHS,MOBILE_APP
ORMT-00011563,OR-C000469,2,SUCCESSFUL,2025-10-11 19:04:13.000,Central|Cape Coast,1266.98,GHS,WEB
ORMT-00011564,OR-C000469,7,SUCCESSFUL,2025-12-26 09:10:57.000,Central|Cape Coast,304.44,GHS,WEB
ORMT-00011579,OR-C000470,5,SUCCESSFUL,2025-10-07 13:16:20.000,Greater Accra|Tema,664.26,GHS,AGENT
ORMT-00011580,OR-C000470,2,SUCCESSFUL,2025-11-30 19:37:56.000,Greater Accra|Tema,180.13,GHS,AGENT
ORMT-00011581,OR-C000470,6,SUCCESSFUL,2025-11-17 14:13:00.000,Greater Accra|Tema,710.89,GHS,AGENT
ORMT-00011582,OR-C000470,3,SUCCESSFUL,2025-12-24 13:51:09.000,Greater Accra|Tema,112.23,GHS,WEB
ORMT-00011583,OR-C000470,10,SUCCESSFUL,2025-12-23 19:21:52.000,Greater Accra|Tema,178.27,GHS,THIRD_PARTY
ORMT-00011584,OR-C000470,1,SUCCESSFUL,2025-12-10 12:21:46.000,Greater Accra|Tema,217.99,GHS,MOBILE_APP
ORMT-00011592,OR-C000471,3,SUCCESSFUL,2025-10-09 19:33:07.000,Greater Accra|Tema,741.98,GHS,MOBILE_APP
ORMT-00011593,OR-C000471,1,SUCCESSFUL,2025-12-31 18:52:07.000,Greater Accra|Tema,521.75,GHS,MOBILE_APP
ORMT-00011621,OR-C000472,4,FAILED,2025-10-14 11:44:39.000,Northern|Savelugu,354.33,GHS,THIRD_PARTY
ORMT-00011622,OR-C000472,7,SUCCESSFUL,2025-11-01 09:53:17.000,Northern|Savelugu,228.02,GHS,AGENT
ORMT-00011623,OR-C000472,1,SUCCESSFUL,2025-11-02 09:08:51.000,Northern|Savelugu,1207.81,GHS,API
ORMT-00011624,OR-C000472,1,SUCCESSFUL,2025-11-02 08:27:42.000,Northern|Savelugu,166.84,GHS,MOBILE_APP
ORMT-00011625,OR-C000472,4,SUCCESSFUL,2025-11-25 09:10:03.000,Northern|Savelugu,646.17,GHS,MOBILE_APP
ORMT-00011626,OR-C000472,9,SUCCESSFUL,2025-12-07 17:50:14.000,Northern|Savelugu,1364.6,GHS,WEB
ORMT-00011627,OR-C000472,1,SUCCESSFUL,2025-12-22 19:51:16.000,Northern|Savelugu,242.97,GHS,AGENT
ORMT-00011628,OR-C000472,3,SUCCESSFUL,2025-12-08 12:58:53.000,Northern|Savelugu,393.32,GHS,THIRD_PARTY
ORMT-00011629,OR-C000472,3,SUCCESSFUL,2025-12-15 14:20:42.000,Northern|Savelugu,389.36,GHS,THIRD_PARTY
ORMT-00011630,OR-C000472,4,SUCCESSFUL,2025-12-28 20:29:24.000,Northern|Savelugu,316.03,GHS,THIRD_PARTY
ORMT-00011631,OR-C000472,5,SUCCESSFUL,2025-12-11 08:09:11.000,Northern|Savelugu,563.3,GHS,AGENT
ORMT-00011632,OR-C000472,3,FAILED,2025-12-31 08:34:19.000,Northern|Savelugu,1449.92,GHS,AGENT
ORMT-00011633,OR-C000472,1,SUCCESSFUL,2025-12-12 18:06:47.000,Northern|Savelugu,728.51,GHS,WEB
ORMT-00011671,OR-C000473,2,SUCCESSFUL,2025-11-08 12:55:23.000,Northern|Savelugu,305.7,GHS,AGENT
ORMT-00011672,OR-C000473,1,SUCCESSFUL,2025-11-14 15:03:08.000,Northern|Savelugu,322.37,GHS,AGENT
ORMT-00011673,OR-C000473,4,SUCCESSFUL,2025-12-31 08:16:47.000,Northern|Savelugu,168.99,GHS,AGENT
ORMT-00011674,OR-C000473,3,SUCCESSFUL,2025-12-06 07:35:16.000,Northern|Savelugu,334.78,GHS,MOBILE_APP
ORMT-00011675,OR-C000473,1,SUCCESSFUL,2025-12-10 11:06:30.000,Northern|Savelugu,1389.94,GHS,MOBILE_APP
ORMT-00011684,OR-C000474,5,SUCCESSFUL,2025-10-18 18:29:57.000,Greater Accra|Tema,541.08,GHS,AGENT
ORMT-00011685,OR-C000474,6,SUCCESSFUL,2025-12-08 21:17:42.000,Greater Accra|Tema,572.37,GHS,MOBILE_APP
ORMT-00011719,OR-C000475,4,SUCCESSFUL,2025-10-08 13:21:32.000,Greater Accra|Kasoa,633.56,GHS,MOBILE_APP
ORMT-00011720,OR-C000475,9,SUCCESSFUL,2025-10-11 21:07:20.000,Greater Accra|Kasoa,330.31,GHS,MOBILE_APP
ORMT-00011721,OR-C000475,1,SUCCESSFUL,2025-11-28 15:53:19.000,Greater Accra|Kasoa,709.3,GHS,MOBILE_APP
ORMT-00011722,OR-C000475,3,SUCCESSFUL,2025-12-25 15:54:24.000,Greater Accra|Kasoa,196.16,GHS,AGENT
ORMT-00011723,OR-C000475,1,SUCCESSFUL,2025-12-28 20:08:38.000,Greater Accra|Kasoa,1014.96,GHS,MOBILE_APP
ORMT-00011724,OR-C000475,5,SUCCESSFUL,2025-12-05 08:07:14.000,Greater Accra|Kasoa,676.45,GHS,API
ORMT-00011844,OR-C000477,6,SUCCESSFUL,2025-10-29 12:29:57.000,Upper East|Navrongo,498.52,GHS,THIRD_PARTY
ORMT-00011845,OR-C000477,1,SUCCESSFUL,2025-10-01 09:53:04.000,Upper East|Navrongo,227.88,GHS,AGENT
ORMT-00011846,OR-C000477,6,SUCCESSFUL,2025-11-07 17:01:19.000,Upper East|Navrongo,106.53,GHS,WEB
ORMT-00011847,OR-C000477,3,SUCCESSFUL,2025-11-04 17:28:52.000,Upper East|Navrongo,788.38,GHS,MOBILE_APP
ORMT-00011848,OR-C000477,1,SUCCESSFUL,2025-11-29 16:15:07.000,Upper East|Navrongo,314.8,GHS,AGENT
ORMT-00011849,OR-C000477,3,SUCCESSFUL,2025-12-11 12:20:06.000,Upper East|Navrongo,1209.23,GHS,AGENT
ORMT-00011850,OR-C000477,5,SUCCESSFUL,2025-12-13 14:49:27.000,Upper East|Navrongo,459.19,GHS,MOBILE_APP
ORMT-00011851,OR-C000477,1,SUCCESSFUL,2025-12-04 19:25:47.000,Upper East|Navrongo,1032.65,GHS,WEB
ORMT-00011852,OR-C000477,5,SUCCESSFUL,2025-12-26 15:02:26.000,Upper East|Navrongo,435.99,GHS,AGENT
ORMT-00011853,OR-C000477,5,SUCCESSFUL,2025-12-19 21:07:16.000,Upper East|Navrongo,1215.37,GHS,AGENT
ORMT-00011854,OR-C000477,4,SUCCESSFUL,2025-12-02 11:33:32.000,Upper East|Navrongo,2245.14,GHS,THIRD_PARTY
ORMT-00011855,OR-C000477,1,SUCCESSFUL,2025-12-12 13:59:14.000,Upper East|Navrongo,531.71,GHS,MOBILE_APP
ORMT-00011856,OR-C000477,3,SUCCESSFUL,2025-12-16 14:12:51.000,Upper East|Navrongo,828.16,GHS,WEB
ORMT-00011857,OR-C000477,5,SUCCESSFUL,2025-12-27 21:08:21.000,Upper East|Navrongo,218.49,GHS,API
ORMT-00011858,OR-C000477,6,SUCCESSFUL,2025-12-24 08:43:01.000,Upper East|Navrongo,817.15,GHS,MOBILE_APP
ORMT-00012042,OR-C000478,1,SUCCESSFUL,2025-10-07 13:06:54.000,Greater Accra|Kasoa,451.92,GHS,AGENT
ORMT-00012043,OR-C000478,3,SUCCESSFUL,2025-10-31 19:35:30.000,Greater Accra|Kasoa,151.79,GHS,AGENT
ORMT-00012044,OR-C000478,1,SUCCESSFUL,2025-10-31 11:18:30.000,Greater Accra|Kasoa,490.24,GHS,MOBILE_APP
ORMT-00012045,OR-C000478,1,SUCCESSFUL,2025-10-08 12:22:00.000,Greater Accra|Kasoa,230.71,GHS,API
ORMT-00012046,OR-C000478,5,SUCCESSFUL,2025-10-31 21:38:34.000,Greater Accra|Kasoa,472.13,GHS,AGENT
ORMT-00012047,OR-C000478,5,SUCCESSFUL,2025-11-24 10:05:27.000,Greater Accra|Kasoa,328.78,GHS,AGENT
ORMT-00012048,OR-C000478,3,SUCCESSFUL,2025-12-18 12:40:34.000,Greater Accra|Kasoa,286.46,GHS,MOBILE_APP
ORMT-00012049,OR-C000478,6,SUCCESSFUL,2025-12-18 11:30:40.000,Greater Accra|Kasoa,1511.59,GHS,AGENT
ORMT-00012050,OR-C000478,8,SUCCESSFUL,2025-12-26 12:41:53.000,Greater Accra|Kasoa,627.22,GHS,MOBILE_APP
ORMT-00012051,OR-C000478,1,SUCCESSFUL,2025-12-21 12:22:42.000,Greater Accra|Kasoa,597.12,GHS,AGENT
ORMT-00012052,OR-C000478,4,SUCCESSFUL,2025-12-13 21:35:32.000,Greater Accra|Kasoa,421.96,GHS,AGENT
ORMT-00012053,OR-C000478,7,SUCCESSFUL,2025-12-09 07:39:15.000,Greater Accra|Kasoa,471.1,GHS,AGENT
ORMT-00012054,OR-C000478,1,SUCCESSFUL,2025-12-23 12:08:12.000,Greater Accra|Kasoa,283.83,GHS,WEB
ORMT-00012055,OR-C000478,5,SUCCESSFUL,2025-12-27 13:56:43.000,Greater Accra|Kasoa,134.11,GHS,MOBILE_APP
ORMT-00012056,OR-C000478,3,SUCCESSFUL,2025-12-31 21:27:41.000,Greater Accra|Kasoa,484.21,GHS,MOBILE_APP
ORMT-00012057,OR-C000478,2,SUCCESSFUL,2025-12-30 11:27:58.000,Greater Accra|Kasoa,1116.85,GHS,THIRD_PARTY
ORMT-00012058,OR-C000478,7,SUCCESSFUL,2025-12-26 14:41:23.000,Greater Accra|Kasoa,1548.8,GHS,MOBILE_APP
ORMT-00012059,OR-C000478,2,SUCCESSFUL,2025-12-23 15:12:06.000,Greater Accra|Kasoa,458.5,GHS,AGENT
ORMT-00012060,OR-C000478,2,SUCCESSFUL,2025-12-06 14:05:47.000,Greater Accra|Kasoa,502.89,GHS,AGENT
ORMT-00012061,OR-C000478,2,SUCCESSFUL,2025-12-25 09:56:35.000,Greater Accra|Kasoa,267.92,GHS,MOBILE_APP
ORMT-00012062,OR-C000478,4,SUCCESSFUL,2025-12-04 21:23:21.000,Greater Accra|Kasoa,251.4,GHS,THIRD_PARTY
ORMT-00012078,OR-C000479,3,SUCCESSFUL,2025-11-19 15:42:30.000,Ahafo|Goaso,419.65,GHS,THIRD_PARTY
ORMT-00012101,OR-C000480,1,SUCCESSFUL,2025-10-11 15:07:38.000,Northern|Tamale,656.42,GHS,MOBILE_APP
ORMT-00012102,OR-C000480,1,SUCCESSFUL,2025-11-14 13:12:32.000,Northern|Tamale,307.78,GHS,MOBILE_APP
ORMT-00012103,OR-C000480,9,SUCCESSFUL,2025-11-25 12:22:22.000,Northern|Tamale,618.67,GHS,MOBILE_APP
ORMT-00012104,OR-C000480,6,FAILED,2025-12-22 11:24:12.000,Northern|Tamale,1103.45,GHS,THIRD_PARTY
ORMT-00012105,OR-C000480,2,SUCCESSFUL,2025-12-20 17:45:33.000,Northern|Tamale,2773.77,GHS,API
ORMT-00012106,OR-C000480,9,SUCCESSFUL,2025-12-14 07:25:08.000,Northern|Tamale,706.88,GHS,THIRD_PARTY
ORMT-00012107,OR-C000480,10,SUCCESSFUL,2025-12-23 19:30:35.000,Northern|Tamale,253.46,GHS,MOBILE_APP
ORMT-00012125,OR-C000481,2,SUCCESSFUL,2025-11-02 18:16:37.000,Greater Accra|Accra,267.75,GHS,THIRD_PARTY
ORMT-00012126,OR-C000481,4,SUCCESSFUL,2025-12-31 17:58:48.000,Greater Accra|Accra,1144.31,GHS,WEB
ORMT-00012215,OR-C000482,5,SUCCESSFUL,2025-10-28 09:44:33.000,Bono|Sunyani,822.73,GHS,API
ORMT-00012216,OR-C000482,1,SUCCESSFUL,2025-10-04 16:39:14.000,Bono|Sunyani,436.9,GHS,MOBILE_APP
ORMT-00012217,OR-C000482,7,SUCCESSFUL,2025-11-18 19:36:48.000,Bono|Sunyani,1012.69,GHS,WEB
ORMT-00012218,OR-C000482,1,SUCCESSFUL,2025-11-30 07:11:56.000,Bono|Sunyani,3264.94,GHS,MOBILE_APP
ORMT-00012219,OR-C000482,4,SUCCESSFUL,2025-11-08 17:59:57.000,Bono|Sunyani,296.74,GHS,AGENT
ORMT-00012220,OR-C000482,4,SUCCESSFUL,2025-12-18 10:49:56.000,Bono|Sunyani,258.65,GHS,AGENT
ORMT-00012221,OR-C000482,4,SUCCESSFUL,2025-12-07 14:59:37.000,Bono|Sunyani,66.9,GHS,THIRD_PARTY
ORMT-00012222,OR-C000482,2,SUCCESSFUL,2025-12-28 08:36:54.000,Bono|Sunyani,1598.57,GHS,THIRD_PARTY
ORMT-00012223,OR-C000482,5,SUCCESSFUL,2025-12-13 21:59:40.000,Bono|Sunyani,221.85,GHS,THIRD_PARTY
ORMT-00012234,OR-C000483,1,SUCCESSFUL,2025-10-28 21:13:58.000,Central|Cape Coast,485.48,GHS,AGENT
ORMT-00012235,OR-C000483,1,SUCCESSFUL,2025-11-21 10:35:31.000,Central|Cape Coast,1838.83,GHS,AGENT
ORMT-00012236,OR-C000483,2,SUCCESSFUL,2025-11-20 07:04:02.000,Central|Cape Coast,900.65,GHS,AGENT
ORMT-00012237,OR-C000483,1,SUCCESSFUL,2025-11-07 20:45:09.000,Central|Cape Coast,621.15,GHS,AGENT
ORMT-00012238,OR-C000483,4,SUCCESSFUL,2025-12-25 10:11:57.000,Central|Cape Coast,378.79,GHS,AGENT
ORMT-00012239,OR-C000483,1,SUCCESSFUL,2025-12-05 11:28:03.000,Central|Cape Coast,945.11,GHS,AGENT
ORMT-00012251,OR-C000484,2,SUCCESSFUL,2025-11-09 15:04:10.000,Ashanti|Kumasi,246.87,GHS,MOBILE_APP
ORMT-00012257,OR-C000485,2,SUCCESSFUL,2025-10-12 16:02:43.000,Central|Winneba,776.92,GHS,MOBILE_APP
ORMT-00012271,OR-C000487,2,SUCCESSFUL,2025-10-17 13:21:19.000,Greater Accra|Madina,1611.47,GHS,MOBILE_APP
ORMT-00012300,OR-C000488,8,SUCCESSFUL,2025-10-29 15:15:43.000,Bono|Berekum,488.75,GHS,AGENT
ORMT-00012301,OR-C000488,1,SUCCESSFUL,2025-10-28 11:54:18.000,Bono|Berekum,2047.6,GHS,WEB
ORMT-00012302,OR-C000488,2,SUCCESSFUL,2025-10-04 08:11:14.000,Bono|Berekum,762.35,GHS,AGENT
ORMT-00012303,OR-C000488,7,SUCCESSFUL,2025-11-22 14:36:40.000,Bono|Berekum,312.93,GHS,AGENT
ORMT-00012304,OR-C000488,1,SUCCESSFUL,2025-11-30 07:10:49.000,Bono|Berekum,1199.66,GHS,AGENT
ORMT-00012305,OR-C000488,4,SUCCESSFUL,2025-12-26 19:48:01.000,Bono|Berekum,261.98,GHS,AGENT
ORMT-00012306,OR-C000488,1,SUCCESSFUL,2025-12-21 20:11:18.000,Bono|Berekum,819.15,GHS,THIRD_PARTY
ORMT-00012307,OR-C000488,8,SUCCESSFUL,2025-12-30 16:29:02.000,Bono|Berekum,339.69,GHS,AGENT
ORMT-00012326,OR-C000489,7,SUCCESSFUL,2025-10-08 09:12:17.000,Greater Accra|Madina,420.88,GHS,THIRD_PARTY
ORMT-00012327,OR-C000489,3,SUCCESSFUL,2025-11-18 19:35:32.000,Greater Accra|Madina,2084.99,GHS,MOBILE_APP
ORMT-00012328,OR-C000489,1,SUCCESSFUL,2025-12-16 19:30:57.000,Greater Accra|Madina,2862.47,GHS,API
ORMT-00012329,OR-C000489,3,SUCCESSFUL,2025-12-23 13:12:21.000,Greater Accra|Madina,739.2,GHS,API
ORMT-00012413,OR-C000490,2,SUCCESSFUL,2025-10-10 18:30:22.000,Oti|Jasikan,641.83,GHS,AGENT
ORMT-00012414,OR-C000490,1,SUCCESSFUL,2025-10-09 16:35:03.000,Oti|Jasikan,521.31,GHS,MOBILE_APP
ORMT-00012415,OR-C000490,4,SUCCESSFUL,2025-10-05 21:37:14.000,Oti|Jasikan,644.81,GHS,AGENT
ORMT-00012416,OR-C000490,2,SUCCESSFUL,2025-10-15 21:49:39.000,Oti|Jasikan,553.2,GHS,AGENT
ORMT-00012417,OR-C000490,7,SUCCESSFUL,2025-11-21 19:15:52.000,Oti|Jasikan,2315.4,GHS,AGENT
ORMT-00012418,OR-C000490,3,SUCCESSFUL,2025-11-10 12:21:48.000,Oti|Jasikan,1115.06,GHS,MOBILE_APP
ORMT-00012419,OR-C000490,7,SUCCESSFUL,2025-11-12 07:13:40.000,Oti|Jasikan,970.35,GHS,API
ORMT-00012420,OR-C000490,8,SUCCESSFUL,2025-12-11 14:57:40.000,Oti|Jasikan,844.24,GHS,API
ORMT-00012421,OR-C000490,1,FAILED,2025-12-29 11:09:23.000,Oti|Jasikan,180.65,GHS,THIRD_PARTY
ORMT-00012422,OR-C000490,9,SUCCESSFUL,2025-12-14 11:55:58.000,Oti|Jasikan,410.23,GHS,AGENT
ORMT-00012423,OR-C000490,9,SUCCESSFUL,2025-12-18 19:32:56.000,Oti|Jasikan,121.88,GHS,THIRD_PARTY
ORMT-00012424,OR-C000490,7,SUCCESSFUL,2025-12-31 11:43:28.000,Oti|Jasikan,610.38,GHS,AGENT
ORMT-00012425,OR-C000490,6,SUCCESSFUL,2025-12-16 10:54:04.000,Oti|Jasikan,4759.67,GHS,AGENT
ORMT-00012430,OR-C000491,1,SUCCESSFUL,2025-11-24 20:33:41.000,Greater Accra|Madina,767.46,GHS,AGENT
ORMT-00012431,OR-C000491,1,SUCCESSFUL,2025-11-25 08:34:07.000,Greater Accra|Madina,542.41,GHS,MOBILE_APP
ORMT-00012432,OR-C000491,4,SUCCESSFUL,2025-12-28 12:33:43.000,Greater Accra|Madina,4772.44,GHS,MOBILE_APP
ORMT-00012433,OR-C000491,2,SUCCESSFUL,2025-12-31 16:58:45.000,Greater Accra|Madina,1770.7,GHS,AGENT
ORMT-00012440,OR-C000493,1,SUCCESSFUL,2025-12-31 15:10:52.000,Greater Accra|Accra,429.11,GHS,AGENT
ORMT-00012449,OR-C000494,6,SUCCESSFUL,2025-10-25 17:42:15.000,Greater Accra|Tema,299.76,GHS,THIRD_PARTY
ORMT-00012450,OR-C000494,5,SUCCESSFUL,2025-11-05 10:23:26.000,Greater Accra|Tema,1309.03,GHS,THIRD_PARTY
ORMT-00012488,OR-C000495,1,REJECTED,2025-10-24 11:30:14.000,Eastern|Koforidua,1673.68,GHS,AGENT
ORMT-00012489,OR-C000495,2,SUCCESSFUL,2025-10-24 17:41:08.000,Eastern|Koforidua,1224.16,GHS,THIRD_PARTY
ORMT-00012490,OR-C000495,4,SUCCESSFUL,2025-10-04 07:07:44.000,Eastern|Koforidua,470.52,GHS,API
ORMT-00012491,OR-C000495,9,FAILED,2025-11-19 15:23:05.000,Eastern|Koforidua,407.83,GHS,WEB
ORMT-00012492,OR-C000495,1,SUCCESSFUL,2025-11-25 14:50:12.000,Eastern|Koforidua,345.48,GHS,MOBILE_APP
ORMT-00012493,OR-C000495,4,SUCCESSFUL,2025-12-20 15:53:41.000,Eastern|Koforidua,1687.09,GHS,AGENT
ORMT-00012494,OR-C000495,1,SUCCESSFUL,2025-12-12 18:49:40.000,Eastern|Koforidua,151.8,GHS,AGENT
ORMT-00012495,OR-C000495,2,SUCCESSFUL,2025-12-21 10:17:00.000,Eastern|Koforidua,998.54,GHS,AGENT
ORMT-00012508,OR-C000496,6,SUCCESSFUL,2025-10-23 17:49:42.000,Ashanti|Kumasi,727.71,GHS,THIRD_PARTY
ORMT-00012509,OR-C000496,1,SUCCESSFUL,2025-10-04 19:03:01.000,Ashanti|Kumasi,480.26,GHS,MOBILE_APP
ORMT-00012510,OR-C000496,4,SUCCESSFUL,2025-11-06 09:37:08.000,Ashanti|Kumasi,431.58,GHS,AGENT
ORMT-00012511,OR-C000496,2,SUCCESSFUL,2025-11-28 12:31:08.000,Ashanti|Kumasi,494.33,GHS,AGENT
ORMT-00012549,OR-C000497,3,SUCCESSFUL,2025-10-28 08:20:04.000,Ahafo|Duayaw Nkwanta,745.97,GHS,WEB
ORMT-00012550,OR-C000497,2,SUCCESSFUL,2025-10-11 18:22:11.000,Ahafo|Duayaw Nkwanta,532.22,GHS,AGENT
ORMT-00012551,OR-C000497,6,SUCCESSFUL,2025-11-01 18:08:21.000,Ahafo|Duayaw Nkwanta,1455.47,GHS,API
ORMT-00012552,OR-C000497,7,SUCCESSFUL,2025-12-27 08:45:36.000,Ahafo|Duayaw Nkwanta,1175.49,GHS,AGENT
ORMT-00012553,OR-C000497,5,SUCCESSFUL,2025-12-04 07:39:32.000,Ahafo|Duayaw Nkwanta,300.26,GHS,AGENT
ORMT-00012554,OR-C000497,4,SUCCESSFUL,2025-12-27 11:04:56.000,Ahafo|Duayaw Nkwanta,147.01,GHS,MOBILE_APP
ORMT-00012555,OR-C000497,5,SUCCESSFUL,2025-12-21 11:07:55.000,Ahafo|Duayaw Nkwanta,284.63,GHS,WEB
ORMT-00012556,OR-C000497,4,SUCCESSFUL,2025-12-30 15:41:32.000,Ahafo|Duayaw Nkwanta,305.26,GHS,THIRD_PARTY
ORMT-00012557,OR-C000497,4,SUCCESSFUL,2025-12-29 10:24:17.000,Ahafo|Duayaw Nkwanta,1014.29,GHS,API
ORMT-00012563,OR-C000498,1,FAILED,2025-12-23 07:31:51.000,Ashanti|Obuasi,582.17,GHS,AGENT
ORMT-00012581,OR-C000499,2,SUCCESSFUL,2025-10-28 20:20:22.000,Central|Winneba,230.25,GHS,MOBILE_APP
ORMT-00012582,OR-C000499,1,SUCCESSFUL,2025-10-04 16:27:59.000,Central|Winneba,2835.72,GHS,THIRD_PARTY
ORMT-00012583,OR-C000499,6,SUCCESSFUL,2025-12-14 14:19:50.000,Central|Winneba,350.92,GHS,THIRD_PARTY
ORMT-00012591,OR-C000500,2,SUCCESSFUL,2025-11-30 18:46:00.000,Ashanti|Obuasi,435.55,GHS,THIRD_PARTY
