remittance_id,customer_id,country_id,remittance_status,remittance_timestamp,transaction_location,amount,currency,transaction_channel
ORMT-00000012,OR-C000002,2,SUCCESSFUL,2025-01-20 09:20:42.000,Western|Tarkwa,3693.05,GHS,AGENT
ORMT-00000013,OR-C000002,3,SUCCESSFUL,2025-01-23 17:20:00.000,Western|Tarkwa,489.34,GHS,WEB
ORMT-00000014,OR-C000002,2,SUCCESSFUL,2025-01-01 10:22:13.000,Western|Tarkwa,3718.53,GHS,AGENT
ORMT-00000015,OR-C000002,3,SUCCESSFUL,2025-03-25 18:25:09.000,Western|Tarkwa,1423.44,GHS,AGENT
ORMT-00000016,OR-C000002,7,SUCCESSFUL,2025-03-09 17:10:54.000,Western|Tarkwa,475.29,GHS,AGENT
ORMT-00000017,OR-C000002,4,SUCCESSFUL,2025-03-16 14:19:34.000,Western|Tarkwa,137.67,GHS,MOBILE_APP
ORMT-00000072,OR-C000003,4,SUCCESSFUL,2025-01-27 14:48:52.000,Bono East|Kintampo,504.04,GHS,AGENT
ORMT-00000073,OR-C000003,3,SUCCESSFUL,2025-01-09 07:07:40.000,Bono East|Kintampo,789.27,GHS,MOBILE_APP
ORMT-00000074,OR-C000003,3,SUCCESSFUL,2025-01-07 11:31:30.000,Bono East|Kintampo,1171.66,GHS,WEB
ORMT-00000075,OR-C000003,5,SUCCESSFUL,2025-02-02 18:54:11.000,Bono East|Kintampo,812.73,GHS,MOBILE_APP
ORMT-00000076,OR-C000003,1,SUCCESSFUL,2025-02-09 10:19:31.000,Bono East|Kintampo,1090.12,GHS,AGENT
ORMT-00000077,OR-C000003,4,SUCCESSFUL,2025-03-23 12:08:24.000,Bono East|Kintampo,400.19,GHS,WEB
ORMT-00000078,OR-C000003,4,SUCCESSFUL,2025-03-02 17:15:51.000,Bono East|Kintampo,69.99,GHS,API
ORMT-00000079,OR-C000003,5,SUCCESSFUL,2025-03-21 09:37:13.000,Bono East|Kintampo,348.01,GHS,MOBILE_APP
ORMT-00000123,OR-C000005,1,SUCCESSFUL,2025-02-01 09:45:08.000,Western|Tarkwa,2363.69,GHS,MOBILE_APP
ORMT-00000128,OR-C000007,10,SUCCESSFUL,2025-01-12 11:19:29.000,Greater Accra|Kasoa,1578.03,GHS,MOBILE_APP
ORMT-00000129,OR-C000007,1,SUCCESSFUL,2025-01-31 08:18:32.000,Greater Accra|Kasoa,560.77,GHS,WEB
ORMT-00000130,OR-C000007,2,SUCCESSFUL,2025-01-24 21:57:17.000,Greater Accra|Kasoa,154.45,GHS,API
ORMT-00000131,OR-C000007,3,SUCCESSFUL,2025-02-21 13:50:10.000,Greater Accra|Kasoa,1236.74,GHS,AGENT
ORMT-00000168,OR-C000008,5,SUCCESSFUL,2025-01-14 14:51:52.000,Ahafo|Duayaw Nkwanta,3734.68,GHS,AGENT
ORMT-00000169,OR-C000008,3,SUCCESSFUL,2025-02-26 10:14:04.000,Ahafo|Duayaw Nkwanta,992.36,GHS,THIRD_PARTY
ORMT-00000170,OR-C000008,5,SUCCESSFUL,2025-02-02 19:36:03.000,Ahafo|Duayaw Nkwanta,285.8,GHS,API
ORMT-00000171,OR-C000008,1,FAILED,2025-02-08 14:52:49.000,Ahafo|Duayaw Nkwanta,1353.32,GHS,AGENT
ORMT-00000172,OR-C000008,5,SUCCESSFUL,2025-02-21 12:41:02.000,Ahafo|Duayaw Nkwanta,1484.79,GHS,AGENT
ORMT-00000173,OR-C000008,9,SUCCESSFUL,2025-03-08 14:14:14.000,Ahafo|Duayaw Nkwanta,2350.26,GHS,AGENT
ORMT-00000203,OR-C000009,3,SUCCESSFUL,2025-01-31 12:54:45.000,Western|Takoradi,462.59,GHS,AGENT
ORMT-00000204,OR-C000009,1,SUCCESSFUL,2025-02-12 14:20:17.000,Western|Takoradi,125.3,GHS,MOBILE_APP
ORMT-00000205,OR-C000009,4,SUCCESSFUL,2025-02-20 10:56:36.000,Western|Takoradi,449.58,GHS,MOBILE_APP
ORMT-00000206,OR-C000009,7,SUCCESSFUL,2025-03-04 09:21:08.000,Western|Takoradi,344.19,GHS,AGENT
ORMT-00000207,OR-C000009,4,SUCCESSFUL,2025-03-31 15:12:24.000,Western|Takoradi,214.43,GHS,AGENT
ORMT-00000234,OR-C000010,1,SUCCESSFUL,2025-01-02 16:55:23.000,Greater Accra|Tema,164.93,GHS,AGENT
ORMT-00000235,OR-C000010,3,SUCCESSFUL,2025-01-28 11:29:50.000,Greater Accra|Tema,1355.28,GHS,MOBILE_APP
ORMT-00000236,OR-C000010,7,SUCCESSFUL,2025-01-24 20:47:42.000,Greater Accra|Tema,535.1,GHS,API
ORMT-00000237,OR-C000010,1,SUCCESSFUL,2025-02-05 18:59:49.000,Greater Accra|Tema,264.42,GHS,API
ORMT-00000238,OR-C000010,6,SUCCESSFUL,2025-03-14 14:35:18.000,Greater Accra|Tema,4279.94,GHS,API
ORMT-00000264,OR-C000011,6,SUCCESSFUL,2025-01-14 11:12:49.000,Ashanti|Obuasi,395.23,GHS,MOBILE_APP
ORMT-00000265,OR-C000011,4,SUCCESSFUL,2025-03-14 13:07:45.000,Ashanti|Obuasi,267.18,GHS,AGENT
ORMT-00000275,OR-C000012,6,SUCCESSFUL,2025-02-26 15:52:17.000,Volta|Hohoe,1337.49,GHS,WEB
ORMT-00000276,OR-C000012,4,SUCCESSFUL,2025-03-31 21:52:12.000,Volta|Hohoe,176.77,GHS,THIRD_PARTY
ORMT-00000277,OR-C000012,5,SUCCESSFUL,2025-03-08 19:13:17.000,Volta|Hohoe,495.88,GHS,AGENT
ORMT-00000294,OR-C000014,2,SUCCESSFUL,2025-03-15 12:23:58.000,Ashanti|Kumasi,1689.35,GHS,THIRD_PARTY
ORMT-00000295,OR-C000014,7,SUCCESSFUL,2025-03-24 17:12:35.000,Ashanti|Kumasi,396.36,GHS,MOBILE_APP
ORMT-00000351,OR-C000015,1,SUCCESSFUL,2025-01-04 11:56:22.000,Ashanti|Ejisu,367.89,GHS,AGENT
ORMT-00000352,OR-C000015,9,SUCCESSFUL,2025-02-02 13:15:32.000,Ashanti|Ejisu,421.53,GHS,THIRD_PARTY
ORMT-00000389,OR-C000018,1,SUCCESSFUL,2025-01-04 19:56:45.000,Upper West|Wa,313.31,GHS,THIRD_PARTY
ORMT-00000390,OR-C000018,1,SUCCESSFUL,2025-02-05 18:48:49.000,Upper West|Wa,409.62,GHS,API
ORMT-00000391,OR-C000018,2,SUCCESSFUL,2025-03-14 08:13:48.000,Upper West|Wa,1459.86,GHS,AGENT
ORMT-00000471,OR-C000021,1,SUCCESSFUL,2025-02-15 19:29:59.000,Bono East|Techiman,468.96,GHS,MOBILE_APP
ORMT-00000472,OR-C000021,3,SUCCESSFUL,2025-02-28 17:08:58.000,Bono East|Techiman,201.47,GHS,MOBILE_APP
ORMT-00000485,OR-C000022,5,SUCCESSFUL,2025-01-31 19:41:42.000,Greater Accra|Kasoa,327.9,GHS,WEB
ORMT-00000486,OR-C000022,3,SUCCESSFUL,2025-02-13 19:18:04.000,Greater Accra|Kasoa,569.0,GHS,THIRD_PARTY
ORMT-00000490,OR-C000023,3,SUCCESSFUL,2025-01-29 15:53:56.000,Ashanti|Kumasi,487.8,GHS,AGENT
ORMT-00000491,OR-C000023,9,SUCCESSFUL,2025-01-28 16:54:08.000,Ashanti|Kumasi,87.89,GHS,MOBILE_APP
ORMT-00000492,OR-C000023,1,SUCCESSFUL,2025-01-30 08:17:38.000,Ashanti|Kumasi,664.27,GHS,AGENT
ORMT-00000493,OR-C000023,5,SUCCESSFUL,2025-02-13 21:51:19.000,Ashanti|Kumasi,315.92,GHS,API
ORMT-00000494,OR-C000023,3,SUCCESSFUL,2025-02-01 08:04:28.000,Ashanti|Kumasi,415.77,GHS,AGENT
ORMT-00000495,OR-C000023,4,SUCCESSFUL,2025-02-04 21:58:27.000,Ashanti|Kumasi,379.9,GHS,WEB
ORMT-00000496,OR-C000023,1,SUCCESSFUL,2025-02-03 09:23:24.000,Ashanti|Kumasi,215.06,GHS,AGENT
ORMT-00000497,OR-C000023,1,SUCCESSFUL,2025-03-27 09:54:57.000,Ashanti|Kumasi,2202.3,GHS,AGENT
ORMT-00000498,OR-C000023,3,SUCCESSFUL,2025-03-21 12:22:33.000,Ashanti|Kumasi,956.13,GHS,MOBILE_APP
ORMT-00000534,OR-C000024,1,SUCCESSFUL,2025-01-01 18:10:39.000,Bono East|Kintampo,249.74,GHS,THIRD_PARTY
ORMT-00000535,OR-C000024,3,SUCCESSFUL,2025-01-26 07:49:40.000,Bono East|Kintampo,185.25,GHS,THIRD_PARTY
ORMT-00000536,OR-C000024,7,SUCCESSFUL,2025-02-08 19:36:45.000,Bono East|Kintampo,621.67,GHS,AGENT
ORMT-00000554,OR-C000025,2,SUCCESSFUL,2025-01-10 07:22:52.000,Eastern|Nkawkaw,1564.13,GHS,MOBILE_APP
ORMT-00000555,OR-C000025,1,SUCCESSFUL,2025-01-01 20:52:19.000,Eastern|Nkawkaw,1525.44,GHS,THIRD_PARTY
ORMT-00000556,OR-C000025,9,SUCCESSFUL,2025-02-18 15:03:23.000,Eastern|Nkawkaw,316.98,GHS,AGENT
ORMT-00000557,OR-C000025,6,SUCCESSFUL,2025-02-09 21:29:57.000,Eastern|Nkawkaw,332.07,GHS,AGENT
ORMT-00000558,OR-C000025,3,SUCCESSFUL,2025-02-16 20:17:08.000,Eastern|Nkawkaw,1657.17,GHS,AGENT
ORMT-00000559,OR-C000025,1,SUCCESSFUL,2025-03-03 19:24:20.000,Eastern|Nkawkaw,429.89,GHS,AGENT
ORMT-00000595,OR-C000026,1,SUCCESSFUL,2025-01-21 15:20:01.000,Oti|Dambai,442.09,GHS,THIRD_PARTY
ORMT-00000596,OR-C000026,6,SUCCESSFUL,2025-01-09 11:57:03.000,Oti|Dambai,734.53,GHS,WEB
ORMT-00000597,OR-C000026,5,SUCCESSFUL,2025-02-24 08:34:37.000,Oti|Dambai,285.63,GHS,MOBILE_APP
ORMT-00000598,OR-C000026,3,SUCCESSFUL,2025-02-20 07:43:47.000,Oti|Dambai,254.91,GHS,THIRD_PARTY
ORMT-00000599,OR-C000026,4,SUCCESSFUL,2025-03-09 21:56:16.000,Oti|Dambai,1092.02,GHS,WEB
ORMT-00000619,OR-C000027,4,SUCCESSFUL,2025-01-25 13:33:25.000,Volta|Keta,845.99,GHS,MOBILE_APP
ORMT-00000620,OR-C000027,7,SUCCESSFUL,2025-03-10 13:30:34.000,Volta|Keta,391.4,GHS,AGENT
ORMT-00000631,OR-C000028,8,SUCCESSFUL,2025-01-10 08:01:16.000,Ashanti|Obuasi,946.59,GHS,WEB
ORMT-00000632,OR-C000028,3,REJECTED,2025-03-15 18:42:58.000,Ashanti|Obuasi,409.74,GHS,AGENT
ORMT-00000684,OR-C000030,3,SUCCESSFUL,2025-01-30 11:49:13.000,Greater Accra|Kasoa,147.98,GHS,MOBILE_APP
ORMT-00000685,OR-C000030,1,FAILED,2025-01-18 09:41:04.000,Greater Accra|Kasoa,2385.48,GHS,MOBILE_APP
ORMT-00000686,OR-C000030,3,SUCCESSFUL,2025-01-23 12:50:05.000,Greater Accra|Kasoa,642.91,GHS,MOBILE_APP
ORMT-00000687,OR-C000030,1,SUCCESSFUL,2025-03-04 12:41:24.000,Greater Accra|Kasoa,482.74,GHS,THIRD_PARTY
ORMT-00000688,OR-C000030,1,SUCCESSFUL,2025-03-12 18:09:53.000,Greater Accra|Kasoa,442.76,GHS,MOBILE_APP
ORMT-00000790,OR-C000031,1,SUCCESSFUL,2025-01-27 09:22:02.000,Greater Accra|Madina,1771.71,GHS,THIRD_PARTY
ORMT-00000791,OR-C000031,2,SUCCESSFUL,2025-01-21 08:43:50.000,Greater Accra|Madina,1707.12,GHS,AGENT
ORMT-00000792,OR-C000031,2,SUCCESSFUL,2025-02-22 11:28:59.000,Greater Accra|Madina,838.32,GHS,MOBILE_APP
ORMT-00000793,OR-C000031,2,SUCCESSFUL,2025-02-13 16:23:14.000,Greater Accra|Madina,540.32,GHS,WEB
ORMT-00000794,OR-C000031,2,SUCCESSFUL,2025-02-18 20:14:52.000,Greater Accra|Madina,1056.19,GHS,AGENT
ORMT-00000795,OR-C000031,4,SUCCESSFUL,2025-02-14 19:12:42.000,Greater Accra|Madina,2509.3,GHS,WEB
ORMT-00000796,OR-C000031,3,SUCCESSFUL,2025-03-02 13:47:48.000,Greater Accra|Madina,274.58,GHS,THIRD_PARTY
ORMT-00000797,OR-C000031,4,SUCCESSFUL,2025-03-16 20:46:14.000,Greater Accra|Madina,432.94,GHS,AGENT
ORMT-00000869,OR-C000032,5,SUCCESSFUL,2025-01-02 21:19:53.000,Greater Accra|Kasoa,795.06,GHS,AGENT
ORMT-00000870,OR-C000032,4,SUCCESSFUL,2025-01-02 19:57:16.000,Greater Accra|Kasoa,751.85,GHS,WEB
ORMT-00000871,OR-C000032,1,SUCCESSFUL,2025-02-14 09:25:43.000,Greater Accra|Kasoa,210.32,GHS,AGENT
ORMT-00000872,OR-C000032,1,SUCCESSFUL,2025-02-26 16:13:11.000,Greater Accra|Kasoa,565.86,GHS,WEB
ORMT-00000873,OR-C000032,1,SUCCESSFUL,2025-02-09 20:23:24.000,Greater Accra|Kasoa,640.99,GHS,AGENT
ORMT-00000874,OR-C000032,10,SUCCESSFUL,2025-02-18 09:48:31.000,Greater Accra|Kasoa,961.62,GHS,AGENT
ORMT-00000875,OR-C000032,2,SUCCESSFUL,2025-03-08 12:53:29.000,Greater Accra|Kasoa,312.9,GHS,AGENT
ORMT-00000876,OR-C000032,1,SUCCESSFUL,2025-03-29 13:10:42.000,Greater Accra|Kasoa,300.77,GHS,MOBILE_APP
ORMT-00000877,OR-C000032,1,SUCCESSFUL,2025-03-12 10:54:42.000,Greater Accra|Kasoa,399.73,GHS,THIRD_PARTY
ORMT-00000878,OR-C000032,3,SUCCESSFUL,2025-03-27 20:03:58.000,Greater Accra|Kasoa,393.02,GHS,WEB
ORMT-00000879,OR-C000032,1,SUCCESSFUL,2025-03-06 21:48:38.000,Greater Accra|Kasoa,511.04,GHS,AGENT
ORMT-00000880,OR-C000032,4,SUCCESSFUL,2025-03-07 15:40:33.000,Greater Accra|Kasoa,2535.52,GHS,AGENT
ORMT-00000932,OR-C000034,7,SUCCESSFUL,2025-01-18 14:49:25.000,Ahafo|Goaso,1586.49,GHS,AGENT
ORMT-00000933,OR-C000034,2,SUCCESSFUL,2025-03-05 13:07:45.000,Ahafo|Goaso,187.57,GHS,AGENT
ORMT-00000963,OR-C000035,2,SUCCESSFUL,2025-01-24 14:06:53.000,Western|Axim,1675.12,GHS,AGENT
ORMT-00000964,OR-C000035,4,SUCCESSFUL,2025-01-07 15:18:43.000,Western|Axim,379.44,GHS,AGENT
ORMT-00000965,OR-C000035,5,SUCCESSFUL,2025-01-05 19:05:18.000,Western|Axim,390.92,GHS,THIRD_PARTY
ORMT-00000966,OR-C000035,6,SUCCESSFUL,2025-03-13 21:01:45.000,Western|Axim,609.56,GHS,AGENT
ORMT-00000967,OR-C000035,7,SUCCESSFUL,2025-03-29 18:40:17.000,Western|Axim,834.24,GHS,API
ORMT-00000968,OR-C000035,10,SUCCESSFUL,2025-03-16 14:27:06.000,Western|Axim,3703.68,GHS,AGENT
ORMT-00000973,OR-C000036,7,SUCCESSFUL,2025-02-03 08:56:15.000,Eastern|Koforidua,520.8,GHS,AGENT
ORMT-00000980,OR-C000037,8,SUCCESSFUL,2025-02-15 16:19:23.000,Northern|Tamale,3330.83,GHS,AGENT
ORMT-00000981,OR-C000037,1,SUCCESSFUL,2025-02-15 15:18:08.000,Northern|Tamale,1209.17,GHS,WEB
ORMT-00000982,OR-C000037,4,SUCCESSFUL,2025-02-03 20:15:33.000,Northern|Tamale,1496.68,GHS,WEB
ORMT-00000988,OR-C000038,1,SUCCESSFUL,2025-01-16 13:41:10.000,Ashanti|Obuasi,1474.36,GHS,API
ORMT-00000989,OR-C000038,1,SUCCESSFUL,2025-03-12 21:58:52.000,Ashanti|Obuasi,4229.17,GHS,AGENT
ORMT-00000996,OR-C000039,4,SUCCESSFUL,2025-03-23 15:18:43.000,Ahafo|Goaso,366.61,GHS,AGENT
ORMT-00001068,OR-C000041,1,SUCCESSFUL,2025-01-01 16:31:41.000,Bono|Berekum,610.59,GHS,AGENT
ORMT-00001069,OR-C000041,3,SUCCESSFUL,2025-01-30 16:35:05.000,Bono|Berekum,442.47,GHS,WEB
ORMT-00001070,OR-C000041,9,SUCCESSFUL,2025-01-10 20:11:43.000,Bono|Berekum,156.13,GHS,AGENT
ORMT-00001071,OR-C000041,1,SUCCESSFUL,2025-01-14 07:48:45.000,Bono|Berekum,1525.47,GHS,THIRD_PARTY
ORMT-00001072,OR-C000041,8,SUCCESSFUL,2025-02-07 10:03:30.000,Bono|Berekum,794.44,GHS,MOBILE_APP
ORMT-00001073,OR-C000041,1,SUCCESSFUL,2025-02-09 13:28:59.000,Bono|Berekum,358.07,GHS,AGENT
ORMT-00001074,OR-C000041,1,SUCCESSFUL,2025-02-22 16:27:00.000,Bono|Berekum,1710.16,GHS,AGENT
ORMT-00001075,OR-C000041,2,SUCCESSFUL,2025-02-19 11:25:28.000,Bono|Berekum,367.88,GHS,THIRD_PARTY
ORMT-00001076,OR-C000041,6,SUCCESSFUL,2025-02-04 07:13:39.000,Bono|Berekum,464.3,GHS,WEB
ORMT-00001077,OR-C000041,7,SUCCESSFUL,2025-02-03 11:50:10.000,Bono|Berekum,561.09,GHS,WEB
ORMT-00001078,OR-C000041,3,SUCCESSFUL,2025-02-01 11:37:55.000,Bono|Berekum,466.44,GHS,MOBILE_APP
ORMT-00001079,OR-C000041,2,SUCCESSFUL,2025-03-31 10:38:19.000,Bono|Berekum,267.56,GHS,WEB
ORMT-00001080,OR-C000041,7,SUCCESSFUL,2025-03-05 17:36:01.000,Bono|Berekum,325.03,GHS,MOBILE_APP
ORMT-00001081,OR-C000041,3,SUCCESSFUL,2025-03-12 21:18:55.000,Bono|Berekum,121.63,GHS,WEB
ORMT-00001082,OR-C000041,3,SUCCESSFUL,2025-03-30 21:30:45.000,Bono|Berekum,3078.41,GHS,AGENT
ORMT-00001083,OR-C000041,1,SUCCESSFUL,2025-03-27 20:15:14.000,Bono|Berekum,1485.63,GHS,AGENT
ORMT-00001115,OR-C000042,2,SUCCESSFUL,2025-02-11 11:04:24.000,Greater Accra|Kasoa,235.26,GHS,API
ORMT-00001116,OR-C000042,9,SUCCESSFUL,2025-03-15 10:49:26.000,Greater Accra|Kasoa,2146.28,GHS,WEB
ORMT-00001117,OR-C000042,1,SUCCESSFUL,2025-03-22 21:22:49.000,Greater Accra|Kasoa,409.46,GHS,AGENT
ORMT-00001135,OR-C000043,8,SUCCESSFUL,2025-01-05 17:17:49.000,Greater Accra|Tema,523.19,GHS,MOBILE_APP
ORMT-00001136,OR-C000043,4,SUCCESSFUL,2025-01-23 15:27:05.000,Greater Accra|Tema,285.25,GHS,MOBILE_APP
ORMT-00001137,OR-C000043,1,SUCCESSFUL,2025-02-24 18:20:21.000,Greater Accra|Tema,420.97,GHS,WEB
ORMT-00001138,OR-C000043,7,SUCCESSFUL,2025-02-24 11:50:20.000,Greater Accra|Tema,662.18,GHS,AGENT
ORMT-00001139,OR-C000043,1,SUCCESSFUL,2025-03-07 21:39:21.000,Greater Accra|Tema,712.65,GHS,AGENT
ORMT-00001140,OR-C000043,4,SUCCESSFUL,2025-03-14 09:01:38.000,Greater Accra|Tema,1277.99,GHS,AGENT
ORMT-00001141,OR-C000043,5,SUCCESSFUL,2025-03-31 20:48:37.000,Greater Accra|Tema,1039.52,GHS,THIRD_PARTY
ORMT-00001167,OR-C000044,1,SUCCESSFUL,2025-03-07 21:10:19.000,Upper East|Navrongo,410.26,GHS,AGENT
ORMT-00001185,OR-C000045,2,SUCCESSFUL,2025-02-23 13:52:04.000,Oti|Dambai,827.87,GHS,AGENT
ORMT-00001194,OR-C000046,6,SUCCESSFUL,2025-01-18 18:04:30.000,Bono|Berekum,962.79,GHS,THIRD_PARTY
ORMT-00001195,OR-C000046,7,SUCCESSFUL,2025-01-14 07:26:17.000,Bono|Berekum,773.37,GHS,MOBILE_APP
ORMT-00001212,OR-C000047,1,SUCCESSFUL,2025-01-15 07:12:59.000,Central|Cape Coast,1091.63,GHS,THIRD_PARTY
ORMT-00001213,OR-C000047,1,SUCCESSFUL,2025-01-11 13:23:21.000,Central|Cape Coast,131.02,GHS,MOBILE_APP
ORMT-00001214,OR-C000047,4,SUCCESSFUL,2025-01-30 17:32:48.000,Central|Cape Coast,667.42,GHS,MOBILE_APP
ORMT-00001215,OR-C000047,9,SUCCESSFUL,2025-01-24 21:55:50.000,Central|Cape Coast,3828.7,GHS,AGENT
ORMT-00001216,OR-C000047,1,SUCCESSFUL,2025-01-28 19:54:54.000,Central|Cape Coast,2195.59,GHS,AGENT
ORMT-00001217,OR-C000047,2,SUCCESSFUL,2025-02-04 21:39:22.000,Central|Cape Coast,360.75,GHS,AGENT
ORMT-00001218,OR-C000047,1,SUCCESSFUL,2025-02-25 09:54:14.000,Central|Cape Coast,231.34,GHS,API
ORMT-00001219,OR-C000047,1,SUCCESSFUL,2025-03-08 19:13:26.000,Central|Cape Coast,1286.78,GHS,THIRD_PARTY
ORMT-00001283,OR-C000051,1,SUCCESSFUL,2025-01-07 19:11:23.000,Eastern|Akropong,947.34,GHS,AGENT
ORMT-00001284,OR-C000051,2,SUCCESSFUL,2025-03-23 08:21:37.000,Eastern|Akropong,406.71,GHS,THIRD_PARTY
ORMT-00001293,OR-C000052,8,SUCCESSFUL,2025-01-19 11:28:25.000,Northern|Yendi,335.41,GHS,WEB
ORMT-00001294,OR-C000052,4,SUCCESSFUL,2025-03-15 10:18:19.000,Northern|Yendi,188.2,GHS,AGENT
ORMT-00001315,OR-C000053,3,SUCCESSFUL,2025-03-07 15:48:10.000,Greater Accra|Accra,273.84,GHS,AGENT
ORMT-00001325,OR-C000054,2,SUCCESSFUL,2025-03-30 11:53:28.000,Upper East|Navrongo,1618.45,GHS,MOBILE_APP
ORMT-00001350,OR-C000056,1,SUCCESSFUL,2025-01-29 13:00:07.000,Northern|Tamale,338.76,GHS,AGENT
ORMT-00001351,OR-C000056,10,SUCCESSFUL,2025-01-31 14:42:15.000,Northern|Tamale,576.17,GHS,AGENT
ORMT-00001352,OR-C000056,3,SUCCESSFUL,2025-02-18 08:08:34.000,Northern|Tamale,899.18,GHS,AGENT
ORMT-00001353,OR-C000056,4,SUCCESSFUL,2025-03-30 07:29:09.000,Northern|Tamale,817.42,GHS,THIRD_PARTY
ORMT-00001413,OR-C000057,1,SUCCESSFUL,2025-01-19 18:35:52.000,Western|Takoradi,400.32,GHS,API
ORMT-00001414,OR-C000057,2,SUCCESSFUL,2025-01-15 18:31:48.000,Western|Takoradi,554.92,GHS,THIRD_PARTY
ORMT-00001415,OR-C000057,5,SUCCESSFUL,2025-01-04 14:01:46.000,Western|Takoradi,1404.49,GHS,WEB
ORMT-00001416,OR-C000057,3,SUCCESSFUL,2025-01-25 12:52:21.000,Western|Takoradi,491.54,GHS,MOBILE_APP
ORMT-00001417,OR-C000057,5,SUCCESSFUL,2025-02-04 07:30:43.000,Western|Takoradi,646.39,GHS,API
ORMT-00001418,OR-C000057,2,SUCCESSFUL,2025-02-04 21:52:24.000,Western|Takoradi,2061.81,GHS,MOBILE_APP
ORMT-00001419,OR-C000057,2,SUCCESSFUL,2025-03-07 21:12:56.000,Western|Takoradi,627.02,GHS,AGENT
ORMT-00001494,OR-C000058,1,SUCCESSFUL,2025-01-23 20:38:08.000,Greater Accra|Kasoa,246.67,GHS,AGENT
ORMT-00001495,OR-C000058,4,SUCCESSFUL,2025-01-09 13:25:01.000,Greater Accra|Kasoa,417.84,GHS,MOBILE_APP
ORMT-00001496,OR-C000058,2,SUCCESSFUL,2025-01-01 11:28:25.000,Greater Accra|Kasoa,499.34,GHS,AGENT
ORMT-00001497,OR-C000058,2,SUCCESSFUL,2025-02-20 16:57:41.000,Greater Accra|Kasoa,1607.95,GHS,MOBILE_APP
ORMT-00001498,OR-C000058,2,SUCCESSFUL,2025-02-13 19:29:48.000,Greater Accra|Kasoa,72.76,GHS,THIRD_PARTY
ORMT-00001499,OR-C000058,5,SUCCESSFUL,2025-02-14 12:38:29.000,Greater Accra|Kasoa,67.0,GHS,MOBILE_APP
ORMT-00001500,OR-C000058,1,SUCCESSFUL,2025-02-26 17:51:25.000,Greater Accra|Kasoa,360.87,GHS,WEB
ORMT-00001501,OR-C000058,5,SUCCESSFUL,2025-03-08 18:29:09.000,Greater Accra|Kasoa,731.53,GHS,MOBILE_APP
ORMT-00001502,OR-C000058,2,SUCCESSFUL,2025-03-26 08:09:29.000,Greater Accra|Kasoa,729.95,GHS,MOBILE_APP
ORMT-00001503,OR-C000058,4,SUCCESSFUL,2025-03-14 13:23:46.000,Greater Accra|Kasoa,737.05,GHS,AGENT
ORMT-00001504,OR-C000058,1,SUCCESSFUL,2025-03-09 13:29:15.000,Greater Accra|Kasoa,490.87,GHS,MOBILE_APP
ORMT-00001539,OR-C000059,3,SUCCESSFUL,2025-02-13 11:25:35.000,Upper East|Bolgatanga,318.37,GHS,AGENT
ORMT-00001540,OR-C000059,1,SUCCESSFUL,2025-03-05 11:44:10.000,Upper East|Bolgatanga,165.26,GHS,AGENT
ORMT-00001544,OR-C000060,1,SUCCESSFUL,2025-01-04 21:07:21.000,Greater Accra|Tema,989.25,GHS,MOBILE_APP
ORMT-00001551,OR-C000061,4,SUCCESSFUL,2025-01-10 13:51:05.000,Greater Accra|Madina,105.47,GHS,THIRD_PARTY
ORMT-00001552,OR-C000061,1,SUCCESSFUL,2025-01-30 17:08:21.000,Greater Accra|Madina,2746.46,GHS,AGENT
ORMT-00001553,OR-C000061,2,SUCCESSFUL,2025-02-27 11:27:15.000,Greater Accra|Madina,617.2,GHS,THIRD_PARTY
ORMT-00001554,OR-C000061,7,SUCCESSFUL,2025-03-15 14:44:18.000,Greater Accra|Madina,238.49,GHS,THIRD_PARTY
ORMT-00001604,OR-C000067,8,SUCCESSFUL,2025-01-27 20:55:11.000,Eastern|Nkawkaw,805.58,GHS,AGENT
ORMT-00001605,OR-C000067,8,SUCCESSFUL,2025-03-18 20:01:10.000,Eastern|Nkawkaw,276.54,GHS,AGENT
ORMT-00001617,OR-C000068,7,SUCCESSFUL,2025-03-01 21:41:49.000,Ashanti|Ejisu,927.36,GHS,WEB
ORMT-00001631,OR-C000069,5,SUCCESSFUL,2025-01-24 18:20:23.000,Volta|Ho,1535.16,GHS,AGENT
ORMT-00001632,OR-C000069,1,SUCCESSFUL,2025-01-21 12:50:29.000,Volta|Ho,178.97,GHS,WEB
ORMT-00001648,OR-C000070,8,SUCCESSFUL,2025-01-04 08:12:11.000,Ashanti|Kumasi,220.65,GHS,MOBILE_APP
ORMT-00001649,OR-C000070,1,SUCCESSFUL,2025-01-28 21:15:52.000,Ashanti|Kumasi,568.77,GHS,MOBILE_APP
ORMT-00001650,OR-C000070,3,SUCCESSFUL,2025-02-23 18:49:37.000,Ashanti|Kumasi,1010.45,GHS,THIRD_PARTY
ORMT-00001682,OR-C000071,2,SUCCESSFUL,2025-01-01 09:52:42.000,Greater Accra|Tema,309.42,GHS,MOBILE_APP
ORMT-00001683,OR-C000071,2,SUCCESSFUL,2025-02-17 20:35:10.000,Greater Accra|Tema,281.76,GHS,AGENT
ORMT-00001684,OR-C000071,1,SUCCESSFUL,2025-03-28 21:10:29.000,Greater Accra|Tema,2336.02,GHS,AGENT
ORMT-00001702,OR-C000072,2,SUCCESSFUL,2025-01-21 12:35:48.000,Ashanti|Obuasi,462.9,GHS,THIRD_PARTY
ORMT-00001703,OR-C000072,8,SUCCESSFUL,2025-02-14 18:46:52.000,Ashanti|Obuasi,930.8,GHS,MOBILE_APP
ORMT-00001714,OR-C000073,1,SUCCESSFUL,2025-01-05 13:32:42.000,Ashanti|Kumasi,331.65,GHS,MOBILE_APP
ORMT-00001715,OR-C000073,2,SUCCESSFUL,2025-03-10 07:00:27.000,Ashanti|Kumasi,1576.19,GHS,MOBILE_APP
ORMT-00001740,OR-C000075,6,SUCCESSFUL,2025-01-01 09:23:31.000,Bono|Berekum,396.49,GHS,MOBILE_APP
ORMT-00001741,OR-C000075,6,SUCCESSFUL,2025-02-01 11:06:24.000,Bono|Berekum,1004.0,GHS,MOBILE_APP
ORMT-00001742,OR-C000075,1,SUCCESSFUL,2025-03-26 19:51:07.000,Bono|Berekum,1488.25,GHS,AGENT
ORMT-00001748,OR-C000076,5,FAILED,2025-01-31 20:02:04.000,Eastern|Nkawkaw,823.4,GHS,AGENT
ORMT-00001749,OR-C000076,3,SUCCESSFUL,2025-01-29 14:57:17.000,Eastern|Nkawkaw,294.17,GHS,AGENT
ORMT-00001750,OR-C000076,3,SUCCESSFUL,2025-01-31 20:29:39.000,Eastern|Nkawkaw,74.91,GHS,AGENT
ORMT-00001751,OR-C000076,4,SUCCESSFUL,2025-01-31 07:02:34.000,Eastern|Nkawkaw,484.67,GHS,AGENT
ORMT-00001752,OR-C000076,1,SUCCESSFUL,2025-01-30 14:52:46.000,Eastern|Nkawkaw,1117.69,GHS,MOBILE_APP
ORMT-00001753,OR-C000076,1,SUCCESSFUL,2025-01-31 09:00:07.000,Eastern|Nkawkaw,273.02,GHS,AGENT
ORMT-00001754,OR-C000076,1,SUCCESSFUL,2025-02-18 13:21:34.000,Eastern|Nkawkaw,1111.38,GHS,THIRD_PARTY
ORMT-00001755,OR-C000076,10,SUCCESSFUL,2025-02-22 13:24:31.000,Eastern|Nkawkaw,2046.03,GHS,MOBILE_APP
ORMT-00001756,OR-C000076,6,SUCCESSFUL,2025-02-09 20:33:00.000,Eastern|Nkawkaw,2082.1,GHS,AGENT
ORMT-00001757,OR-C000076,3,SUCCESSFUL,2025-02-08 14:26:41.000,Eastern|Nkawkaw,773.98,GHS,MOBILE_APP
ORMT-00001758,OR-C000076,2,SUCCESSFUL,2025-02-05 11:23:05.000,Eastern|Nkawkaw,2416.95,GHS,THIRD_PARTY
ORMT-00001759,OR-C000076,8,SUCCESSFUL,2025-02-04 21:32:18.000,Eastern|Nkawkaw,480.91,GHS,MOBILE_APP
ORMT-00001760,OR-C000076,5,SUCCESSFUL,2025-03-07 14:40:35.000,Eastern|Nkawkaw,580.88,GHS,THIRD_PARTY
ORMT-00001761,OR-C000076,8,SUCCESSFUL,2025-03-01 15:21:41.000,Eastern|Nkawkaw,4080.52,GHS,MOBILE_APP
ORMT-00001762,OR-C000076,3,SUCCESSFUL,2025-03-14 09:53:41.000,Eastern|Nkawkaw,776.14,GHS,AGENT
ORMT-00001763,OR-C000076,2,SUCCESSFUL,2025-03-04 13:43:46.000,Eastern|Nkawkaw,252.44,GHS,API
ORMT-00001787,OR-C000077,4,SUCCESSFUL,2025-02-12 21:24:47.000,Northern|Savelugu,1882.13,GHS,MOBILE_APP
ORMT-00001788,OR-C000077,3,SUCCESSFUL,2025-02-01 16:30:06.000,Northern|Savelugu,803.08,GHS,MOBILE_APP
ORMT-00001789,OR-C000077,4,REJECTED,2025-03-13 18:30:59.000,Northern|Savelugu,2935.3,GHS,AGENT
ORMT-00001801,OR-C000078,2,SUCCESSFUL,2025-01-18 08:23:12.000,Central|Elmina,824.88,GHS,AGENT
ORMT-00001802,OR-C000078,7,SUCCESSFUL,2025-01-02 10:12:44.000,Central|Elmina,295.27,GHS,MOBILE_APP
ORMT-00001803,OR-C000078,1,SUCCESSFUL,2025-01-18 16:26:28.000,Central|Elmina,557.48,GHS,AGENT
ORMT-00001804,OR-C000078,2,SUCCESSFUL,2025-01-18 10:47:37.000,Central|Elmina,1329.9,GHS,AGENT
ORMT-00001805,OR-C000078,9,SUCCESSFUL,2025-03-30 20:41:58.000,Central|Elmina,123.6,GHS,AGENT
ORMT-00001845,OR-C000080,3,SUCCESSFUL,2025-03-29 19:53:51.000,Greater Accra|Accra,665.55,GHS,THIRD_PARTY
ORMT-00001891,OR-C000084,7,SUCCESSFUL,2025-01-27 20:00:25.000,Greater Accra|Madina,223.49,GHS,MOBILE_APP
ORMT-00001892,OR-C000084,2,SUCCESSFUL,2025-02-05 07:12:08.000,Greater Accra|Madina,553.13,GHS,AGENT
ORMT-00001893,OR-C000084,1,SUCCESSFUL,2025-02-09 08:42:38.000,Greater Accra|Madina,360.08,GHS,AGENT
ORMT-00001903,OR-C000085,1,FAILED,2025-03-30 13:58:45.000,Ashanti|Ejisu,124.07,GHS,AGENT
ORMT-00001932,OR-C000087,9,SUCCESSFUL,2025-03-22 07:25:11.000,Ashanti|Obuasi,290.96,GHS,MOBILE_APP
ORMT-00001945,OR-C000088,2,SUCCESSFUL,2025-02-21 19:27:26.000,Upper East|Bolgatanga,197.95,GHS,MOBILE_APP
ORMT-00001946,OR-C000088,5,SUCCESSFUL,2025-03-21 09:57:06.000,Upper East|Bolgatanga,336.16,GHS,WEB
ORMT-00001951,OR-C000089,7,SUCCESSFUL,2025-03-28 07:44:36.000,Greater Accra|Madina,486.98,GHS,WEB
ORMT-00001967,OR-C000090,3,SUCCESSFUL,2025-01-03 18:53:36.000,Greater Accra|Madina,1351.78,GHS,AGENT
ORMT-00001968,OR-C000090,1,SUCCESSFUL,2025-01-11 21:16:05.000,Greater Accra|Madina,1003.49,GHS,MOBILE_APP
ORMT-00001969,OR-C000090,2,SUCCESSFUL,2025-01-17 12:52:02.000,Greater Accra|Madina,910.76,GHS,AGENT
ORMT-00001970,OR-C000090,1,SUCCESSFUL,2025-02-08 09:58:39.000,Greater Accra|Madina,901.69,GHS,THIRD_PARTY
ORMT-00001971,OR-C000090,2,SUCCESSFUL,2025-02-22 07:51:35.000,Greater Accra|Madina,260.35,GHS,API
ORMT-00001972,OR-C000090,1,SUCCESSFUL,2025-03-29 18:32:42.000,Greater Accra|Madina,663.65,GHS,AGENT
ORMT-00001973,OR-C000090,7,SUCCESSFUL,2025-03-07 18:32:59.000,Greater Accra|Madina,571.97,GHS,MOBILE_APP
ORMT-00001974,OR-C000090,1,SUCCESSFUL,2025-03-24 14:51:14.000,Greater Accra|Madina,368.88,GHS,AGENT
ORMT-00002035,OR-C000092,7,SUCCESSFUL,2025-01-16 13:54:19.000,Central|Cape Coast,307.58,GHS,MOBILE_APP
ORMT-00002036,OR-C000092,2,SUCCESSFUL,2025-02-05 12:16:43.000,Central|Cape Coast,773.1,GHS,AGENT
ORMT-00002037,OR-C000092,2,SUCCESSFUL,2025-03-28 21:18:23.000,Central|Cape Coast,1725.37,GHS,THIRD_PARTY
ORMT-00002074,OR-C000093,1,SUCCESSFUL,2025-01-09 14:54:58.000,Greater Accra|Accra,534.53,GHS,MOBILE_APP
ORMT-00002075,OR-C000093,5,SUCCESSFUL,2025-02-10 11:54:26.000,Greater Accra|Accra,525.23,GHS,AGENT
ORMT-00002076,OR-C000093,1,SUCCESSFUL,2025-03-11 18:22:09.000,Greater Accra|Accra,403.59,GHS,MOBILE_APP
ORMT-00002089,OR-C000094,1,SUCCESSFUL,2025-02-02 09:36:15.000,Eastern|Akropong,238.63,GHS,MOBILE_APP
ORMT-00002111,OR-C000095,7,SUCCESSFUL,2025-01-11 15:42:16.000,Greater Accra|Kasoa,717.69,GHS,AGENT
ORMT-00002112,OR-C000095,1,SUCCESSFUL,2025-02-19 21:52:51.000,Greater Accra|Kasoa,666.04,GHS,MOBILE_APP
ORMT-00002128,OR-C000096,1,SUCCESSFUL,2025-01-17 14:05:09.000,Ashanti|Kumasi,703.53,GHS,MOBILE_APP
ORMT-00002129,OR-C000096,3,SUCCESSFUL,2025-01-27 12:32:32.000,Ashanti|Kumasi,714.99,GHS,AGENT
ORMT-00002130,OR-C000096,4,SUCCESSFUL,2025-02-11 10:06:34.000,Ashanti|Kumasi,785.2,GHS,AGENT
ORMT-00002131,OR-C000096,3,SUCCESSFUL,2025-02-20 12:21:10.000,Ashanti|Kumasi,605.24,GHS,API
ORMT-00002132,OR-C000096,1,SUCCESSFUL,2025-02-05 11:30:14.000,Ashanti|Kumasi,957.01,GHS,AGENT
ORMT-00002133,OR-C000096,9,SUCCESSFUL,2025-03-26 07:57:38.000,Ashanti|Kumasi,2355.7,GHS,MOBILE_APP
ORMT-00002163,OR-C000097,1,FAILED,2025-03-30 12:58:07.000,Ashanti|Kumasi,662.75,GHS,MOBILE_APP
ORMT-00002238,OR-C000098,4,SUCCESSFUL,2025-01-19 09:27:28.000,Greater Accra|Tema,1078.98,GHS,THIRD_PARTY
ORMT-00002239,OR-C000098,10,SUCCESSFUL,2025-02-08 20:31:30.000,Greater Accra|Tema,1044.25,GHS,MOBILE_APP
ORMT-00002240,OR-C000098,5,SUCCESSFUL,2025-02-12 18:19:08.000,Greater Accra|Tema,1134.57,GHS,MOBILE_APP
ORMT-00002241,OR-C000098,1,SUCCESSFUL,2025-02-26 18:09:59.000,Greater Accra|Tema,585.45,GHS,AGENT
ORMT-00002242,OR-C000098,2,SUCCESSFUL,2025-02-21 21:59:51.000,Greater Accra|Tema,941.62,GHS,API
ORMT-00002243,OR-C000098,3,SUCCESSFUL,2025-03-08 15:50:36.000,Greater Accra|Tema,412.07,GHS,MOBILE_APP
ORMT-00002290,OR-C000099,1,FAILED,2025-02-01 19:11:52.000,Greater Accra|Accra,246.51,GHS,MOBILE_APP
ORMT-00002293,OR-C000100,3,SUCCESSFUL,2025-03-23 16:12:29.000,Eastern|Nkawkaw,2719.29,GHS,AGENT
ORMT-00002345,OR-C000101,1,SUCCESSFUL,2025-01-18 10:18:46.000,Ahafo|Duayaw Nkwanta,424.31,GHS,THIRD_PARTY
ORMT-00002346,OR-C000101,3,SUCCESSFUL,2025-01-23 08:19:43.000,Ahafo|Duayaw Nkwanta,473.34,GHS,AGENT
ORMT-00002347,OR-C000101,6,SUCCESSFUL,2025-01-13 12:54:38.000,Ahafo|Duayaw Nkwanta,430.75,GHS,API
ORMT-00002348,OR-C000101,1,SUCCESSFUL,2025-01-30 13:18:32.000,Ahafo|Duayaw Nkwanta,575.29,GHS,MOBILE_APP
ORMT-00002349,OR-C000101,7,SUCCESSFUL,2025-02-03 16:31:42.000,Ahafo|Duayaw Nkwanta,471.29,GHS,API
ORMT-00002350,OR-C000101,1,SUCCESSFUL,2025-02-28 09:39:42.000,Ahafo|Duayaw Nkwanta,987.4,GHS,AGENT
ORMT-00002351,OR-C000101,1,SUCCESSFUL,2025-02-13 07:47:31.000,Ahafo|Duayaw Nkwanta,692.6,GHS,AGENT
ORMT-00002352,OR-C000101,9,SUCCESSFUL,2025-02-18 07:14:40.000,Ahafo|Duayaw Nkwanta,2584.45,GHS,AGENT
ORMT-00002353,OR-C000101,10,SUCCESSFUL,2025-03-11 21:37:41.000,Ahafo|Duayaw Nkwanta,1889.67,GHS,THIRD_PARTY
ORMT-00002354,OR-C000101,4,SUCCESSFUL,2025-03-18 21:48:02.000,Ahafo|Duayaw Nkwanta,1157.83,GHS,API
ORMT-00002399,OR-C000102,1,SUCCESSFUL,2025-01-27 09:17:28.000,Oti|Dambai,2096.84,GHS,AGENT
ORMT-00002400,OR-C000102,1,SUCCESSFUL,2025-01-02 16:34:55.000,Oti|Dambai,351.07,GHS,WEB
ORMT-00002401,OR-C000102,2,SUCCESSFUL,2025-01-17 16:45:45.000,Oti|Dambai,633.51,GHS,AGENT
ORMT-00002402,OR-C000102,4,SUCCESSFUL,2025-02-27 17:22:31.000,Oti|Dambai,274.62,GHS,AGENT
ORMT-00002403,OR-C000102,5,SUCCESSFUL,2025-03-12 12:45:33.000,Oti|Dambai,4349.45,GHS,AGENT
ORMT-00002404,OR-C000102,2,SUCCESSFUL,2025-03-10 17:35:00.000,Oti|Dambai,732.78,GHS,MOBILE_APP
ORMT-00002460,OR-C000105,1,SUCCESSFUL,2025-01-07 21:26:03.000,Bono|Sunyani,450.7,GHS,MOBILE_APP
ORMT-00002461,OR-C000105,3,SUCCESSFUL,2025-01-14 17:11:42.000,Bono|Sunyani,503.45,GHS,AGENT
ORMT-00002462,OR-C000105,7,SUCCESSFUL,2025-02-01 10:37:33.000,Bono|Sunyani,851.8,GHS,THIRD_PARTY
ORMT-00002463,OR-C000105,8,SUCCESSFUL,2025-03-05 11:35:23.000,Bono|Sunyani,484.8,GHS,WEB
ORMT-00002514,OR-C000106,5,SUCCESSFUL,2025-01-11 14:11:49.000,Upper East|Bolgatanga,331.53,GHS,MOBILE_APP
ORMT-00002515,OR-C000106,1,SUCCESSFUL,2025-02-11 14:48:53.000,Upper East|Bolgatanga,423.06,GHS,WEB
ORMT-00002516,OR-C000106,5,SUCCESSFUL,2025-03-08 13:46:15.000,Upper East|Bolgatanga,462.73,GHS,AGENT
ORMT-00002538,OR-C000107,2,SUCCESSFUL,2025-02-21 21:44:10.000,Ashanti|Ejisu,317.98,GHS,MOBILE_APP
ORMT-00002542,OR-C000108,2,SUCCESSFUL,2025-03-29 21:01:25.000,Upper East|Navrongo,75.7,GHS,WEB
ORMT-00002543,OR-C000108,4,SUCCESSFUL,2025-03-15 12:39:45.000,Upper East|Navrongo,97.77,GHS,API
ORMT-00002544,OR-C000108,2,SUCCESSFUL,2025-03-18 10:04:05.000,Upper East|Navrongo,99.9,GHS,THIRD_PARTY
ORMT-00002558,OR-C000109,2,SUCCESSFUL,2025-01-28 13:06:38.000,Greater Accra|Madina,215.92,GHS,API
ORMT-00002611,OR-C000110,2,SUCCESSFUL,2025-01-30 15:55:57.000,Western|Takoradi,2110.94,GHS,THIRD_PARTY
ORMT-00002612,OR-C000110,3,SUCCESSFUL,2025-01-04 09:53:55.000,Western|Takoradi,522.41,GHS,AGENT
ORMT-00002613,OR-C000110,2,SUCCESSFUL,2025-01-29 08:41:48.000,Western|Takoradi,5192.92,GHS,AGENT
ORMT-00002614,OR-C000110,2,SUCCESSFUL,2025-01-31 10:49:31.000,Western|Takoradi,604.07,GHS,THIRD_PARTY
ORMT-00002615,OR-C000110,7,SUCCESSFUL,2025-01-30 13:35:56.000,Western|Takoradi,448.09,GHS,AGENT
ORMT-00002616,OR-C000110,3,SUCCESSFUL,2025-01-07 10:05:37.000,Western|Takoradi,311.9,GHS,AGENT
ORMT-00002617,OR-C000110,3,SUCCESSFUL,2025-01-04 12:06:45.000,Western|Takoradi,290.38,GHS,MOBILE_APP
ORMT-00002618,OR-C000110,1,SUCCESSFUL,2025-01-21 19:27:36.000,Western|Takoradi,788.96,GHS,WEB
ORMT-00002619,OR-C000110,4,SUCCESSFUL,2025-02-07 16:51:41.000,Western|Takoradi,259.57,GHS,AGENT
ORMT-00002620,OR-C000110,2,SUCCESSFUL,2025-03-18 10:44:24.000,Western|Takoradi,695.67,GHS,THIRD_PARTY
ORMT-00002621,OR-C000110,4,SUCCESSFUL,2025-03-31 08:47:26.000,Western|Takoradi,109.88,GHS,AGENT
ORMT-00002622,OR-C000110,7,SUCCESSFUL,2025-03-25 18:16:08.000,Western|Takoradi,2269.51,GHS,THIRD_PARTY
ORMT-00002748,OR-C000112,6,SUCCESSFUL,2025-01-01 17:37:58.000,Eastern|Akropong,160.01,GHS,API
ORMT-00002749,OR-C000112,9,SUCCESSFUL,2025-01-24 14:40:09.000,Eastern|Akropong,859.11,GHS,THIRD_PARTY
ORMT-00002750,OR-C000112,4,SUCCESSFUL,2025-01-31 19:53:26.000,Eastern|Akropong,1037.22,GHS,AGENT
ORMT-00002751,OR-C000112,4,SUCCESSFUL,2025-01-12 18:27:38.000,Eastern|Akropong,681.64,GHS,MOBILE_APP
ORMT-00002752,OR-C000112,3,SUCCESSFUL,2025-02-13 07:59:47.000,Eastern|Akropong,178.1,GHS,MOBILE_APP
ORMT-00002753,OR-C000112,3,SUCCESSFUL,2025-02-04 20:39:12.000,Eastern|Akropong,518.35,GHS,THIRD_PARTY
ORMT-00002754,OR-C000112,4,SUCCESSFUL,2025-02-06 07:07:30.000,Eastern|Akropong,876.16,GHS,API
ORMT-00002755,OR-C000112,1,SUCCESSFUL,2025-02-09 21:44:54.000,Eastern|Akropong,368.47,GHS,MOBILE_APP
ORMT-00002756,OR-C000112,1,SUCCESSFUL,2025-03-16 16:47:33.000,Eastern|Akropong,479.45,GHS,WEB
ORMT-00002757,OR-C000112,2,SUCCESSFUL,2025-03-25 19:57:36.000,Eastern|Akropong,319.66,GHS,MOBILE_APP
ORMT-00002758,OR-C000112,5,SUCCESSFUL,2025-03-07 12:28:32.000,Eastern|Akropong,403.88,GHS,THIRD_PARTY
ORMT-00002759,OR-C000112,5,SUCCESSFUL,2025-03-15 13:31:25.000,Eastern|Akropong,1130.6,GHS,MOBILE_APP
ORMT-00002818,OR-C000113,1,SUCCESSFUL,2025-01-19 17:53:52.000,Upper East|Navrongo,95.16,GHS,API
ORMT-00002819,OR-C000113,4,SUCCESSFUL,2025-02-07 21:14:56.000,Upper East|Navrongo,772.56,GHS,THIRD_PARTY
ORMT-00002829,OR-C000114,5,SUCCESSFUL,2025-03-24 19:11:45.000,Western|Takoradi,250.44,GHS,WEB
ORMT-00002831,OR-C000115,1,SUCCESSFUL,2025-02-27 15:08:55.000,Western|Axim,396.32,GHS,MOBILE_APP
ORMT-00002870,OR-C000119,3,SUCCESSFUL,2025-02-04 14:12:39.000,Greater Accra|Kasoa,87.37,GHS,AGENT
ORMT-00002878,OR-C000120,2,SUCCESSFUL,2025-01-16 18:48:50.000,Eastern|Koforidua,211.51,GHS,WEB
ORMT-00002879,OR-C000120,3,SUCCESSFUL,2025-02-27 17:12:54.000,Eastern|Koforidua,1414.31,GHS,THIRD_PARTY
ORMT-00002927,OR-C000121,1,SUCCESSFUL,2025-01-25 09:09:05.000,Greater Accra|Accra,589.12,GHS,AGENT
ORMT-00002928,OR-C000121,3,SUCCESSFUL,2025-01-18 11:39:13.000,Greater Accra|Accra,368.48,GHS,MOBILE_APP
ORMT-00002929,OR-C000121,2,SUCCESSFUL,2025-02-21 17:33:27.000,Greater Accra|Accra,2090.9,GHS,AGENT
ORMT-00002930,OR-C000121,10,SUCCESSFUL,2025-02-25 15:37:39.000,Greater Accra|Accra,755.19,GHS,AGENT
ORMT-00002931,OR-C000121,1,SUCCESSFUL,2025-03-20 07:12:42.000,Greater Accra|Accra,575.34,GHS,WEB
ORMT-00002932,OR-C000121,4,SUCCESSFUL,2025-03-09 21:14:55.000,Greater Accra|Accra,410.1,GHS,WEB
ORMT-00002933,OR-C000121,4,SUCCESSFUL,2025-03-02 13:11:16.000,Greater Accra|Accra,699.19,GHS,THIRD_PARTY
ORMT-00002951,OR-C000122,1,SUCCESSFUL,2025-02-07 12:28:26.000,Ashanti|Kumasi,254.43,GHS,THIRD_PARTY
ORMT-00002952,OR-C000122,9,SUCCESSFUL,2025-03-05 09:17:54.000,Ashanti|Kumasi,1135.56,GHS,MOBILE_APP
ORMT-00002966,OR-C000123,3,SUCCESSFUL,2025-02-16 17:04:41.000,Central|Cape Coast,316.73,GHS,WEB
ORMT-00002983,OR-C000124,1,SUCCESSFUL,2025-03-31 17:52:50.000,Bono|Sunyani,381.32,GHS,THIRD_PARTY
ORMT-00002999,OR-C000125,2,SUCCESSFUL,2025-01-08 17:57:34.000,Greater Accra|Kasoa,890.44,GHS,AGENT
ORMT-00003000,OR-C000125,1,SUCCESSFUL,2025-01-18 19:39:16.000,Greater Accra|Kasoa,123.78,GHS,AGENT
ORMT-00003001,OR-C000125,1,SUCCESSFUL,2025-03-27 19:16:06.000,Greater Accra|Kasoa,486.8,GHS,MOBILE_APP
ORMT-00003040,OR-C000126,1,SUCCESSFUL,2025-01-01 18:52:26.000,Northern|Savelugu,1244.62,GHS,AGENT
ORMT-00003041,OR-C000126,6,SUCCESSFUL,2025-02-25 07:57:15.000,Northern|Savelugu,539.98,GHS,THIRD_PARTY
ORMT-00003098,OR-C000129,9,SUCCESSFUL,2025-01-01 14:23:01.000,Greater Accra|Accra,1287.8,GHS,MOBILE_APP
ORMT-00003118,OR-C000131,1,SUCCESSFUL,2025-01-02 14:42:04.000,Greater Accra|Accra,1463.26,GHS,WEB
ORMT-00003119,OR-C000131,2,SUCCESSFUL,2025-03-15 14:48:57.000,Greater Accra|Accra,790.01,GHS,WEB
ORMT-00003130,OR-C000132,3,SUCCESSFUL,2025-02-09 15:00:05.000,Western|Tarkwa,703.66,GHS,THIRD_PARTY
ORMT-00003131,OR-C000132,9,SUCCESSFUL,2025-03-22 11:11:59.000,Western|Tarkwa,1944.57,GHS,AGENT
ORMT-00003132,OR-C000132,2,SUCCESSFUL,2025-03-01 20:49:20.000,Western|Tarkwa,1106.12,GHS,AGENT
ORMT-00003165,OR-C000133,2,SUCCESSFUL,2025-01-25 14:01:20.000,Greater Accra|Accra,263.44,GHS,API
ORMT-00003173,OR-C000135,9,SUCCESSFUL,2025-02-17 17:23:46.000,Western|Axim,2662.02,GHS,AGENT
ORMT-00003174,OR-C000135,1,SUCCESSFUL,2025-02-16 07:26:15.000,Western|Axim,420.44,GHS,MOBILE_APP
ORMT-00003175,OR-C000135,6,SUCCESSFUL,2025-02-08 15:07:49.000,Western|Axim,453.63,GHS,AGENT
ORMT-00003176,OR-C000135,2,SUCCESSFUL,2025-02-19 12:11:44.000,Western|Axim,559.38,GHS,MOBILE_APP
ORMT-00003177,OR-C000135,2,SUCCESSFUL,2025-02-14 10:48:06.000,Western|Axim,704.4,GHS,AGENT
ORMT-00003178,OR-C000135,1,SUCCESSFUL,2025-02-06 09:46:56.000,Western|Axim,1244.01,GHS,AGENT
ORMT-00003179,OR-C000135,2,SUCCESSFUL,2025-02-25 11:30:17.000,Western|Axim,596.71,GHS,WEB
ORMT-00003180,OR-C000135,2,SUCCESSFUL,2025-03-18 13:38:36.000,Western|Axim,382.04,GHS,AGENT
ORMT-00003181,OR-C000135,1,SUCCESSFUL,2025-03-23 19:39:05.000,Western|Axim,289.1,GHS,AGENT
ORMT-00003182,OR-C000135,1,SUCCESSFUL,2025-03-31 15:02:36.000,Western|Axim,786.32,GHS,THIRD_PARTY
ORMT-00003183,OR-C000135,1,SUCCESSFUL,2025-03-11 19:58:51.000,Western|Axim,1138.1,GHS,MOBILE_APP
ORMT-00003184,OR-C000135,1,SUCCESSFUL,2025-03-28 10:15:33.000,Western|Axim,277.29,GHS,AGENT
ORMT-00003185,OR-C000135,1,SUCCESSFUL,2025-03-26 15:43:22.000,Western|Axim,1711.46,GHS,WEB
ORMT-00003226,OR-C000136,8,SUCCESSFUL,2025-01-08 11:37:09.000,Ashanti|Ejisu,3701.56,GHS,AGENT
ORMT-00003227,OR-C000136,7,SUCCESSFUL,2025-02-14 15:18:32.000,Ashanti|Ejisu,2784.03,GHS,THIRD_PARTY
ORMT-00003228,OR-C000136,2,SUCCESSFUL,2025-03-25 10:17:28.000,Ashanti|Ejisu,10257.07,GHS,AGENT
ORMT-00003230,OR-C000137,3,SUCCESSFUL,2025-03-03 20:07:49.000,Volta|Ho,588.97,GHS,AGENT
ORMT-00003231,OR-C000137,3,SUCCESSFUL,2025-03-11 11:49:18.000,Volta|Ho,6274.99,GHS,AGENT
ORMT-00003260,OR-C000138,8,SUCCESSFUL,2025-01-29 12:22:21.000,Volta|Hohoe,926.17,GHS,AGENT
ORMT-00003261,OR-C000138,10,SUCCESSFUL,2025-01-04 09:58:40.000,Volta|Hohoe,200.29,GHS,AGENT
ORMT-00003262,OR-C000138,5,SUCCESSFUL,2025-02-12 15:38:43.000,Volta|Hohoe,227.86,GHS,AGENT
ORMT-00003263,OR-C000138,8,SUCCESSFUL,2025-02-11 15:00:07.000,Volta|Hohoe,627.18,GHS,API
ORMT-00003264,OR-C000138,2,SUCCESSFUL,2025-02-16 18:51:09.000,Volta|Hohoe,852.54,GHS,AGENT
ORMT-00003265,OR-C000138,5,SUCCESSFUL,2025-03-31 09:16:24.000,Volta|Hohoe,327.55,GHS,THIRD_PARTY
ORMT-00003266,OR-C000138,5,SUCCESSFUL,2025-03-07 21:53:31.000,Volta|Hohoe,1324.83,GHS,AGENT
ORMT-00003267,OR-C000138,1,SUCCESSFUL,2025-03-28 10:35:13.000,Volta|Hohoe,170.73,GHS,WEB
ORMT-00003268,OR-C000138,1,SUCCESSFUL,2025-03-01 18:41:44.000,Volta|Hohoe,2102.55,GHS,AGENT
ORMT-00003269,OR-C000138,1,SUCCESSFUL,2025-03-30 10:43:34.000,Volta|Hohoe,578.83,GHS,AGENT
ORMT-00003298,OR-C000139,3,SUCCESSFUL,2025-01-29 20:26:52.000,Ashanti|Kumasi,1068.51,GHS,AGENT
ORMT-00003299,OR-C000139,7,SUCCESSFUL,2025-02-27 14:27:39.000,Ashanti|Kumasi,555.96,GHS,WEB
ORMT-00003300,OR-C000139,2,SUCCESSFUL,2025-03-01 08:35:54.000,Ashanti|Kumasi,161.72,GHS,AGENT
ORMT-00003317,OR-C000142,2,SUCCESSFUL,2025-01-14 08:02:40.000,Greater Accra|Tema,716.92,GHS,MOBILE_APP
ORMT-00003343,OR-C000143,2,SUCCESSFUL,2025-01-29 15:45:07.000,Ashanti|Obuasi,702.28,GHS,MOBILE_APP
ORMT-00003344,OR-C000143,1,SUCCESSFUL,2025-01-28 09:27:48.000,Ashanti|Obuasi,875.39,GHS,AGENT
ORMT-00003345,OR-C000143,3,SUCCESSFUL,2025-01-07 19:17:52.000,Ashanti|Obuasi,998.2,GHS,THIRD_PARTY
ORMT-00003346,OR-C000143,4,SUCCESSFUL,2025-02-05 13:27:37.000,Ashanti|Obuasi,662.51,GHS,MOBILE_APP
ORMT-00003347,OR-C000143,6,FAILED,2025-02-09 13:20:37.000,Ashanti|Obuasi,456.05,GHS,AGENT
ORMT-00003348,OR-C000143,3,FAILED,2025-03-29 12:29:23.000,Ashanti|Obuasi,444.12,GHS,AGENT
ORMT-00003349,OR-C000143,7,SUCCESSFUL,2025-03-09 09:50:30.000,Ashanti|Obuasi,573.03,GHS,AGENT
ORMT-00003373,OR-C000144,1,SUCCESSFUL,2025-01-29 21:05:17.000,Northern|Tamale,972.81,GHS,API
ORMT-00003374,OR-C000144,3,SUCCESSFUL,2025-03-07 19:11:25.000,Northern|Tamale,1690.79,GHS,WEB
ORMT-00003375,OR-C000144,6,SUCCESSFUL,2025-03-14 09:25:33.000,Northern|Tamale,1030.82,GHS,AGENT
ORMT-00003395,OR-C000146,2,SUCCESSFUL,2025-02-22 16:33:27.000,Western|Takoradi,927.28,GHS,AGENT
ORMT-00003402,OR-C000147,1,SUCCESSFUL,2025-02-25 09:20:29.000,Greater Accra|Tema,679.9,GHS,MOBILE_APP
ORMT-00003403,OR-C000147,4,SUCCESSFUL,2025-02-11 07:47:27.000,Greater Accra|Tema,217.23,GHS,THIRD_PARTY
ORMT-00003421,OR-C000148,6,SUCCESSFUL,2025-01-31 15:52:20.000,Bono|Sunyani,570.39,GHS,THIRD_PARTY
ORMT-00003422,OR-C000148,7,SUCCESSFUL,2025-03-25 12:46:42.000,Bono|Sunyani,221.52,GHS,MOBILE_APP
ORMT-00003423,OR-C000148,1,SUCCESSFUL,2025-03-13 09:48:45.000,Bono|Sunyani,169.39,GHS,AGENT
ORMT-00003526,OR-C000150,7,SUCCESSFUL,2025-01-17 14:41:50.000,Greater Accra|Accra,116.19,GHS,WEB
ORMT-00003527,OR-C000150,6,SUCCESSFUL,2025-01-01 08:32:42.000,Greater Accra|Accra,630.07,GHS,MOBILE_APP
ORMT-00003528,OR-C000150,7,SUCCESSFUL,2025-01-25 17:17:00.000,Greater Accra|Accra,62.47,GHS,API
ORMT-00003529,OR-C000150,2,SUCCESSFUL,2025-02-13 15:44:41.000,Greater Accra|Accra,133.38,GHS,THIRD_PARTY
ORMT-00003530,OR-C000150,2,SUCCESSFUL,2025-02-27 17:31:25.000,Greater Accra|Accra,269.08,GHS,AGENT
ORMT-00003531,OR-C000150,4,SUCCESSFUL,2025-02-18 07:38:51.000,Greater Accra|Accra,127.84,GHS,AGENT
ORMT-00003532,OR-C000150,8,SUCCESSFUL,2025-02-10 20:05:33.000,Greater Accra|Accra,319.19,GHS,AGENT
ORMT-00003533,OR-C000150,1,SUCCESSFUL,2025-03-14 08:45:14.000,Greater Accra|Accra,482.63,GHS,MOBILE_APP
ORMT-00003534,OR-C000150,10,SUCCESSFUL,2025-03-18 21:32:30.000,Greater Accra|Accra,289.88,GHS,API
ORMT-00003566,OR-C000151,2,SUCCESSFUL,2025-01-25 20:47:04.000,Greater Accra|Kasoa,1394.07,GHS,AGENT
ORMT-00003567,OR-C000151,4,SUCCESSFUL,2025-01-05 08:45:35.000,Greater Accra|Kasoa,517.32,GHS,THIRD_PARTY
ORMT-00003591,OR-C000152,4,SUCCESSFUL,2025-01-05 12:54:09.000,Greater Accra|Madina,340.06,GHS,AGENT
ORMT-00003592,OR-C000152,5,SUCCESSFUL,2025-01-25 08:38:37.000,Greater Accra|Madina,310.99,GHS,MOBILE_APP
ORMT-00003593,OR-C000152,10,SUCCESSFUL,2025-01-28 19:25:47.000,Greater Accra|Madina,1457.81,GHS,WEB
ORMT-00003594,OR-C000152,1,SUCCESSFUL,2025-03-27 11:03:15.000,Greater Accra|Madina,2050.63,GHS,AGENT
ORMT-00003595,OR-C000152,3,SUCCESSFUL,2025-03-08 11:26:20.000,Greater Accra|Madina,242.82,GHS,THIRD_PARTY
ORMT-00003600,OR-C000153,5,SUCCESSFUL,2025-01-30 21:36:58.000,Western|Takoradi,341.04,GHS,THIRD_PARTY
ORMT-00003601,OR-C000153,7,SUCCESSFUL,2025-02-26 21:31:08.000,Western|Takoradi,3508.56,GHS,THIRD_PARTY
ORMT-00003602,OR-C000153,3,SUCCESSFUL,2025-02-27 19:45:16.000,Western|Takoradi,538.94,GHS,THIRD_PARTY
ORMT-00003664,OR-C000154,5,SUCCESSFUL,2025-01-09 21:40:00.000,Greater Accra|Kasoa,532.7,GHS,API
ORMT-00003665,OR-C000154,1,SUCCESSFUL,2025-01-24 14:03:41.000,Greater Accra|Kasoa,558.43,GHS,WEB
ORMT-00003666,OR-C000154,3,SUCCESSFUL,2025-02-18 20:23:22.000,Greater Accra|Kasoa,235.84,GHS,MOBILE_APP
ORMT-00003667,OR-C000154,2,SUCCESSFUL,2025-02-19 21:32:36.000,Greater Accra|Kasoa,735.09,GHS,WEB
ORMT-00003668,OR-C000154,5,SUCCESSFUL,2025-03-22 21:53:29.000,Greater Accra|Kasoa,349.25,GHS,AGENT
ORMT-00003669,OR-C000154,7,SUCCESSFUL,2025-03-21 19:26:18.000,Greater Accra|Kasoa,845.94,GHS,MOBILE_APP
ORMT-00003670,OR-C000154,1,SUCCESSFUL,2025-03-02 20:40:48.000,Greater Accra|Kasoa,4096.57,GHS,AGENT
ORMT-00003671,OR-C000154,2,SUCCESSFUL,2025-03-07 13:46:03.000,Greater Accra|Kasoa,200.71,GHS,MOBILE_APP
ORMT-00003728,OR-C000157,1,SUCCESSFUL,2025-01-14 14:53:20.000,Western|Axim,488.74,GHS,WEB
ORMT-00003729,OR-C000157,6,SUCCESSFUL,2025-01-02 18:44:48.000,Western|Axim,344.96,GHS,AGENT
ORMT-00003730,OR-C000157,4,SUCCESSFUL,2025-02-19 17:30:03.000,Western|Axim,876.16,GHS,WEB
ORMT-00003731,OR-C000157,3,SUCCESSFUL,2025-02-23 13:30:37.000,Western|Axim,5221.73,GHS,THIRD_PARTY
ORMT-00003732,OR-C000157,1,SUCCESSFUL,2025-02-15 09:33:01.000,Western|Axim,887.71,GHS,API
ORMT-00003733,OR-C000157,2,SUCCESSFUL,2025-03-17 18:26:45.000,Western|Axim,788.23,GHS,THIRD_PARTY
ORMT-00003734,OR-C000157,9,SUCCESSFUL,2025-03-11 20:19:52.000,Western|Axim,3197.6,GHS,MOBILE_APP
ORMT-00003735,OR-C000157,5,SUCCESSFUL,2025-03-24 14:27:07.000,Western|Axim,471.02,GHS,MOBILE_APP
ORMT-00003736,OR-C000157,6,SUCCESSFUL,2025-03-02 07:19:49.000,Western|Axim,1509.03,GHS,MOBILE_APP
ORMT-00003737,OR-C000157,4,SUCCESSFUL,2025-03-06 09:52:49.000,Western|Axim,3539.5,GHS,AGENT
ORMT-00003825,OR-C000161,9,SUCCESSFUL,2025-01-15 07:29:14.000,Bono|Sunyani,913.87,GHS,AGENT
ORMT-00003826,OR-C000161,1,SUCCESSFUL,2025-01-30 15:19:17.000,Bono|Sunyani,1301.39,GHS,AGENT
ORMT-00003827,OR-C000161,5,SUCCESSFUL,2025-01-23 12:02:27.000,Bono|Sunyani,340.93,GHS,AGENT
ORMT-00003828,OR-C000161,10,SUCCESSFUL,2025-01-27 13:27:05.000,Bono|Sunyani,1403.96,GHS,THIRD_PARTY
ORMT-00003829,OR-C000161,1,SUCCESSFUL,2025-02-22 19:14:05.000,Bono|Sunyani,1648.78,GHS,AGENT
ORMT-00003830,OR-C000161,1,SUCCESSFUL,2025-02-20 16:20:55.000,Bono|Sunyani,152.02,GHS,MOBILE_APP
ORMT-00003831,OR-C000161,3,SUCCESSFUL,2025-03-02 08:47:33.000,Bono|Sunyani,529.34,GHS,AGENT
ORMT-00003832,OR-C000161,7,SUCCESSFUL,2025-03-30 17:26:26.000,Bono|Sunyani,626.15,GHS,MOBILE_APP
ORMT-00003963,OR-C000162,3,SUCCESSFUL,2025-01-10 19:18:26.000,Greater Accra|Kasoa,2725.13,GHS,THIRD_PARTY
ORMT-00003964,OR-C000162,3,SUCCESSFUL,2025-01-21 16:17:41.000,Greater Accra|Kasoa,389.94,GHS,MOBILE_APP
ORMT-00003965,OR-C000162,1,SUCCESSFUL,2025-01-21 09:13:02.000,Greater Accra|Kasoa,2329.4,GHS,WEB
ORMT-00003966,OR-C000162,3,SUCCESSFUL,2025-01-11 07:41:46.000,Greater Accra|Kasoa,818.71,GHS,AGENT
ORMT-00003967,OR-C000162,4,SUCCESSFUL,2025-01-21 08:15:41.000,Greater Accra|Kasoa,315.99,GHS,AGENT
ORMT-00003968,OR-C000162,10,SUCCESSFUL,2025-01-01 14:49:59.000,Greater Accra|Kasoa,611.94,GHS,MOBILE_APP
ORMT-00003969,OR-C000162,3,SUCCESSFUL,2025-02-17 16:02:24.000,Greater Accra|Kasoa,5976.36,GHS,THIRD_PARTY
ORMT-00003970,OR-C000162,4,SUCCESSFUL,2025-02-18 12:09:31.000,Greater Accra|Kasoa,591.08,GHS,THIRD_PARTY
ORMT-00003971,OR-C000162,1,SUCCESSFUL,2025-02-24 13:43:25.000,Greater Accra|Kasoa,1035.72,GHS,MOBILE_APP
ORMT-00003972,OR-C000162,10,SUCCESSFUL,2025-02-05 21:03:45.000,Greater Accra|Kasoa,997.69,GHS,WEB
ORMT-00003973,OR-C000162,3,SUCCESSFUL,2025-02-12 17:06:43.000,Greater Accra|Kasoa,692.74,GHS,AGENT
ORMT-00003974,OR-C000162,3,SUCCESSFUL,2025-02-05 20:29:28.000,Greater Accra|Kasoa,594.62,GHS,AGENT
ORMT-00003975,OR-C000162,3,SUCCESSFUL,2025-03-05 17:36:29.000,Greater Accra|Kasoa,1871.79,GHS,MOBILE_APP
ORMT-00003976,OR-C000162,5,SUCCESSFUL,2025-03-20 07:50:31.000,Greater Accra|Kasoa,440.18,GHS,THIRD_PARTY
ORMT-00004014,OR-C000164,1,SUCCESSFUL,2025-02-11 10:55:25.000,Greater Accra|Kasoa,1531.27,GHS,MOBILE_APP
ORMT-00004015,OR-C000164,8,SUCCESSFUL,2025-02-20 08:53:14.000,Greater Accra|Kasoa,521.4,GHS,WEB
ORMT-00004016,OR-C000164,2,SUCCESSFUL,2025-03-12 20:14:57.000,Greater Accra|Kasoa,1194.82,GHS,AGENT
ORMT-00004017,OR-C000164,3,SUCCESSFUL,2025-03-22 20:33:30.000,Greater Accra|Kasoa,1415.68,GHS,AGENT
ORMT-00004028,OR-C000165,4,SUCCESSFUL,2025-01-10 14:12:31.000,Ashanti|Ejisu,286.8,GHS,AGENT
ORMT-00004029,OR-C000165,2,SUCCESSFUL,2025-03-20 13:29:47.000,Ashanti|Ejisu,507.6,GHS,WEB
ORMT-00004051,OR-C000166,1,SUCCESSFUL,2025-01-05 12:18:29.000,Bono|Berekum,559.37,GHS,API
ORMT-00004052,OR-C000166,9,SUCCESSFUL,2025-02-27 20:39:42.000,Bono|Berekum,2738.6,GHS,AGENT
ORMT-00004086,OR-C000167,4,SUCCESSFUL,2025-01-21 20:23:57.000,Greater Accra|Tema,543.25,GHS,AGENT
ORMT-00004087,OR-C000167,1,SUCCESSFUL,2025-01-16 10:24:33.000,Greater Accra|Tema,863.44,GHS,MOBILE_APP
ORMT-00004088,OR-C000167,4,SUCCESSFUL,2025-01-22 14:43:56.000,Greater Accra|Tema,332.54,GHS,AGENT
ORMT-00004089,OR-C000167,3,SUCCESSFUL,2025-02-05 17:48:32.000,Greater Accra|Tema,699.64,GHS,THIRD_PARTY
ORMT-00004090,OR-C000167,6,SUCCESSFUL,2025-03-30 15:06:50.000,Greater Accra|Tema,237.63,GHS,MOBILE_APP
ORMT-00004113,OR-C000168,6,SUCCESSFUL,2025-01-18 08:10:10.000,Eastern|Nkawkaw,668.39,GHS,AGENT
ORMT-00004114,OR-C000168,8,SUCCESSFUL,2025-01-30 21:11:10.000,Eastern|Nkawkaw,1750.13,GHS,THIRD_PARTY
ORMT-00004115,OR-C000168,6,SUCCESSFUL,2025-01-04 10:34:42.000,Eastern|Nkawkaw,431.29,GHS,AGENT
ORMT-00004123,OR-C000169,2,SUCCESSFUL,2025-03-11 11:06:27.000,Greater Accra|Kasoa,4810.79,GHS,MOBILE_APP
ORMT-00004161,OR-C000173,1,SUCCESSFUL,2025-01-22 15:50:14.000,Ashanti|Obuasi,281.93,GHS,MOBILE_APP
ORMT-00004162,OR-C000173,4,SUCCESSFUL,2025-03-13 20:41:32.000,Ashanti|Obuasi,551.65,GHS,THIRD_PARTY
ORMT-00004181,OR-C000174,2,SUCCESSFUL,2025-01-02 18:30:59.000,Northern|Yendi,878.5,GHS,AGENT
ORMT-00004182,OR-C000174,2,SUCCESSFUL,2025-02-27 16:12:15.000,Northern|Yendi,189.99,GHS,AGENT
ORMT-00004183,OR-C000174,1,SUCCESSFUL,2025-03-31 18:23:08.000,Northern|Yendi,1451.38,GHS,AGENT
ORMT-00004184,OR-C000174,6,SUCCESSFUL,2025-03-25 08:32:05.000,Northern|Yendi,1202.49,GHS,THIRD_PARTY
ORMT-00004213,OR-C000177,5,SUCCESSFUL,2025-02-01 15:09:23.000,Eastern|Nkawkaw,131.02,GHS,MOBILE_APP
ORMT-00004224,OR-C000178,2,SUCCESSFUL,2025-01-27 07:38:34.000,Northern|Yendi,1121.15,GHS,API
ORMT-00004225,OR-C000178,4,SUCCESSFUL,2025-01-07 18:02:37.000,Northern|Yendi,162.93,GHS,AGENT
ORMT-00004226,OR-C000178,8,SUCCESSFUL,2025-02-17 10:37:37.000,Northern|Yendi,1503.87,GHS,AGENT
ORMT-00004244,OR-C000179,4,FAILED,2025-01-16 15:23:34.000,Volta|Keta,894.88,GHS,THIRD_PARTY
ORMT-00004245,OR-C000179,6,SUCCESSFUL,2025-01-04 18:28:29.000,Volta|Keta,635.29,GHS,MOBILE_APP
ORMT-00004246,OR-C000179,2,SUCCESSFUL,2025-02-19 19:51:26.000,Volta|Keta,1710.62,GHS,MOBILE_APP
ORMT-00004247,OR-C000179,5,SUCCESSFUL,2025-02-20 16:11:30.000,Volta|Keta,2508.72,GHS,THIRD_PARTY
ORMT-00004248,OR-C000179,3,REJECTED,2025-03-08 14:24:03.000,Volta|Keta,468.17,GHS,AGENT
ORMT-00004263,OR-C000180,1,SUCCESSFUL,2025-03-09 15:37:43.000,Western|Takoradi,333.98,GHS,AGENT
ORMT-00004335,OR-C000181,6,SUCCESSFUL,2025-01-04 18:22:42.000,Northern|Tamale,854.0,GHS,AGENT
ORMT-00004336,OR-C000181,3,FAILED,2025-01-18 17:33:15.000,Northern|Tamale,88.98,GHS,MOBILE_APP
ORMT-00004337,OR-C000181,2,SUCCESSFUL,2025-02-08 19:02:40.000,Northern|Tamale,926.87,GHS,THIRD_PARTY
ORMT-00004338,OR-C000181,1,SUCCESSFUL,2025-02-17 17:31:13.000,Northern|Tamale,3622.23,GHS,AGENT
ORMT-00004339,OR-C000181,2,FAILED,2025-02-12 19:50:23.000,Northern|Tamale,163.35,GHS,AGENT
ORMT-00004340,OR-C000181,3,SUCCESSFUL,2025-02-16 12:19:17.000,Northern|Tamale,363.46,GHS,MOBILE_APP
ORMT-00004341,OR-C000181,2,SUCCESSFUL,2025-02-06 19:03:49.000,Northern|Tamale,1353.03,GHS,AGENT
ORMT-00004342,OR-C000181,1,SUCCESSFUL,2025-02-28 21:12:03.000,Northern|Tamale,103.5,GHS,THIRD_PARTY
ORMT-00004343,OR-C000181,1,SUCCESSFUL,2025-02-15 21:26:16.000,Northern|Tamale,1188.0,GHS,API
ORMT-00004344,OR-C000181,5,SUCCESSFUL,2025-03-04 20:53:03.000,Northern|Tamale,734.71,GHS,WEB
ORMT-00004345,OR-C000181,9,SUCCESSFUL,2025-03-22 18:07:14.000,Northern|Tamale,968.87,GHS,MOBILE_APP
ORMT-00004346,OR-C000181,2,SUCCESSFUL,2025-03-11 21:20:57.000,Northern|Tamale,1115.04,GHS,AGENT
ORMT-00004375,OR-C000182,10,SUCCESSFUL,2025-01-14 18:57:39.000,Greater Accra|Accra,679.87,GHS,WEB
ORMT-00004376,OR-C000182,4,SUCCESSFUL,2025-01-03 17:10:25.000,Greater Accra|Accra,1020.31,GHS,MOBILE_APP
ORMT-00004377,OR-C000182,2,FAILED,2025-03-30 17:57:43.000,Greater Accra|Accra,613.58,GHS,THIRD_PARTY
ORMT-00004395,OR-C000183,4,SUCCESSFUL,2025-01-10 10:23:13.000,Bono|Berekum,780.63,GHS,WEB
ORMT-00004396,OR-C000183,2,SUCCESSFUL,2025-02-26 15:14:14.000,Bono|Berekum,369.75,GHS,AGENT
ORMT-00004397,OR-C000183,2,SUCCESSFUL,2025-03-20 15:34:08.000,Bono|Berekum,2829.44,GHS,MOBILE_APP
ORMT-00004410,OR-C000184,5,SUCCESSFUL,2025-03-25 18:26:01.000,Western|Tarkwa,637.84,GHS,MOBILE_APP
ORMT-00004420,OR-C000185,4,SUCCESSFUL,2025-03-09 16:19:49.000,Greater Accra|Kasoa,2844.91,GHS,WEB
ORMT-00004435,OR-C000186,3,SUCCESSFUL,2025-01-27 14:49:44.000,Upper East|Bolgatanga,82.68,GHS,MOBILE_APP
ORMT-00004436,OR-C000186,1,SUCCESSFUL,2025-01-04 18:54:41.000,Upper East|Bolgatanga,451.68,GHS,MOBILE_APP
ORMT-00004437,OR-C000186,7,SUCCESSFUL,2025-01-03 19:21:24.000,Upper East|Bolgatanga,878.19,GHS,AGENT
ORMT-00004438,OR-C000186,5,SUCCESSFUL,2025-01-13 08:07:24.000,Upper East|Bolgatanga,253.6,GHS,WEB
ORMT-00004439,OR-C000186,2,SUCCESSFUL,2025-03-25 08:48:54.000,Upper East|Bolgatanga,1495.11,GHS,AGENT
ORMT-00004475,OR-C000188,1,SUCCESSFUL,2025-03-14 16:52:29.000,Ahafo|Goaso,588.88,GHS,THIRD_PARTY
ORMT-00004498,OR-C000189,4,SUCCESSFUL,2025-01-29 19:07:00.000,Northern|Tamale,563.93,GHS,AGENT
ORMT-00004499,OR-C000189,5,SUCCESSFUL,2025-01-23 08:46:27.000,Northern|Tamale,403.77,GHS,AGENT
ORMT-00004500,OR-C000189,1,SUCCESSFUL,2025-03-03 10:56:59.000,Northern|Tamale,3096.34,GHS,THIRD_PARTY
ORMT-00004501,OR-C000189,1,SUCCESSFUL,2025-03-07 15:42:34.000,Northern|Tamale,2358.49,GHS,MOBILE_APP
ORMT-00004502,OR-C000189,6,SUCCESSFUL,2025-03-22 12:05:34.000,Northern|Tamale,164.94,GHS,WEB
ORMT-00004531,OR-C000191,4,SUCCESSFUL,2025-02-02 12:09:17.000,Volta|Keta,234.98,GHS,MOBILE_APP
ORMT-00004538,OR-C000192,4,SUCCESSFUL,2025-01-07 10:38:23.000,Volta|Hohoe,892.42,GHS,THIRD_PARTY
ORMT-00004539,OR-C000192,1,SUCCESSFUL,2025-02-08 12:16:57.000,Volta|Hohoe,1623.81,GHS,AGENT
ORMT-00004550,OR-C000195,2,SUCCESSFUL,2025-03-28 11:56:21.000,Western|Takoradi,328.6,GHS,THIRD_PARTY
ORMT-00004551,OR-C000195,5,SUCCESSFUL,2025-03-05 10:47:25.000,Western|Takoradi,383.6,GHS,AGENT
ORMT-00004552,OR-C000195,1,SUCCESSFUL,2025-03-05 07:07:18.000,Western|Takoradi,309.26,GHS,AGENT
ORMT-00004589,OR-C000197,5,SUCCESSFUL,2025-03-25 17:45:16.000,Greater Accra|Kasoa,502.42,GHS,API
ORMT-00004590,OR-C000197,2,SUCCESSFUL,2025-03-14 11:29:18.000,Greater Accra|Kasoa,626.61,GHS,THIRD_PARTY
ORMT-00004604,OR-C000199,10,SUCCESSFUL,2025-01-05 18:44:52.000,Greater Accra|Accra,1652.03,GHS,MOBILE_APP
ORMT-00004605,OR-C000199,5,SUCCESSFUL,2025-01-09 12:49:48.000,Greater Accra|Accra,993.39,GHS,WEB
ORMT-00004606,OR-C000199,2,REJECTED,2025-02-07 21:07:35.000,Greater Accra|Accra,1097.26,GHS,AGENT
ORMT-00004630,OR-C000200,8,SUCCESSFUL,2025-01-07 07:18:49.000,Bono|Sunyani,630.39,GHS,AGENT
ORMT-00004631,OR-C000200,2,SUCCESSFUL,2025-01-30 09:33:16.000,Bono|Sunyani,289.43,GHS,MOBILE_APP
ORMT-00004632,OR-C000200,2,SUCCESSFUL,2025-01-02 09:21:56.000,Bono|Sunyani,544.46,GHS,WEB
ORMT-00004633,OR-C000200,1,FAILED,2025-01-07 18:33:41.000,Bono|Sunyani,1942.03,GHS,MOBILE_APP
ORMT-00004634,OR-C000200,4,SUCCESSFUL,2025-03-18 09:25:29.000,Bono|Sunyani,117.99,GHS,API
ORMT-00004635,OR-C000200,1,SUCCESSFUL,2025-03-21 15:39:31.000,Bono|Sunyani,844.49,GHS,AGENT
ORMT-00004636,OR-C000200,2,SUCCESSFUL,2025-03-26 21:10:30.000,Bono|Sunyani,525.27,GHS,AGENT
ORMT-00004637,OR-C000200,4,SUCCESSFUL,2025-03-25 21:29:14.000,Bono|Sunyani,807.68,GHS,MOBILE_APP
ORMT-00004658,OR-C000201,4,SUCCESSFUL,2025-02-27 13:32:31.000,Greater Accra|Tema,2441.54,GHS,MOBILE_APP
ORMT-00004691,OR-C000202,5,SUCCESSFUL,2025-01-29 11:46:59.000,Greater Accra|Madina,245.45,GHS,WEB
ORMT-00004692,OR-C000202,3,SUCCESSFUL,2025-01-14 13:40:58.000,Greater Accra|Madina,340.82,GHS,THIRD_PARTY
ORMT-00004693,OR-C000202,10,SUCCESSFUL,2025-01-14 10:16:14.000,Greater Accra|Madina,243.74,GHS,AGENT
ORMT-00004694,OR-C000202,2,SUCCESSFUL,2025-02-28 12:13:41.000,Greater Accra|Madina,1253.21,GHS,AGENT
ORMT-00004695,OR-C000202,1,SUCCESSFUL,2025-02-04 18:30:57.000,Greater Accra|Madina,247.28,GHS,THIRD_PARTY
ORMT-00004696,OR-C000202,6,SUCCESSFUL,2025-03-08 11:33:41.000,Greater Accra|Madina,1000.57,GHS,WEB
ORMT-00004721,OR-C000203,5,SUCCESSFUL,2025-03-12 11:04:17.000,Volta|Hohoe,237.57,GHS,THIRD_PARTY
ORMT-00004765,OR-C000206,5,SUCCESSFUL,2025-01-03 16:59:17.000,Western|Takoradi,500.29,GHS,WEB
ORMT-00004791,OR-C000208,2,SUCCESSFUL,2025-01-25 12:49:02.000,Volta|Hohoe,1004.3,GHS,AGENT
ORMT-00004792,OR-C000208,1,SUCCESSFUL,2025-02-26 14:07:08.000,Volta|Hohoe,1115.69,GHS,THIRD_PARTY
ORMT-00004815,OR-C000209,2,SUCCESSFUL,2025-02-07 11:39:47.000,Ashanti|Obuasi,684.19,GHS,MOBILE_APP
ORMT-00004825,OR-C000210,9,FAILED,2025-01-24 20:25:36.000,Western|Tarkwa,464.45,GHS,AGENT
ORMT-00004826,OR-C000210,2,SUCCESSFUL,2025-01-30 12:22:24.000,Western|Tarkwa,1413.93,GHS,AGENT
ORMT-00004827,OR-C000210,4,SUCCESSFUL,2025-02-21 18:47:31.000,Western|Tarkwa,555.96,GHS,MOBILE_APP
ORMT-00004828,OR-C000210,5,SUCCESSFUL,2025-02-27 13:22:03.000,Western|Tarkwa,446.61,GHS,API
ORMT-00004829,OR-C000210,3,SUCCESSFUL,2025-03-25 20:01:47.000,Western|Tarkwa,249.22,GHS,AGENT
ORMT-00004830,OR-C000210,9,SUCCESSFUL,2025-03-01 17:10:28.000,Western|Tarkwa,388.13,GHS,MOBILE_APP
ORMT-00004851,OR-C000211,4,SUCCESSFUL,2025-01-29 15:32:02.000,Greater Accra|Kasoa,237.54,GHS,API
ORMT-00004852,OR-C000211,3,SUCCESSFUL,2025-03-27 14:01:00.000,Greater Accra|Kasoa,649.08,GHS,MOBILE_APP
ORMT-00004853,OR-C000211,9,SUCCESSFUL,2025-03-02 17:12:56.000,Greater Accra|Kasoa,274.08,GHS,AGENT
ORMT-00004854,OR-C000211,9,SUCCESSFUL,2025-03-04 21:05:35.000,Greater Accra|Kasoa,225.39,GHS,AGENT
ORMT-00004882,OR-C000214,9,SUCCESSFUL,2025-01-02 18:33:30.000,Central|Elmina,7736.17,GHS,MOBILE_APP
ORMT-00004883,OR-C000214,8,SUCCESSFUL,2025-01-25 08:45:31.000,Central|Elmina,156.5,GHS,MOBILE_APP
ORMT-00004936,OR-C000216,10,SUCCESSFUL,2025-01-31 16:15:45.000,Greater Accra|Madina,468.49,GHS,MOBILE_APP
ORMT-00004937,OR-C000216,1,SUCCESSFUL,2025-01-24 08:34:25.000,Greater Accra|Madina,765.16,GHS,AGENT
ORMT-00004938,OR-C000216,3,SUCCESSFUL,2025-01-31 16:39:21.000,Greater Accra|Madina,600.03,GHS,AGENT
ORMT-00004939,OR-C000216,4,SUCCESSFUL,2025-02-13 17:56:57.000,Greater Accra|Madina,385.24,GHS,AGENT
ORMT-00004940,OR-C000216,5,SUCCESSFUL,2025-02-19 14:07:05.000,Greater Accra|Madina,406.89,GHS,THIRD_PARTY
ORMT-00004949,OR-C000217,3,SUCCESSFUL,2025-03-05 09:11:20.000,Greater Accra|Kasoa,271.76,GHS,THIRD_PARTY
ORMT-00004950,OR-C000217,1,SUCCESSFUL,2025-03-21 07:01:55.000,Greater Accra|Kasoa,3006.17,GHS,WEB
ORMT-00004992,OR-C000218,1,SUCCESSFUL,2025-01-01 11:17:00.000,Greater Accra|Madina,1530.44,GHS,MOBILE_APP
ORMT-00004993,OR-C000218,6,REJECTED,2025-02-15 16:21:45.000,Greater Accra|Madina,542.74,GHS,THIRD_PARTY
ORMT-00005065,OR-C000221,1,SUCCESSFUL,2025-02-05 16:39:47.000,Greater Accra|Tema,1337.1,GHS,MOBILE_APP
ORMT-00005102,OR-C000222,8,SUCCESSFUL,2025-01-18 14:09:57.000,Upper East|Bolgatanga,872.33,GHS,MOBILE_APP
ORMT-00005112,OR-C000224,8,SUCCESSFUL,2025-01-08 19:29:26.000,Volta|Hohoe,671.96,GHS,THIRD_PARTY
ORMT-00005113,OR-C000224,1,SUCCESSFUL,2025-03-04 16:39:36.000,Volta|Hohoe,471.53,GHS,MOBILE_APP
ORMT-00005114,OR-C000224,1,SUCCESSFUL,2025-03-07 10:33:55.000,Volta|Hohoe,650.92,GHS,AGENT
ORMT-00005124,OR-C000225,3,SUCCESSFUL,2025-02-20 07:41:24.000,Greater Accra|Accra,93.91,GHS,AGENT
ORMT-00005132,OR-C000226,10,SUCCESSFUL,2025-01-03 09:20:52.000,Ahafo|Goaso,75.47,GHS,AGENT
ORMT-00005133,OR-C000226,8,SUCCESSFUL,2025-03-13 15:02:37.000,Ahafo|Goaso,1178.06,GHS,API
ORMT-00005155,OR-C000227,10,SUCCESSFUL,2025-01-22 14:54:01.000,Greater Accra|Madina,190.84,GHS,AGENT
ORMT-00005156,OR-C000227,1,SUCCESSFUL,2025-01-02 09:50:08.000,Greater Accra|Madina,4801.17,GHS,AGENT
ORMT-00005157,OR-C000227,1,SUCCESSFUL,2025-02-06 13:38:14.000,Greater Accra|Madina,794.6,GHS,AGENT
ORMT-00005158,OR-C000227,5,SUCCESSFUL,2025-02-10 12:29:24.000,Greater Accra|Madina,388.47,GHS,WEB
ORMT-00005196,OR-C000228,1,FAILED,2025-01-01 12:54:09.000,Upper West|Wa,100.68,GHS,AGENT
ORMT-00005197,OR-C000228,4,SUCCESSFUL,2025-02-10 08:45:24.000,Upper West|Wa,158.17,GHS,WEB
ORMT-00005198,OR-C000228,6,SUCCESSFUL,2025-02-26 07:07:33.000,Upper West|Wa,1290.12,GHS,AGENT
ORMT-00005199,OR-C000228,1,SUCCESSFUL,2025-03-13 17:59:14.000,Upper West|Wa,381.23,GHS,AGENT
ORMT-00005200,OR-C000228,3,SUCCESSFUL,2025-03-12 13:22:53.000,Upper West|Wa,454.01,GHS,THIRD_PARTY
ORMT-00005201,OR-C000228,6,SUCCESSFUL,2025-03-22 13:14:32.000,Upper West|Wa,762.57,GHS,API
ORMT-00005202,OR-C000228,3,SUCCESSFUL,2025-03-04 14:47:54.000,Upper West|Wa,1341.66,GHS,WEB
ORMT-00005247,OR-C000229,1,SUCCESSFUL,2025-01-04 15:54:31.000,Greater Accra|Tema,290.93,GHS,WEB
ORMT-00005248,OR-C000229,2,SUCCESSFUL,2025-02-26 09:18:48.000,Greater Accra|Tema,140.38,GHS,AGENT
ORMT-00005249,OR-C000229,6,SUCCESSFUL,2025-03-29 17:07:57.000,Greater Accra|Tema,385.79,GHS,MOBILE_APP
ORMT-00005280,OR-C000230,9,SUCCESSFUL,2025-03-16 18:43:55.000,Western|Axim,427.51,GHS,AGENT
ORMT-00005281,OR-C000230,9,SUCCESSFUL,2025-03-29 09:51:48.000,Western|Axim,405.4,GHS,THIRD_PARTY
ORMT-00005293,OR-C000232,5,SUCCESSFUL,2025-01-11 19:40:07.000,Volta|Hohoe,365.48,GHS,MOBILE_APP
ORMT-00005359,OR-C000234,3,SUCCESSFUL,2025-01-16 08:29:09.000,Eastern|Koforidua,310.63,GHS,MOBILE_APP
ORMT-00005360,OR-C000234,2,SUCCESSFUL,2025-01-30 07:11:11.000,Eastern|Koforidua,274.76,GHS,AGENT
ORMT-00005361,OR-C000234,3,REJECTED,2025-01-27 07:00:02.000,Eastern|Koforidua,880.0,GHS,API
ORMT-00005362,OR-C000234,5,SUCCESSFUL,2025-03-20 19:29:27.000,Eastern|Koforidua,557.01,GHS,AGENT
ORMT-00005363,OR-C000234,1,SUCCESSFUL,2025-03-15 13:17:53.000,Eastern|Koforidua,528.46,GHS,MOBILE_APP
ORMT-00005395,OR-C000236,1,SUCCESSFUL,2025-01-04 16:05:43.000,Upper West|Wa,1467.53,GHS,API
ORMT-00005396,OR-C000236,1,SUCCESSFUL,2025-01-30 07:14:14.000,Upper West|Wa,89.39,GHS,MOBILE_APP
ORMT-00005397,OR-C000236,3,SUCCESSFUL,2025-01-11 20:17:39.000,Upper West|Wa,1513.38,GHS,MOBILE_APP
ORMT-00005398,OR-C000236,1,SUCCESSFUL,2025-02-05 08:29:30.000,Upper West|Wa,1828.87,GHS,AGENT
ORMT-00005399,OR-C000236,1,SUCCESSFUL,2025-02-09 10:44:34.000,Upper West|Wa,2524.43,GHS,AGENT
ORMT-00005400,OR-C000236,1,SUCCESSFUL,2025-03-16 18:35:18.000,Upper West|Wa,392.93,GHS,WEB
ORMT-00005401,OR-C000236,8,SUCCESSFUL,2025-03-22 13:44:19.000,Upper West|Wa,212.82,GHS,MOBILE_APP
ORMT-00005402,OR-C000236,2,SUCCESSFUL,2025-03-20 13:37:42.000,Upper West|Wa,2586.84,GHS,MOBILE_APP
ORMT-00005434,OR-C000237,7,SUCCESSFUL,2025-01-21 21:55:34.000,Bono|Berekum,783.43,GHS,THIRD_PARTY
ORMT-00005435,OR-C000237,3,SUCCESSFUL,2025-01-27 08:04:19.000,Bono|Berekum,134.18,GHS,MOBILE_APP
ORMT-00005436,OR-C000237,2,SUCCESSFUL,2025-02-25 19:08:42.000,Bono|Berekum,1329.19,GHS,MOBILE_APP
ORMT-00005437,OR-C000237,4,SUCCESSFUL,2025-02-23 20:22:22.000,Bono|Berekum,849.49,GHS,THIRD_PARTY
ORMT-00005438,OR-C000237,1,SUCCESSFUL,2025-02-11 12:52:19.000,Bono|Berekum,183.23,GHS,WEB
ORMT-00005445,OR-C000238,7,SUCCESSFUL,2025-01-31 18:54:51.000,Western|Axim,2436.46,GHS,AGENT
ORMT-00005446,OR-C000238,9,SUCCESSFUL,2025-03-07 14:55:50.000,Western|Axim,473.46,GHS,MOBILE_APP
ORMT-00005447,OR-C000238,1,FAILED,2025-03-05 10:19:26.000,Western|Axim,933.99,GHS,AGENT
ORMT-00005450,OR-C000239,6,SUCCESSFUL,2025-03-19 09:21:58.000,Ashanti|Obuasi,125.11,GHS,AGENT
ORMT-00005466,OR-C000241,4,SUCCESSFUL,2025-01-02 08:59:44.000,Eastern|Koforidua,2402.37,GHS,WEB
ORMT-00005467,OR-C000241,1,SUCCESSFUL,2025-01-20 17:15:39.000,Eastern|Koforidua,2154.29,GHS,MOBILE_APP
ORMT-00005468,OR-C000241,1,SUCCESSFUL,2025-03-09 08:16:44.000,Eastern|Koforidua,116.02,GHS,MOBILE_APP
ORMT-00005469,OR-C000241,1,FAILED,2025-03-31 08:22:43.000,Eastern|Koforidua,573.01,GHS,AGENT
ORMT-00005486,OR-C000242,8,SUCCESSFUL,2025-02-23 18:26:15.000,Greater Accra|Madina,372.22,GHS,AGENT
ORMT-00005487,OR-C000242,7,SUCCESSFUL,2025-03-16 21:16:05.000,Greater Accra|Madina,311.28,GHS,API
ORMT-00005527,OR-C000245,1,SUCCESSFUL,2025-01-14 18:41:29.000,Northern|Tamale,1807.39,GHS,AGENT
ORMT-00005528,OR-C000245,2,SUCCESSFUL,2025-01-31 19:30:45.000,Northern|Tamale,626.61,GHS,MOBILE_APP
ORMT-00005529,OR-C000245,1,SUCCESSFUL,2025-03-29 08:41:26.000,Northern|Tamale,271.46,GHS,MOBILE_APP
ORMT-00005530,OR-C000245,10,SUCCESSFUL,2025-03-04 15:43:09.000,Northern|Tamale,1715.91,GHS,MOBILE_APP
ORMT-00005531,OR-C000245,2,SUCCESSFUL,2025-03-25 10:19:38.000,Northern|Tamale,381.44,GHS,MOBILE_APP
ORMT-00005532,OR-C000245,2,SUCCESSFUL,2025-03-19 10:11:23.000,Northern|Tamale,642.55,GHS,AGENT
ORMT-00005551,OR-C000246,4,SUCCESSFUL,2025-02-27 17:25:37.000,Volta|Keta,2153.17,GHS,THIRD_PARTY
ORMT-00005552,OR-C000246,2,SUCCESSFUL,2025-03-02 09:57:58.000,Volta|Keta,981.72,GHS,AGENT
ORMT-00005564,OR-C000247,10,SUCCESSFUL,2025-01-14 11:18:28.000,Greater Accra|Tema,1135.34,GHS,AGENT
ORMT-00005600,OR-C000250,3,SUCCESSFUL,2025-01-11 12:20:07.000,Upper East|Navrongo,480.46,GHS,AGENT
ORMT-00005601,OR-C000250,1,SUCCESSFUL,2025-01-14 18:09:02.000,Upper East|Navrongo,2115.5,GHS,MOBILE_APP
ORMT-00005602,OR-C000250,9,SUCCESSFUL,2025-01-29 11:34:58.000,Upper East|Navrongo,83.01,GHS,WEB
ORMT-00005603,OR-C000250,4,SUCCESSFUL,2025-01-28 12:59:14.000,Upper East|Navrongo,2475.29,GHS,AGENT
ORMT-00005604,OR-C000250,2,SUCCESSFUL,2025-03-12 13:14:58.000,Upper East|Navrongo,572.07,GHS,MOBILE_APP
ORMT-00005650,OR-C000251,6,SUCCESSFUL,2025-01-08 18:59:15.000,Greater Accra|Accra,264.61,GHS,WEB
ORMT-00005651,OR-C000251,3,SUCCESSFUL,2025-01-22 17:08:18.000,Greater Accra|Accra,679.25,GHS,API
ORMT-00005652,OR-C000251,1,SUCCESSFUL,2025-01-31 10:56:16.000,Greater Accra|Accra,1230.17,GHS,AGENT
ORMT-00005653,OR-C000251,4,SUCCESSFUL,2025-01-28 17:43:32.000,Greater Accra|Accra,681.55,GHS,AGENT
ORMT-00005654,OR-C000251,4,SUCCESSFUL,2025-01-15 16:00:17.000,Greater Accra|Accra,696.48,GHS,AGENT
ORMT-00005655,OR-C000251,1,SUCCESSFUL,2025-01-25 11:23:00.000,Greater Accra|Accra,3975.48,GHS,AGENT
ORMT-00005656,OR-C000251,6,SUCCESSFUL,2025-01-01 13:11:37.000,Greater Accra|Accra,4380.52,GHS,AGENT
ORMT-00005657,OR-C000251,9,SUCCESSFUL,2025-02-27 10:06:51.000,Greater Accra|Accra,134.08,GHS,AGENT
ORMT-00005658,OR-C000251,3,SUCCESSFUL,2025-02-01 20:32:45.000,Greater Accra|Accra,424.78,GHS,WEB
ORMT-00005659,OR-C000251,2,SUCCESSFUL,2025-02-06 08:36:52.000,Greater Accra|Accra,877.97,GHS,MOBILE_APP
ORMT-00005660,OR-C000251,1,SUCCESSFUL,2025-03-01 16:15:29.000,Greater Accra|Accra,6045.09,GHS,WEB
ORMT-00005661,OR-C000251,1,SUCCESSFUL,2025-03-04 18:33:17.000,Greater Accra|Accra,455.1,GHS,MOBILE_APP
ORMT-00005662,OR-C000251,4,SUCCESSFUL,2025-03-27 11:17:43.000,Greater Accra|Accra,505.95,GHS,MOBILE_APP
ORMT-00005663,OR-C000251,9,SUCCESSFUL,2025-03-10 21:35:45.000,Greater Accra|Accra,528.07,GHS,AGENT
ORMT-00005664,OR-C000251,1,SUCCESSFUL,2025-03-04 10:18:11.000,Greater Accra|Accra,178.9,GHS,API
ORMT-00005772,OR-C000252,2,SUCCESSFUL,2025-01-18 14:55:11.000,Eastern|Koforidua,1086.01,GHS,AGENT
ORMT-00005773,OR-C000252,5,SUCCESSFUL,2025-01-22 18:29:46.000,Eastern|Koforidua,1406.16,GHS,AGENT
ORMT-00005774,OR-C000252,9,SUCCESSFUL,2025-01-31 08:14:14.000,Eastern|Koforidua,244.12,GHS,AGENT
ORMT-00005775,OR-C000252,2,SUCCESSFUL,2025-01-05 16:33:17.000,Eastern|Koforidua,3369.97,GHS,AGENT
ORMT-00005776,OR-C000252,2,SUCCESSFUL,2025-01-07 13:16:58.000,Eastern|Koforidua,195.6,GHS,AGENT
ORMT-00005777,OR-C000252,1,SUCCESSFUL,2025-01-10 16:14:10.000,Eastern|Koforidua,304.76,GHS,AGENT
ORMT-00005778,OR-C000252,4,SUCCESSFUL,2025-01-18 15:03:28.000,Eastern|Koforidua,2973.31,GHS,MOBILE_APP
ORMT-00005779,OR-C000252,5,SUCCESSFUL,2025-01-19 16:33:38.000,Eastern|Koforidua,291.3,GHS,MOBILE_APP
ORMT-00005780,OR-C000252,2,SUCCESSFUL,2025-01-11 12:35:56.000,Eastern|Koforidua,1220.04,GHS,AGENT
ORMT-00005781,OR-C000252,1,SUCCESSFUL,2025-02-04 20:43:15.000,Eastern|Koforidua,957.12,GHS,AGENT
ORMT-00005782,OR-C000252,9,SUCCESSFUL,2025-02-26 17:14:47.000,Eastern|Koforidua,1720.06,GHS,THIRD_PARTY
ORMT-00005783,OR-C000252,1,SUCCESSFUL,2025-02-18 07:16:33.000,Eastern|Koforidua,533.15,GHS,MOBILE_APP
ORMT-00005784,OR-C000252,3,SUCCESSFUL,2025-02-11 19:16:22.000,Eastern|Koforidua,523.5,GHS,MOBILE_APP
ORMT-00005785,OR-C000252,1,SUCCESSFUL,2025-02-21 11:34:15.000,Eastern|Koforidua,1309.59,GHS,AGENT
ORMT-00005786,OR-C000252,1,SUCCESSFUL,2025-02-09 15:21:53.000,Eastern|Koforidua,430.98,GHS,AGENT
ORMT-00005787,OR-C000252,10,SUCCESSFUL,2025-02-27 19:51:49.000,Eastern|Koforidua,82.46,GHS,MOBILE_APP
ORMT-00005788,OR-C000252,9,SUCCESSFUL,2025-02-09 11:28:56.000,Eastern|Koforidua,556.1,GHS,THIRD_PARTY
ORMT-00005789,OR-C000252,6,SUCCESSFUL,2025-02-07 09:31:02.000,Eastern|Koforidua,435.57,GHS,THIRD_PARTY
ORMT-00005790,OR-C000252,1,SUCCESSFUL,2025-03-30 10:40:46.000,Eastern|Koforidua,1364.15,GHS,AGENT
ORMT-00005791,OR-C000252,1,SUCCESSFUL,2025-03-31 15:21:03.000,Eastern|Koforidua,556.93,GHS,MOBILE_APP
ORMT-00005792,OR-C000252,7,SUCCESSFUL,2025-03-18 18:02:53.000,Eastern|Koforidua,367.72,GHS,API
ORMT-00005793,OR-C000252,1,SUCCESSFUL,2025-03-09 07:59:25.000,Eastern|Koforidua,1318.59,GHS,AGENT
ORMT-00005794,OR-C000252,9,SUCCESSFUL,2025-03-02 11:14:15.000,Eastern|Koforidua,624.43,GHS,AGENT
ORMT-00005795,OR-C000252,5,SUCCESSFUL,2025-03-15 08:53:47.000,Eastern|Koforidua,2973.88,GHS,MOBILE_APP
ORMT-00005840,OR-C000253,4,SUCCESSFUL,2025-02-25 08:07:06.000,Greater Accra|Accra,265.14,GHS,MOBILE_APP
ORMT-00005868,OR-C000254,5,SUCCESSFUL,2025-03-10 12:03:45.000,Greater Accra|Accra,225.0,GHS,MOBILE_APP
ORMT-00005869,OR-C000254,5,SUCCESSFUL,2025-03-31 09:34:13.000,Greater Accra|Accra,304.4,GHS,AGENT
ORMT-00005934,OR-C000255,2,SUCCESSFUL,2025-01-18 19:26:06.000,Ashanti|Obuasi,182.03,GHS,AGENT
ORMT-00005935,OR-C000255,1,SUCCESSFUL,2025-01-08 19:31:33.000,Ashanti|Obuasi,555.05,GHS,THIRD_PARTY
ORMT-00005936,OR-C000255,1,SUCCESSFUL,2025-01-23 15:44:18.000,Ashanti|Obuasi,1000.81,GHS,AGENT
ORMT-00005937,OR-C000255,1,SUCCESSFUL,2025-01-11 16:21:30.000,Ashanti|Obuasi,149.31,GHS,AGENT
ORMT-00005938,OR-C000255,4,SUCCESSFUL,2025-02-07 12:41:50.000,Ashanti|Obuasi,3410.14,GHS,WEB
ORMT-00005939,OR-C000255,2,SUCCESSFUL,2025-02-01 17:49:50.000,Ashanti|Obuasi,750.64,GHS,MOBILE_APP
ORMT-00005940,OR-C000255,1,SUCCESSFUL,2025-03-18 18:34:37.000,Ashanti|Obuasi,660.37,GHS,MOBILE_APP
ORMT-00005941,OR-C000255,5,SUCCESSFUL,2025-03-24 16:00:56.000,Ashanti|Obuasi,488.18,GHS,MOBILE_APP
ORMT-00005942,OR-C000255,5,SUCCESSFUL,2025-03-16 19:50:26.000,Ashanti|Obuasi,63.51,GHS,MOBILE_APP
ORMT-00005943,OR-C000255,8,SUCCESSFUL,2025-03-09 08:40:11.000,Ashanti|Obuasi,221.17,GHS,API
ORMT-00005944,OR-C000255,7,SUCCESSFUL,2025-03-30 17:09:15.000,Ashanti|Obuasi,899.86,GHS,API
ORMT-00005945,OR-C000255,4,SUCCESSFUL,2025-03-15 19:01:12.000,Ashanti|Obuasi,374.93,GHS,AGENT
ORMT-00005991,OR-C000257,3,SUCCESSFUL,2025-03-14 11:34:53.000,Upper East|Navrongo,505.53,GHS,MOBILE_APP
ORMT-00005992,OR-C000257,10,SUCCESSFUL,2025-03-27 11:26:48.000,Upper East|Navrongo,3550.31,GHS,AGENT
ORMT-00006022,OR-C000258,2,SUCCESSFUL,2025-02-19 09:06:23.000,Greater Accra|Tema,545.97,GHS,MOBILE_APP
ORMT-00006023,OR-C000258,2,SUCCESSFUL,2025-03-02 16:36:22.000,Greater Accra|Tema,344.16,GHS,WEB
ORMT-00006024,OR-C000258,7,SUCCESSFUL,2025-03-18 07:23:48.000,Greater Accra|Tema,724.48,GHS,THIRD_PARTY
ORMT-00006065,OR-C000259,2,SUCCESSFUL,2025-01-14 19:31:34.000,Ashanti|Obuasi,2134.99,GHS,AGENT
ORMT-00006066,OR-C000259,6,SUCCESSFUL,2025-02-28 10:41:49.000,Ashanti|Obuasi,1856.27,GHS,API
ORMT-00006067,OR-C000259,2,SUCCESSFUL,2025-03-01 16:29:30.000,Ashanti|Obuasi,688.54,GHS,MOBILE_APP
ORMT-00006068,OR-C000259,3,SUCCESSFUL,2025-03-27 16:21:41.000,Ashanti|Obuasi,880.49,GHS,THIRD_PARTY
ORMT-00006069,OR-C000259,8,SUCCESSFUL,2025-03-07 08:37:37.000,Ashanti|Obuasi,1830.6,GHS,MOBILE_APP
ORMT-00006070,OR-C000259,1,SUCCESSFUL,2025-03-06 09:59:23.000,Ashanti|Obuasi,524.62,GHS,WEB
ORMT-00006102,OR-C000261,2,SUCCESSFUL,2025-01-07 21:16:12.000,Eastern|Nkawkaw,1134.76,GHS,AGENT
ORMT-00006103,OR-C000261,1,SUCCESSFUL,2025-02-28 16:46:40.000,Eastern|Nkawkaw,251.26,GHS,MOBILE_APP
ORMT-00006196,OR-C000262,8,SUCCESSFUL,2025-01-04 08:46:01.000,Upper West|Wa,1946.2,GHS,MOBILE_APP
ORMT-00006197,OR-C000262,2,SUCCESSFUL,2025-01-06 19:55:38.000,Upper West|Wa,475.56,GHS,MOBILE_APP
ORMT-00006198,OR-C000262,8,SUCCESSFUL,2025-01-06 20:31:24.000,Upper West|Wa,587.01,GHS,AGENT
ORMT-00006199,OR-C000262,5,SUCCESSFUL,2025-01-03 19:08:01.000,Upper West|Wa,770.59,GHS,THIRD_PARTY
ORMT-00006200,OR-C000262,7,SUCCESSFUL,2025-01-12 20:48:15.000,Upper West|Wa,698.99,GHS,AGENT
ORMT-00006201,OR-C000262,1,SUCCESSFUL,2025-01-12 12:52:03.000,Upper West|Wa,1125.66,GHS,MOBILE_APP
ORMT-00006202,OR-C000262,3,SUCCESSFUL,2025-01-11 10:59:42.000,Upper West|Wa,1098.4,GHS,AGENT
ORMT-00006203,OR-C000262,8,SUCCESSFUL,2025-01-17 18:24:51.000,Upper West|Wa,440.15,GHS,THIRD_PARTY
ORMT-00006204,OR-C000262,3,SUCCESSFUL,2025-01-27 09:27:50.000,Upper West|Wa,733.17,GHS,WEB
ORMT-00006205,OR-C000262,9,SUCCESSFUL,2025-01-10 14:07:32.000,Upper West|Wa,529.75,GHS,MOBILE_APP
ORMT-00006206,OR-C000262,7,SUCCESSFUL,2025-01-25 14:03:34.000,Upper West|Wa,1984.56,GHS,WEB
ORMT-00006207,OR-C000262,2,SUCCESSFUL,2025-02-24 11:18:22.000,Upper West|Wa,690.38,GHS,THIRD_PARTY
ORMT-00006208,OR-C000262,2,SUCCESSFUL,2025-03-06 14:55:13.000,Upper West|Wa,526.63,GHS,API
ORMT-00006209,OR-C000262,7,SUCCESSFUL,2025-03-12 21:59:33.000,Upper West|Wa,1141.77,GHS,AGENT
ORMT-00006266,OR-C000263,4,SUCCESSFUL,2025-01-26 13:14:13.000,Ashanti|Ejisu,912.45,GHS,AGENT
ORMT-00006267,OR-C000263,5,FAILED,2025-03-29 19:35:32.000,Ashanti|Ejisu,337.67,GHS,AGENT
ORMT-00006268,OR-C000263,2,SUCCESSFUL,2025-03-25 12:38:59.000,Ashanti|Ejisu,243.8,GHS,API
ORMT-00006289,OR-C000264,3,SUCCESSFUL,2025-01-07 16:52:43.000,Greater Accra|Kasoa,266.57,GHS,WEB
ORMT-00006290,OR-C000264,3,REJECTED,2025-01-18 13:13:36.000,Greater Accra|Kasoa,297.26,GHS,AGENT
ORMT-00006291,OR-C000264,1,SUCCESSFUL,2025-01-02 19:07:46.000,Greater Accra|Kasoa,809.91,GHS,WEB
ORMT-00006292,OR-C000264,2,SUCCESSFUL,2025-02-19 21:09:12.000,Greater Accra|Kasoa,3077.12,GHS,AGENT
ORMT-00006293,OR-C000264,2,SUCCESSFUL,2025-03-27 08:13:40.000,Greater Accra|Kasoa,472.76,GHS,AGENT
ORMT-00006327,OR-C000265,4,SUCCESSFUL,2025-02-21 07:59:35.000,Greater Accra|Madina,376.33,GHS,AGENT
ORMT-00006328,OR-C000265,7,SUCCESSFUL,2025-02-01 19:04:45.000,Greater Accra|Madina,1060.21,GHS,MOBILE_APP
ORMT-00006329,OR-C000265,2,SUCCESSFUL,2025-02-02 14:54:12.000,Greater Accra|Madina,1667.32,GHS,AGENT
ORMT-00006330,OR-C000265,2,SUCCESSFUL,2025-03-28 16:08:57.000,Greater Accra|Madina,1030.55,GHS,AGENT
ORMT-00006331,OR-C000265,4,SUCCESSFUL,2025-03-29 14:16:02.000,Greater Accra|Madina,914.26,GHS,MOBILE_APP
ORMT-00006356,OR-C000266,1,SUCCESSFUL,2025-01-23 15:43:51.000,Ashanti|Kumasi,218.08,GHS,MOBILE_APP
ORMT-00006357,OR-C000266,2,SUCCESSFUL,2025-01-03 12:04:11.000,Ashanti|Kumasi,432.61,GHS,AGENT
ORMT-00006358,OR-C000266,1,SUCCESSFUL,2025-03-12 09:01:07.000,Ashanti|Kumasi,966.26,GHS,AGENT
ORMT-00006381,OR-C000267,1,SUCCESSFUL,2025-01-16 11:57:43.000,Bono East|Kintampo,559.17,GHS,MOBILE_APP
ORMT-00006382,OR-C000267,3,SUCCESSFUL,2025-02-05 15:44:43.000,Bono East|Kintampo,454.12,GHS,API
ORMT-00006383,OR-C000267,9,SUCCESSFUL,2025-02-24 12:12:28.000,Bono East|Kintampo,1591.17,GHS,WEB
ORMT-00006384,OR-C000267,3,SUCCESSFUL,2025-03-06 10:14:46.000,Bono East|Kintampo,1045.87,GHS,WEB
ORMT-00006385,OR-C000267,10,SUCCESSFUL,2025-03-12 13:50:51.000,Bono East|Kintampo,369.46,GHS,MOBILE_APP
ORMT-00006386,OR-C000267,1,SUCCESSFUL,2025-03-01 11:26:52.000,Bono East|Kintampo,275.03,GHS,WEB
ORMT-00006387,OR-C000267,1,SUCCESSFUL,2025-03-08 20:35:15.000,Bono East|Kintampo,215.05,GHS,AGENT
ORMT-00006412,OR-C000269,3,SUCCESSFUL,2025-01-25 14:41:21.000,Oti|Jasikan,1273.25,GHS,AGENT
ORMT-00006419,OR-C000270,4,REJECTED,2025-01-29 19:51:19.000,Ahafo|Goaso,342.6,GHS,MOBILE_APP
ORMT-00006420,OR-C000270,5,SUCCESSFUL,2025-01-31 20:27:02.000,Ahafo|Goaso,191.35,GHS,THIRD_PARTY
ORMT-00006421,OR-C000270,5,SUCCESSFUL,2025-02-03 20:45:17.000,Ahafo|Goaso,1055.23,GHS,AGENT
ORMT-00006422,OR-C000270,8,SUCCESSFUL,2025-03-27 13:05:35.000,Ahafo|Goaso,231.82,GHS,API
ORMT-00006423,OR-C000270,5,SUCCESSFUL,2025-03-26 15:26:46.000,Ahafo|Goaso,1132.06,GHS,AGENT
ORMT-00006440,OR-C000271,2,SUCCESSFUL,2025-01-15 14:06:20.000,Greater Accra|Kasoa,790.95,GHS,AGENT
ORMT-00006441,OR-C000271,5,SUCCESSFUL,2025-01-22 08:45:10.000,Greater Accra|Kasoa,687.05,GHS,AGENT
ORMT-00006442,OR-C000271,1,SUCCESSFUL,2025-02-07 15:34:37.000,Greater Accra|Kasoa,494.61,GHS,API
ORMT-00006443,OR-C000271,7,SUCCESSFUL,2025-02-01 20:01:13.000,Greater Accra|Kasoa,737.28,GHS,MOBILE_APP
ORMT-00006444,OR-C000271,1,SUCCESSFUL,2025-03-31 16:10:17.000,Greater Accra|Kasoa,335.11,GHS,MOBILE_APP
ORMT-00006445,OR-C000271,2,SUCCESSFUL,2025-03-05 14:06:26.000,Greater Accra|Kasoa,889.18,GHS,AGENT
ORMT-00006446,OR-C000271,1,SUCCESSFUL,2025-03-20 17:51:51.000,Greater Accra|Kasoa,1941.63,GHS,API
ORMT-00006447,OR-C000271,6,SUCCESSFUL,2025-03-30 20:34:49.000,Greater Accra|Kasoa,403.34,GHS,MOBILE_APP
ORMT-00006448,OR-C000271,1,SUCCESSFUL,2025-03-19 07:23:52.000,Greater Accra|Kasoa,583.28,GHS,AGENT
ORMT-00006480,OR-C000272,6,SUCCESSFUL,2025-01-03 14:49:40.000,Ashanti|Ejisu,1795.54,GHS,MOBILE_APP
ORMT-00006481,OR-C000272,1,SUCCESSFUL,2025-01-10 20:13:40.000,Ashanti|Ejisu,1613.79,GHS,AGENT
ORMT-00006482,OR-C000272,9,SUCCESSFUL,2025-01-14 09:56:47.000,Ashanti|Ejisu,177.99,GHS,THIRD_PARTY
ORMT-00006483,OR-C000272,4,SUCCESSFUL,2025-02-15 18:26:55.000,Ashanti|Ejisu,1436.07,GHS,API
ORMT-00006484,OR-C000272,3,SUCCESSFUL,2025-03-03 11:22:08.000,Ashanti|Ejisu,171.42,GHS,AGENT
ORMT-00006502,OR-C000273,5,SUCCESSFUL,2025-01-10 13:28:58.000,Bono|Berekum,240.83,GHS,THIRD_PARTY
ORMT-00006503,OR-C000273,1,SUCCESSFUL,2025-01-12 11:46:10.000,Bono|Berekum,493.79,GHS,AGENT
ORMT-00006504,OR-C000273,1,SUCCESSFUL,2025-01-06 11:00:35.000,Bono|Berekum,246.38,GHS,API
ORMT-00006505,OR-C000273,2,SUCCESSFUL,2025-03-05 18:59:05.000,Bono|Berekum,556.08,GHS,MOBILE_APP
ORMT-00006513,OR-C000274,4,SUCCESSFUL,2025-01-29 20:41:56.000,Western|Tarkwa,305.57,GHS,AGENT
ORMT-00006514,OR-C000274,1,SUCCESSFUL,2025-02-16 17:57:50.000,Western|Tarkwa,710.62,GHS,WEB
ORMT-00006515,OR-C000274,1,SUCCESSFUL,2025-02-16 17:02:19.000,Western|Tarkwa,204.08,GHS,THIRD_PARTY
ORMT-00006516,OR-C000274,1,SUCCESSFUL,2025-03-08 14:41:23.000,Western|Tarkwa,353.92,GHS,AGENT
ORMT-00006530,OR-C000276,1,SUCCESSFUL,2025-02-28 08:33:53.000,Central|Winneba,533.64,GHS,MOBILE_APP
ORMT-00006531,OR-C000276,6,SUCCESSFUL,2025-02-21 07:07:02.000,Central|Winneba,375.14,GHS,API
ORMT-00006557,OR-C000278,5,SUCCESSFUL,2025-02-12 19:41:54.000,Ashanti|Ejisu,325.9,GHS,AGENT
ORMT-00006593,OR-C000279,3,SUCCESSFUL,2025-01-21 14:19:33.000,Greater Accra|Madina,2204.65,GHS,AGENT
ORMT-00006594,OR-C000279,1,SUCCESSFUL,2025-01-29 19:17:04.000,Greater Accra|Madina,1025.72,GHS,MOBILE_APP
ORMT-00006595,OR-C000279,1,SUCCESSFUL,2025-02-27 21:06:18.000,Greater Accra|Madina,202.02,GHS,MOBILE_APP
ORMT-00006596,OR-C000279,1,SUCCESSFUL,2025-02-26 18:27:50.000,Greater Accra|Madina,229.73,GHS,MOBILE_APP
ORMT-00006597,OR-C000279,3,SUCCESSFUL,2025-02-14 08:51:22.000,Greater Accra|Madina,501.17,GHS,AGENT
ORMT-00006598,OR-C000279,1,SUCCESSFUL,2025-03-16 07:15:55.000,Greater Accra|Madina,1674.62,GHS,MOBILE_APP
ORMT-00006625,OR-C000281,1,SUCCESSFUL,2025-01-02 11:25:38.000,Northern|Yendi,994.89,GHS,MOBILE_APP
ORMT-00006632,OR-C000282,4,SUCCESSFUL,2025-01-12 14:42:59.000,Oti|Jasikan,325.16,GHS,THIRD_PARTY
ORMT-00006633,OR-C000282,1,SUCCESSFUL,2025-03-03 19:50:26.000,Oti|Jasikan,777.8,GHS,THIRD_PARTY
ORMT-00006634,OR-C000282,1,SUCCESSFUL,2025-03-04 14:13:05.000,Oti|Jasikan,130.73,GHS,AGENT
ORMT-00006638,OR-C000283,3,SUCCESSFUL,2025-03-09 10:08:22.000,Northern|Tamale,379.27,GHS,API
ORMT-00006724,OR-C000284,2,SUCCESSFUL,2025-01-23 20:28:05.000,Greater Accra|Kasoa,727.98,GHS,THIRD_PARTY
ORMT-00006725,OR-C000284,2,SUCCESSFUL,2025-01-28 10:44:34.000,Greater Accra|Kasoa,403.45,GHS,THIRD_PARTY
ORMT-00006726,OR-C000284,1,SUCCESSFUL,2025-01-14 10:31:22.000,Greater Accra|Kasoa,510.16,GHS,MOBILE_APP
ORMT-00006727,OR-C000284,4,SUCCESSFUL,2025-02-28 11:48:03.000,Greater Accra|Kasoa,197.3,GHS,AGENT
ORMT-00006728,OR-C000284,1,SUCCESSFUL,2025-02-03 18:00:13.000,Greater Accra|Kasoa,1563.29,GHS,THIRD_PARTY
ORMT-00006729,OR-C000284,7,SUCCESSFUL,2025-02-24 11:58:36.000,Greater Accra|Kasoa,220.99,GHS,WEB
ORMT-00006730,OR-C000284,3,SUCCESSFUL,2025-02-26 19:12:17.000,Greater Accra|Kasoa,1794.45,GHS,AGENT
ORMT-00006731,OR-C000284,3,SUCCESSFUL,2025-03-22 17:26:51.000,Greater Accra|Kasoa,254.42,GHS,AGENT
ORMT-00006732,OR-C000284,5,SUCCESSFUL,2025-03-31 11:09:11.000,Greater Accra|Kasoa,950.13,GHS,WEB
ORMT-00006733,OR-C000284,5,SUCCESSFUL,2025-03-14 16:32:54.000,Greater Accra|Kasoa,1607.83,GHS,MOBILE_APP
ORMT-00006734,OR-C000284,1,SUCCESSFUL,2025-03-20 10:14:56.000,Greater Accra|Kasoa,1649.85,GHS,AGENT
ORMT-00006735,OR-C000284,1,SUCCESSFUL,2025-03-25 20:10:01.000,Greater Accra|Kasoa,641.46,GHS,THIRD_PARTY
ORMT-00006785,OR-C000286,1,SUCCESSFUL,2025-01-23 11:13:58.000,Greater Accra|Tema,301.17,GHS,AGENT
ORMT-00006786,OR-C000286,3,SUCCESSFUL,2025-01-12 10:06:57.000,Greater Accra|Tema,229.94,GHS,AGENT
ORMT-00006787,OR-C000286,6,SUCCESSFUL,2025-01-30 17:02:24.000,Greater Accra|Tema,747.66,GHS,MOBILE_APP
ORMT-00006788,OR-C000286,6,SUCCESSFUL,2025-01-11 13:20:31.000,Greater Accra|Tema,675.22,GHS,MOBILE_APP
ORMT-00006789,OR-C000286,4,SUCCESSFUL,2025-01-06 15:36:13.000,Greater Accra|Tema,1657.28,GHS,API
ORMT-00006790,OR-C000286,10,SUCCESSFUL,2025-01-23 10:18:22.000,Greater Accra|Tema,2302.78,GHS,THIRD_PARTY
ORMT-00006791,OR-C000286,8,SUCCESSFUL,2025-02-17 07:30:59.000,Greater Accra|Tema,772.39,GHS,API
ORMT-00006792,OR-C000286,9,SUCCESSFUL,2025-03-15 18:27:02.000,Greater Accra|Tema,1655.27,GHS,THIRD_PARTY
ORMT-00006805,OR-C000288,2,SUCCESSFUL,2025-01-02 11:49:12.000,Ashanti|Ejisu,1100.66,GHS,AGENT
ORMT-00006806,OR-C000288,1,SUCCESSFUL,2025-03-07 20:55:40.000,Ashanti|Ejisu,184.17,GHS,THIRD_PARTY
ORMT-00006862,OR-C000290,4,SUCCESSFUL,2025-03-22 13:10:18.000,Central|Elmina,473.97,GHS,MOBILE_APP
ORMT-00006878,OR-C000291,7,SUCCESSFUL,2025-02-27 11:08:56.000,Volta|Hohoe,1267.92,GHS,MOBILE_APP
ORMT-00006879,OR-C000291,1,SUCCESSFUL,2025-02-02 14:58:05.000,Volta|Hohoe,525.49,GHS,AGENT
ORMT-00006966,OR-C000298,1,SUCCESSFUL,2025-01-30 17:43:37.000,Central|Cape Coast,591.64,GHS,MOBILE_APP
ORMT-00006967,OR-C000298,2,SUCCESSFUL,2025-01-18 16:44:32.000,Central|Cape Coast,1921.68,GHS,THIRD_PARTY
ORMT-00006968,OR-C000298,5,SUCCESSFUL,2025-01-25 13:58:28.000,Central|Cape Coast,1334.03,GHS,WEB
ORMT-00006969,OR-C000298,8,SUCCESSFUL,2025-01-04 21:33:36.000,Central|Cape Coast,701.07,GHS,MOBILE_APP
ORMT-00006970,OR-C000298,2,SUCCESSFUL,2025-02-07 12:25:40.000,Central|Cape Coast,1046.93,GHS,MOBILE_APP
ORMT-00007071,OR-C000299,4,SUCCESSFUL,2025-01-23 10:50:02.000,Greater Accra|Kasoa,1887.93,GHS,AGENT
ORMT-00007072,OR-C000299,2,SUCCESSFUL,2025-01-26 13:39:17.000,Greater Accra|Kasoa,106.73,GHS,AGENT
ORMT-00007073,OR-C000299,1,SUCCESSFUL,2025-01-27 16:40:49.000,Greater Accra|Kasoa,244.4,GHS,WEB
ORMT-00007074,OR-C000299,2,SUCCESSFUL,2025-01-18 09:49:28.000,Greater Accra|Kasoa,1276.61,GHS,AGENT
ORMT-00007075,OR-C000299,9,SUCCESSFUL,2025-01-06 16:04:28.000,Greater Accra|Kasoa,661.23,GHS,MOBILE_APP
ORMT-00007076,OR-C000299,7,SUCCESSFUL,2025-02-26 12:47:00.000,Greater Accra|Kasoa,2238.3,GHS,AGENT
ORMT-00007077,OR-C000299,1,SUCCESSFUL,2025-02-11 10:33:00.000,Greater Accra|Kasoa,458.67,GHS,API
ORMT-00007078,OR-C000299,2,SUCCESSFUL,2025-02-26 14:21:48.000,Greater Accra|Kasoa,428.76,GHS,MOBILE_APP
ORMT-00007079,OR-C000299,6,SUCCESSFUL,2025-02-04 21:35:08.000,Greater Accra|Kasoa,57.53,GHS,AGENT
ORMT-00007080,OR-C000299,7,SUCCESSFUL,2025-03-25 18:55:54.000,Greater Accra|Kasoa,152.83,GHS,API
ORMT-00007081,OR-C000299,3,SUCCESSFUL,2025-03-30 19:49:03.000,Greater Accra|Kasoa,398.14,GHS,AGENT
ORMT-00007082,OR-C000299,4,SUCCESSFUL,2025-03-29 14:19:42.000,Greater Accra|Kasoa,454.18,GHS,AGENT
ORMT-00007139,OR-C000300,1,SUCCESSFUL,2025-02-24 15:52:24.000,Greater Accra|Kasoa,266.42,GHS,MOBILE_APP
ORMT-00007140,OR-C000300,1,SUCCESSFUL,2025-03-08 09:18:20.000,Greater Accra|Kasoa,791.98,GHS,AGENT
ORMT-00007158,OR-C000302,2,SUCCESSFUL,2025-01-02 19:30:31.000,Ashanti|Kumasi,279.28,GHS,AGENT
ORMT-00007202,OR-C000303,2,SUCCESSFUL,2025-02-13 09:26:05.000,Eastern|Akropong,891.62,GHS,AGENT
ORMT-00007203,OR-C000303,2,SUCCESSFUL,2025-02-07 07:59:17.000,Eastern|Akropong,392.91,GHS,AGENT
ORMT-00007204,OR-C000303,1,SUCCESSFUL,2025-02-01 08:29:36.000,Eastern|Akropong,177.66,GHS,MOBILE_APP
ORMT-00007205,OR-C000303,4,SUCCESSFUL,2025-02-19 08:08:49.000,Eastern|Akropong,1004.25,GHS,AGENT
ORMT-00007206,OR-C000303,10,SUCCESSFUL,2025-03-06 11:50:19.000,Eastern|Akropong,480.27,GHS,MOBILE_APP
ORMT-00007229,OR-C000304,7,SUCCESSFUL,2025-01-22 20:51:44.000,Greater Accra|Accra,638.97,GHS,MOBILE_APP
ORMT-00007230,OR-C000304,7,SUCCESSFUL,2025-01-06 18:48:48.000,Greater Accra|Accra,668.1,GHS,THIRD_PARTY
ORMT-00007231,OR-C000304,4,SUCCESSFUL,2025-02-12 07:54:59.000,Greater Accra|Accra,1377.63,GHS,THIRD_PARTY
ORMT-00007241,OR-C000305,1,SUCCESSFUL,2025-01-01 17:17:29.000,Ahafo|Goaso,209.09,GHS,THIRD_PARTY
ORMT-00007242,OR-C000305,7,SUCCESSFUL,2025-01-06 08:00:41.000,Ahafo|Goaso,368.82,GHS,AGENT
ORMT-00007243,OR-C000305,1,SUCCESSFUL,2025-02-07 19:28:44.000,Ahafo|Goaso,227.3,GHS,AGENT
ORMT-00007264,OR-C000306,4,SUCCESSFUL,2025-01-13 11:54:22.000,Northern|Savelugu,1012.21,GHS,AGENT
ORMT-00007265,OR-C000306,1,SUCCESSFUL,2025-02-01 10:28:11.000,Northern|Savelugu,298.51,GHS,WEB
ORMT-00007266,OR-C000306,5,SUCCESSFUL,2025-03-01 13:38:59.000,Northern|Savelugu,563.34,GHS,AGENT
ORMT-00007284,OR-C000307,1,SUCCESSFUL,2025-02-08 09:06:07.000,Northern|Tamale,1662.59,GHS,MOBILE_APP
ORMT-00007302,OR-C000308,4,SUCCESSFUL,2025-01-01 15:00:55.000,Greater Accra|Kasoa,527.35,GHS,MOBILE_APP
ORMT-00007303,OR-C000308,1,SUCCESSFUL,2025-03-29 10:04:55.000,Greater Accra|Kasoa,408.58,GHS,AGENT
ORMT-00007311,OR-C000309,5,SUCCESSFUL,2025-01-06 11:35:32.000,Ashanti|Obuasi,1336.19,GHS,THIRD_PARTY
ORMT-00007312,OR-C000309,1,SUCCESSFUL,2025-01-26 11:21:46.000,Ashanti|Obuasi,194.49,GHS,AGENT
ORMT-00007313,OR-C000309,2,SUCCESSFUL,2025-02-01 13:09:00.000,Ashanti|Obuasi,1060.51,GHS,AGENT
ORMT-00007314,OR-C000309,1,SUCCESSFUL,2025-03-31 07:41:20.000,Ashanti|Obuasi,1634.95,GHS,WEB
ORMT-00007315,OR-C000309,3,SUCCESSFUL,2025-03-29 19:01:23.000,Ashanti|Obuasi,909.23,GHS,MOBILE_APP
ORMT-00007316,OR-C000309,3,SUCCESSFUL,2025-03-03 12:08:28.000,Ashanti|Obuasi,2945.45,GHS,MOBILE_APP
ORMT-00007334,OR-C000310,4,REJECTED,2025-01-09 14:57:01.000,Western|Tarkwa,365.55,GHS,AGENT
ORMT-00007335,OR-C000310,3,SUCCESSFUL,2025-03-26 11:36:47.000,Western|Tarkwa,2241.66,GHS,API
ORMT-00007351,OR-C000311,7,SUCCESSFUL,2025-01-02 18:05:12.000,Greater Accra|Madina,880.93,GHS,AGENT
ORMT-00007364,OR-C000313,1,SUCCESSFUL,2025-03-30 14:28:29.000,Greater Accra|Madina,572.7,GHS,AGENT
ORMT-00007375,OR-C000314,1,SUCCESSFUL,2025-02-18 18:58:53.000,Oti|Dambai,1069.22,GHS,AGENT
ORMT-00007383,OR-C000316,6,SUCCESSFUL,2025-02-25 09:25:55.000,Northern|Savelugu,253.18,GHS,AGENT
ORMT-00007391,OR-C000317,6,SUCCESSFUL,2025-03-08 10:15:01.000,Central|Cape Coast,344.46,GHS,THIRD_PARTY
ORMT-00007392,OR-C000317,1,SUCCESSFUL,2025-03-25 11:57:33.000,Central|Cape Coast,1336.06,GHS,AGENT
ORMT-00007396,OR-C000318,7,SUCCESSFUL,2025-01-16 08:39:49.000,Eastern|Akropong,234.61,GHS,AGENT
ORMT-00007404,OR-C000319,6,SUCCESSFUL,2025-03-30 20:21:15.000,Volta|Hohoe,2244.82,GHS,WEB
ORMT-00007405,OR-C000319,2,SUCCESSFUL,2025-03-22 16:35:14.000,Volta|Hohoe,1472.82,GHS,MOBILE_APP
ORMT-00007494,OR-C000320,1,SUCCESSFUL,2025-01-20 08:46:22.000,Eastern|Akropong,286.49,GHS,MOBILE_APP
ORMT-00007495,OR-C000320,1,SUCCESSFUL,2025-01-30 19:49:02.000,Eastern|Akropong,1415.9,GHS,WEB
ORMT-00007496,OR-C000320,5,SUCCESSFUL,2025-01-02 09:59:58.000,Eastern|Akropong,1196.74,GHS,AGENT
ORMT-00007497,OR-C000320,1,SUCCESSFUL,2025-01-28 18:07:58.000,Eastern|Akropong,472.85,GHS,AGENT
ORMT-00007498,OR-C000320,7,SUCCESSFUL,2025-01-01 13:35:02.000,Eastern|Akropong,352.05,GHS,WEB
ORMT-00007499,OR-C000320,7,SUCCESSFUL,2025-02-05 14:37:36.000,Eastern|Akropong,788.04,GHS,AGENT
ORMT-00007500,OR-C000320,3,SUCCESSFUL,2025-02-05 12:26:38.000,Eastern|Akropong,1191.76,GHS,AGENT
ORMT-00007501,OR-C000320,7,FAILED,2025-02-18 12:02:08.000,Eastern|Akropong,1343.01,GHS,AGENT
ORMT-00007502,OR-C000320,2,SUCCESSFUL,2025-02-20 13:18:49.000,Eastern|Akropong,1112.53,GHS,AGENT
ORMT-00007503,OR-C000320,3,SUCCESSFUL,2025-02-27 13:17:18.000,Eastern|Akropong,101.06,GHS,AGENT
ORMT-00007504,OR-C000320,1,SUCCESSFUL,2025-02-26 18:44:48.000,Eastern|Akropong,435.1,GHS,AGENT
ORMT-00007505,OR-C000320,5,SUCCESSFUL,2025-02-27 11:35:26.000,Eastern|Akropong,3139.01,GHS,AGENT
ORMT-00007506,OR-C000320,3,SUCCESSFUL,2025-02-08 11:21:22.000,Eastern|Akropong,178.27,GHS,MOBILE_APP
ORMT-00007507,OR-C000320,1,SUCCESSFUL,2025-03-07 19:07:28.000,Eastern|Akropong,2531.89,GHS,AGENT
ORMT-00007508,OR-C000320,6,SUCCESSFUL,2025-03-28 18:02:03.000,Eastern|Akropong,911.48,GHS,AGENT
ORMT-00007509,OR-C000320,3,SUCCESSFUL,2025-03-11 17:37:05.000,Eastern|Akropong,158.6,GHS,MOBILE_APP
ORMT-00007510,OR-C000320,4,SUCCESSFUL,2025-03-17 12:00:59.000,Eastern|Akropong,417.93,GHS,API
ORMT-00007511,OR-C000320,2,SUCCESSFUL,2025-03-24 18:25:23.000,Eastern|Akropong,2188.22,GHS,THIRD_PARTY
ORMT-00007605,OR-C000321,4,SUCCESSFUL,2025-01-01 12:16:53.000,Ahafo|Goaso,1953.67,GHS,THIRD_PARTY
ORMT-00007606,OR-C000321,2,SUCCESSFUL,2025-02-04 21:27:52.000,Ahafo|Goaso,753.0,GHS,MOBILE_APP
ORMT-00007607,OR-C000321,5,SUCCESSFUL,2025-03-24 17:36:25.000,Ahafo|Goaso,261.23,GHS,WEB
ORMT-00007608,OR-C000321,7,SUCCESSFUL,2025-03-23 08:47:35.000,Ahafo|Goaso,296.58,GHS,AGENT
ORMT-00007627,OR-C000323,1,SUCCESSFUL,2025-01-25 16:37:49.000,Greater Accra|Tema,1077.94,GHS,MOBILE_APP
ORMT-00007641,OR-C000324,5,SUCCESSFUL,2025-01-05 08:58:28.000,Greater Accra|Kasoa,371.27,GHS,AGENT
ORMT-00007642,OR-C000324,1,SUCCESSFUL,2025-01-23 09:53:51.000,Greater Accra|Kasoa,689.39,GHS,WEB
ORMT-00007643,OR-C000324,1,SUCCESSFUL,2025-01-08 09:26:37.000,Greater Accra|Kasoa,1005.14,GHS,WEB
ORMT-00007644,OR-C000324,4,SUCCESSFUL,2025-02-21 13:10:00.000,Greater Accra|Kasoa,1168.03,GHS,AGENT
ORMT-00007648,OR-C000325,2,SUCCESSFUL,2025-01-22 10:11:50.000,Greater Accra|Tema,421.54,GHS,THIRD_PARTY
ORMT-00007649,OR-C000325,3,SUCCESSFUL,2025-03-28 10:20:00.000,Greater Accra|Tema,400.37,GHS,MOBILE_APP
ORMT-00007661,OR-C000326,3,SUCCESSFUL,2025-02-14 10:15:34.000,Eastern|Nkawkaw,234.42,GHS,API
ORMT-00007662,OR-C000326,1,SUCCESSFUL,2025-03-24 13:54:58.000,Eastern|Nkawkaw,1624.18,GHS,AGENT
ORMT-00007663,OR-C000326,2,SUCCESSFUL,2025-03-30 11:13:42.000,Eastern|Nkawkaw,1546.79,GHS,AGENT
ORMT-00007681,OR-C000327,2,SUCCESSFUL,2025-01-18 16:32:53.000,Ashanti|Ejisu,1098.65,GHS,WEB
ORMT-00007682,OR-C000327,6,SUCCESSFUL,2025-01-11 17:08:35.000,Ashanti|Ejisu,887.06,GHS,MOBILE_APP
ORMT-00007683,OR-C000327,9,SUCCESSFUL,2025-01-28 09:28:39.000,Ashanti|Ejisu,728.73,GHS,THIRD_PARTY
ORMT-00007684,OR-C000327,1,SUCCESSFUL,2025-01-29 20:41:49.000,Ashanti|Ejisu,1350.96,GHS,AGENT
ORMT-00007685,OR-C000327,1,SUCCESSFUL,2025-01-07 20:14:14.000,Ashanti|Ejisu,469.41,GHS,WEB
ORMT-00007686,OR-C000327,1,SUCCESSFUL,2025-01-15 18:21:09.000,Ashanti|Ejisu,1908.94,GHS,AGENT
ORMT-00007687,OR-C000327,1,SUCCESSFUL,2025-01-03 10:05:14.000,Ashanti|Ejisu,459.35,GHS,WEB
ORMT-00007688,OR-C000327,1,SUCCESSFUL,2025-02-15 15:56:47.000,Ashanti|Ejisu,315.0,GHS,AGENT
ORMT-00007689,OR-C000327,1,SUCCESSFUL,2025-02-15 15:37:36.000,Ashanti|Ejisu,437.26,GHS,MOBILE_APP
ORMT-00007690,OR-C000327,1,SUCCESSFUL,2025-03-29 10:29:01.000,Ashanti|Ejisu,348.52,GHS,THIRD_PARTY
ORMT-00007691,OR-C000327,3,SUCCESSFUL,2025-03-27 13:55:40.000,Ashanti|Ejisu,687.85,GHS,AGENT
ORMT-00007692,OR-C000327,7,SUCCESSFUL,2025-03-23 13:07:28.000,Ashanti|Ejisu,294.5,GHS,MOBILE_APP
ORMT-00007693,OR-C000327,3,SUCCESSFUL,2025-03-29 11:54:40.000,Ashanti|Ejisu,586.78,GHS,THIRD_PARTY
ORMT-00007694,OR-C000327,2,SUCCESSFUL,2025-03-01 17:24:35.000,Ashanti|Ejisu,660.2,GHS,THIRD_PARTY
ORMT-00007695,OR-C000327,3,SUCCESSFUL,2025-03-15 18:57:41.000,Ashanti|Ejisu,357.97,GHS,API
ORMT-00007746,OR-C000328,5,SUCCESSFUL,2025-01-30 07:10:05.000,Upper West|Lawra,231.56,GHS,AGENT
ORMT-00007783,OR-C000329,3,SUCCESSFUL,2025-01-18 14:33:50.000,Upper West|Wa,1362.12,GHS,AGENT
ORMT-00007784,OR-C000329,8,SUCCESSFUL,2025-01-05 14:33:52.000,Upper West|Wa,1904.23,GHS,THIRD_PARTY
ORMT-00007785,OR-C000329,1,SUCCESSFUL,2025-01-10 10:25:47.000,Upper West|Wa,2077.24,GHS,MOBILE_APP
ORMT-00007786,OR-C000329,1,SUCCESSFUL,2025-01-10 19:47:28.000,Upper West|Wa,240.01,GHS,AGENT
ORMT-00007787,OR-C000329,1,SUCCESSFUL,2025-01-18 20:36:27.000,Upper West|Wa,213.57,GHS,AGENT
ORMT-00007788,OR-C000329,4,SUCCESSFUL,2025-01-26 18:24:48.000,Upper West|Wa,641.53,GHS,THIRD_PARTY
ORMT-00007789,OR-C000329,4,SUCCESSFUL,2025-01-31 20:50:47.000,Upper West|Wa,815.81,GHS,MOBILE_APP
ORMT-00007790,OR-C000329,7,SUCCESSFUL,2025-01-03 08:44:22.000,Upper West|Wa,400.62,GHS,WEB
ORMT-00007791,OR-C000329,4,SUCCESSFUL,2025-01-06 14:33:09.000,Upper West|Wa,1388.38,GHS,THIRD_PARTY
ORMT-00007792,OR-C000329,8,SUCCESSFUL,2025-02-28 16:13:18.000,Upper West|Wa,597.59,GHS,MOBILE_APP
ORMT-00007793,OR-C000329,7,SUCCESSFUL,2025-02-01 10:13:27.000,Upper West|Wa,1376.18,GHS,WEB
ORMT-00007794,OR-C000329,2,SUCCESSFUL,2025-03-29 21:59:06.000,Upper West|Wa,1038.22,GHS,MOBILE_APP
ORMT-00007836,OR-C000330,3,SUCCESSFUL,2025-03-31 19:56:53.000,Upper West|Lawra,496.05,GHS,MOBILE_APP
ORMT-00007878,OR-C000331,1,SUCCESSFUL,2025-01-18 15:22:31.000,Northern|Yendi,145.9,GHS,AGENT
ORMT-00007879,OR-C000331,3,SUCCESSFUL,2025-01-25 14:39:49.000,Northern|Yendi,380.9,GHS,WEB
ORMT-00007880,OR-C000331,2,SUCCESSFUL,2025-01-08 09:07:52.000,Northern|Yendi,316.69,GHS,AGENT
ORMT-00007881,OR-C000331,6,SUCCESSFUL,2025-01-31 07:28:36.000,Northern|Yendi,3278.64,GHS,MOBILE_APP
ORMT-00007882,OR-C000331,5,SUCCESSFUL,2025-02-03 21:39:46.000,Northern|Yendi,177.45,GHS,WEB
ORMT-00007883,OR-C000331,1,SUCCESSFUL,2025-03-22 09:04:53.000,Northern|Yendi,186.89,GHS,AGENT
ORMT-00007908,OR-C000332,2,SUCCESSFUL,2025-02-11 14:18:23.000,Eastern|Nkawkaw,577.18,GHS,MOBILE_APP
ORMT-00007909,OR-C000332,4,SUCCESSFUL,2025-03-25 10:36:41.000,Eastern|Nkawkaw,938.23,GHS,AGENT
ORMT-00007920,OR-C000333,1,SUCCESSFUL,2025-02-15 14:34:18.000,Greater Accra|Kasoa,266.69,GHS,WEB
ORMT-00007947,OR-C000334,2,REJECTED,2025-01-04 17:20:08.000,Greater Accra|Accra,255.48,GHS,MOBILE_APP
ORMT-00007948,OR-C000334,3,SUCCESSFUL,2025-02-06 10:33:53.000,Greater Accra|Accra,4572.96,GHS,AGENT
ORMT-00007949,OR-C000334,1,SUCCESSFUL,2025-03-22 10:02:13.000,Greater Accra|Accra,704.63,GHS,MOBILE_APP
ORMT-00007950,OR-C000334,4,SUCCESSFUL,2025-03-05 10:48:32.000,Greater Accra|Accra,126.38,GHS,API
ORMT-00007951,OR-C000334,3,SUCCESSFUL,2025-03-21 19:43:41.000,Greater Accra|Accra,223.87,GHS,MOBILE_APP
ORMT-00008039,OR-C000335,1,SUCCESSFUL,2025-01-18 20:34:35.000,Bono East|Kintampo,68.2,GHS,THIRD_PARTY
ORMT-00008040,OR-C000335,1,SUCCESSFUL,2025-01-07 07:37:28.000,Bono East|Kintampo,1105.7,GHS,THIRD_PARTY
ORMT-00008041,OR-C000335,1,SUCCESSFUL,2025-01-18 14:46:19.000,Bono East|Kintampo,123.93,GHS,API
ORMT-00008042,OR-C000335,1,SUCCESSFUL,2025-01-18 18:03:43.000,Bono East|Kintampo,1043.27,GHS,WEB
ORMT-00008043,OR-C000335,2,SUCCESSFUL,2025-02-08 11:14:55.000,Bono East|Kintampo,1723.99,GHS,AGENT
ORMT-00008044,OR-C000335,1,SUCCESSFUL,2025-02-20 21:55:56.000,Bono East|Kintampo,663.9,GHS,AGENT
ORMT-00008045,OR-C000335,6,SUCCESSFUL,2025-02-16 13:26:49.000,Bono East|Kintampo,419.77,GHS,AGENT
ORMT-00008046,OR-C000335,2,SUCCESSFUL,2025-02-16 18:24:52.000,Bono East|Kintampo,2414.38,GHS,THIRD_PARTY
ORMT-00008047,OR-C000335,1,SUCCESSFUL,2025-02-05 16:38:43.000,Bono East|Kintampo,1024.84,GHS,AGENT
ORMT-00008048,OR-C000335,1,SUCCESSFUL,2025-03-22 16:05:58.000,Bono East|Kintampo,254.7,GHS,AGENT
ORMT-00008049,OR-C000335,10,FAILED,2025-03-13 16:34:42.000,Bono East|Kintampo,1022.67,GHS,THIRD_PARTY
ORMT-00008050,OR-C000335,1,SUCCESSFUL,2025-03-24 11:28:25.000,Bono East|Kintampo,1840.03,GHS,WEB
ORMT-00008051,OR-C000335,10,SUCCESSFUL,2025-03-28 19:43:28.000,Bono East|Kintampo,412.98,GHS,API
ORMT-00008113,OR-C000336,4,SUCCESSFUL,2025-01-09 12:45:01.000,Greater Accra|Madina,256.93,GHS,WEB
ORMT-00008114,OR-C000336,4,SUCCESSFUL,2025-02-25 07:49:22.000,Greater Accra|Madina,1040.93,GHS,WEB
ORMT-00008146,OR-C000337,5,SUCCESSFUL,2025-01-06 12:24:17.000,Greater Accra|Accra,745.48,GHS,AGENT
ORMT-00008147,OR-C000337,6,SUCCESSFUL,2025-01-13 13:28:00.000,Greater Accra|Accra,679.27,GHS,AGENT
ORMT-00008148,OR-C000337,1,SUCCESSFUL,2025-01-11 19:37:51.000,Greater Accra|Accra,850.02,GHS,API
ORMT-00008149,OR-C000337,4,SUCCESSFUL,2025-01-09 09:04:11.000,Greater Accra|Accra,562.09,GHS,AGENT
ORMT-00008150,OR-C000337,9,SUCCESSFUL,2025-02-06 19:17:05.000,Greater Accra|Accra,10390.56,GHS,MOBILE_APP
ORMT-00008151,OR-C000337,7,SUCCESSFUL,2025-02-19 15:56:26.000,Greater Accra|Accra,676.2,GHS,THIRD_PARTY
ORMT-00008152,OR-C000337,1,SUCCESSFUL,2025-03-27 07:58:40.000,Greater Accra|Accra,865.73,GHS,THIRD_PARTY
ORMT-00008153,OR-C000337,2,SUCCESSFUL,2025-03-23 08:34:52.000,Greater Accra|Accra,4140.26,GHS,AGENT
ORMT-00008218,OR-C000339,3,SUCCESSFUL,2025-01-11 15:11:41.000,Western|Takoradi,1845.41,GHS,AGENT
ORMT-00008233,OR-C000340,4,SUCCESSFUL,2025-03-18 20:16:18.000,Greater Accra|Kasoa,806.07,GHS,AGENT
ORMT-00008249,OR-C000341,8,SUCCESSFUL,2025-01-12 14:30:16.000,Bono|Sunyani,1466.96,GHS,THIRD_PARTY
ORMT-00008250,OR-C000341,1,SUCCESSFUL,2025-01-01 07:23:59.000,Bono|Sunyani,236.88,GHS,AGENT
ORMT-00008251,OR-C000341,2,SUCCESSFUL,2025-01-26 21:41:12.000,Bono|Sunyani,367.74,GHS,API
ORMT-00008258,OR-C000342,7,SUCCESSFUL,2025-01-07 20:00:21.000,Ashanti|Obuasi,133.09,GHS,API
ORMT-00008259,OR-C000342,2,SUCCESSFUL,2025-01-12 14:19:13.000,Ashanti|Obuasi,445.47,GHS,AGENT
ORMT-00008260,OR-C000342,2,SUCCESSFUL,2025-02-10 20:19:05.000,Ashanti|Obuasi,348.64,GHS,AGENT
ORMT-00008261,OR-C000342,6,SUCCESSFUL,2025-03-12 21:17:15.000,Ashanti|Obuasi,1240.35,GHS,AGENT
ORMT-00008316,OR-C000345,2,SUCCESSFUL,2025-02-27 07:21:38.000,Greater Accra|Tema,473.49,GHS,WEB
ORMT-00008317,OR-C000345,4,SUCCESSFUL,2025-02-28 14:06:43.000,Greater Accra|Tema,2037.09,GHS,AGENT
ORMT-00008318,OR-C000345,7,SUCCESSFUL,2025-02-16 08:53:55.000,Greater Accra|Tema,1157.07,GHS,WEB
ORMT-00008319,OR-C000345,10,SUCCESSFUL,2025-03-29 19:25:38.000,Greater Accra|Tema,800.61,GHS,AGENT
ORMT-00008342,OR-C000346,5,SUCCESSFUL,2025-01-01 15:05:18.000,Greater Accra|Madina,728.03,GHS,API
ORMT-00008343,OR-C000346,5,SUCCESSFUL,2025-03-05 15:34:45.000,Greater Accra|Madina,1332.52,GHS,AGENT
ORMT-00008367,OR-C000347,1,SUCCESSFUL,2025-01-28 16:05:34.000,Greater Accra|Kasoa,204.45,GHS,MOBILE_APP
ORMT-00008368,OR-C000347,1,SUCCESSFUL,2025-01-03 09:24:27.000,Greater Accra|Kasoa,661.14,GHS,THIRD_PARTY
ORMT-00008369,OR-C000347,3,SUCCESSFUL,2025-01-12 21:09:59.000,Greater Accra|Kasoa,434.94,GHS,AGENT
ORMT-00008370,OR-C000347,2,SUCCESSFUL,2025-01-20 17:26:04.000,Greater Accra|Kasoa,235.64,GHS,MOBILE_APP
ORMT-00008371,OR-C000347,1,SUCCESSFUL,2025-01-31 15:43:13.000,Greater Accra|Kasoa,158.97,GHS,AGENT
ORMT-00008372,OR-C000347,1,SUCCESSFUL,2025-01-19 18:46:54.000,Greater Accra|Kasoa,336.61,GHS,AGENT
ORMT-00008373,OR-C000347,3,SUCCESSFUL,2025-02-01 19:24:28.000,Greater Accra|Kasoa,311.26,GHS,THIRD_PARTY
ORMT-00008374,OR-C000347,3,SUCCESSFUL,2025-02-17 15:01:23.000,Greater Accra|Kasoa,6339.53,GHS,MOBILE_APP
ORMT-00008375,OR-C000347,2,SUCCESSFUL,2025-02-08 17:06:02.000,Greater Accra|Kasoa,850.87,GHS,API
ORMT-00008376,OR-C000347,1,SUCCESSFUL,2025-02-28 14:42:52.000,Greater Accra|Kasoa,578.18,GHS,AGENT
ORMT-00008377,OR-C000347,4,FAILED,2025-02-01 18:22:39.000,Greater Accra|Kasoa,1766.1,GHS,MOBILE_APP
ORMT-00008378,OR-C000347,7,SUCCESSFUL,2025-02-26 18:55:51.000,Greater Accra|Kasoa,131.55,GHS,AGENT
ORMT-00008379,OR-C000347,2,SUCCESSFUL,2025-03-19 13:48:24.000,Greater Accra|Kasoa,400.71,GHS,THIRD_PARTY
ORMT-00008380,OR-C000347,4,SUCCESSFUL,2025-03-29 15:39:03.000,Greater Accra|Kasoa,1632.35,GHS,MOBILE_APP
ORMT-00008381,OR-C000347,4,FAILED,2025-03-28 13:43:22.000,Greater Accra|Kasoa,711.23,GHS,MOBILE_APP
ORMT-00008425,OR-C000348,5,SUCCESSFUL,2025-02-07 19:12:39.000,Greater Accra|Tema,254.07,GHS,THIRD_PARTY
ORMT-00008426,OR-C000348,1,SUCCESSFUL,2025-03-14 15:36:41.000,Greater Accra|Tema,1336.03,GHS,THIRD_PARTY
ORMT-00008541,OR-C000349,4,SUCCESSFUL,2025-01-30 07:21:32.000,Western|Axim,690.1,GHS,API
ORMT-00008542,OR-C000349,2,SUCCESSFUL,2025-01-18 19:26:00.000,Western|Axim,3267.57,GHS,AGENT
ORMT-00008543,OR-C000349,1,SUCCESSFUL,2025-01-05 21:54:51.000,Western|Axim,1796.52,GHS,WEB
ORMT-00008544,OR-C000349,4,SUCCESSFUL,2025-02-11 11:49:01.000,Western|Axim,188.99,GHS,AGENT
ORMT-00008545,OR-C000349,6,FAILED,2025-02-24 07:27:42.000,Western|Axim,218.56,GHS,AGENT
ORMT-00008546,OR-C000349,4,SUCCESSFUL,2025-02-07 21:59:59.000,Western|Axim,1624.82,GHS,AGENT
ORMT-00008547,OR-C000349,4,SUCCESSFUL,2025-02-07 19:57:03.000,Western|Axim,2718.78,GHS,MOBILE_APP
ORMT-00008548,OR-C000349,3,SUCCESSFUL,2025-02-08 07:02:43.000,Western|Axim,383.15,GHS,THIRD_PARTY
ORMT-00008549,OR-C000349,4,SUCCESSFUL,2025-03-19 21:19:49.000,Western|Axim,995.87,GHS,API
ORMT-00008550,OR-C000349,1,SUCCESSFUL,2025-03-02 10:04:09.000,Western|Axim,707.96,GHS,MOBILE_APP
ORMT-00008551,OR-C000349,9,SUCCESSFUL,2025-03-20 11:22:15.000,Western|Axim,1189.77,GHS,AGENT
ORMT-00008616,OR-C000350,1,SUCCESSFUL,2025-01-31 16:36:56.000,Oti|Dambai,463.51,GHS,WEB
ORMT-00008617,OR-C000350,2,SUCCESSFUL,2025-01-28 20:51:39.000,Oti|Dambai,1089.8,GHS,THIRD_PARTY
ORMT-00008618,OR-C000350,2,SUCCESSFUL,2025-02-02 18:09:59.000,Oti|Dambai,582.34,GHS,AGENT
ORMT-00008619,OR-C000350,1,SUCCESSFUL,2025-02-12 07:09:17.000,Oti|Dambai,314.09,GHS,AGENT
ORMT-00008620,OR-C000350,3,SUCCESSFUL,2025-02-13 10:26:13.000,Oti|Dambai,134.66,GHS,AGENT
ORMT-00008621,OR-C000350,6,SUCCESSFUL,2025-03-10 18:01:31.000,Oti|Dambai,641.57,GHS,MOBILE_APP
ORMT-00008622,OR-C000350,10,SUCCESSFUL,2025-03-06 09:42:09.000,Oti|Dambai,146.47,GHS,AGENT
ORMT-00008640,OR-C000351,8,SUCCESSFUL,2025-03-02 13:26:27.000,Greater Accra|Kasoa,752.7,GHS,WEB
ORMT-00008641,OR-C000351,1,SUCCESSFUL,2025-03-08 17:53:05.000,Greater Accra|Kasoa,506.88,GHS,AGENT
ORMT-00008657,OR-C000353,2,SUCCESSFUL,2025-03-08 07:36:11.000,Ashanti|Ejisu,499.4,GHS,WEB
ORMT-00008694,OR-C000356,9,SUCCESSFUL,2025-01-03 18:50:52.000,Bono|Sunyani,264.61,GHS,THIRD_PARTY
ORMT-00008695,OR-C000356,2,SUCCESSFUL,2025-01-10 12:29:10.000,Bono|Sunyani,169.93,GHS,AGENT
ORMT-00008696,OR-C000356,10,SUCCESSFUL,2025-01-01 08:45:01.000,Bono|Sunyani,303.34,GHS,MOBILE_APP
ORMT-00008697,OR-C000356,4,SUCCESSFUL,2025-02-24 16:19:24.000,Bono|Sunyani,2503.61,GHS,WEB
ORMT-00008698,OR-C000356,3,SUCCESSFUL,2025-02-20 09:00:37.000,Bono|Sunyani,422.44,GHS,AGENT
ORMT-00008699,OR-C000356,1,SUCCESSFUL,2025-02-24 12:49:52.000,Bono|Sunyani,571.26,GHS,AGENT
ORMT-00008700,OR-C000356,2,SUCCESSFUL,2025-02-10 07:35:03.000,Bono|Sunyani,225.14,GHS,MOBILE_APP
ORMT-00008701,OR-C000356,1,SUCCESSFUL,2025-02-14 09:47:12.000,Bono|Sunyani,108.85,GHS,AGENT
ORMT-00008702,OR-C000356,7,SUCCESSFUL,2025-02-11 12:44:03.000,Bono|Sunyani,176.3,GHS,MOBILE_APP
ORMT-00008703,OR-C000356,4,SUCCESSFUL,2025-02-16 12:04:22.000,Bono|Sunyani,433.44,GHS,MOBILE_APP
ORMT-00008704,OR-C000356,1,SUCCESSFUL,2025-02-01 08:05:08.000,Bono|Sunyani,1783.38,GHS,MOBILE_APP
ORMT-00008705,OR-C000356,10,SUCCESSFUL,2025-02-20 10:46:25.000,Bono|Sunyani,687.73,GHS,AGENT
ORMT-00008706,OR-C000356,1,SUCCESSFUL,2025-03-07 16:52:21.000,Bono|Sunyani,2112.01,GHS,AGENT
ORMT-00008707,OR-C000356,6,SUCCESSFUL,2025-03-23 17:22:13.000,Bono|Sunyani,141.5,GHS,MOBILE_APP
ORMT-00008708,OR-C000356,1,SUCCESSFUL,2025-03-09 15:27:01.000,Bono|Sunyani,203.2,GHS,AGENT
ORMT-00008740,OR-C000357,4,SUCCESSFUL,2025-01-01 15:46:53.000,Ashanti|Obuasi,1387.68,GHS,THIRD_PARTY
ORMT-00008741,OR-C000357,1,SUCCESSFUL,2025-02-14 19:06:32.000,Ashanti|Obuasi,735.93,GHS,WEB
ORMT-00008742,OR-C000357,1,SUCCESSFUL,2025-02-10 07:18:39.000,Ashanti|Obuasi,2759.19,GHS,THIRD_PARTY
ORMT-00008743,OR-C000357,4,SUCCESSFUL,2025-02-16 17:05:23.000,Ashanti|Obuasi,1883.39,GHS,AGENT
ORMT-00008744,OR-C000357,2,SUCCESSFUL,2025-02-21 19:38:42.000,Ashanti|Obuasi,501.21,GHS,THIRD_PARTY
ORMT-00008745,OR-C000357,1,SUCCESSFUL,2025-03-08 13:01:13.000,Ashanti|Obuasi,1342.14,GHS,MOBILE_APP
ORMT-00008746,OR-C000357,1,SUCCESSFUL,2025-03-15 17:45:00.000,Ashanti|Obuasi,1144.76,GHS,AGENT
ORMT-00008762,OR-C000358,6,SUCCESSFUL,2025-02-20 14:17:53.000,Central|Elmina,831.06,GHS,MOBILE_APP
ORMT-00008798,OR-C000359,3,SUCCESSFUL,2025-01-21 19:43:09.000,Bono|Berekum,527.21,GHS,MOBILE_APP
ORMT-00008799,OR-C000359,1,SUCCESSFUL,2025-02-20 19:49:07.000,Bono|Berekum,658.07,GHS,WEB
ORMT-00008800,OR-C000359,2,SUCCESSFUL,2025-02-02 17:24:13.000,Bono|Berekum,907.22,GHS,API
ORMT-00008801,OR-C000359,3,SUCCESSFUL,2025-03-24 12:56:39.000,Bono|Berekum,2361.75,GHS,MOBILE_APP
ORMT-00008826,OR-C000360,4,SUCCESSFUL,2025-01-17 07:35:01.000,Volta|Ho,759.54,GHS,MOBILE_APP
ORMT-00008833,OR-C000361,7,SUCCESSFUL,2025-02-05 18:25:50.000,Central|Cape Coast,3889.9,GHS,THIRD_PARTY
ORMT-00008857,OR-C000363,1,SUCCESSFUL,2025-02-24 11:25:00.000,Eastern|Akropong,596.66,GHS,MOBILE_APP
ORMT-00008858,OR-C000363,2,SUCCESSFUL,2025-03-08 18:10:26.000,Eastern|Akropong,510.47,GHS,AGENT
ORMT-00008869,OR-C000364,1,SUCCESSFUL,2025-01-20 12:36:47.000,Greater Accra|Madina,732.27,GHS,WEB
ORMT-00008890,OR-C000365,1,SUCCESSFUL,2025-01-25 21:35:30.000,Greater Accra|Tema,276.75,GHS,MOBILE_APP
ORMT-00008891,OR-C000365,10,SUCCESSFUL,2025-01-11 16:26:13.000,Greater Accra|Tema,241.59,GHS,API
ORMT-00008905,OR-C000366,4,SUCCESSFUL,2025-01-04 19:57:51.000,Ashanti|Obuasi,1105.26,GHS,AGENT
ORMT-00008906,OR-C000366,1,SUCCESSFUL,2025-02-22 16:09:00.000,Ashanti|Obuasi,1164.63,GHS,AGENT
ORMT-00008907,OR-C000366,2,SUCCESSFUL,2025-03-27 08:08:13.000,Ashanti|Obuasi,498.02,GHS,MOBILE_APP
ORMT-00008908,OR-C000366,6,SUCCESSFUL,2025-03-06 09:30:17.000,Ashanti|Obuasi,152.71,GHS,AGENT
ORMT-00008909,OR-C000366,1,SUCCESSFUL,2025-03-31 17:20:10.000,Ashanti|Obuasi,446.58,GHS,MOBILE_APP
ORMT-00008940,OR-C000368,4,SUCCESSFUL,2025-01-29 08:59:57.000,Central|Winneba,772.33,GHS,AGENT
ORMT-00008941,OR-C000368,4,FAILED,2025-01-16 16:59:17.000,Central|Winneba,682.38,GHS,AGENT
ORMT-00008942,OR-C000368,1,SUCCESSFUL,2025-02-09 14:51:05.000,Central|Winneba,227.87,GHS,AGENT
ORMT-00008943,OR-C000368,9,SUCCESSFUL,2025-02-10 14:36:54.000,Central|Winneba,971.92,GHS,MOBILE_APP
ORMT-00008944,OR-C000368,1,SUCCESSFUL,2025-02-11 08:12:36.000,Central|Winneba,909.98,GHS,API
ORMT-00008945,OR-C000368,1,SUCCESSFUL,2025-02-28 15:11:03.000,Central|Winneba,1093.27,GHS,AGENT
ORMT-00008946,OR-C000368,1,SUCCESSFUL,2025-02-21 17:43:45.000,Central|Winneba,1503.64,GHS,API
ORMT-00008947,OR-C000368,4,SUCCESSFUL,2025-03-18 18:43:37.000,Central|Winneba,177.37,GHS,MOBILE_APP
ORMT-00008948,OR-C000368,4,SUCCESSFUL,2025-03-06 15:22:37.000,Central|Winneba,775.38,GHS,THIRD_PARTY
ORMT-00008949,OR-C000368,5,SUCCESSFUL,2025-03-28 12:03:50.000,Central|Winneba,300.82,GHS,AGENT
ORMT-00008994,OR-C000370,6,FAILED,2025-01-02 09:22:50.000,Bono East|Kintampo,770.27,GHS,AGENT
ORMT-00008995,OR-C000370,4,SUCCESSFUL,2025-01-15 13:44:01.000,Bono East|Kintampo,310.03,GHS,THIRD_PARTY
ORMT-00009007,OR-C000371,1,SUCCESSFUL,2025-02-25 09:31:44.000,Ashanti|Obuasi,807.45,GHS,THIRD_PARTY
ORMT-00009008,OR-C000371,4,SUCCESSFUL,2025-02-21 19:00:25.000,Ashanti|Obuasi,243.92,GHS,THIRD_PARTY
ORMT-00009009,OR-C000371,5,SUCCESSFUL,2025-02-21 20:35:23.000,Ashanti|Obuasi,755.32,GHS,MOBILE_APP
ORMT-00009010,OR-C000371,1,SUCCESSFUL,2025-02-24 07:23:23.000,Ashanti|Obuasi,1269.95,GHS,MOBILE_APP
ORMT-00009011,OR-C000371,3,SUCCESSFUL,2025-02-16 10:42:45.000,Ashanti|Obuasi,437.44,GHS,API
ORMT-00009012,OR-C000371,6,SUCCESSFUL,2025-03-26 19:54:19.000,Ashanti|Obuasi,1758.96,GHS,WEB
ORMT-00009044,OR-C000372,5,SUCCESSFUL,2025-01-24 16:36:04.000,Ashanti|Ejisu,326.21,GHS,AGENT
ORMT-00009062,OR-C000373,6,SUCCESSFUL,2025-01-27 19:03:28.000,Eastern|Koforidua,240.44,GHS,MOBILE_APP
ORMT-00009063,OR-C000373,10,SUCCESSFUL,2025-01-13 16:11:24.000,Eastern|Koforidua,2607.42,GHS,WEB
ORMT-00009064,OR-C000373,4,SUCCESSFUL,2025-02-12 21:30:46.000,Eastern|Koforidua,491.64,GHS,AGENT
ORMT-00009065,OR-C000373,1,SUCCESSFUL,2025-03-19 14:42:48.000,Eastern|Koforidua,1397.23,GHS,API
ORMT-00009066,OR-C000373,9,SUCCESSFUL,2025-03-08 11:29:39.000,Eastern|Koforidua,171.38,GHS,AGENT
ORMT-00009067,OR-C000373,1,SUCCESSFUL,2025-03-10 15:53:13.000,Eastern|Koforidua,425.3,GHS,AGENT
ORMT-00009116,OR-C000375,3,SUCCESSFUL,2025-01-18 18:46:54.000,Greater Accra|Madina,265.46,GHS,MOBILE_APP
ORMT-00009117,OR-C000375,3,SUCCESSFUL,2025-03-04 10:42:58.000,Greater Accra|Madina,945.0,GHS,API
ORMT-00009118,OR-C000375,10,SUCCESSFUL,2025-03-08 09:20:26.000,Greater Accra|Madina,698.44,GHS,AGENT
ORMT-00009121,OR-C000376,5,SUCCESSFUL,2025-02-27 16:48:49.000,Volta|Ho,167.27,GHS,AGENT
ORMT-00009122,OR-C000376,5,SUCCESSFUL,2025-02-28 17:00:28.000,Volta|Ho,115.18,GHS,THIRD_PARTY
ORMT-00009123,OR-C000376,1,SUCCESSFUL,2025-03-13 07:03:15.000,Volta|Ho,140.6,GHS,WEB
ORMT-00009124,OR-C000376,4,SUCCESSFUL,2025-03-22 09:59:06.000,Volta|Ho,286.88,GHS,THIRD_PARTY
ORMT-00009125,OR-C000376,9,SUCCESSFUL,2025-03-22 08:20:00.000,Volta|Ho,754.34,GHS,AGENT
ORMT-00009126,OR-C000376,1,SUCCESSFUL,2025-03-20 21:48:54.000,Volta|Ho,390.41,GHS,WEB
ORMT-00009127,OR-C000376,1,SUCCESSFUL,2025-03-28 10:16:32.000,Volta|Ho,539.0,GHS,THIRD_PARTY
ORMT-00009159,OR-C000378,10,SUCCESSFUL,2025-03-06 21:14:59.000,Greater Accra|Tema,623.43,GHS,AGENT
ORMT-00009160,OR-C000378,2,SUCCESSFUL,2025-03-13 13:25:54.000,Greater Accra|Tema,1223.02,GHS,AGENT
ORMT-00009192,OR-C000380,2,SUCCESSFUL,2025-01-30 16:40:22.000,Greater Accra|Accra,802.61,GHS,AGENT
ORMT-00009304,OR-C000383,2,SUCCESSFUL,2025-01-13 11:09:37.000,Northern|Yendi,347.96,GHS,AGENT
ORMT-00009305,OR-C000383,1,SUCCESSFUL,2025-01-20 12:53:40.000,Northern|Yendi,980.51,GHS,WEB
ORMT-00009306,OR-C000383,5,SUCCESSFUL,2025-01-16 18:28:48.000,Northern|Yendi,786.88,GHS,MOBILE_APP
ORMT-00009307,OR-C000383,2,SUCCESSFUL,2025-01-17 19:37:48.000,Northern|Yendi,182.31,GHS,AGENT
ORMT-00009308,OR-C000383,1,SUCCESSFUL,2025-01-25 11:02:36.000,Northern|Yendi,1134.09,GHS,AGENT
ORMT-00009309,OR-C000383,1,SUCCESSFUL,2025-01-20 09:52:42.000,Northern|Yendi,746.57,GHS,MOBILE_APP
ORMT-00009310,OR-C000383,4,SUCCESSFUL,2025-01-31 15:07:10.000,Northern|Yendi,1026.39,GHS,API
ORMT-00009311,OR-C000383,5,SUCCESSFUL,2025-01-12 08:10:53.000,Northern|Yendi,3017.73,GHS,AGENT
ORMT-00009312,OR-C000383,8,SUCCESSFUL,2025-03-20 07:02:54.000,Northern|Yendi,600.06,GHS,WEB
ORMT-00009313,OR-C000383,1,SUCCESSFUL,2025-03-20 16:25:31.000,Northern|Yendi,1049.48,GHS,MOBILE_APP
ORMT-00009314,OR-C000383,3,SUCCESSFUL,2025-03-27 07:52:29.000,Northern|Yendi,396.21,GHS,THIRD_PARTY
ORMT-00009400,OR-C000387,10,SUCCESSFUL,2025-01-17 15:04:40.000,Bono East|Techiman,1555.8,GHS,MOBILE_APP
ORMT-00009401,OR-C000387,6,SUCCESSFUL,2025-01-06 10:40:00.000,Bono East|Techiman,893.49,GHS,AGENT
ORMT-00009402,OR-C000387,3,SUCCESSFUL,2025-02-19 10:40:54.000,Bono East|Techiman,652.71,GHS,AGENT
ORMT-00009403,OR-C000387,1,SUCCESSFUL,2025-03-09 21:19:51.000,Bono East|Techiman,1501.8,GHS,THIRD_PARTY
ORMT-00009426,OR-C000388,8,SUCCESSFUL,2025-01-12 15:23:13.000,Volta|Hohoe,337.7,GHS,AGENT
ORMT-00009427,OR-C000388,10,SUCCESSFUL,2025-01-21 11:31:13.000,Volta|Hohoe,614.74,GHS,API
ORMT-00009428,OR-C000388,4,SUCCESSFUL,2025-03-10 21:35:59.000,Volta|Hohoe,296.67,GHS,AGENT
ORMT-00009452,OR-C000389,5,SUCCESSFUL,2025-01-14 16:16:17.000,Greater Accra|Madina,328.81,GHS,THIRD_PARTY
ORMT-00009453,OR-C000389,5,SUCCESSFUL,2025-02-01 17:18:17.000,Greater Accra|Madina,752.63,GHS,API
ORMT-00009479,OR-C000391,9,SUCCESSFUL,2025-03-10 12:26:14.000,Oti|Jasikan,1706.72,GHS,WEB
ORMT-00009489,OR-C000392,9,SUCCESSFUL,2025-01-28 12:43:21.000,Northern|Yendi,589.71,GHS,AGENT
ORMT-00009490,OR-C000392,2,SUCCESSFUL,2025-03-14 10:24:18.000,Northern|Yendi,1327.7,GHS,THIRD_PARTY
ORMT-00009535,OR-C000394,7,SUCCESSFUL,2025-01-13 08:10:32.000,Northern|Savelugu,830.33,GHS,WEB
ORMT-00009536,OR-C000394,5,SUCCESSFUL,2025-02-07 18:22:57.000,Northern|Savelugu,786.56,GHS,MOBILE_APP
ORMT-00009537,OR-C000394,1,SUCCESSFUL,2025-02-16 20:06:33.000,Northern|Savelugu,178.93,GHS,AGENT
ORMT-00009560,OR-C000395,9,SUCCESSFUL,2025-03-05 19:06:20.000,Northern|Tamale,385.52,GHS,AGENT
ORMT-00009561,OR-C000395,1,SUCCESSFUL,2025-03-25 21:48:55.000,Northern|Tamale,617.78,GHS,AGENT
ORMT-00009611,OR-C000396,10,FAILED,2025-01-24 18:38:10.000,Greater Accra|Kasoa,523.14,GHS,MOBILE_APP
ORMT-00009612,OR-C000396,6,SUCCESSFUL,2025-01-26 12:12:58.000,Greater Accra|Kasoa,1162.85,GHS,AGENT
ORMT-00009613,OR-C000396,3,SUCCESSFUL,2025-01-11 08:33:04.000,Greater Accra|Kasoa,457.05,GHS,AGENT
ORMT-00009614,OR-C000396,3,SUCCESSFUL,2025-01-14 10:41:39.000,Greater Accra|Kasoa,660.82,GHS,MOBILE_APP
ORMT-00009633,OR-C000397,1,SUCCESSFUL,2025-01-05 12:13:30.000,Greater Accra|Madina,299.29,GHS,WEB
ORMT-00009634,OR-C000397,1,SUCCESSFUL,2025-01-03 08:10:51.000,Greater Accra|Madina,436.17,GHS,API
ORMT-00009635,OR-C000397,3,SUCCESSFUL,2025-03-29 11:10:26.000,Greater Accra|Madina,1290.46,GHS,WEB
ORMT-00009636,OR-C000397,1,SUCCESSFUL,2025-03-06 07:58:07.000,Greater Accra|Madina,629.44,GHS,THIRD_PARTY
ORMT-00009653,OR-C000398,4,SUCCESSFUL,2025-02-08 18:53:35.000,Greater Accra|Madina,786.4,GHS,AGENT
ORMT-00009670,OR-C000399,10,SUCCESSFUL,2025-01-17 19:23:22.000,Upper East|Navrongo,240.63,GHS,MOBILE_APP
ORMT-00009671,OR-C000399,2,SUCCESSFUL,2025-02-21 11:08:46.000,Upper East|Navrongo,734.71,GHS,AGENT
ORMT-00009672,OR-C000399,5,SUCCESSFUL,2025-02-14 08:38:00.000,Upper East|Navrongo,962.52,GHS,AGENT
ORMT-00009673,OR-C000399,1,SUCCESSFUL,2025-03-22 07:38:54.000,Upper East|Navrongo,186.75,GHS,AGENT
ORMT-00009686,OR-C000400,5,SUCCESSFUL,2025-03-22 21:54:08.000,Ashanti|Kumasi,692.29,GHS,THIRD_PARTY
ORMT-00009687,OR-C000400,3,SUCCESSFUL,2025-03-18 13:45:38.000,Ashanti|Kumasi,274.13,GHS,API
ORMT-00009700,OR-C000401,4,SUCCESSFUL,2025-01-30 19:47:33.000,Western|Takoradi,782.93,GHS,THIRD_PARTY
ORMT-00009701,OR-C000401,1,SUCCESSFUL,2025-02-23 19:53:02.000,Western|Takoradi,590.28,GHS,THIRD_PARTY
ORMT-00009716,OR-C000403,1,SUCCESSFUL,2025-01-24 12:24:42.000,Greater Accra|Accra,259.8,GHS,MOBILE_APP
ORMT-00009717,OR-C000403,8,SUCCESSFUL,2025-02-27 14:48:32.000,Greater Accra|Accra,1628.14,GHS,AGENT
ORMT-00009718,OR-C000403,1,SUCCESSFUL,2025-02-25 12:48:24.000,Greater Accra|Accra,235.51,GHS,AGENT
ORMT-00009786,OR-C000406,2,SUCCESSFUL,2025-02-09 12:18:30.000,Greater Accra|Accra,1658.19,GHS,AGENT
ORMT-00009787,OR-C000406,1,SUCCESSFUL,2025-02-22 13:38:50.000,Greater Accra|Accra,810.62,GHS,WEB
ORMT-00009788,OR-C000406,4,SUCCESSFUL,2025-03-04 08:37:47.000,Greater Accra|Accra,1984.86,GHS,WEB
ORMT-00009789,OR-C000406,2,SUCCESSFUL,2025-03-22 19:31:53.000,Greater Accra|Accra,1023.27,GHS,MOBILE_APP
ORMT-00009828,OR-C000407,10,SUCCESSFUL,2025-01-30 09:28:55.000,Greater Accra|Madina,570.25,GHS,AGENT
ORMT-00009829,OR-C000407,1,SUCCESSFUL,2025-01-07 14:39:00.000,Greater Accra|Madina,650.15,GHS,MOBILE_APP
ORMT-00009830,OR-C000407,1,SUCCESSFUL,2025-01-02 15:40:52.000,Greater Accra|Madina,941.99,GHS,AGENT
ORMT-00009831,OR-C000407,7,SUCCESSFUL,2025-02-25 13:49:20.000,Greater Accra|Madina,1412.29,GHS,API
ORMT-00009832,OR-C000407,1,SUCCESSFUL,2025-03-05 10:23:44.000,Greater Accra|Madina,1145.77,GHS,AGENT
ORMT-00009833,OR-C000407,4,SUCCESSFUL,2025-03-30 12:01:24.000,Greater Accra|Madina,159.76,GHS,AGENT
ORMT-00009845,OR-C000408,10,SUCCESSFUL,2025-02-07 15:36:43.000,Volta|Hohoe,484.92,GHS,THIRD_PARTY
ORMT-00009872,OR-C000410,1,SUCCESSFUL,2025-01-17 10:33:23.000,Central|Elmina,824.56,GHS,API
ORMT-00009873,OR-C000410,2,SUCCESSFUL,2025-02-21 18:24:29.000,Central|Elmina,398.97,GHS,API
ORMT-00009898,OR-C000411,4,SUCCESSFUL,2025-01-18 15:16:06.000,Greater Accra|Tema,639.02,GHS,AGENT
ORMT-00009899,OR-C000411,10,SUCCESSFUL,2025-01-04 18:54:42.000,Greater Accra|Tema,484.6,GHS,API
ORMT-00009900,OR-C000411,7,SUCCESSFUL,2025-03-13 09:48:08.000,Greater Accra|Tema,2877.52,GHS,THIRD_PARTY
ORMT-00009901,OR-C000411,4,SUCCESSFUL,2025-03-13 17:46:45.000,Greater Accra|Tema,731.1,GHS,API
ORMT-00009955,OR-C000413,6,SUCCESSFUL,2025-01-14 13:52:06.000,Northern|Savelugu,2199.74,GHS,AGENT
ORMT-00009956,OR-C000413,2,SUCCESSFUL,2025-01-31 10:24:58.000,Northern|Savelugu,651.65,GHS,API
ORMT-00009957,OR-C000413,2,SUCCESSFUL,2025-01-16 11:33:21.000,Northern|Savelugu,830.58,GHS,MOBILE_APP
ORMT-00009958,OR-C000413,4,SUCCESSFUL,2025-01-20 08:16:46.000,Northern|Savelugu,525.01,GHS,MOBILE_APP
ORMT-00009959,OR-C000413,1,SUCCESSFUL,2025-01-18 21:05:22.000,Northern|Savelugu,334.97,GHS,API
ORMT-00009960,OR-C000413,9,SUCCESSFUL,2025-01-30 20:02:17.000,Northern|Savelugu,530.8,GHS,API
ORMT-00009961,OR-C000413,6,SUCCESSFUL,2025-02-20 16:19:17.000,Northern|Savelugu,688.21,GHS,AGENT
ORMT-00009962,OR-C000413,2,SUCCESSFUL,2025-02-08 17:22:16.000,Northern|Savelugu,161.66,GHS,MOBILE_APP
ORMT-00009963,OR-C000413,3,SUCCESSFUL,2025-02-19 13:12:17.000,Northern|Savelugu,360.31,GHS,AGENT
ORMT-00009964,OR-C000413,8,SUCCESSFUL,2025-03-30 10:51:55.000,Northern|Savelugu,954.34,GHS,AGENT
ORMT-00009965,OR-C000413,10,SUCCESSFUL,2025-03-18 17:41:18.000,Northern|Savelugu,1174.24,GHS,THIRD_PARTY
ORMT-00009966,OR-C000413,2,SUCCESSFUL,2025-03-11 15:33:13.000,Northern|Savelugu,1032.34,GHS,THIRD_PARTY
ORMT-00009967,OR-C000413,9,SUCCESSFUL,2025-03-25 10:39:45.000,Northern|Savelugu,520.15,GHS,WEB
ORMT-00009968,OR-C000413,2,SUCCESSFUL,2025-03-19 19:23:30.000,Northern|Savelugu,638.03,GHS,API
ORMT-00009969,OR-C000413,3,SUCCESSFUL,2025-03-01 14:42:26.000,Northern|Savelugu,645.7,GHS,THIRD_PARTY
ORMT-00010076,OR-C000414,4,SUCCESSFUL,2025-01-29 15:19:18.000,Greater Accra|Madina,468.93,GHS,THIRD_PARTY
ORMT-00010077,OR-C000414,5,SUCCESSFUL,2025-01-25 07:23:21.000,Greater Accra|Madina,421.95,GHS,AGENT
ORMT-00010078,OR-C000414,2,SUCCESSFUL,2025-01-15 16:23:35.000,Greater Accra|Madina,2461.56,GHS,AGENT
ORMT-00010079,OR-C000414,5,SUCCESSFUL,2025-01-16 07:29:28.000,Greater Accra|Madina,255.06,GHS,AGENT
ORMT-00010080,OR-C000414,4,SUCCESSFUL,2025-01-14 11:50:43.000,Greater Accra|Madina,351.6,GHS,AGENT
ORMT-00010081,OR-C000414,8,SUCCESSFUL,2025-01-01 18:13:47.000,Greater Accra|Madina,1574.52,GHS,MOBILE_APP
ORMT-00010082,OR-C000414,2,SUCCESSFUL,2025-01-29 12:05:13.000,Greater Accra|Madina,1366.56,GHS,AGENT
ORMT-00010083,OR-C000414,1,SUCCESSFUL,2025-01-23 19:09:14.000,Greater Accra|Madina,940.75,GHS,AGENT
ORMT-00010084,OR-C000414,3,FAILED,2025-02-01 07:09:55.000,Greater Accra|Madina,1371.96,GHS,WEB
ORMT-00010085,OR-C000414,10,SUCCESSFUL,2025-02-07 14:26:48.000,Greater Accra|Madina,480.07,GHS,MOBILE_APP
ORMT-00010086,OR-C000414,6,SUCCESSFUL,2025-03-29 10:29:48.000,Greater Accra|Madina,2570.57,GHS,MOBILE_APP
ORMT-00010087,OR-C000414,2,SUCCESSFUL,2025-03-19 18:48:05.000,Greater Accra|Madina,451.21,GHS,AGENT
ORMT-00010088,OR-C000414,5,SUCCESSFUL,2025-03-31 17:24:23.000,Greater Accra|Madina,342.28,GHS,AGENT
ORMT-00010089,OR-C000414,1,SUCCESSFUL,2025-03-27 16:59:10.000,Greater Accra|Madina,2389.08,GHS,THIRD_PARTY
ORMT-00010090,OR-C000414,1,FAILED,2025-03-10 18:06:18.000,Greater Accra|Madina,243.2,GHS,MOBILE_APP
ORMT-00010091,OR-C000414,3,SUCCESSFUL,2025-03-11 15:56:53.000,Greater Accra|Madina,529.89,GHS,AGENT
ORMT-00010092,OR-C000414,5,SUCCESSFUL,2025-03-10 13:48:44.000,Greater Accra|Madina,1372.28,GHS,MOBILE_APP
ORMT-00010169,OR-C000415,4,SUCCESSFUL,2025-01-13 10:24:12.000,Western|Axim,696.23,GHS,AGENT
ORMT-00010170,OR-C000415,1,SUCCESSFUL,2025-01-31 10:42:54.000,Western|Axim,670.82,GHS,AGENT
ORMT-00010171,OR-C000415,6,SUCCESSFUL,2025-02-13 12:55:55.000,Western|Axim,574.3,GHS,AGENT
ORMT-00010172,OR-C000415,6,SUCCESSFUL,2025-02-07 11:12:40.000,Western|Axim,531.38,GHS,THIRD_PARTY
ORMT-00010173,OR-C000415,1,SUCCESSFUL,2025-02-18 07:13:02.000,Western|Axim,730.99,GHS,MOBILE_APP
ORMT-00010174,OR-C000415,7,SUCCESSFUL,2025-02-09 21:23:14.000,Western|Axim,1148.44,GHS,API
ORMT-00010175,OR-C000415,2,SUCCESSFUL,2025-03-09 07:31:52.000,Western|Axim,295.73,GHS,MOBILE_APP
ORMT-00010176,OR-C000415,2,SUCCESSFUL,2025-03-15 09:53:42.000,Western|Axim,158.94,GHS,THIRD_PARTY
ORMT-00010177,OR-C000415,6,SUCCESSFUL,2025-03-30 08:29:59.000,Western|Axim,238.72,GHS,THIRD_PARTY
ORMT-00010218,OR-C000416,2,SUCCESSFUL,2025-02-28 21:38:46.000,Ashanti|Ejisu,429.55,GHS,MOBILE_APP
ORMT-00010222,OR-C000417,8,SUCCESSFUL,2025-03-08 15:38:26.000,Volta|Keta,1018.94,GHS,AGENT
ORMT-00010231,OR-C000418,6,SUCCESSFUL,2025-01-30 21:35:17.000,Central|Winneba,265.32,GHS,THIRD_PARTY
ORMT-00010232,OR-C000418,3,SUCCESSFUL,2025-03-08 13:13:05.000,Central|Winneba,1029.19,GHS,THIRD_PARTY
ORMT-00010295,OR-C000420,10,SUCCESSFUL,2025-01-27 12:30:38.000,Oti|Dambai,191.97,GHS,AGENT
ORMT-00010296,OR-C000420,2,SUCCESSFUL,2025-01-08 10:21:05.000,Oti|Dambai,295.78,GHS,AGENT
ORMT-00010297,OR-C000420,6,SUCCESSFUL,2025-03-28 07:54:33.000,Oti|Dambai,432.82,GHS,WEB
ORMT-00010332,OR-C000421,5,SUCCESSFUL,2025-01-03 21:23:51.000,Greater Accra|Tema,706.95,GHS,MOBILE_APP
ORMT-00010333,OR-C000421,6,SUCCESSFUL,2025-01-07 12:24:53.000,Greater Accra|Tema,1289.86,GHS,THIRD_PARTY
ORMT-00010334,OR-C000421,4,SUCCESSFUL,2025-02-23 18:45:41.000,Greater Accra|Tema,2267.19,GHS,AGENT
ORMT-00010335,OR-C000421,1,SUCCESSFUL,2025-03-07 15:59:17.000,Greater Accra|Tema,545.26,GHS,AGENT
ORMT-00010336,OR-C000421,5,SUCCESSFUL,2025-03-31 18:27:38.000,Greater Accra|Tema,971.94,GHS,AGENT
ORMT-00010337,OR-C000421,6,SUCCESSFUL,2025-03-07 11:42:54.000,Greater Accra|Tema,349.89,GHS,AGENT
ORMT-00010352,OR-C000422,6,SUCCESSFUL,2025-03-06 18:48:34.000,Greater Accra|Accra,897.01,GHS,AGENT
ORMT-00010354,OR-C000423,1,SUCCESSFUL,2025-01-20 07:35:50.000,Greater Accra|Kasoa,862.87,GHS,THIRD_PARTY
ORMT-00010355,OR-C000423,1,SUCCESSFUL,2025-02-01 18:13:42.000,Greater Accra|Kasoa,607.69,GHS,THIRD_PARTY
ORMT-00010361,OR-C000424,6,SUCCESSFUL,2025-03-11 13:31:16.000,Central|Cape Coast,692.78,GHS,MOBILE_APP
ORMT-00010362,OR-C000424,1,SUCCESSFUL,2025-03-15 18:28:22.000,Central|Cape Coast,208.89,GHS,AGENT
ORMT-00010385,OR-C000425,3,SUCCESSFUL,2025-02-09 17:11:56.000,Northern|Tamale,525.07,GHS,AGENT
ORMT-00010399,OR-C000426,6,SUCCESSFUL,2025-01-05 11:17:14.000,Greater Accra|Madina,203.35,GHS,MOBILE_APP
ORMT-00010400,OR-C000426,4,SUCCESSFUL,2025-01-25 19:00:39.000,Greater Accra|Madina,92.47,GHS,AGENT
ORMT-00010401,OR-C000426,1,SUCCESSFUL,2025-01-02 12:37:09.000,Greater Accra|Madina,281.2,GHS,API
ORMT-00010402,OR-C000426,4,SUCCESSFUL,2025-01-09 16:39:03.000,Greater Accra|Madina,277.8,GHS,AGENT
ORMT-00010403,OR-C000426,5,SUCCESSFUL,2025-01-26 10:08:41.000,Greater Accra|Madina,50,GHS,AGENT
ORMT-00010404,OR-C000426,6,SUCCESSFUL,2025-02-16 21:57:00.000,Greater Accra|Madina,524.82,GHS,AGENT
ORMT-00010405,OR-C000426,7,SUCCESSFUL,2025-03-01 09:26:15.000,Greater Accra|Madina,1255.28,GHS,AGENT
ORMT-00010406,OR-C000426,2,SUCCESSFUL,2025-03-29 17:13:16.000,Greater Accra|Madina,402.75,GHS,AGENT
ORMT-00010407,OR-C000426,3,SUCCESSFUL,2025-03-14 20:17:12.000,Greater Accra|Madina,1368.15,GHS,MOBILE_APP
ORMT-00010420,OR-C000427,4,SUCCESSFUL,2025-01-06 12:54:22.000,Greater Accra|Tema,651.0,GHS,THIRD_PARTY
ORMT-00010421,OR-C000427,2,SUCCESSFUL,2025-03-31 15:30:18.000,Greater Accra|Tema,1185.37,GHS,MOBILE_APP
ORMT-00010462,OR-C000429,8,SUCCESSFUL,2025-01-04 08:09:54.000,Northern|Savelugu,573.63,GHS,MOBILE_APP
ORMT-00010463,OR-C000429,2,SUCCESSFUL,2025-03-23 08:08:23.000,Northern|Savelugu,459.41,GHS,MOBILE_APP
ORMT-00010466,OR-C000430,1,SUCCESSFUL,2025-02-21 11:43:00.000,Greater Accra|Tema,1418.3,GHS,API
ORMT-00010467,OR-C000430,2,SUCCESSFUL,2025-02-06 09:08:43.000,Greater Accra|Tema,443.36,GHS,AGENT
ORMT-00010468,OR-C000430,2,SUCCESSFUL,2025-02-24 09:29:31.000,Greater Accra|Tema,295.05,GHS,AGENT
ORMT-00010469,OR-C000430,1,SUCCESSFUL,2025-03-05 19:58:53.000,Greater Accra|Tema,591.1,GHS,THIRD_PARTY
ORMT-00010540,OR-C000432,3,SUCCESSFUL,2025-01-26 21:49:46.000,Upper West|Lawra,450.49,GHS,MOBILE_APP
ORMT-00010541,OR-C000432,1,SUCCESSFUL,2025-03-10 18:56:01.000,Upper West|Lawra,423.03,GHS,MOBILE_APP
ORMT-00010563,OR-C000435,5,SUCCESSFUL,2025-03-16 21:21:15.000,Western|Axim,1112.2,GHS,AGENT
ORMT-00010579,OR-C000437,3,SUCCESSFUL,2025-02-18 07:35:07.000,Oti|Dambai,472.01,GHS,THIRD_PARTY
ORMT-00010580,OR-C000437,2,SUCCESSFUL,2025-02-06 19:47:10.000,Oti|Dambai,504.37,GHS,AGENT
ORMT-00010581,OR-C000437,1,SUCCESSFUL,2025-02-25 10:50:23.000,Oti|Dambai,1086.38,GHS,API
ORMT-00010582,OR-C000437,1,SUCCESSFUL,2025-02-08 14:34:14.000,Oti|Dambai,192.78,GHS,WEB
ORMT-00010583,OR-C000437,3,SUCCESSFUL,2025-03-28 07:33:27.000,Oti|Dambai,413.89,GHS,WEB
ORMT-00010584,OR-C000437,1,SUCCESSFUL,2025-03-06 18:22:32.000,Oti|Dambai,184.22,GHS,AGENT
ORMT-00010585,OR-C000437,1,SUCCESSFUL,2025-03-07 12:33:52.000,Oti|Dambai,959.82,GHS,THIRD_PARTY
ORMT-00010639,OR-C000438,1,SUCCESSFUL,2025-01-03 09:54:52.000,Volta|Hohoe,160.51,GHS,AGENT
ORMT-00010640,OR-C000438,8,SUCCESSFUL,2025-03-17 21:50:49.000,Volta|Hohoe,86.82,GHS,THIRD_PARTY
ORMT-00010641,OR-C000438,2,SUCCESSFUL,2025-03-30 13:57:33.000,Volta|Hohoe,1043.38,GHS,AGENT
ORMT-00010698,OR-C000439,1,SUCCESSFUL,2025-01-18 07:43:56.000,Ashanti|Kumasi,714.28,GHS,API
ORMT-00010699,OR-C000439,3,SUCCESSFUL,2025-01-10 07:18:18.000,Ashanti|Kumasi,1321.06,GHS,THIRD_PARTY
ORMT-00010700,OR-C000439,9,SUCCESSFUL,2025-01-08 19:54:20.000,Ashanti|Kumasi,349.28,GHS,API
ORMT-00010701,OR-C000439,7,SUCCESSFUL,2025-02-22 19:48:38.000,Ashanti|Kumasi,3148.88,GHS,API
ORMT-00010702,OR-C000439,3,SUCCESSFUL,2025-02-03 13:20:43.000,Ashanti|Kumasi,614.56,GHS,API
ORMT-00010703,OR-C000439,2,SUCCESSFUL,2025-02-24 15:44:35.000,Ashanti|Kumasi,525.48,GHS,AGENT
ORMT-00010704,OR-C000439,5,SUCCESSFUL,2025-02-28 11:15:21.000,Ashanti|Kumasi,765.71,GHS,AGENT
ORMT-00010705,OR-C000439,6,SUCCESSFUL,2025-02-28 09:00:23.000,Ashanti|Kumasi,173.44,GHS,AGENT
ORMT-00010706,OR-C000439,6,SUCCESSFUL,2025-02-11 14:25:12.000,Ashanti|Kumasi,466.53,GHS,MOBILE_APP
ORMT-00010707,OR-C000439,1,SUCCESSFUL,2025-03-31 09:34:44.000,Ashanti|Kumasi,354.98,GHS,AGENT
ORMT-00010708,OR-C000439,5,SUCCESSFUL,2025-03-06 10:29:12.000,Ashanti|Kumasi,425.64,GHS,AGENT
ORMT-00010737,OR-C000440,5,SUCCESSFUL,2025-01-16 18:03:25.000,Central|Elmina,404.42,GHS,AGENT
ORMT-00010738,OR-C000440,5,SUCCESSFUL,2025-01-07 17:14:40.000,Central|Elmina,2049.35,GHS,AGENT
ORMT-00010739,OR-C000440,1,SUCCESSFUL,2025-01-02 21:33:56.000,Central|Elmina,204.69,GHS,AGENT
ORMT-00010740,OR-C000440,5,SUCCESSFUL,2025-01-19 12:12:10.000,Central|Elmina,2065.28,GHS,MOBILE_APP
ORMT-00010741,OR-C000440,2,SUCCESSFUL,2025-02-26 20:12:43.000,Central|Elmina,944.07,GHS,AGENT
ORMT-00010742,OR-C000440,2,SUCCESSFUL,2025-02-23 14:44:51.000,Central|Elmina,660.9,GHS,AGENT
ORMT-00010743,OR-C000440,3,SUCCESSFUL,2025-03-16 16:21:30.000,Central|Elmina,1659.29,GHS,THIRD_PARTY
ORMT-00010744,OR-C000440,4,SUCCESSFUL,2025-03-18 08:49:55.000,Central|Elmina,1078.74,GHS,AGENT
ORMT-00010766,OR-C000441,2,SUCCESSFUL,2025-01-31 20:59:07.000,Bono East|Techiman,518.55,GHS,THIRD_PARTY
ORMT-00010767,OR-C000441,3,SUCCESSFUL,2025-01-17 07:10:28.000,Bono East|Techiman,429.93,GHS,AGENT
ORMT-00010768,OR-C000441,5,SUCCESSFUL,2025-02-07 09:11:23.000,Bono East|Techiman,2825.02,GHS,WEB
ORMT-00010769,OR-C000441,1,SUCCESSFUL,2025-02-15 21:52:12.000,Bono East|Techiman,881.76,GHS,MOBILE_APP
ORMT-00010770,OR-C000441,5,FAILED,2025-02-11 17:18:04.000,Bono East|Techiman,2775.76,GHS,AGENT
ORMT-00010771,OR-C000441,1,SUCCESSFUL,2025-03-07 14:22:12.000,Bono East|Techiman,1669.67,GHS,THIRD_PARTY
ORMT-00010772,OR-C000441,3,SUCCESSFUL,2025-03-30 15:10:44.000,Bono East|Techiman,247.1,GHS,MOBILE_APP
ORMT-00010815,OR-C000443,3,SUCCESSFUL,2025-01-20 20:50:48.000,Greater Accra|Madina,807.68,GHS,WEB
ORMT-00010816,OR-C000443,1,SUCCESSFUL,2025-02-07 21:50:55.000,Greater Accra|Madina,434.29,GHS,WEB
ORMT-00010840,OR-C000444,2,SUCCESSFUL,2025-01-16 20:38:45.000,Bono East|Kintampo,1028.5,GHS,AGENT
ORMT-00010841,OR-C000444,8,SUCCESSFUL,2025-01-18 15:39:09.000,Bono East|Kintampo,551.93,GHS,MOBILE_APP
ORMT-00010842,OR-C000444,4,SUCCESSFUL,2025-01-25 21:35:15.000,Bono East|Kintampo,372.88,GHS,MOBILE_APP
ORMT-00010843,OR-C000444,1,SUCCESSFUL,2025-01-19 10:21:49.000,Bono East|Kintampo,943.57,GHS,WEB
ORMT-00010844,OR-C000444,10,SUCCESSFUL,2025-02-18 07:52:06.000,Bono East|Kintampo,377.96,GHS,API
ORMT-00010845,OR-C000444,10,SUCCESSFUL,2025-03-30 21:07:44.000,Bono East|Kintampo,592.81,GHS,AGENT
ORMT-00010846,OR-C000444,3,SUCCESSFUL,2025-03-09 21:25:00.000,Bono East|Kintampo,710.95,GHS,AGENT
ORMT-00010847,OR-C000444,3,SUCCESSFUL,2025-03-19 12:48:35.000,Bono East|Kintampo,814.06,GHS,AGENT
ORMT-00010848,OR-C000444,2,SUCCESSFUL,2025-03-18 10:01:17.000,Bono East|Kintampo,879.34,GHS,MOBILE_APP
ORMT-00010891,OR-C000446,1,SUCCESSFUL,2025-02-08 17:00:28.000,Volta|Ho,1279.27,GHS,API
ORMT-00010930,OR-C000447,1,SUCCESSFUL,2025-01-18 19:58:42.000,Ashanti|Kumasi,520.09,GHS,AGENT
ORMT-00010931,OR-C000447,6,SUCCESSFUL,2025-01-15 10:03:28.000,Ashanti|Kumasi,804.75,GHS,MOBILE_APP
ORMT-00010932,OR-C000447,3,SUCCESSFUL,2025-01-04 12:03:20.000,Ashanti|Kumasi,342.34,GHS,WEB
ORMT-00010933,OR-C000447,5,SUCCESSFUL,2025-02-02 11:01:23.000,Ashanti|Kumasi,161.94,GHS,AGENT
ORMT-00010934,OR-C000447,2,SUCCESSFUL,2025-03-17 20:31:36.000,Ashanti|Kumasi,131.58,GHS,THIRD_PARTY
ORMT-00011065,OR-C000448,2,SUCCESSFUL,2025-01-24 13:59:55.000,Greater Accra|Accra,947.08,GHS,API
ORMT-00011066,OR-C000448,9,SUCCESSFUL,2025-01-16 19:37:05.000,Greater Accra|Accra,1530.32,GHS,AGENT
ORMT-00011067,OR-C000448,4,SUCCESSFUL,2025-01-13 15:32:59.000,Greater Accra|Accra,272.98,GHS,AGENT
ORMT-00011068,OR-C000448,4,SUCCESSFUL,2025-01-28 07:01:15.000,Greater Accra|Accra,1397.9,GHS,AGENT
ORMT-00011069,OR-C000448,1,SUCCESSFUL,2025-01-27 19:14:31.000,Greater Accra|Accra,400.83,GHS,AGENT
ORMT-00011070,OR-C000448,1,SUCCESSFUL,2025-01-01 11:09:12.000,Greater Accra|Accra,1517.05,GHS,AGENT
ORMT-00011071,OR-C000448,4,SUCCESSFUL,2025-02-15 16:33:37.000,Greater Accra|Accra,342.12,GHS,AGENT
ORMT-00011072,OR-C000448,1,SUCCESSFUL,2025-03-11 10:55:11.000,Greater Accra|Accra,1242.57,GHS,AGENT
ORMT-00011112,OR-C000449,4,SUCCESSFUL,2025-02-08 14:39:41.000,Ashanti|Kumasi,1333.87,GHS,API
ORMT-00011118,OR-C000450,4,SUCCESSFUL,2025-03-17 20:39:06.000,Greater Accra|Kasoa,813.2,GHS,THIRD_PARTY
ORMT-00011159,OR-C000451,2,SUCCESSFUL,2025-01-16 11:57:20.000,Greater Accra|Tema,1213.29,GHS,THIRD_PARTY
ORMT-00011160,OR-C000451,1,SUCCESSFUL,2025-01-31 08:45:29.000,Greater Accra|Tema,282.46,GHS,AGENT
ORMT-00011161,OR-C000451,3,SUCCESSFUL,2025-01-26 08:32:59.000,Greater Accra|Tema,460.4,GHS,AGENT
ORMT-00011162,OR-C000451,5,SUCCESSFUL,2025-01-04 17:03:35.000,Greater Accra|Tema,1514.55,GHS,MOBILE_APP
ORMT-00011163,OR-C000451,1,SUCCESSFUL,2025-02-28 21:37:47.000,Greater Accra|Tema,1235.77,GHS,AGENT
ORMT-00011164,OR-C000451,3,SUCCESSFUL,2025-02-16 17:51:27.000,Greater Accra|Tema,134.24,GHS,AGENT
ORMT-00011165,OR-C000451,6,SUCCESSFUL,2025-02-11 10:44:20.000,Greater Accra|Tema,145.38,GHS,AGENT
ORMT-00011166,OR-C000451,3,SUCCESSFUL,2025-03-24 08:39:15.000,Greater Accra|Tema,280.0,GHS,AGENT
ORMT-00011167,OR-C000451,7,SUCCESSFUL,2025-03-07 10:47:55.000,Greater Accra|Tema,229.95,GHS,API
ORMT-00011168,OR-C000451,3,SUCCESSFUL,2025-03-06 07:13:43.000,Greater Accra|Tema,1043.98,GHS,AGENT
ORMT-00011169,OR-C000451,3,SUCCESSFUL,2025-03-25 10:03:15.000,Greater Accra|Tema,645.37,GHS,AGENT
ORMT-00011170,OR-C000451,5,SUCCESSFUL,2025-03-01 10:12:08.000,Greater Accra|Tema,335.28,GHS,THIRD_PARTY
ORMT-00011171,OR-C000451,2,SUCCESSFUL,2025-03-27 15:38:23.000,Greater Accra|Tema,511.66,GHS,MOBILE_APP
ORMT-00011172,OR-C000451,9,SUCCESSFUL,2025-03-13 20:43:32.000,Greater Accra|Tema,583.81,GHS,AGENT
ORMT-00011173,OR-C000451,2,SUCCESSFUL,2025-03-28 18:10:50.000,Greater Accra|Tema,817.87,GHS,AGENT
ORMT-00011220,OR-C000452,1,SUCCESSFUL,2025-02-25 20:20:02.000,Central|Winneba,715.04,GHS,MOBILE_APP
ORMT-00011242,OR-C000454,5,SUCCESSFUL,2025-02-11 08:04:31.000,Greater Accra|Madina,373.24,GHS,AGENT
ORMT-00011243,OR-C000454,4,SUCCESSFUL,2025-03-17 09:52:53.000,Greater Accra|Madina,1325.48,GHS,AGENT
ORMT-00011271,OR-C000456,5,SUCCESSFUL,2025-01-16 19:09:14.000,Northern|Savelugu,534.87,GHS,AGENT
ORMT-00011356,OR-C000458,1,SUCCESSFUL,2025-01-22 11:32:54.000,Ashanti|Obuasi,1348.66,GHS,THIRD_PARTY
ORMT-00011357,OR-C000458,1,SUCCESSFUL,2025-01-01 11:28:45.000,Ashanti|Obuasi,231.55,GHS,AGENT
ORMT-00011358,OR-C000458,1,SUCCESSFUL,2025-01-11 14:52:59.000,Ashanti|Obuasi,159.5,GHS,API
ORMT-00011359,OR-C000458,8,SUCCESSFUL,2025-01-06 17:23:36.000,Ashanti|Obuasi,837.12,GHS,AGENT
ORMT-00011360,OR-C000458,5,SUCCESSFUL,2025-01-15 18:24:44.000,Ashanti|Obuasi,328.26,GHS,AGENT
ORMT-00011361,OR-C000458,3,SUCCESSFUL,2025-02-05 13:45:11.000,Ashanti|Obuasi,3037.49,GHS,THIRD_PARTY
ORMT-00011362,OR-C000458,6,SUCCESSFUL,2025-02-06 08:30:21.000,Ashanti|Obuasi,435.86,GHS,AGENT
ORMT-00011363,OR-C000458,6,SUCCESSFUL,2025-02-26 09:19:50.000,Ashanti|Obuasi,990.84,GHS,AGENT
ORMT-00011364,OR-C000458,3,SUCCESSFUL,2025-03-24 21:49:38.000,Ashanti|Obuasi,365.97,GHS,AGENT
ORMT-00011365,OR-C000458,3,SUCCESSFUL,2025-03-15 13:51:10.000,Ashanti|Obuasi,271.0,GHS,AGENT
ORMT-00011366,OR-C000458,1,REJECTED,2025-03-02 15:01:25.000,Ashanti|Obuasi,1322.46,GHS,THIRD_PARTY
ORMT-00011367,OR-C000458,1,SUCCESSFUL,2025-03-28 09:58:20.000,Ashanti|Obuasi,1482.89,GHS,MOBILE_APP
ORMT-00011368,OR-C000458,7,SUCCESSFUL,2025-03-22 07:05:20.000,Ashanti|Obuasi,489.04,GHS,MOBILE_APP
ORMT-00011423,OR-C000459,1,SUCCESSFUL,2025-01-05 17:20:42.000,Bono|Sunyani,1357.2,GHS,MOBILE_APP
ORMT-00011424,OR-C000459,6,SUCCESSFUL,2025-01-07 09:41:04.000,Bono|Sunyani,748.61,GHS,MOBILE_APP
ORMT-00011425,OR-C000459,3,SUCCESSFUL,2025-02-21 16:18:49.000,Bono|Sunyani,496.52,GHS,MOBILE_APP
ORMT-00011426,OR-C000459,7,SUCCESSFUL,2025-03-06 15:56:42.000,Bono|Sunyani,336.63,GHS,AGENT
ORMT-00011427,OR-C000459,9,SUCCESSFUL,2025-03-22 11:22:57.000,Bono|Sunyani,223.77,GHS,AGENT
ORMT-00011428,OR-C000459,1,SUCCESSFUL,2025-03-27 10:59:45.000,Bono|Sunyani,245.74,GHS,API
ORMT-00011475,OR-C000463,1,SUCCESSFUL,2025-03-16 13:18:22.000,Greater Accra|Accra,786.23,GHS,MOBILE_APP
ORMT-00011485,OR-C000464,3,SUCCESSFUL,2025-02-25 17:37:28.000,Central|Elmina,704.8,GHS,AGENT
ORMT-00011507,OR-C000465,4,SUCCESSFUL,2025-01-15 19:17:25.000,Bono|Berekum,673.41,GHS,MOBILE_APP
ORMT-00011516,OR-C000466,2,SUCCESSFUL,2025-03-18 14:34:25.000,Northern|Savelugu,568.53,GHS,AGENT
ORMT-00011528,OR-C000467,2,SUCCESSFUL,2025-03-04 17:21:41.000,Bono East|Kintampo,357.29,GHS,THIRD_PARTY
ORMT-00011534,OR-C000468,3,FAILED,2025-02-26 13:00:36.000,Oti|Dambai,581.02,GHS,MOBILE_APP
ORMT-00011535,OR-C000468,5,SUCCESSFUL,2025-02-16 19:11:45.000,Oti|Dambai,271.25,GHS,MOBILE_APP
ORMT-00011536,OR-C000468,7,SUCCESSFUL,2025-03-28 08:31:41.000,Oti|Dambai,258.09,GHS,MOBILE_APP
ORMT-00011556,OR-C000469,5,SUCCESSFUL,2025-01-29 10:29:45.000,Central|Cape Coast,1051.76,GHS,AGENT
ORMT-00011557,OR-C000469,1,SUCCESSFUL,2025-02-02 17:20:52.000,Central|Cape Coast,292.76,GHS,API
ORMT-00011568,OR-C000470,9,SUCCESSFUL,2025-01-29 14:03:57.000,Greater Accra|Tema,1108.21,GHS,AGENT
ORMT-00011569,OR-C000470,3,SUCCESSFUL,2025-01-02 16:02:58.000,Greater Accra|Tema,272.12,GHS,MOBILE_APP
ORMT-00011570,OR-C000470,3,SUCCESSFUL,2025-03-03 20:15:54.000,Greater Accra|Tema,1972.4,GHS,WEB
ORMT-00011571,OR-C000470,6,SUCCESSFUL,2025-03-03 13:29:29.000,Greater Accra|Tema,758.21,GHS,WEB
ORMT-00011572,OR-C000470,3,SUCCESSFUL,2025-03-18 13:20:10.000,Greater Accra|Tema,192.53,GHS,AGENT
ORMT-00011591,OR-C000471,7,SUCCESSFUL,2025-03-05 13:10:49.000,Greater Accra|Tema,1509.48,GHS,API
ORMT-00011594,OR-C000472,2,SUCCESSFUL,2025-02-28 14:13:07.000,Northern|Savelugu,986.7,GHS,THIRD_PARTY
ORMT-00011595,OR-C000472,2,SUCCESSFUL,2025-02-28 15:50:57.000,Northern|Savelugu,937.63,GHS,THIRD_PARTY
ORMT-00011596,OR-C000472,2,SUCCESSFUL,2025-02-28 20:57:55.000,Northern|Savelugu,198.43,GHS,MOBILE_APP
ORMT-00011597,OR-C000472,1,SUCCESSFUL,2025-02-28 18:16:32.000,Northern|Savelugu,1055.55,GHS,WEB
ORMT-00011598,OR-C000472,7,SUCCESSFUL,2025-02-28 09:46:37.000,Northern|Savelugu,192.94,GHS,WEB
ORMT-00011599,OR-C000472,2,SUCCESSFUL,2025-02-28 12:48:12.000,Northern|Savelugu,772.63,GHS,MOBILE_APP
ORMT-00011600,OR-C000472,4,SUCCESSFUL,2025-02-28 08:48:03.000,Northern|Savelugu,1517.34,GHS,AGENT
ORMT-00011601,OR-C000472,1,SUCCESSFUL,2025-02-28 19:36:49.000,Northern|Savelugu,861.61,GHS,API
ORMT-00011602,OR-C000472,5,SUCCESSFUL,2025-03-14 19:59:30.000,Northern|Savelugu,796.64,GHS,AGENT
ORMT-00011603,OR-C000472,1,SUCCESSFUL,2025-03-12 13:23:04.000,Northern|Savelugu,625.05,GHS,AGENT
ORMT-00011604,OR-C000472,1,SUCCESSFUL,2025-03-07 10:40:18.000,Northern|Savelugu,203.32,GHS,THIRD_PARTY
ORMT-00011652,OR-C000473,1,SUCCESSFUL,2025-01-10 21:49:09.000,Northern|Savelugu,524.44,GHS,AGENT
ORMT-00011653,OR-C000473,9,SUCCESSFUL,2025-02-17 09:07:36.000,Northern|Savelugu,706.68,GHS,WEB
ORMT-00011654,OR-C000473,8,SUCCESSFUL,2025-02-28 13:11:47.000,Northern|Savelugu,986.03,GHS,AGENT
ORMT-00011655,OR-C000473,4,SUCCESSFUL,2025-03-25 09:08:19.000,Northern|Savelugu,802.73,GHS,WEB
ORMT-00011677,OR-C000474,1,SUCCESSFUL,2025-01-18 11:00:02.000,Greater Accra|Tema,1753.79,GHS,THIRD_PARTY
ORMT-00011703,OR-C000475,5,SUCCESSFUL,2025-01-07 15:10:45.000,Greater Accra|Kasoa,199.79,GHS,AGENT
ORMT-00011704,OR-C000475,6,SUCCESSFUL,2025-01-30 11:04:40.000,Greater Accra|Kasoa,2039.95,GHS,AGENT
ORMT-00011705,OR-C000475,3,SUCCESSFUL,2025-02-10 20:08:31.000,Greater Accra|Kasoa,4087.13,GHS,AGENT
ORMT-00011706,OR-C000475,1,SUCCESSFUL,2025-02-13 21:46:11.000,Greater Accra|Kasoa,501.96,GHS,AGENT
ORMT-00011707,OR-C000475,1,SUCCESSFUL,2025-03-19 15:44:01.000,Greater Accra|Kasoa,1163.28,GHS,API
ORMT-00011708,OR-C000475,3,SUCCESSFUL,2025-03-03 18:51:29.000,Greater Accra|Kasoa,1593.56,GHS,MOBILE_APP
ORMT-00011730,OR-C000476,2,SUCCESSFUL,2025-03-19 09:32:59.000,Ashanti|Kumasi,3546.34,GHS,AGENT
ORMT-00011799,OR-C000477,2,SUCCESSFUL,2025-01-24 09:46:35.000,Upper East|Navrongo,1215.54,GHS,AGENT
ORMT-00011800,OR-C000477,7,SUCCESSFUL,2025-01-30 12:33:44.000,Upper East|Navrongo,465.69,GHS,THIRD_PARTY
ORMT-00011801,OR-C000477,7,SUCCESSFUL,2025-01-30 21:17:32.000,Upper East|Navrongo,398.55,GHS,API
ORMT-00011802,OR-C000477,1,SUCCESSFUL,2025-01-30 11:19:01.000,Upper East|Navrongo,565.09,GHS,MOBILE_APP
ORMT-00011803,OR-C000477,1,SUCCESSFUL,2025-01-18 20:19:08.000,Upper East|Navrongo,2705.87,GHS,MOBILE_APP
ORMT-00011804,OR-C000477,1,SUCCESSFUL,2025-01-30 18:41:45.000,Upper East|Navrongo,2043.09,GHS,AGENT
ORMT-00011805,OR-C000477,10,SUCCESSFUL,2025-02-09 17:23:16.000,Upper East|Navrongo,291.57,GHS,MOBILE_APP
ORMT-00011806,OR-C000477,1,SUCCESSFUL,2025-02-23 09:11:01.000,Upper East|Navrongo,204.71,GHS,WEB
ORMT-00011807,OR-C000477,2,SUCCESSFUL,2025-02-19 15:33:09.000,Upper East|Navrongo,1824.74,GHS,AGENT
ORMT-00011808,OR-C000477,1,SUCCESSFUL,2025-02-09 09:28:36.000,Upper East|Navrongo,1793.83,GHS,AGENT
ORMT-00011809,OR-C000477,6,SUCCESSFUL,2025-02-13 10:31:07.000,Upper East|Navrongo,548.5,GHS,AGENT
ORMT-00011810,OR-C000477,8,SUCCESSFUL,2025-03-03 20:08:30.000,Upper East|Navrongo,333.56,GHS,AGENT
ORMT-00011811,OR-C000477,3,SUCCESSFUL,2025-03-06 21:25:44.000,Upper East|Navrongo,250.42,GHS,AGENT
ORMT-00011992,OR-C000478,4,SUCCESSFUL,2025-01-29 09:53:04.000,Greater Accra|Kasoa,91.4,GHS,MOBILE_APP
ORMT-00011993,OR-C000478,4,SUCCESSFUL,2025-01-18 12:09:17.000,Greater Accra|Kasoa,529.29,GHS,THIRD_PARTY
ORMT-00011994,OR-C000478,1,SUCCESSFUL,2025-01-29 13:47:52.000,Greater Accra|Kasoa,375.31,GHS,AGENT
ORMT-00011995,OR-C000478,5,SUCCESSFUL,2025-01-16 13:02:25.000,Greater Accra|Kasoa,1207.95,GHS,AGENT
ORMT-00011996,OR-C000478,1,SUCCESSFUL,2025-01-21 09:18:35.000,Greater Accra|Kasoa,350.61,GHS,THIRD_PARTY
ORMT-00011997,OR-C000478,2,SUCCESSFUL,2025-01-11 16:55:25.000,Greater Accra|Kasoa,156.35,GHS,MOBILE_APP
ORMT-00011998,OR-C000478,2,SUCCESSFUL,2025-01-21 20:27:49.000,Greater Accra|Kasoa,162.19,GHS,THIRD_PARTY
ORMT-00011999,OR-C000478,1,SUCCESSFUL,2025-02-28 10:54:52.000,Greater Accra|Kasoa,1467.72,GHS,API
ORMT-00012000,OR-C000478,7,SUCCESSFUL,2025-02-21 12:20:29.000,Greater Accra|Kasoa,706.35,GHS,MOBILE_APP
ORMT-00012001,OR-C000478,2,SUCCESSFUL,2025-02-24 09:09:38.000,Greater Accra|Kasoa,278.67,GHS,MOBILE_APP
ORMT-00012002,OR-C000478,1,SUCCESSFUL,2025-02-06 18:52:37.000,Greater Accra|Kasoa,2647.65,GHS,MOBILE_APP
ORMT-00012003,OR-C000478,3,SUCCESSFUL,2025-02-17 12:42:50.000,Greater Accra|Kasoa,579.54,GHS,THIRD_PARTY
ORMT-00012004,OR-C000478,1,SUCCESSFUL,2025-02-25 21:40:54.000,Greater Accra|Kasoa,415.38,GHS,THIRD_PARTY
ORMT-00012005,OR-C000478,4,SUCCESSFUL,2025-02-26 10:20:24.000,Greater Accra|Kasoa,383.72,GHS,THIRD_PARTY
ORMT-00012006,OR-C000478,1,SUCCESSFUL,2025-02-04 14:23:56.000,Greater Accra|Kasoa,201.73,GHS,AGENT
ORMT-00012007,OR-C000478,3,SUCCESSFUL,2025-02-06 21:26:25.000,Greater Accra|Kasoa,2063.03,GHS,AGENT
ORMT-00012008,OR-C000478,4,SUCCESSFUL,2025-02-18 07:01:49.000,Greater Accra|Kasoa,177.19,GHS,THIRD_PARTY
ORMT-00012009,OR-C000478,6,SUCCESSFUL,2025-03-20 16:41:17.000,Greater Accra|Kasoa,1685.24,GHS,AGENT
ORMT-00012010,OR-C000478,4,SUCCESSFUL,2025-03-30 17:12:52.000,Greater Accra|Kasoa,3137.49,GHS,AGENT
ORMT-00012011,OR-C000478,2,SUCCESSFUL,2025-03-30 13:42:08.000,Greater Accra|Kasoa,258.7,GHS,THIRD_PARTY
ORMT-00012082,OR-C000480,6,SUCCESSFUL,2025-01-12 17:37:12.000,Northern|Tamale,1040.03,GHS,AGENT
ORMT-00012083,OR-C000480,5,SUCCESSFUL,2025-01-19 14:08:08.000,Northern|Tamale,535.79,GHS,AGENT
ORMT-00012084,OR-C000480,5,SUCCESSFUL,2025-01-28 07:20:01.000,Northern|Tamale,698.76,GHS,MOBILE_APP
ORMT-00012085,OR-C000480,1,SUCCESSFUL,2025-02-07 15:36:45.000,Northern|Tamale,213.83,GHS,AGENT
ORMT-00012086,OR-C000480,1,SUCCESSFUL,2025-02-28 13:34:29.000,Northern|Tamale,439.14,GHS,THIRD_PARTY
ORMT-00012087,OR-C000480,2,SUCCESSFUL,2025-03-07 21:40:36.000,Northern|Tamale,2117.89,GHS,AGENT
ORMT-00012088,OR-C000480,1,SUCCESSFUL,2025-03-13 18:06:06.000,Northern|Tamale,997.04,GHS,WEB
ORMT-00012089,OR-C000480,1,SUCCESSFUL,2025-03-26 21:26:15.000,Northern|Tamale,669.37,GHS,MOBILE_APP
ORMT-00012120,OR-C000481,7,SUCCESSFUL,2025-01-28 07:16:53.000,Greater Accra|Accra,659.7,GHS,MOBILE_APP
ORMT-00012121,OR-C000481,3,SUCCESSFUL,2025-01-14 13:52:22.000,Greater Accra|Accra,842.73,GHS,MOBILE_APP
ORMT-00012122,OR-C000481,2,SUCCESSFUL,2025-03-17 18:29:07.000,Greater Accra|Accra,336.37,GHS,MOBILE_APP
ORMT-00012123,OR-C000481,2,SUCCESSFUL,2025-03-16 19:32:43.000,Greater Accra|Accra,481.12,GHS,AGENT
ORMT-00012186,OR-C000482,2,SUCCESSFUL,2025-01-10 10:59:35.000,Bono|Sunyani,722.77,GHS,THIRD_PARTY
ORMT-00012187,OR-C000482,1,SUCCESSFUL,2025-01-25 18:39:20.000,Bono|Sunyani,1846.84,GHS,API
ORMT-00012188,OR-C000482,4,SUCCESSFUL,2025-01-01 21:21:46.000,Bono|Sunyani,2450.41,GHS,THIRD_PARTY
ORMT-00012189,OR-C000482,5,SUCCESSFUL,2025-01-22 18:58:58.000,Bono|Sunyani,243.96,GHS,API
ORMT-00012190,OR-C000482,4,SUCCESSFUL,2025-02-10 08:03:47.000,Bono|Sunyani,604.87,GHS,MOBILE_APP
ORMT-00012191,OR-C000482,2,SUCCESSFUL,2025-03-06 19:07:19.000,Bono|Sunyani,388.88,GHS,AGENT
ORMT-00012192,OR-C000482,3,SUCCESSFUL,2025-03-19 20:45:55.000,Bono|Sunyani,436.16,GHS,WEB
ORMT-00012228,OR-C000483,7,SUCCESSFUL,2025-01-13 07:54:34.000,Central|Cape Coast,565.91,GHS,MOBILE_APP
ORMT-00012229,OR-C000483,3,SUCCESSFUL,2025-02-19 18:28:05.000,Central|Cape Coast,296.22,GHS,THIRD_PARTY
ORMT-00012246,OR-C000484,1,SUCCESSFUL,2025-01-27 20:02:11.000,Ashanti|Kumasi,628.71,GHS,THIRD_PARTY
ORMT-00012247,OR-C000484,1,SUCCESSFUL,2025-01-17 11:01:25.000,Ashanti|Kumasi,1713.03,GHS,THIRD_PARTY
ORMT-00012248,OR-C000484,2,SUCCESSFUL,2025-03-26 14:30:08.000,Ashanti|Kumasi,122.35,GHS,MOBILE_APP
ORMT-00012255,OR-C000485,2,SUCCESSFUL,2025-01-31 13:47:54.000,Central|Winneba,1905.29,GHS,AGENT
ORMT-00012267,OR-C000487,5,SUCCESSFUL,2025-03-09 09:05:33.000,Greater Accra|Madina,754.81,GHS,WEB
ORMT-00012268,OR-C000487,4,SUCCESSFUL,2025-03-22 10:42:21.000,Greater Accra|Madina,83.84,GHS,MOBILE_APP
ORMT-00012278,OR-C000488,5,SUCCESSFUL,2025-01-20 18:56:30.000,Bono|Berekum,243.17,GHS,MOBILE_APP
ORMT-00012279,OR-C000488,4,SUCCESSFUL,2025-01-27 12:01:22.000,Bono|Berekum,185.54,GHS,AGENT
ORMT-00012280,OR-C000488,1,SUCCESSFUL,2025-03-20 11:52:05.000,Bono|Berekum,765.6,GHS,AGENT
ORMT-00012281,OR-C000488,10,SUCCESSFUL,2025-03-17 13:40:51.000,Bono|Berekum,1269.88,GHS,THIRD_PARTY
ORMT-00012282,OR-C000488,6,SUCCESSFUL,2025-03-11 07:06:24.000,Bono|Berekum,713.76,GHS,MOBILE_APP
ORMT-00012283,OR-C000488,6,SUCCESSFUL,2025-03-06 19:23:20.000,Bono|Berekum,383.96,GHS,AGENT
ORMT-00012284,OR-C000488,8,SUCCESSFUL,2025-03-24 14:11:12.000,Bono|Berekum,234.08,GHS,MOBILE_APP
ORMT-00012285,OR-C000488,1,SUCCESSFUL,2025-03-15 19:13:50.000,Bono|Berekum,205.2,GHS,MOBILE_APP
ORMT-00012308,OR-C000489,1,SUCCESSFUL,2025-01-18 13:01:41.000,Greater Accra|Madina,137.74,GHS,MOBILE_APP
ORMT-00012309,OR-C000489,4,SUCCESSFUL,2025-01-26 08:41:35.000,Greater Accra|Madina,211.66,GHS,MOBILE_APP
ORMT-00012310,OR-C000489,9,SUCCESSFUL,2025-02-19 17:35:08.000,Greater Accra|Madina,2068.7,GHS,AGENT
ORMT-00012311,OR-C000489,1,SUCCESSFUL,2025-02-11 07:40:10.000,Greater Accra|Madina,187.58,GHS,MOBILE_APP
ORMT-00012312,OR-C000489,4,SUCCESSFUL,2025-02-05 09:35:53.000,Greater Accra|Madina,113.18,GHS,MOBILE_APP
ORMT-00012313,OR-C000489,3,SUCCESSFUL,2025-03-02 09:07:53.000,Greater Accra|Madina,1153.26,GHS,MOBILE_APP
ORMT-00012381,OR-C000490,6,SUCCESSFUL,2025-01-20 08:43:13.000,Oti|Jasikan,947.99,GHS,THIRD_PARTY
ORMT-00012382,OR-C000490,1,SUCCESSFUL,2025-01-10 13:28:05.000,Oti|Jasikan,477.81,GHS,WEB
ORMT-00012383,OR-C000490,1,SUCCESSFUL,2025-01-14 18:38:49.000,Oti|Jasikan,496.08,GHS,API
ORMT-00012384,OR-C000490,1,SUCCESSFUL,2025-01-23 17:49:44.000,Oti|Jasikan,1088.52,GHS,MOBILE_APP
ORMT-00012385,OR-C000490,1,SUCCESSFUL,2025-01-14 19:33:53.000,Oti|Jasikan,415.34,GHS,AGENT
ORMT-00012386,OR-C000490,5,SUCCESSFUL,2025-02-27 17:54:01.000,Oti|Jasikan,1408.19,GHS,AGENT
ORMT-00012387,OR-C000490,3,SUCCESSFUL,2025-02-21 11:22:58.000,Oti|Jasikan,325.93,GHS,THIRD_PARTY
ORMT-00012388,OR-C000490,5,SUCCESSFUL,2025-02-10 09:31:36.000,Oti|Jasikan,3423.07,GHS,THIRD_PARTY
ORMT-00012389,OR-C000490,2,SUCCESSFUL,2025-03-05 21:43:16.000,Oti|Jasikan,510.71,GHS,MOBILE_APP
ORMT-00012438,OR-C000493,1,SUCCESSFUL,2025-01-12 14:46:58.000,Greater Accra|Accra,1369.95,GHS,WEB
ORMT-00012439,OR-C000493,9,SUCCESSFUL,2025-03-09 19:23:16.000,Greater Accra|Accra,200.29,GHS,AGENT
ORMT-00012444,OR-C000494,1,SUCCESSFUL,2025-02-28 08:47:18.000,Greater Accra|Tema,422.89,GHS,THIRD_PARTY
ORMT-00012464,OR-C000495,2,SUCCESSFUL,2025-01-17 16:38:08.000,Eastern|Koforidua,1051.26,GHS,THIRD_PARTY
ORMT-00012465,OR-C000495,9,SUCCESSFUL,2025-01-23 09:21:33.000,Eastern|Koforidua,377.44,GHS,AGENT
ORMT-00012466,OR-C000495,7,SUCCESSFUL,2025-01-20 14:54:52.000,Eastern|Koforidua,2567.94,GHS,MOBILE_APP
ORMT-00012467,OR-C000495,2,SUCCESSFUL,2025-02-24 09:01:13.000,Eastern|Koforidua,747.48,GHS,MOBILE_APP
ORMT-00012468,OR-C000495,7,SUCCESSFUL,2025-02-01 11:23:31.000,Eastern|Koforidua,562.37,GHS,WEB
ORMT-00012469,OR-C000495,1,SUCCESSFUL,2025-02-18 12:13:57.000,Eastern|Koforidua,667.13,GHS,API
ORMT-00012470,OR-C000495,4,SUCCESSFUL,2025-02-07 09:22:12.000,Eastern|Koforidua,1600.35,GHS,AGENT
ORMT-00012471,OR-C000495,6,SUCCESSFUL,2025-03-02 16:06:18.000,Eastern|Koforidua,1276.21,GHS,AGENT
ORMT-00012472,OR-C000495,7,SUCCESSFUL,2025-03-09 11:42:22.000,Eastern|Koforidua,272.66,GHS,MOBILE_APP
ORMT-00012499,OR-C000496,4,SUCCESSFUL,2025-02-26 08:49:23.000,Ashanti|Kumasi,1096.33,GHS,AGENT
ORMT-00012500,OR-C000496,4,SUCCESSFUL,2025-03-15 20:14:36.000,Ashanti|Kumasi,764.41,GHS,AGENT
ORMT-00012525,OR-C000497,9,SUCCESSFUL,2025-01-30 15:49:22.000,Ahafo|Duayaw Nkwanta,646.28,GHS,API
ORMT-00012526,OR-C000497,4,SUCCESSFUL,2025-02-10 17:11:57.000,Ahafo|Duayaw Nkwanta,3119.18,GHS,WEB
ORMT-00012527,OR-C000497,7,SUCCESSFUL,2025-03-17 15:49:30.000,Ahafo|Duayaw Nkwanta,343.0,GHS,AGENT
ORMT-00012528,OR-C000497,3,FAILED,2025-03-13 12:29:42.000,Ahafo|Duayaw Nkwanta,1095.66,GHS,MOBILE_APP
ORMT-00012529,OR-C000497,4,SUCCESSFUL,2025-03-21 16:52:23.000,Ahafo|Duayaw Nkwanta,457.71,GHS,API
ORMT-00012559,OR-C000498,4,SUCCESSFUL,2025-01-04 18:18:33.000,Ashanti|Obuasi,278.4,GHS,AGENT
ORMT-00012560,OR-C000498,1,SUCCESSFUL,2025-02-03 13:36:19.000,Ashanti|Obuasi,220.69,GHS,AGENT
ORMT-00012570,OR-C000499,3,SUCCESSFUL,2025-01-13 20:35:56.000,Central|Winneba,328.0,GHS,WEB
ORMT-00012571,OR-C000499,4,SUCCESSFUL,2025-01-15 10:12:36.000,Central|Winneba,251.16,GHS,AGENT
ORMT-00012572,OR-C000499,1,SUCCESSFUL,2025-01-30 09:04:37.000,Central|Winneba,473.35,GHS,AGENT
ORMT-00012573,OR-C000499,2,SUCCESSFUL,2025-02-02 12:19:24.000,Central|Winneba,1577.0,GHS,THIRD_PARTY
ORMT-00012574,OR-C000499,8,SUCCESSFUL,2025-03-22 09:53:03.000,Central|Winneba,496.84,GHS,THIRD_PARTY
ORMT-00012588,OR-C000500,7,SUCCESSFUL,2025-02-24 16:15:11.000,Ashanti|Obuasi,207.87,GHS,MOBILE_APP
