remittance_id,customer_id,country_id,remittance_status,remittance_timestamp,transaction_location,amount,currency,transaction_channel
ORMT-00000004,OR-C000001,8,SUCCESSFUL,2025-04-11 08:25:28.000,Greater Accra|Madina,170.19,GHS,AGENT
ORMT-00000005,OR-C000001,2,SUCCESSFUL,2025-04-01 15:33:25.000,Greater Accra|Madina,239.47,GHS,AGENT
ORMT-00000018,OR-C000002,5,SUCCESSFUL,2025-04-24 09:05:45.000,Western|Tarkwa,321.46,GHS,WEB
ORMT-00000019,OR-C000002,8,SUCCESSFUL,2025-04-06 14:39:34.000,Western|Tarkwa,404.23,GHS,THIRD_PARTY
ORMT-00000020,OR-C000002,9,SUCCESSFUL,2025-04-19 20:42:40.000,Western|Tarkwa,966.94,GHS,MOBILE_APP
ORMT-00000021,OR-C000002,5,SUCCESSFUL,2025-04-16 12:11:48.000,Western|Tarkwa,783.91,GHS,AGENT
ORMT-00000080,OR-C000003,4,SUCCESSFUL,2025-04-19 11:46:40.000,Bono East|Kintampo,931.23,GHS,MOBILE_APP
ORMT-00000081,OR-C000003,7,SUCCESSFUL,2025-05-13 12:49:41.000,Bono East|Kintampo,546.96,GHS,MOBILE_APP
ORMT-00000082,OR-C000003,2,SUCCESSFUL,2025-05-04 10:15:49.000,Bono East|Kintampo,614.27,GHS,AGENT
ORMT-00000083,OR-C000003,2,SUCCESSFUL,2025-05-06 16:22:12.000,Bono East|Kintampo,545.38,GHS,AGENT
ORMT-00000084,OR-C000003,5,SUCCESSFUL,2025-06-10 09:32:23.000,Bono East|Kintampo,713.07,GHS,AGENT
ORMT-00000085,OR-C000003,2,SUCCESSFUL,2025-06-24 11:32:40.000,Bono East|Kintampo,1734.94,GHS,THIRD_PARTY
ORMT-00000086,OR-C000003,2,SUCCESSFUL,2025-06-25 15:48:22.000,Bono East|Kintampo,468.13,GHS,AGENT
ORMT-00000087,OR-C000003,2,SUCCESSFUL,2025-06-25 17:39:58.000,Bono East|Kintampo,229.79,GHS,MOBILE_APP
ORMT-00000114,OR-C000004,8,SUCCESSFUL,2025-06-01 14:49:40.000,Ashanti|Kumasi,409.08,GHS,MOBILE_APP
ORMT-00000132,OR-C000007,1,SUCCESSFUL,2025-04-20 14:17:20.000,Greater Accra|Kasoa,518.38,GHS,AGENT
ORMT-00000133,OR-C000007,2,SUCCESSFUL,2025-06-14 13:47:28.000,Greater Accra|Kasoa,656.88,GHS,API
ORMT-00000174,OR-C000008,1,SUCCESSFUL,2025-04-08 07:33:07.000,Ahafo|Duayaw Nkwanta,1209.22,GHS,THIRD_PARTY
ORMT-00000175,OR-C000008,3,SUCCESSFUL,2025-04-03 14:24:15.000,Ahafo|Duayaw Nkwanta,363.07,GHS,THIRD_PARTY
ORMT-00000176,OR-C000008,4,SUCCESSFUL,2025-04-08 17:29:25.000,Ahafo|Duayaw Nkwanta,436.63,GHS,API
ORMT-00000177,OR-C000008,4,SUCCESSFUL,2025-05-24 13:00:20.000,Ahafo|Duayaw Nkwanta,268.48,GHS,AGENT
ORMT-00000178,OR-C000008,3,SUCCESSFUL,2025-05-07 12:06:51.000,Ahafo|Duayaw Nkwanta,619.77,GHS,MOBILE_APP
ORMT-00000179,OR-C000008,2,SUCCESSFUL,2025-05-27 13:12:33.000,Ahafo|Duayaw Nkwanta,309.77,GHS,AGENT
ORMT-00000180,OR-C000008,3,SUCCESSFUL,2025-06-06 09:42:32.000,Ahafo|Duayaw Nkwanta,301.82,GHS,THIRD_PARTY
ORMT-00000181,OR-C000008,8,SUCCESSFUL,2025-06-11 14:45:15.000,Ahafo|Duayaw Nkwanta,403.28,GHS,THIRD_PARTY
ORMT-00000182,OR-C000008,1,SUCCESSFUL,2025-06-05 11:19:35.000,Ahafo|Duayaw Nkwanta,2034.32,GHS,WEB
ORMT-00000208,OR-C000009,7,SUCCESSFUL,2025-05-24 07:03:35.000,Western|Takoradi,168.17,GHS,API
ORMT-00000209,OR-C000009,5,SUCCESSFUL,2025-06-29 16:36:47.000,Western|Takoradi,628.35,GHS,MOBILE_APP
ORMT-00000239,OR-C000010,3,SUCCESSFUL,2025-04-07 12:35:25.000,Greater Accra|Tema,952.47,GHS,AGENT
ORMT-00000240,OR-C000010,2,SUCCESSFUL,2025-04-21 20:49:08.000,Greater Accra|Tema,358.69,GHS,THIRD_PARTY
ORMT-00000241,OR-C000010,1,SUCCESSFUL,2025-04-20 09:00:44.000,Greater Accra|Tema,5269.61,GHS,MOBILE_APP
ORMT-00000242,OR-C000010,1,SUCCESSFUL,2025-05-04 19:10:56.000,Greater Accra|Tema,202.63,GHS,MOBILE_APP
ORMT-00000243,OR-C000010,2,SUCCESSFUL,2025-06-30 14:36:29.000,Greater Accra|Tema,132.52,GHS,AGENT
ORMT-00000244,OR-C000010,2,SUCCESSFUL,2025-06-12 14:48:52.000,Greater Accra|Tema,394.29,GHS,MOBILE_APP
ORMT-00000266,OR-C000011,4,SUCCESSFUL,2025-05-15 07:14:21.000,Ashanti|Obuasi,1117.68,GHS,AGENT
ORMT-00000278,OR-C000012,1,SUCCESSFUL,2025-04-15 12:46:08.000,Volta|Hohoe,1365.46,GHS,AGENT
ORMT-00000279,OR-C000012,9,SUCCESSFUL,2025-04-12 19:42:36.000,Volta|Hohoe,744.34,GHS,MOBILE_APP
ORMT-00000280,OR-C000012,1,SUCCESSFUL,2025-04-25 13:35:13.000,Volta|Hohoe,916.71,GHS,WEB
ORMT-00000281,OR-C000012,2,SUCCESSFUL,2025-04-03 11:47:26.000,Volta|Hohoe,1107.21,GHS,THIRD_PARTY
ORMT-00000282,OR-C000012,2,SUCCESSFUL,2025-04-17 17:14:08.000,Volta|Hohoe,461.0,GHS,WEB
ORMT-00000283,OR-C000012,4,SUCCESSFUL,2025-05-26 15:56:45.000,Volta|Hohoe,474.52,GHS,AGENT
ORMT-00000284,OR-C000012,5,SUCCESSFUL,2025-05-20 14:17:50.000,Volta|Hohoe,477.35,GHS,AGENT
ORMT-00000293,OR-C000013,3,SUCCESSFUL,2025-05-15 19:01:23.000,Oti|Dambai,371.38,GHS,AGENT
ORMT-00000296,OR-C000014,2,SUCCESSFUL,2025-04-15 13:36:16.000,Ashanti|Kumasi,1890.59,GHS,WEB
ORMT-00000297,OR-C000014,2,SUCCESSFUL,2025-04-03 17:33:02.000,Ashanti|Kumasi,374.15,GHS,MOBILE_APP
ORMT-00000298,OR-C000014,1,FAILED,2025-04-15 07:27:47.000,Ashanti|Kumasi,3455.33,GHS,THIRD_PARTY
ORMT-00000299,OR-C000014,4,SUCCESSFUL,2025-04-22 19:45:52.000,Ashanti|Kumasi,646.19,GHS,MOBILE_APP
ORMT-00000300,OR-C000014,3,SUCCESSFUL,2025-05-15 11:01:48.000,Ashanti|Kumasi,2838.2,GHS,AGENT
ORMT-00000301,OR-C000014,2,SUCCESSFUL,2025-06-05 18:01:18.000,Ashanti|Kumasi,4014.47,GHS,THIRD_PARTY
ORMT-00000302,OR-C000014,6,FAILED,2025-06-21 11:48:27.000,Ashanti|Kumasi,455.18,GHS,THIRD_PARTY
ORMT-00000303,OR-C000014,10,SUCCESSFUL,2025-06-15 16:05:49.000,Ashanti|Kumasi,591.15,GHS,MOBILE_APP
ORMT-00000304,OR-C000014,2,SUCCESSFUL,2025-06-30 14:03:18.000,Ashanti|Kumasi,397.91,GHS,API
ORMT-00000305,OR-C000014,1,SUCCESSFUL,2025-06-24 19:31:21.000,Ashanti|Kumasi,1345.65,GHS,WEB
ORMT-00000306,OR-C000014,1,SUCCESSFUL,2025-06-28 07:11:58.000,Ashanti|Kumasi,570.22,GHS,AGENT
ORMT-00000307,OR-C000014,7,SUCCESSFUL,2025-06-25 21:19:57.000,Ashanti|Kumasi,1180.6,GHS,MOBILE_APP
ORMT-00000353,OR-C000015,1,SUCCESSFUL,2025-04-03 18:08:33.000,Ashanti|Ejisu,985.66,GHS,MOBILE_APP
ORMT-00000354,OR-C000015,5,SUCCESSFUL,2025-04-16 11:42:52.000,Ashanti|Ejisu,475.19,GHS,API
ORMT-00000355,OR-C000015,5,SUCCESSFUL,2025-05-19 16:12:29.000,Ashanti|Ejisu,355.37,GHS,MOBILE_APP
ORMT-00000356,OR-C000015,1,SUCCESSFUL,2025-05-11 12:18:22.000,Ashanti|Ejisu,554.98,GHS,AGENT
ORMT-00000357,OR-C000015,4,SUCCESSFUL,2025-05-06 12:56:38.000,Ashanti|Ejisu,299.11,GHS,MOBILE_APP
ORMT-00000358,OR-C000015,1,SUCCESSFUL,2025-06-30 16:10:45.000,Ashanti|Ejisu,963.33,GHS,WEB
ORMT-00000375,OR-C000016,3,SUCCESSFUL,2025-06-07 19:58:44.000,Greater Accra|Tema,1398.66,GHS,MOBILE_APP
ORMT-00000376,OR-C000016,2,SUCCESSFUL,2025-06-30 18:23:31.000,Greater Accra|Tema,2582.07,GHS,AGENT
ORMT-00000392,OR-C000018,3,SUCCESSFUL,2025-06-14 14:20:09.000,Upper West|Wa,1412.08,GHS,THIRD_PARTY
ORMT-00000422,OR-C000019,8,SUCCESSFUL,2025-05-12 21:52:41.000,Ahafo|Duayaw Nkwanta,1503.34,GHS,AGENT
ORMT-00000423,OR-C000019,2,SUCCESSFUL,2025-05-22 17:53:35.000,Ahafo|Duayaw Nkwanta,1032.38,GHS,MOBILE_APP
ORMT-00000436,OR-C000020,4,SUCCESSFUL,2025-05-11 11:37:16.000,Greater Accra|Kasoa,4078.0,GHS,THIRD_PARTY
ORMT-00000473,OR-C000021,3,SUCCESSFUL,2025-05-07 12:57:33.000,Bono East|Techiman,242.32,GHS,AGENT
ORMT-00000474,OR-C000021,5,SUCCESSFUL,2025-06-06 07:20:41.000,Bono East|Techiman,1250.55,GHS,AGENT
ORMT-00000487,OR-C000022,1,SUCCESSFUL,2025-05-18 12:46:05.000,Greater Accra|Kasoa,1014.52,GHS,API
ORMT-00000488,OR-C000022,1,SUCCESSFUL,2025-05-09 16:06:52.000,Greater Accra|Kasoa,90.18,GHS,MOBILE_APP
ORMT-00000499,OR-C000023,4,SUCCESSFUL,2025-04-03 19:58:02.000,Ashanti|Kumasi,603.64,GHS,AGENT
ORMT-00000500,OR-C000023,1,FAILED,2025-04-20 15:09:15.000,Ashanti|Kumasi,1510.04,GHS,API
ORMT-00000501,OR-C000023,5,SUCCESSFUL,2025-04-12 17:03:55.000,Ashanti|Kumasi,643.49,GHS,MOBILE_APP
ORMT-00000502,OR-C000023,10,SUCCESSFUL,2025-04-02 10:34:33.000,Ashanti|Kumasi,713.31,GHS,THIRD_PARTY
ORMT-00000503,OR-C000023,8,SUCCESSFUL,2025-05-14 14:41:37.000,Ashanti|Kumasi,361.1,GHS,WEB
ORMT-00000504,OR-C000023,4,SUCCESSFUL,2025-05-14 12:31:21.000,Ashanti|Kumasi,1087.5,GHS,AGENT
ORMT-00000505,OR-C000023,8,SUCCESSFUL,2025-05-16 19:32:02.000,Ashanti|Kumasi,404.9,GHS,AGENT
ORMT-00000506,OR-C000023,2,SUCCESSFUL,2025-06-10 17:34:35.000,Ashanti|Kumasi,1264.75,GHS,AGENT
ORMT-00000507,OR-C000023,4,SUCCESSFUL,2025-06-24 19:48:18.000,Ashanti|Kumasi,1219.97,GHS,THIRD_PARTY
ORMT-00000537,OR-C000024,4,SUCCESSFUL,2025-04-11 17:22:01.000,Bono East|Kintampo,552.18,GHS,MOBILE_APP
ORMT-00000538,OR-C000024,2,REJECTED,2025-04-22 12:15:48.000,Bono East|Kintampo,2350.49,GHS,MOBILE_APP
ORMT-00000539,OR-C000024,5,SUCCESSFUL,2025-05-02 21:28:40.000,Bono East|Kintampo,470.96,GHS,MOBILE_APP
ORMT-00000540,OR-C000024,7,SUCCESSFUL,2025-06-09 08:59:20.000,Bono East|Kintampo,1217.61,GHS,AGENT
ORMT-00000541,OR-C000024,7,SUCCESSFUL,2025-06-01 13:49:06.000,Bono East|Kintampo,528.93,GHS,AGENT
ORMT-00000560,OR-C000025,1,SUCCESSFUL,2025-04-26 18:02:57.000,Eastern|Nkawkaw,330.57,GHS,MOBILE_APP
ORMT-00000561,OR-C000025,4,SUCCESSFUL,2025-04-19 15:38:25.000,Eastern|Nkawkaw,414.73,GHS,AGENT
ORMT-00000562,OR-C000025,4,SUCCESSFUL,2025-06-20 13:09:49.000,Eastern|Nkawkaw,535.2,GHS,AGENT
ORMT-00000563,OR-C000025,1,SUCCESSFUL,2025-06-04 10:11:52.000,Eastern|Nkawkaw,3170.41,GHS,API
ORMT-00000600,OR-C000026,2,SUCCESSFUL,2025-04-01 20:57:08.000,Oti|Dambai,369.26,GHS,AGENT
ORMT-00000601,OR-C000026,3,SUCCESSFUL,2025-04-01 17:27:08.000,Oti|Dambai,196.41,GHS,AGENT
ORMT-00000602,OR-C000026,2,SUCCESSFUL,2025-05-29 09:13:02.000,Oti|Dambai,213.28,GHS,API
ORMT-00000603,OR-C000026,2,SUCCESSFUL,2025-05-17 17:33:19.000,Oti|Dambai,834.47,GHS,MOBILE_APP
ORMT-00000621,OR-C000027,8,SUCCESSFUL,2025-05-22 16:18:13.000,Volta|Keta,374.28,GHS,AGENT
ORMT-00000622,OR-C000027,3,SUCCESSFUL,2025-06-28 14:47:02.000,Volta|Keta,856.89,GHS,WEB
ORMT-00000638,OR-C000029,2,SUCCESSFUL,2025-06-21 16:30:29.000,Greater Accra|Tema,1075.61,GHS,AGENT
ORMT-00000689,OR-C000030,3,SUCCESSFUL,2025-05-12 10:24:31.000,Greater Accra|Kasoa,217.72,GHS,MOBILE_APP
ORMT-00000690,OR-C000030,10,SUCCESSFUL,2025-05-28 20:45:19.000,Greater Accra|Kasoa,230.75,GHS,AGENT
ORMT-00000691,OR-C000030,4,SUCCESSFUL,2025-05-25 18:08:14.000,Greater Accra|Kasoa,635.3,GHS,AGENT
ORMT-00000692,OR-C000030,4,SUCCESSFUL,2025-06-11 10:28:02.000,Greater Accra|Kasoa,973.77,GHS,AGENT
ORMT-00000693,OR-C000030,1,SUCCESSFUL,2025-06-20 13:58:19.000,Greater Accra|Kasoa,973.57,GHS,AGENT
ORMT-00000694,OR-C000030,1,SUCCESSFUL,2025-06-01 12:56:46.000,Greater Accra|Kasoa,1574.33,GHS,AGENT
ORMT-00000798,OR-C000031,1,SUCCESSFUL,2025-04-11 19:19:55.000,Greater Accra|Madina,986.54,GHS,AGENT
ORMT-00000799,OR-C000031,7,SUCCESSFUL,2025-04-08 16:02:31.000,Greater Accra|Madina,267.17,GHS,AGENT
ORMT-00000800,OR-C000031,5,SUCCESSFUL,2025-04-25 11:00:58.000,Greater Accra|Madina,401.76,GHS,THIRD_PARTY
ORMT-00000801,OR-C000031,4,SUCCESSFUL,2025-04-18 10:43:47.000,Greater Accra|Madina,766.47,GHS,AGENT
ORMT-00000802,OR-C000031,1,SUCCESSFUL,2025-04-07 15:22:39.000,Greater Accra|Madina,541.62,GHS,THIRD_PARTY
ORMT-00000803,OR-C000031,1,SUCCESSFUL,2025-04-26 14:13:51.000,Greater Accra|Madina,523.13,GHS,WEB
ORMT-00000804,OR-C000031,3,SUCCESSFUL,2025-04-07 12:44:08.000,Greater Accra|Madina,1575.92,GHS,MOBILE_APP
ORMT-00000805,OR-C000031,1,SUCCESSFUL,2025-05-31 14:37:49.000,Greater Accra|Madina,1111.82,GHS,AGENT
ORMT-00000806,OR-C000031,7,SUCCESSFUL,2025-05-31 15:38:04.000,Greater Accra|Madina,4604.46,GHS,THIRD_PARTY
ORMT-00000807,OR-C000031,5,SUCCESSFUL,2025-06-06 15:49:46.000,Greater Accra|Madina,244.03,GHS,MOBILE_APP
ORMT-00000808,OR-C000031,6,SUCCESSFUL,2025-06-11 08:17:21.000,Greater Accra|Madina,916.98,GHS,AGENT
ORMT-00000809,OR-C000031,3,SUCCESSFUL,2025-06-17 09:39:37.000,Greater Accra|Madina,794.38,GHS,AGENT
ORMT-00000810,OR-C000031,1,SUCCESSFUL,2025-06-20 16:25:37.000,Greater Accra|Madina,378.94,GHS,THIRD_PARTY
ORMT-00000811,OR-C000031,2,SUCCESSFUL,2025-06-24 11:49:13.000,Greater Accra|Madina,157.03,GHS,AGENT
ORMT-00000812,OR-C000031,5,SUCCESSFUL,2025-06-07 11:08:48.000,Greater Accra|Madina,279.88,GHS,AGENT
ORMT-00000813,OR-C000031,2,FAILED,2025-06-28 13:28:04.000,Greater Accra|Madina,2037.13,GHS,AGENT
ORMT-00000814,OR-C000031,4,SUCCESSFUL,2025-06-06 08:34:16.000,Greater Accra|Madina,794.69,GHS,THIRD_PARTY
ORMT-00000881,OR-C000032,2,SUCCESSFUL,2025-04-15 15:18:14.000,Greater Accra|Kasoa,1244.81,GHS,API
ORMT-00000882,OR-C000032,1,SUCCESSFUL,2025-05-04 14:16:54.000,Greater Accra|Kasoa,411.84,GHS,THIRD_PARTY
ORMT-00000883,OR-C000032,9,SUCCESSFUL,2025-05-04 20:17:45.000,Greater Accra|Kasoa,3695.27,GHS,THIRD_PARTY
ORMT-00000884,OR-C000032,7,SUCCESSFUL,2025-05-29 13:17:53.000,Greater Accra|Kasoa,1812.38,GHS,AGENT
ORMT-00000885,OR-C000032,1,SUCCESSFUL,2025-05-16 13:35:01.000,Greater Accra|Kasoa,724.06,GHS,THIRD_PARTY
ORMT-00000886,OR-C000032,9,SUCCESSFUL,2025-05-10 19:37:57.000,Greater Accra|Kasoa,224.39,GHS,AGENT
ORMT-00000887,OR-C000032,4,SUCCESSFUL,2025-05-08 11:51:50.000,Greater Accra|Kasoa,855.69,GHS,WEB
ORMT-00000888,OR-C000032,3,SUCCESSFUL,2025-05-28 12:53:05.000,Greater Accra|Kasoa,692.32,GHS,MOBILE_APP
ORMT-00000889,OR-C000032,3,SUCCESSFUL,2025-06-18 14:22:30.000,Greater Accra|Kasoa,245.54,GHS,AGENT
ORMT-00000890,OR-C000032,7,SUCCESSFUL,2025-06-13 20:08:06.000,Greater Accra|Kasoa,364.63,GHS,MOBILE_APP
ORMT-00000891,OR-C000032,7,FAILED,2025-06-02 18:20:31.000,Greater Accra|Kasoa,2794.39,GHS,THIRD_PARTY
ORMT-00000934,OR-C000034,1,SUCCESSFUL,2025-04-22 10:53:30.000,Ahafo|Goaso,1886.69,GHS,THIRD_PARTY
ORMT-00000935,OR-C000034,1,SUCCESSFUL,2025-04-01 11:12:24.000,Ahafo|Goaso,150.72,GHS,MOBILE_APP
ORMT-00000936,OR-C000034,8,SUCCESSFUL,2025-05-18 17:45:45.000,Ahafo|Goaso,344.8,GHS,AGENT
ORMT-00000937,OR-C000034,6,SUCCESSFUL,2025-05-16 16:01:15.000,Ahafo|Goaso,1622.8,GHS,AGENT
ORMT-00000938,OR-C000034,1,SUCCESSFUL,2025-05-10 08:04:17.000,Ahafo|Goaso,2186.43,GHS,AGENT
ORMT-00000939,OR-C000034,5,SUCCESSFUL,2025-06-05 09:51:23.000,Ahafo|Goaso,506.74,GHS,WEB
ORMT-00000969,OR-C000035,7,SUCCESSFUL,2025-04-24 10:22:10.000,Western|Axim,519.13,GHS,THIRD_PARTY
ORMT-00000970,OR-C000035,3,SUCCESSFUL,2025-06-21 15:46:17.000,Western|Axim,4158.73,GHS,AGENT
ORMT-00000974,OR-C000036,5,SUCCESSFUL,2025-05-12 09:01:00.000,Eastern|Koforidua,1668.92,GHS,AGENT
ORMT-00000975,OR-C000036,4,SUCCESSFUL,2025-06-01 20:14:13.000,Eastern|Koforidua,370.41,GHS,AGENT
ORMT-00000976,OR-C000036,1,SUCCESSFUL,2025-06-29 15:05:03.000,Eastern|Koforidua,377.2,GHS,AGENT
ORMT-00000983,OR-C000037,5,SUCCESSFUL,2025-04-22 08:38:35.000,Northern|Tamale,1851.07,GHS,WEB
ORMT-00000984,OR-C000037,6,SUCCESSFUL,2025-06-05 20:21:23.000,Northern|Tamale,587.43,GHS,THIRD_PARTY
ORMT-00000990,OR-C000038,2,SUCCESSFUL,2025-06-15 18:41:48.000,Ashanti|Obuasi,134.01,GHS,AGENT
ORMT-00001084,OR-C000041,1,SUCCESSFUL,2025-04-05 19:06:14.000,Bono|Berekum,395.41,GHS,THIRD_PARTY
ORMT-00001085,OR-C000041,1,SUCCESSFUL,2025-04-15 14:11:53.000,Bono|Berekum,396.9,GHS,THIRD_PARTY
ORMT-00001086,OR-C000041,1,SUCCESSFUL,2025-04-23 15:49:35.000,Bono|Berekum,484.89,GHS,MOBILE_APP
ORMT-00001087,OR-C000041,8,SUCCESSFUL,2025-05-05 19:40:38.000,Bono|Berekum,512.78,GHS,API
ORMT-00001088,OR-C000041,4,SUCCESSFUL,2025-05-23 14:51:19.000,Bono|Berekum,595.38,GHS,THIRD_PARTY
ORMT-00001089,OR-C000041,3,SUCCESSFUL,2025-06-08 11:51:19.000,Bono|Berekum,232.1,GHS,THIRD_PARTY
ORMT-00001090,OR-C000041,3,SUCCESSFUL,2025-06-12 18:51:56.000,Bono|Berekum,2538.42,GHS,AGENT
ORMT-00001118,OR-C000042,1,SUCCESSFUL,2025-04-21 18:13:02.000,Greater Accra|Kasoa,536.3,GHS,MOBILE_APP
ORMT-00001119,OR-C000042,4,SUCCESSFUL,2025-04-21 07:59:09.000,Greater Accra|Kasoa,286.43,GHS,WEB
ORMT-00001120,OR-C000042,4,SUCCESSFUL,2025-05-21 08:33:04.000,Greater Accra|Kasoa,541.06,GHS,MOBILE_APP
ORMT-00001142,OR-C000043,3,SUCCESSFUL,2025-04-27 19:47:10.000,Greater Accra|Tema,2183.04,GHS,THIRD_PARTY
ORMT-00001143,OR-C000043,6,SUCCESSFUL,2025-04-16 18:03:26.000,Greater Accra|Tema,1258.88,GHS,AGENT
ORMT-00001144,OR-C000043,1,SUCCESSFUL,2025-04-11 11:23:55.000,Greater Accra|Tema,1454.75,GHS,THIRD_PARTY
ORMT-00001145,OR-C000043,1,SUCCESSFUL,2025-05-02 19:20:52.000,Greater Accra|Tema,767.39,GHS,MOBILE_APP
ORMT-00001146,OR-C000043,8,SUCCESSFUL,2025-06-18 13:17:45.000,Greater Accra|Tema,1868.7,GHS,WEB
ORMT-00001168,OR-C000044,5,SUCCESSFUL,2025-04-30 08:48:57.000,Upper East|Navrongo,669.51,GHS,WEB
ORMT-00001169,OR-C000044,3,SUCCESSFUL,2025-04-19 09:17:49.000,Upper East|Navrongo,1759.48,GHS,THIRD_PARTY
ORMT-00001170,OR-C000044,6,SUCCESSFUL,2025-04-18 12:20:55.000,Upper East|Navrongo,1116.33,GHS,API
ORMT-00001171,OR-C000044,1,SUCCESSFUL,2025-05-01 12:41:53.000,Upper East|Navrongo,859.38,GHS,AGENT
ORMT-00001172,OR-C000044,1,SUCCESSFUL,2025-06-22 09:44:42.000,Upper East|Navrongo,148.53,GHS,WEB
ORMT-00001186,OR-C000045,1,SUCCESSFUL,2025-06-07 10:50:58.000,Oti|Dambai,221.61,GHS,THIRD_PARTY
ORMT-00001220,OR-C000047,6,SUCCESSFUL,2025-05-03 19:09:23.000,Central|Cape Coast,564.96,GHS,AGENT
ORMT-00001221,OR-C000047,6,SUCCESSFUL,2025-05-08 20:00:21.000,Central|Cape Coast,478.74,GHS,AGENT
ORMT-00001222,OR-C000047,5,SUCCESSFUL,2025-05-07 08:43:24.000,Central|Cape Coast,620.09,GHS,THIRD_PARTY
ORMT-00001241,OR-C000048,3,SUCCESSFUL,2025-04-28 15:50:38.000,Greater Accra|Madina,157.26,GHS,MOBILE_APP
ORMT-00001256,OR-C000049,4,SUCCESSFUL,2025-05-16 16:44:49.000,Upper East|Navrongo,240.15,GHS,MOBILE_APP
ORMT-00001257,OR-C000049,5,SUCCESSFUL,2025-06-16 18:14:49.000,Upper East|Navrongo,926.35,GHS,AGENT
ORMT-00001277,OR-C000050,2,SUCCESSFUL,2025-04-17 12:49:09.000,Eastern|Akropong,1006.58,GHS,API
ORMT-00001278,OR-C000050,3,SUCCESSFUL,2025-04-18 11:23:49.000,Eastern|Akropong,448.68,GHS,MOBILE_APP
ORMT-00001279,OR-C000050,2,SUCCESSFUL,2025-05-09 21:58:41.000,Eastern|Akropong,406.7,GHS,THIRD_PARTY
ORMT-00001295,OR-C000052,8,SUCCESSFUL,2025-05-19 13:01:37.000,Northern|Yendi,453.39,GHS,AGENT
ORMT-00001326,OR-C000054,7,SUCCESSFUL,2025-05-23 08:49:17.000,Upper East|Navrongo,379.09,GHS,MOBILE_APP
ORMT-00001354,OR-C000056,1,SUCCESSFUL,2025-04-30 15:03:30.000,Northern|Tamale,496.84,GHS,AGENT
ORMT-00001355,OR-C000056,1,SUCCESSFUL,2025-04-13 07:56:30.000,Northern|Tamale,110.17,GHS,API
ORMT-00001356,OR-C000056,5,SUCCESSFUL,2025-04-10 16:42:04.000,Northern|Tamale,1877.7,GHS,MOBILE_APP
ORMT-00001357,OR-C000056,2,SUCCESSFUL,2025-05-01 20:11:34.000,Northern|Tamale,1395.2,GHS,WEB
ORMT-00001358,OR-C000056,3,SUCCESSFUL,2025-05-09 12:57:59.000,Northern|Tamale,1144.78,GHS,AGENT
ORMT-00001359,OR-C000056,10,SUCCESSFUL,2025-05-14 07:51:02.000,Northern|Tamale,189.51,GHS,AGENT
ORMT-00001360,OR-C000056,1,SUCCESSFUL,2025-05-09 21:59:25.000,Northern|Tamale,540.26,GHS,AGENT
ORMT-00001361,OR-C000056,3,SUCCESSFUL,2025-06-02 21:53:56.000,Northern|Tamale,1060.8,GHS,AGENT
ORMT-00001362,OR-C000056,5,SUCCESSFUL,2025-06-28 18:57:39.000,Northern|Tamale,887.66,GHS,AGENT
ORMT-00001363,OR-C000056,5,SUCCESSFUL,2025-06-04 21:26:00.000,Northern|Tamale,2072.32,GHS,AGENT
ORMT-00001420,OR-C000057,3,SUCCESSFUL,2025-04-14 11:34:17.000,Western|Takoradi,370.48,GHS,MOBILE_APP
ORMT-00001421,OR-C000057,1,FAILED,2025-04-12 21:56:44.000,Western|Takoradi,2906.92,GHS,AGENT
ORMT-00001422,OR-C000057,5,SUCCESSFUL,2025-04-04 10:25:23.000,Western|Takoradi,1547.02,GHS,MOBILE_APP
ORMT-00001423,OR-C000057,9,SUCCESSFUL,2025-06-27 15:46:46.000,Western|Takoradi,528.48,GHS,MOBILE_APP
ORMT-00001424,OR-C000057,3,SUCCESSFUL,2025-06-29 15:37:48.000,Western|Takoradi,1324.13,GHS,WEB
ORMT-00001425,OR-C000057,1,SUCCESSFUL,2025-06-07 08:39:46.000,Western|Takoradi,3118.85,GHS,AGENT
ORMT-00001505,OR-C000058,4,SUCCESSFUL,2025-04-11 19:54:45.000,Greater Accra|Kasoa,733.32,GHS,MOBILE_APP
ORMT-00001506,OR-C000058,3,SUCCESSFUL,2025-04-02 19:50:26.000,Greater Accra|Kasoa,181.77,GHS,WEB
ORMT-00001507,OR-C000058,3,SUCCESSFUL,2025-04-30 11:20:28.000,Greater Accra|Kasoa,4909.44,GHS,THIRD_PARTY
ORMT-00001508,OR-C000058,5,SUCCESSFUL,2025-05-14 15:20:09.000,Greater Accra|Kasoa,123.88,GHS,API
ORMT-00001509,OR-C000058,2,SUCCESSFUL,2025-05-17 08:09:42.000,Greater Accra|Kasoa,1275.27,GHS,API
ORMT-00001510,OR-C000058,3,SUCCESSFUL,2025-05-19 10:10:38.000,Greater Accra|Kasoa,157.97,GHS,MOBILE_APP
ORMT-00001511,OR-C000058,4,SUCCESSFUL,2025-05-15 09:26:52.000,Greater Accra|Kasoa,836.43,GHS,WEB
ORMT-00001512,OR-C000058,3,SUCCESSFUL,2025-06-06 19:30:23.000,Greater Accra|Kasoa,257.68,GHS,MOBILE_APP
ORMT-00001541,OR-C000059,4,SUCCESSFUL,2025-05-19 08:54:21.000,Upper East|Bolgatanga,1013.13,GHS,WEB
ORMT-00001545,OR-C000060,3,SUCCESSFUL,2025-04-14 19:36:58.000,Greater Accra|Tema,164.44,GHS,THIRD_PARTY
ORMT-00001546,OR-C000060,7,SUCCESSFUL,2025-04-07 19:48:22.000,Greater Accra|Tema,98.62,GHS,AGENT
ORMT-00001547,OR-C000060,2,SUCCESSFUL,2025-06-20 20:11:32.000,Greater Accra|Tema,2826.95,GHS,API
ORMT-00001555,OR-C000061,4,SUCCESSFUL,2025-04-26 16:50:24.000,Greater Accra|Madina,447.12,GHS,AGENT
ORMT-00001556,OR-C000061,6,SUCCESSFUL,2025-04-29 17:07:20.000,Greater Accra|Madina,571.83,GHS,THIRD_PARTY
ORMT-00001572,OR-C000063,5,SUCCESSFUL,2025-05-27 17:21:05.000,Greater Accra|Kasoa,1420.08,GHS,MOBILE_APP
ORMT-00001573,OR-C000063,1,SUCCESSFUL,2025-06-04 17:24:53.000,Greater Accra|Kasoa,2499.85,GHS,THIRD_PARTY
ORMT-00001585,OR-C000064,3,SUCCESSFUL,2025-06-01 14:56:39.000,Greater Accra|Kasoa,438.46,GHS,AGENT
ORMT-00001586,OR-C000065,9,SUCCESSFUL,2025-05-21 16:36:03.000,Bono|Sunyani,256.03,GHS,MOBILE_APP
ORMT-00001587,OR-C000065,7,SUCCESSFUL,2025-05-18 19:49:14.000,Bono|Sunyani,1615.61,GHS,MOBILE_APP
ORMT-00001588,OR-C000065,1,SUCCESSFUL,2025-05-01 19:23:48.000,Bono|Sunyani,168.7,GHS,THIRD_PARTY
ORMT-00001589,OR-C000065,3,SUCCESSFUL,2025-06-14 11:56:45.000,Bono|Sunyani,88.13,GHS,MOBILE_APP
ORMT-00001590,OR-C000065,9,SUCCESSFUL,2025-06-06 13:29:02.000,Bono|Sunyani,563.79,GHS,MOBILE_APP
ORMT-00001598,OR-C000066,2,SUCCESSFUL,2025-04-30 13:15:27.000,Central|Cape Coast,431.27,GHS,API
ORMT-00001599,OR-C000066,2,SUCCESSFUL,2025-06-02 16:38:17.000,Central|Cape Coast,1737.18,GHS,AGENT
ORMT-00001606,OR-C000067,1,SUCCESSFUL,2025-04-10 08:17:58.000,Eastern|Nkawkaw,257.63,GHS,AGENT
ORMT-00001607,OR-C000067,1,SUCCESSFUL,2025-05-09 07:27:46.000,Eastern|Nkawkaw,1006.71,GHS,AGENT
ORMT-00001608,OR-C000067,1,SUCCESSFUL,2025-06-20 17:02:27.000,Eastern|Nkawkaw,573.13,GHS,WEB
ORMT-00001618,OR-C000068,9,SUCCESSFUL,2025-05-31 14:47:52.000,Ashanti|Ejisu,794.93,GHS,AGENT
ORMT-00001619,OR-C000068,10,SUCCESSFUL,2025-06-21 08:52:59.000,Ashanti|Ejisu,164.79,GHS,WEB
ORMT-00001651,OR-C000070,6,SUCCESSFUL,2025-05-19 12:58:28.000,Ashanti|Kumasi,261.45,GHS,AGENT
ORMT-00001652,OR-C000070,5,SUCCESSFUL,2025-05-22 14:41:00.000,Ashanti|Kumasi,452.42,GHS,AGENT
ORMT-00001653,OR-C000070,3,SUCCESSFUL,2025-06-12 11:01:17.000,Ashanti|Kumasi,641.88,GHS,AGENT
ORMT-00001685,OR-C000071,4,SUCCESSFUL,2025-04-20 12:14:41.000,Greater Accra|Tema,274.73,GHS,THIRD_PARTY
ORMT-00001686,OR-C000071,5,SUCCESSFUL,2025-05-11 18:45:06.000,Greater Accra|Tema,964.62,GHS,THIRD_PARTY
ORMT-00001687,OR-C000071,5,SUCCESSFUL,2025-06-30 09:35:38.000,Greater Accra|Tema,613.13,GHS,AGENT
ORMT-00001688,OR-C000071,7,SUCCESSFUL,2025-06-10 07:44:30.000,Greater Accra|Tema,703.71,GHS,AGENT
ORMT-00001704,OR-C000072,1,SUCCESSFUL,2025-04-14 15:03:58.000,Ashanti|Obuasi,1692.28,GHS,AGENT
ORMT-00001705,OR-C000072,5,SUCCESSFUL,2025-05-03 16:20:25.000,Ashanti|Obuasi,1287.78,GHS,WEB
ORMT-00001716,OR-C000073,4,SUCCESSFUL,2025-04-09 08:52:07.000,Ashanti|Kumasi,515.39,GHS,MOBILE_APP
ORMT-00001717,OR-C000073,1,FAILED,2025-05-07 18:16:16.000,Ashanti|Kumasi,700.45,GHS,AGENT
ORMT-00001732,OR-C000074,4,SUCCESSFUL,2025-05-02 18:14:50.000,Upper West|Wa,661.08,GHS,THIRD_PARTY
ORMT-00001733,OR-C000074,4,SUCCESSFUL,2025-06-20 07:34:00.000,Upper West|Wa,1839.03,GHS,WEB
ORMT-00001764,OR-C000076,4,SUCCESSFUL,2025-04-08 10:37:22.000,Eastern|Nkawkaw,315.5,GHS,WEB
ORMT-00001765,OR-C000076,1,SUCCESSFUL,2025-04-02 09:58:29.000,Eastern|Nkawkaw,1215.84,GHS,MOBILE_APP
ORMT-00001766,OR-C000076,4,SUCCESSFUL,2025-04-29 18:21:35.000,Eastern|Nkawkaw,528.44,GHS,API
ORMT-00001767,OR-C000076,1,SUCCESSFUL,2025-05-16 14:42:15.000,Eastern|Nkawkaw,1640.23,GHS,MOBILE_APP
ORMT-00001768,OR-C000076,2,SUCCESSFUL,2025-06-24 07:25:00.000,Eastern|Nkawkaw,707.06,GHS,AGENT
ORMT-00001806,OR-C000078,3,SUCCESSFUL,2025-06-19 16:53:51.000,Central|Elmina,1146.64,GHS,MOBILE_APP
ORMT-00001807,OR-C000078,3,SUCCESSFUL,2025-06-24 19:02:56.000,Central|Elmina,605.04,GHS,MOBILE_APP
ORMT-00001808,OR-C000078,6,SUCCESSFUL,2025-06-09 12:43:02.000,Central|Elmina,1617.56,GHS,AGENT
ORMT-00001809,OR-C000078,9,SUCCESSFUL,2025-06-22 10:55:49.000,Central|Elmina,1102.64,GHS,API
ORMT-00001810,OR-C000078,2,SUCCESSFUL,2025-06-28 09:30:13.000,Central|Elmina,743.22,GHS,THIRD_PARTY
ORMT-00001836,OR-C000079,1,SUCCESSFUL,2025-04-04 19:10:22.000,Ashanti|Ejisu,330.05,GHS,API
ORMT-00001837,OR-C000079,2,SUCCESSFUL,2025-04-01 08:28:01.000,Ashanti|Ejisu,744.22,GHS,THIRD_PARTY
ORMT-00001846,OR-C000080,10,SUCCESSFUL,2025-05-01 09:06:09.000,Greater Accra|Accra,759.14,GHS,AGENT
ORMT-00001852,OR-C000081,1,SUCCESSFUL,2025-05-26 07:46:26.000,Bono|Berekum,672.31,GHS,AGENT
ORMT-00001857,OR-C000082,8,SUCCESSFUL,2025-04-29 14:51:50.000,Central|Winneba,460.51,GHS,WEB
ORMT-00001858,OR-C000082,2,SUCCESSFUL,2025-04-17 12:50:36.000,Central|Winneba,2019.05,GHS,AGENT
ORMT-00001859,OR-C000082,9,SUCCESSFUL,2025-04-21 15:36:14.000,Central|Winneba,2812.23,GHS,MOBILE_APP
ORMT-00001860,OR-C000082,2,SUCCESSFUL,2025-04-08 11:17:49.000,Central|Winneba,341.99,GHS,MOBILE_APP
ORMT-00001894,OR-C000084,3,SUCCESSFUL,2025-06-11 15:04:24.000,Greater Accra|Madina,954.91,GHS,MOBILE_APP
ORMT-00001904,OR-C000085,3,SUCCESSFUL,2025-04-04 10:52:11.000,Ashanti|Ejisu,794.03,GHS,MOBILE_APP
ORMT-00001905,OR-C000085,1,SUCCESSFUL,2025-04-14 18:04:49.000,Ashanti|Ejisu,549.99,GHS,AGENT
ORMT-00001918,OR-C000086,1,SUCCESSFUL,2025-05-20 18:40:51.000,Ashanti|Ejisu,924.9,GHS,WEB
ORMT-00001919,OR-C000086,6,SUCCESSFUL,2025-06-12 18:42:15.000,Ashanti|Ejisu,1160.36,GHS,THIRD_PARTY
ORMT-00001920,OR-C000086,4,SUCCESSFUL,2025-06-07 21:55:22.000,Ashanti|Ejisu,968.76,GHS,AGENT
ORMT-00001933,OR-C000087,2,SUCCESSFUL,2025-04-21 15:51:38.000,Ashanti|Obuasi,712.31,GHS,AGENT
ORMT-00001934,OR-C000087,1,SUCCESSFUL,2025-04-19 20:16:00.000,Ashanti|Obuasi,239.75,GHS,API
ORMT-00001947,OR-C000088,6,SUCCESSFUL,2025-06-17 20:51:30.000,Upper East|Bolgatanga,1066.48,GHS,API
ORMT-00001952,OR-C000089,1,SUCCESSFUL,2025-04-17 20:04:10.000,Greater Accra|Madina,282.06,GHS,AGENT
ORMT-00001953,OR-C000089,6,SUCCESSFUL,2025-04-30 19:35:38.000,Greater Accra|Madina,441.43,GHS,API
ORMT-00001954,OR-C000089,6,SUCCESSFUL,2025-05-13 15:25:14.000,Greater Accra|Madina,177.89,GHS,AGENT
ORMT-00001955,OR-C000089,1,SUCCESSFUL,2025-06-24 15:17:31.000,Greater Accra|Madina,250.07,GHS,AGENT
ORMT-00001975,OR-C000090,1,SUCCESSFUL,2025-04-07 17:13:18.000,Greater Accra|Madina,145.6,GHS,MOBILE_APP
ORMT-00001976,OR-C000090,1,SUCCESSFUL,2025-04-01 19:02:22.000,Greater Accra|Madina,495.94,GHS,AGENT
ORMT-00001977,OR-C000090,4,SUCCESSFUL,2025-04-12 13:42:30.000,Greater Accra|Madina,301.78,GHS,AGENT
ORMT-00001978,OR-C000090,1,SUCCESSFUL,2025-05-31 13:55:53.000,Greater Accra|Madina,290.19,GHS,AGENT
ORMT-00001979,OR-C000090,7,SUCCESSFUL,2025-05-24 08:54:54.000,Greater Accra|Madina,228.1,GHS,THIRD_PARTY
ORMT-00001980,OR-C000090,1,SUCCESSFUL,2025-05-15 18:26:45.000,Greater Accra|Madina,1416.63,GHS,WEB
ORMT-00001981,OR-C000090,1,SUCCESSFUL,2025-05-30 07:55:34.000,Greater Accra|Madina,355.04,GHS,THIRD_PARTY
ORMT-00001982,OR-C000090,1,SUCCESSFUL,2025-06-11 11:37:52.000,Greater Accra|Madina,1816.82,GHS,AGENT
ORMT-00001983,OR-C000090,8,SUCCESSFUL,2025-06-14 14:03:04.000,Greater Accra|Madina,3096.4,GHS,AGENT
ORMT-00002008,OR-C000091,3,SUCCESSFUL,2025-06-03 16:43:37.000,Central|Winneba,332.23,GHS,API
ORMT-00002038,OR-C000092,3,SUCCESSFUL,2025-04-01 10:32:12.000,Central|Cape Coast,509.68,GHS,AGENT
ORMT-00002039,OR-C000092,2,SUCCESSFUL,2025-05-01 19:28:28.000,Central|Cape Coast,2779.23,GHS,THIRD_PARTY
ORMT-00002040,OR-C000092,4,SUCCESSFUL,2025-06-23 18:45:55.000,Central|Cape Coast,622.84,GHS,AGENT
ORMT-00002077,OR-C000093,2,SUCCESSFUL,2025-04-29 17:08:44.000,Greater Accra|Accra,579.76,GHS,WEB
ORMT-00002078,OR-C000093,5,SUCCESSFUL,2025-05-25 18:20:10.000,Greater Accra|Accra,761.14,GHS,AGENT
ORMT-00002079,OR-C000093,1,SUCCESSFUL,2025-06-15 12:40:57.000,Greater Accra|Accra,1066.94,GHS,THIRD_PARTY
ORMT-00002113,OR-C000095,3,SUCCESSFUL,2025-04-11 08:45:51.000,Greater Accra|Kasoa,324.11,GHS,AGENT
ORMT-00002114,OR-C000095,3,SUCCESSFUL,2025-05-04 17:15:22.000,Greater Accra|Kasoa,485.12,GHS,AGENT
ORMT-00002115,OR-C000095,9,SUCCESSFUL,2025-06-23 14:09:53.000,Greater Accra|Kasoa,411.76,GHS,THIRD_PARTY
ORMT-00002116,OR-C000095,6,SUCCESSFUL,2025-06-13 13:23:00.000,Greater Accra|Kasoa,949.55,GHS,WEB
ORMT-00002117,OR-C000095,2,SUCCESSFUL,2025-06-29 12:53:57.000,Greater Accra|Kasoa,265.68,GHS,THIRD_PARTY
ORMT-00002134,OR-C000096,8,SUCCESSFUL,2025-04-03 21:18:28.000,Ashanti|Kumasi,486.59,GHS,AGENT
ORMT-00002135,OR-C000096,1,SUCCESSFUL,2025-04-04 14:54:38.000,Ashanti|Kumasi,713.03,GHS,WEB
ORMT-00002136,OR-C000096,10,SUCCESSFUL,2025-04-29 19:23:18.000,Ashanti|Kumasi,641.56,GHS,MOBILE_APP
ORMT-00002137,OR-C000096,8,SUCCESSFUL,2025-05-02 14:21:11.000,Ashanti|Kumasi,1078.88,GHS,AGENT
ORMT-00002138,OR-C000096,4,SUCCESSFUL,2025-05-10 17:59:31.000,Ashanti|Kumasi,471.36,GHS,AGENT
ORMT-00002139,OR-C000096,4,SUCCESSFUL,2025-05-10 12:26:51.000,Ashanti|Kumasi,643.2,GHS,AGENT
ORMT-00002140,OR-C000096,3,SUCCESSFUL,2025-05-15 10:36:13.000,Ashanti|Kumasi,272.45,GHS,THIRD_PARTY
ORMT-00002141,OR-C000096,3,SUCCESSFUL,2025-06-22 12:00:37.000,Ashanti|Kumasi,170.49,GHS,MOBILE_APP
ORMT-00002142,OR-C000096,5,SUCCESSFUL,2025-06-30 17:38:36.000,Ashanti|Kumasi,962.91,GHS,API
ORMT-00002143,OR-C000096,1,SUCCESSFUL,2025-06-30 12:34:45.000,Ashanti|Kumasi,410.15,GHS,AGENT
ORMT-00002164,OR-C000097,7,SUCCESSFUL,2025-05-02 20:03:49.000,Ashanti|Kumasi,1135.01,GHS,AGENT
ORMT-00002244,OR-C000098,3,SUCCESSFUL,2025-04-30 20:40:10.000,Greater Accra|Tema,5947.82,GHS,AGENT
ORMT-00002245,OR-C000098,1,SUCCESSFUL,2025-04-12 15:33:36.000,Greater Accra|Tema,218.34,GHS,THIRD_PARTY
ORMT-00002246,OR-C000098,8,SUCCESSFUL,2025-04-08 10:00:14.000,Greater Accra|Tema,744.12,GHS,MOBILE_APP
ORMT-00002247,OR-C000098,6,SUCCESSFUL,2025-04-19 07:01:40.000,Greater Accra|Tema,1368.39,GHS,THIRD_PARTY
ORMT-00002248,OR-C000098,7,SUCCESSFUL,2025-05-19 21:15:14.000,Greater Accra|Tema,548.62,GHS,AGENT
ORMT-00002249,OR-C000098,5,SUCCESSFUL,2025-05-30 09:09:56.000,Greater Accra|Tema,165.37,GHS,AGENT
ORMT-00002250,OR-C000098,5,SUCCESSFUL,2025-06-26 13:35:39.000,Greater Accra|Tema,489.11,GHS,MOBILE_APP
ORMT-00002251,OR-C000098,1,SUCCESSFUL,2025-06-01 09:17:13.000,Greater Accra|Tema,1148.64,GHS,API
ORMT-00002252,OR-C000098,4,SUCCESSFUL,2025-06-22 18:44:49.000,Greater Accra|Tema,1477.64,GHS,AGENT
ORMT-00002253,OR-C000098,4,SUCCESSFUL,2025-06-09 16:38:49.000,Greater Accra|Tema,844.53,GHS,API
ORMT-00002291,OR-C000099,2,SUCCESSFUL,2025-05-06 16:44:40.000,Greater Accra|Accra,710.72,GHS,AGENT
ORMT-00002294,OR-C000100,1,SUCCESSFUL,2025-04-10 17:03:33.000,Eastern|Nkawkaw,300.12,GHS,AGENT
ORMT-00002295,OR-C000100,9,SUCCESSFUL,2025-06-13 11:06:52.000,Eastern|Nkawkaw,884.91,GHS,AGENT
ORMT-00002355,OR-C000101,1,SUCCESSFUL,2025-04-22 11:39:36.000,Ahafo|Duayaw Nkwanta,246.77,GHS,AGENT
ORMT-00002356,OR-C000101,6,SUCCESSFUL,2025-04-03 11:56:00.000,Ahafo|Duayaw Nkwanta,446.46,GHS,AGENT
ORMT-00002357,OR-C000101,1,SUCCESSFUL,2025-05-26 15:23:28.000,Ahafo|Duayaw Nkwanta,360.39,GHS,AGENT
ORMT-00002358,OR-C000101,8,SUCCESSFUL,2025-05-26 10:29:15.000,Ahafo|Duayaw Nkwanta,294.95,GHS,AGENT
ORMT-00002359,OR-C000101,4,SUCCESSFUL,2025-05-21 07:56:52.000,Ahafo|Duayaw Nkwanta,237.12,GHS,AGENT
ORMT-00002360,OR-C000101,8,SUCCESSFUL,2025-06-16 09:45:15.000,Ahafo|Duayaw Nkwanta,824.1,GHS,AGENT
ORMT-00002361,OR-C000101,1,SUCCESSFUL,2025-06-25 10:53:20.000,Ahafo|Duayaw Nkwanta,684.44,GHS,MOBILE_APP
ORMT-00002362,OR-C000101,7,SUCCESSFUL,2025-06-22 11:14:38.000,Ahafo|Duayaw Nkwanta,2741.71,GHS,MOBILE_APP
ORMT-00002363,OR-C000101,8,SUCCESSFUL,2025-06-09 17:43:44.000,Ahafo|Duayaw Nkwanta,840.23,GHS,THIRD_PARTY
ORMT-00002364,OR-C000101,3,SUCCESSFUL,2025-06-28 10:11:24.000,Ahafo|Duayaw Nkwanta,281.37,GHS,WEB
ORMT-00002405,OR-C000102,1,SUCCESSFUL,2025-04-18 11:49:45.000,Oti|Dambai,223.56,GHS,WEB
ORMT-00002406,OR-C000102,4,SUCCESSFUL,2025-04-25 08:39:22.000,Oti|Dambai,152.35,GHS,AGENT
ORMT-00002407,OR-C000102,3,SUCCESSFUL,2025-04-21 18:08:35.000,Oti|Dambai,753.38,GHS,AGENT
ORMT-00002408,OR-C000102,1,SUCCESSFUL,2025-04-27 11:08:31.000,Oti|Dambai,292.93,GHS,API
ORMT-00002409,OR-C000102,1,SUCCESSFUL,2025-04-28 09:22:03.000,Oti|Dambai,696.12,GHS,WEB
ORMT-00002410,OR-C000102,2,SUCCESSFUL,2025-04-11 10:19:19.000,Oti|Dambai,874.19,GHS,MOBILE_APP
ORMT-00002411,OR-C000102,4,SUCCESSFUL,2025-05-01 13:22:25.000,Oti|Dambai,871.14,GHS,MOBILE_APP
ORMT-00002412,OR-C000102,1,SUCCESSFUL,2025-05-22 07:43:28.000,Oti|Dambai,276.96,GHS,THIRD_PARTY
ORMT-00002429,OR-C000103,10,SUCCESSFUL,2025-06-02 10:13:07.000,Upper West|Wa,2944.12,GHS,AGENT
ORMT-00002464,OR-C000105,9,SUCCESSFUL,2025-04-13 10:34:11.000,Bono|Sunyani,398.38,GHS,API
ORMT-00002465,OR-C000105,6,SUCCESSFUL,2025-04-19 07:29:05.000,Bono|Sunyani,306.61,GHS,AGENT
ORMT-00002466,OR-C000105,7,SUCCESSFUL,2025-04-29 18:56:48.000,Bono|Sunyani,95.04,GHS,THIRD_PARTY
ORMT-00002467,OR-C000105,1,SUCCESSFUL,2025-05-21 20:52:45.000,Bono|Sunyani,478.39,GHS,WEB
ORMT-00002468,OR-C000105,1,SUCCESSFUL,2025-05-16 08:52:18.000,Bono|Sunyani,467.36,GHS,THIRD_PARTY
ORMT-00002469,OR-C000105,1,SUCCESSFUL,2025-06-28 16:48:11.000,Bono|Sunyani,488.66,GHS,AGENT
ORMT-00002470,OR-C000105,1,SUCCESSFUL,2025-06-04 20:48:55.000,Bono|Sunyani,1019.72,GHS,THIRD_PARTY
ORMT-00002517,OR-C000106,1,SUCCESSFUL,2025-04-10 07:48:16.000,Upper East|Bolgatanga,404.83,GHS,MOBILE_APP
ORMT-00002518,OR-C000106,1,SUCCESSFUL,2025-04-25 07:03:09.000,Upper East|Bolgatanga,1956.93,GHS,AGENT
ORMT-00002519,OR-C000106,3,SUCCESSFUL,2025-04-07 13:14:55.000,Upper East|Bolgatanga,431.88,GHS,MOBILE_APP
ORMT-00002520,OR-C000106,1,SUCCESSFUL,2025-05-27 17:29:21.000,Upper East|Bolgatanga,973.28,GHS,API
ORMT-00002521,OR-C000106,4,SUCCESSFUL,2025-05-07 15:41:44.000,Upper East|Bolgatanga,2166.4,GHS,AGENT
ORMT-00002522,OR-C000106,5,SUCCESSFUL,2025-05-15 14:36:23.000,Upper East|Bolgatanga,2501.48,GHS,MOBILE_APP
ORMT-00002539,OR-C000107,3,SUCCESSFUL,2025-05-25 11:15:54.000,Ashanti|Ejisu,2647.57,GHS,MOBILE_APP
ORMT-00002540,OR-C000107,3,SUCCESSFUL,2025-05-21 14:22:06.000,Ashanti|Ejisu,319.61,GHS,AGENT
ORMT-00002545,OR-C000108,2,SUCCESSFUL,2025-04-14 08:46:28.000,Upper East|Navrongo,556.54,GHS,AGENT
ORMT-00002546,OR-C000108,6,SUCCESSFUL,2025-04-27 08:15:12.000,Upper East|Navrongo,356.31,GHS,MOBILE_APP
ORMT-00002547,OR-C000108,1,SUCCESSFUL,2025-05-30 11:15:15.000,Upper East|Navrongo,476.33,GHS,MOBILE_APP
ORMT-00002548,OR-C000108,1,SUCCESSFUL,2025-06-04 16:32:40.000,Upper East|Navrongo,3785.95,GHS,MOBILE_APP
ORMT-00002559,OR-C000109,1,SUCCESSFUL,2025-06-26 07:23:00.000,Greater Accra|Madina,353.52,GHS,AGENT
ORMT-00002623,OR-C000110,6,SUCCESSFUL,2025-04-07 13:38:24.000,Western|Takoradi,962.8,GHS,THIRD_PARTY
ORMT-00002624,OR-C000110,10,SUCCESSFUL,2025-04-17 19:37:34.000,Western|Takoradi,738.98,GHS,MOBILE_APP
ORMT-00002625,OR-C000110,5,SUCCESSFUL,2025-04-28 14:50:28.000,Western|Takoradi,1046.4,GHS,THIRD_PARTY
ORMT-00002626,OR-C000110,1,SUCCESSFUL,2025-05-09 16:52:05.000,Western|Takoradi,430.96,GHS,AGENT
ORMT-00002627,OR-C000110,6,SUCCESSFUL,2025-05-02 19:29:03.000,Western|Takoradi,94.24,GHS,THIRD_PARTY
ORMT-00002628,OR-C000110,5,SUCCESSFUL,2025-06-14 07:35:24.000,Western|Takoradi,972.91,GHS,MOBILE_APP
ORMT-00002629,OR-C000110,1,SUCCESSFUL,2025-06-20 14:07:02.000,Western|Takoradi,471.99,GHS,THIRD_PARTY
ORMT-00002659,OR-C000111,1,SUCCESSFUL,2025-04-28 17:33:45.000,Greater Accra|Kasoa,1603.56,GHS,AGENT
ORMT-00002660,OR-C000111,1,SUCCESSFUL,2025-05-29 10:49:46.000,Greater Accra|Kasoa,384.7,GHS,API
ORMT-00002760,OR-C000112,2,SUCCESSFUL,2025-04-12 10:16:49.000,Eastern|Akropong,508.68,GHS,AGENT
ORMT-00002761,OR-C000112,2,SUCCESSFUL,2025-04-25 13:57:11.000,Eastern|Akropong,2322.96,GHS,AGENT
ORMT-00002762,OR-C000112,1,SUCCESSFUL,2025-04-06 21:31:47.000,Eastern|Akropong,315.59,GHS,MOBILE_APP
ORMT-00002763,OR-C000112,1,SUCCESSFUL,2025-04-27 13:50:30.000,Eastern|Akropong,470.08,GHS,AGENT
ORMT-00002764,OR-C000112,6,SUCCESSFUL,2025-04-24 08:24:20.000,Eastern|Akropong,313.88,GHS,THIRD_PARTY
ORMT-00002765,OR-C000112,8,SUCCESSFUL,2025-05-30 13:27:33.000,Eastern|Akropong,1764.06,GHS,MOBILE_APP
ORMT-00002766,OR-C000112,6,SUCCESSFUL,2025-05-31 07:01:27.000,Eastern|Akropong,665.63,GHS,AGENT
ORMT-00002767,OR-C000112,4,SUCCESSFUL,2025-06-29 15:41:25.000,Eastern|Akropong,365.01,GHS,MOBILE_APP
ORMT-00002768,OR-C000112,2,SUCCESSFUL,2025-06-03 19:45:37.000,Eastern|Akropong,490.53,GHS,AGENT
ORMT-00002769,OR-C000112,4,SUCCESSFUL,2025-06-07 15:01:17.000,Eastern|Akropong,4354.93,GHS,MOBILE_APP
ORMT-00002770,OR-C000112,1,SUCCESSFUL,2025-06-10 07:07:18.000,Eastern|Akropong,790.05,GHS,AGENT
ORMT-00002771,OR-C000112,9,SUCCESSFUL,2025-06-12 11:31:34.000,Eastern|Akropong,1102.61,GHS,AGENT
ORMT-00002820,OR-C000113,1,SUCCESSFUL,2025-04-02 20:10:26.000,Upper East|Navrongo,636.59,GHS,MOBILE_APP
ORMT-00002821,OR-C000113,1,SUCCESSFUL,2025-05-10 07:16:03.000,Upper East|Navrongo,445.86,GHS,AGENT
ORMT-00002822,OR-C000113,1,SUCCESSFUL,2025-06-24 18:41:55.000,Upper East|Navrongo,1198.83,GHS,AGENT
ORMT-00002832,OR-C000115,4,SUCCESSFUL,2025-04-24 16:11:07.000,Western|Axim,2989.81,GHS,MOBILE_APP
ORMT-00002833,OR-C000115,4,SUCCESSFUL,2025-04-29 11:20:44.000,Western|Axim,225.65,GHS,AGENT
ORMT-00002834,OR-C000115,2,SUCCESSFUL,2025-06-25 07:42:15.000,Western|Axim,872.09,GHS,API
ORMT-00002835,OR-C000115,1,SUCCESSFUL,2025-06-03 21:42:24.000,Western|Axim,152.4,GHS,MOBILE_APP
ORMT-00002850,OR-C000118,1,SUCCESSFUL,2025-04-11 18:27:22.000,Bono|Berekum,1836.05,GHS,WEB
ORMT-00002851,OR-C000118,7,SUCCESSFUL,2025-04-05 08:38:58.000,Bono|Berekum,715.61,GHS,API
ORMT-00002852,OR-C000118,1,SUCCESSFUL,2025-06-13 21:26:26.000,Bono|Berekum,740.56,GHS,AGENT
ORMT-00002853,OR-C000118,3,SUCCESSFUL,2025-06-26 14:52:29.000,Bono|Berekum,774.18,GHS,MOBILE_APP
ORMT-00002871,OR-C000119,9,SUCCESSFUL,2025-04-21 14:32:35.000,Greater Accra|Kasoa,238.94,GHS,AGENT
ORMT-00002872,OR-C000119,10,SUCCESSFUL,2025-06-15 07:17:06.000,Greater Accra|Kasoa,405.27,GHS,MOBILE_APP
ORMT-00002880,OR-C000120,6,SUCCESSFUL,2025-04-16 08:25:44.000,Eastern|Koforidua,2565.7,GHS,MOBILE_APP
ORMT-00002934,OR-C000121,1,SUCCESSFUL,2025-04-09 16:31:07.000,Greater Accra|Accra,189.06,GHS,AGENT
ORMT-00002935,OR-C000121,10,SUCCESSFUL,2025-05-29 20:11:53.000,Greater Accra|Accra,1743.58,GHS,AGENT
ORMT-00002936,OR-C000121,6,SUCCESSFUL,2025-05-09 21:18:33.000,Greater Accra|Accra,383.8,GHS,API
ORMT-00002937,OR-C000121,1,SUCCESSFUL,2025-06-05 15:48:03.000,Greater Accra|Accra,712.04,GHS,AGENT
ORMT-00002938,OR-C000121,1,SUCCESSFUL,2025-06-15 19:32:03.000,Greater Accra|Accra,270.96,GHS,MOBILE_APP
ORMT-00002953,OR-C000122,1,SUCCESSFUL,2025-04-20 12:39:54.000,Ashanti|Kumasi,1593.48,GHS,MOBILE_APP
ORMT-00002954,OR-C000122,3,SUCCESSFUL,2025-05-10 11:14:46.000,Ashanti|Kumasi,1433.46,GHS,MOBILE_APP
ORMT-00002955,OR-C000122,1,SUCCESSFUL,2025-05-16 12:01:02.000,Ashanti|Kumasi,949.84,GHS,MOBILE_APP
ORMT-00002967,OR-C000123,7,SUCCESSFUL,2025-06-14 14:53:03.000,Central|Cape Coast,1070.47,GHS,AGENT
ORMT-00002984,OR-C000124,1,SUCCESSFUL,2025-04-29 16:50:53.000,Bono|Sunyani,194.73,GHS,API
ORMT-00003002,OR-C000125,5,SUCCESSFUL,2025-04-05 16:10:34.000,Greater Accra|Kasoa,948.84,GHS,THIRD_PARTY
ORMT-00003003,OR-C000125,2,SUCCESSFUL,2025-04-24 11:36:02.000,Greater Accra|Kasoa,485.51,GHS,MOBILE_APP
ORMT-00003004,OR-C000125,1,SUCCESSFUL,2025-04-02 20:21:57.000,Greater Accra|Kasoa,302.87,GHS,AGENT
ORMT-00003005,OR-C000125,3,SUCCESSFUL,2025-04-21 07:15:19.000,Greater Accra|Kasoa,689.64,GHS,MOBILE_APP
ORMT-00003006,OR-C000125,2,SUCCESSFUL,2025-04-28 20:51:43.000,Greater Accra|Kasoa,598.94,GHS,AGENT
ORMT-00003007,OR-C000125,4,SUCCESSFUL,2025-04-28 16:09:52.000,Greater Accra|Kasoa,544.16,GHS,AGENT
ORMT-00003008,OR-C000125,1,SUCCESSFUL,2025-04-22 08:45:22.000,Greater Accra|Kasoa,1226.15,GHS,THIRD_PARTY
ORMT-00003009,OR-C000125,4,SUCCESSFUL,2025-04-29 11:08:05.000,Greater Accra|Kasoa,617.43,GHS,AGENT
ORMT-00003010,OR-C000125,3,SUCCESSFUL,2025-06-16 07:52:57.000,Greater Accra|Kasoa,362.54,GHS,WEB
ORMT-00003011,OR-C000125,1,SUCCESSFUL,2025-06-10 09:41:00.000,Greater Accra|Kasoa,348.88,GHS,WEB
ORMT-00003012,OR-C000125,4,SUCCESSFUL,2025-06-16 19:24:32.000,Greater Accra|Kasoa,1194.29,GHS,THIRD_PARTY
ORMT-00003042,OR-C000126,4,SUCCESSFUL,2025-04-16 16:18:36.000,Northern|Savelugu,1186.63,GHS,API
ORMT-00003043,OR-C000126,3,SUCCESSFUL,2025-05-05 18:38:36.000,Northern|Savelugu,1922.92,GHS,AGENT
ORMT-00003044,OR-C000126,1,SUCCESSFUL,2025-05-09 08:01:57.000,Northern|Savelugu,5197.99,GHS,WEB
ORMT-00003058,OR-C000128,7,SUCCESSFUL,2025-04-22 15:35:35.000,Ashanti|Kumasi,1276.03,GHS,MOBILE_APP
ORMT-00003059,OR-C000128,6,SUCCESSFUL,2025-04-29 20:01:59.000,Ashanti|Kumasi,478.71,GHS,WEB
ORMT-00003060,OR-C000128,2,SUCCESSFUL,2025-05-18 13:38:03.000,Ashanti|Kumasi,782.77,GHS,AGENT
ORMT-00003061,OR-C000128,3,SUCCESSFUL,2025-06-18 13:25:15.000,Ashanti|Kumasi,464.33,GHS,THIRD_PARTY
ORMT-00003062,OR-C000128,1,SUCCESSFUL,2025-06-27 20:48:49.000,Ashanti|Kumasi,399.03,GHS,API
ORMT-00003063,OR-C000128,3,SUCCESSFUL,2025-06-15 21:52:00.000,Ashanti|Kumasi,193.98,GHS,AGENT
ORMT-00003064,OR-C000128,1,SUCCESSFUL,2025-06-18 10:58:22.000,Ashanti|Kumasi,2331.6,GHS,MOBILE_APP
ORMT-00003065,OR-C000128,1,SUCCESSFUL,2025-06-27 16:53:26.000,Ashanti|Kumasi,352.21,GHS,WEB
ORMT-00003066,OR-C000128,3,SUCCESSFUL,2025-06-30 08:08:26.000,Ashanti|Kumasi,2821.02,GHS,AGENT
ORMT-00003067,OR-C000128,9,SUCCESSFUL,2025-06-18 11:19:14.000,Ashanti|Kumasi,450.87,GHS,MOBILE_APP
ORMT-00003099,OR-C000129,1,SUCCESSFUL,2025-05-02 18:05:43.000,Greater Accra|Accra,812.7,GHS,AGENT
ORMT-00003102,OR-C000130,8,SUCCESSFUL,2025-05-16 13:15:07.000,Ashanti|Ejisu,231.85,GHS,MOBILE_APP
ORMT-00003103,OR-C000130,4,SUCCESSFUL,2025-06-08 19:17:38.000,Ashanti|Ejisu,599.01,GHS,AGENT
ORMT-00003133,OR-C000132,1,SUCCESSFUL,2025-04-11 09:57:47.000,Western|Tarkwa,340.0,GHS,MOBILE_APP
ORMT-00003134,OR-C000132,3,FAILED,2025-05-05 09:28:08.000,Western|Tarkwa,1358.18,GHS,MOBILE_APP
ORMT-00003135,OR-C000132,7,SUCCESSFUL,2025-05-12 18:39:56.000,Western|Tarkwa,943.15,GHS,AGENT
ORMT-00003136,OR-C000132,6,SUCCESSFUL,2025-05-14 21:48:30.000,Western|Tarkwa,1115.64,GHS,MOBILE_APP
ORMT-00003137,OR-C000132,4,SUCCESSFUL,2025-06-13 07:47:47.000,Western|Tarkwa,367.35,GHS,AGENT
ORMT-00003138,OR-C000132,2,SUCCESSFUL,2025-06-22 10:53:02.000,Western|Tarkwa,421.45,GHS,AGENT
ORMT-00003166,OR-C000133,1,SUCCESSFUL,2025-05-07 07:21:48.000,Greater Accra|Accra,823.4,GHS,MOBILE_APP
ORMT-00003186,OR-C000135,6,SUCCESSFUL,2025-04-02 19:20:17.000,Western|Axim,363.21,GHS,AGENT
ORMT-00003187,OR-C000135,5,SUCCESSFUL,2025-04-26 15:16:17.000,Western|Axim,293.11,GHS,MOBILE_APP
ORMT-00003188,OR-C000135,6,SUCCESSFUL,2025-04-22 08:11:15.000,Western|Axim,894.32,GHS,AGENT
ORMT-00003189,OR-C000135,1,SUCCESSFUL,2025-04-01 12:30:53.000,Western|Axim,293.38,GHS,API
ORMT-00003190,OR-C000135,9,SUCCESSFUL,2025-04-01 21:12:18.000,Western|Axim,4050.33,GHS,WEB
ORMT-00003191,OR-C000135,10,SUCCESSFUL,2025-04-10 14:28:08.000,Western|Axim,228.19,GHS,AGENT
ORMT-00003192,OR-C000135,2,SUCCESSFUL,2025-05-23 12:31:02.000,Western|Axim,218.61,GHS,AGENT
ORMT-00003193,OR-C000135,10,SUCCESSFUL,2025-05-23 10:35:18.000,Western|Axim,1078.89,GHS,MOBILE_APP
ORMT-00003194,OR-C000135,4,SUCCESSFUL,2025-05-31 09:23:07.000,Western|Axim,2510.88,GHS,AGENT
ORMT-00003195,OR-C000135,5,SUCCESSFUL,2025-06-26 10:46:56.000,Western|Axim,2229.35,GHS,AGENT
ORMT-00003196,OR-C000135,1,SUCCESSFUL,2025-06-22 15:17:39.000,Western|Axim,873.01,GHS,WEB
ORMT-00003197,OR-C000135,1,SUCCESSFUL,2025-06-19 13:25:49.000,Western|Axim,187.68,GHS,MOBILE_APP
ORMT-00003198,OR-C000135,10,SUCCESSFUL,2025-06-20 15:43:02.000,Western|Axim,2375.98,GHS,WEB
ORMT-00003199,OR-C000135,4,SUCCESSFUL,2025-06-29 10:45:09.000,Western|Axim,346.63,GHS,THIRD_PARTY
ORMT-00003232,OR-C000137,3,SUCCESSFUL,2025-04-16 09:06:55.000,Volta|Ho,2325.23,GHS,THIRD_PARTY
ORMT-00003233,OR-C000137,9,SUCCESSFUL,2025-04-16 19:31:58.000,Volta|Ho,214.85,GHS,THIRD_PARTY
ORMT-00003234,OR-C000137,7,SUCCESSFUL,2025-04-28 12:33:40.000,Volta|Ho,1347.67,GHS,API
ORMT-00003235,OR-C000137,1,SUCCESSFUL,2025-04-30 19:29:16.000,Volta|Ho,843.44,GHS,MOBILE_APP
ORMT-00003236,OR-C000137,4,SUCCESSFUL,2025-04-21 19:14:41.000,Volta|Ho,2385.46,GHS,THIRD_PARTY
ORMT-00003237,OR-C000137,2,SUCCESSFUL,2025-05-24 16:15:14.000,Volta|Ho,1839.81,GHS,MOBILE_APP
ORMT-00003238,OR-C000137,4,SUCCESSFUL,2025-05-13 11:26:11.000,Volta|Ho,712.49,GHS,WEB
ORMT-00003239,OR-C000137,3,SUCCESSFUL,2025-06-19 17:24:45.000,Volta|Ho,1232.23,GHS,MOBILE_APP
ORMT-00003270,OR-C000138,7,SUCCESSFUL,2025-04-09 10:33:36.000,Volta|Hohoe,308.03,GHS,WEB
ORMT-00003271,OR-C000138,10,SUCCESSFUL,2025-04-28 09:20:31.000,Volta|Hohoe,902.66,GHS,AGENT
ORMT-00003272,OR-C000138,1,SUCCESSFUL,2025-04-13 21:39:36.000,Volta|Hohoe,686.06,GHS,AGENT
ORMT-00003273,OR-C000138,1,SUCCESSFUL,2025-04-28 16:59:05.000,Volta|Hohoe,467.12,GHS,AGENT
ORMT-00003274,OR-C000138,1,SUCCESSFUL,2025-04-12 08:42:03.000,Volta|Hohoe,346.69,GHS,AGENT
ORMT-00003275,OR-C000138,6,SUCCESSFUL,2025-04-04 14:14:26.000,Volta|Hohoe,538.95,GHS,THIRD_PARTY
ORMT-00003276,OR-C000138,5,SUCCESSFUL,2025-05-17 17:21:36.000,Volta|Hohoe,376.97,GHS,MOBILE_APP
ORMT-00003277,OR-C000138,2,SUCCESSFUL,2025-05-29 10:01:04.000,Volta|Hohoe,353.73,GHS,AGENT
ORMT-00003278,OR-C000138,2,SUCCESSFUL,2025-05-23 12:41:03.000,Volta|Hohoe,641.01,GHS,AGENT
ORMT-00003279,OR-C000138,2,SUCCESSFUL,2025-05-09 16:55:39.000,Volta|Hohoe,301.79,GHS,MOBILE_APP
ORMT-00003280,OR-C000138,3,SUCCESSFUL,2025-05-27 17:16:32.000,Volta|Hohoe,1066.47,GHS,WEB
ORMT-00003281,OR-C000138,5,SUCCESSFUL,2025-06-20 09:24:38.000,Volta|Hohoe,510.92,GHS,MOBILE_APP
ORMT-00003282,OR-C000138,1,SUCCESSFUL,2025-06-05 09:09:03.000,Volta|Hohoe,200.12,GHS,MOBILE_APP
ORMT-00003301,OR-C000139,4,SUCCESSFUL,2025-04-12 21:56:37.000,Ashanti|Kumasi,626.84,GHS,AGENT
ORMT-00003302,OR-C000139,3,SUCCESSFUL,2025-05-26 07:14:26.000,Ashanti|Kumasi,884.3,GHS,AGENT
ORMT-00003303,OR-C000139,3,SUCCESSFUL,2025-06-19 18:29:16.000,Ashanti|Kumasi,470.92,GHS,AGENT
ORMT-00003310,OR-C000140,9,SUCCESSFUL,2025-05-31 18:43:25.000,Ashanti|Kumasi,461.76,GHS,WEB
ORMT-00003314,OR-C000141,5,FAILED,2025-06-30 13:50:15.000,Ashanti|Kumasi,2104.25,GHS,AGENT
ORMT-00003318,OR-C000142,4,SUCCESSFUL,2025-04-22 12:08:37.000,Greater Accra|Tema,1217.31,GHS,MOBILE_APP
ORMT-00003350,OR-C000143,8,SUCCESSFUL,2025-04-26 08:52:23.000,Ashanti|Obuasi,1148.77,GHS,WEB
ORMT-00003351,OR-C000143,1,SUCCESSFUL,2025-05-14 10:45:20.000,Ashanti|Obuasi,866.23,GHS,MOBILE_APP
ORMT-00003376,OR-C000144,1,SUCCESSFUL,2025-05-19 11:13:13.000,Northern|Tamale,862.58,GHS,AGENT
ORMT-00003377,OR-C000144,10,SUCCESSFUL,2025-05-20 14:14:49.000,Northern|Tamale,91.99,GHS,WEB
ORMT-00003396,OR-C000146,1,SUCCESSFUL,2025-04-30 16:17:26.000,Western|Takoradi,370.62,GHS,AGENT
ORMT-00003404,OR-C000147,4,SUCCESSFUL,2025-06-13 19:20:00.000,Greater Accra|Tema,745.17,GHS,API
ORMT-00003424,OR-C000148,5,SUCCESSFUL,2025-04-08 11:55:22.000,Bono|Sunyani,765.83,GHS,WEB
ORMT-00003425,OR-C000148,4,SUCCESSFUL,2025-05-28 16:29:35.000,Bono|Sunyani,302.35,GHS,MOBILE_APP
ORMT-00003426,OR-C000148,2,SUCCESSFUL,2025-06-08 19:42:10.000,Bono|Sunyani,936.24,GHS,WEB
ORMT-00003535,OR-C000150,1,FAILED,2025-04-28 14:21:01.000,Greater Accra|Accra,11740.93,GHS,MOBILE_APP
ORMT-00003536,OR-C000150,2,SUCCESSFUL,2025-04-15 09:14:15.000,Greater Accra|Accra,694.84,GHS,AGENT
ORMT-00003537,OR-C000150,4,SUCCESSFUL,2025-05-20 12:34:04.000,Greater Accra|Accra,378.28,GHS,API
ORMT-00003538,OR-C000150,2,SUCCESSFUL,2025-06-05 09:53:53.000,Greater Accra|Accra,538.78,GHS,MOBILE_APP
ORMT-00003539,OR-C000150,5,SUCCESSFUL,2025-06-23 12:51:51.000,Greater Accra|Accra,340.82,GHS,API
ORMT-00003540,OR-C000150,4,SUCCESSFUL,2025-06-06 17:01:04.000,Greater Accra|Accra,1181.26,GHS,AGENT
ORMT-00003568,OR-C000151,4,SUCCESSFUL,2025-04-02 18:16:37.000,Greater Accra|Kasoa,666.56,GHS,MOBILE_APP
ORMT-00003569,OR-C000151,5,SUCCESSFUL,2025-05-11 16:48:43.000,Greater Accra|Kasoa,529.17,GHS,THIRD_PARTY
ORMT-00003596,OR-C000152,2,SUCCESSFUL,2025-06-25 20:24:42.000,Greater Accra|Madina,180.21,GHS,MOBILE_APP
ORMT-00003603,OR-C000153,5,SUCCESSFUL,2025-04-11 09:34:03.000,Western|Takoradi,358.29,GHS,AGENT
ORMT-00003604,OR-C000153,6,SUCCESSFUL,2025-05-28 21:08:54.000,Western|Takoradi,468.37,GHS,AGENT
ORMT-00003605,OR-C000153,1,SUCCESSFUL,2025-05-25 09:33:11.000,Western|Takoradi,1099.29,GHS,MOBILE_APP
ORMT-00003606,OR-C000153,1,SUCCESSFUL,2025-06-28 21:35:15.000,Western|Takoradi,786.06,GHS,API
ORMT-00003672,OR-C000154,4,SUCCESSFUL,2025-04-14 09:49:59.000,Greater Accra|Kasoa,643.11,GHS,THIRD_PARTY
ORMT-00003673,OR-C000154,1,SUCCESSFUL,2025-04-30 16:28:06.000,Greater Accra|Kasoa,396.89,GHS,THIRD_PARTY
ORMT-00003674,OR-C000154,2,SUCCESSFUL,2025-04-07 14:20:29.000,Greater Accra|Kasoa,787.57,GHS,MOBILE_APP
ORMT-00003675,OR-C000154,8,SUCCESSFUL,2025-04-08 16:45:59.000,Greater Accra|Kasoa,4116.01,GHS,AGENT
ORMT-00003676,OR-C000154,5,SUCCESSFUL,2025-04-16 08:24:16.000,Greater Accra|Kasoa,1819.95,GHS,MOBILE_APP
ORMT-00003677,OR-C000154,3,SUCCESSFUL,2025-05-21 08:23:47.000,Greater Accra|Kasoa,994.82,GHS,AGENT
ORMT-00003678,OR-C000154,5,SUCCESSFUL,2025-05-13 10:09:43.000,Greater Accra|Kasoa,689.9,GHS,AGENT
ORMT-00003679,OR-C000154,1,SUCCESSFUL,2025-05-15 08:33:58.000,Greater Accra|Kasoa,563.23,GHS,AGENT
ORMT-00003680,OR-C000154,7,SUCCESSFUL,2025-05-30 18:50:14.000,Greater Accra|Kasoa,607.19,GHS,THIRD_PARTY
ORMT-00003681,OR-C000154,1,SUCCESSFUL,2025-05-13 13:34:12.000,Greater Accra|Kasoa,1142.34,GHS,WEB
ORMT-00003682,OR-C000154,1,SUCCESSFUL,2025-06-07 21:56:34.000,Greater Accra|Kasoa,782.47,GHS,WEB
ORMT-00003683,OR-C000154,1,SUCCESSFUL,2025-06-03 20:02:32.000,Greater Accra|Kasoa,50,GHS,AGENT
ORMT-00003684,OR-C000154,10,SUCCESSFUL,2025-06-28 18:22:27.000,Greater Accra|Kasoa,1006.51,GHS,MOBILE_APP
ORMT-00003703,OR-C000155,2,SUCCESSFUL,2025-06-19 09:27:51.000,Ahafo|Duayaw Nkwanta,341.32,GHS,AGENT
ORMT-00003705,OR-C000156,3,REJECTED,2025-06-21 14:01:56.000,Oti|Jasikan,704.82,GHS,AGENT
ORMT-00003706,OR-C000156,7,SUCCESSFUL,2025-06-20 19:52:15.000,Oti|Jasikan,1867.39,GHS,AGENT
ORMT-00003707,OR-C000156,1,SUCCESSFUL,2025-06-13 09:05:57.000,Oti|Jasikan,1432.11,GHS,WEB
ORMT-00003738,OR-C000157,2,FAILED,2025-04-26 10:27:26.000,Western|Axim,444.22,GHS,WEB
ORMT-00003739,OR-C000157,4,SUCCESSFUL,2025-05-27 18:47:35.000,Western|Axim,1647.03,GHS,MOBILE_APP
ORMT-00003750,OR-C000158,1,SUCCESSFUL,2025-04-13 13:15:35.000,Greater Accra|Tema,1044.28,GHS,WEB
ORMT-00003751,OR-C000158,10,SUCCESSFUL,2025-06-25 12:57:03.000,Greater Accra|Tema,1443.93,GHS,API
ORMT-00003752,OR-C000158,4,SUCCESSFUL,2025-06-14 11:19:24.000,Greater Accra|Tema,476.86,GHS,AGENT
ORMT-00003756,OR-C000159,1,SUCCESSFUL,2025-05-17 10:17:31.000,Ashanti|Obuasi,1395.32,GHS,MOBILE_APP
ORMT-00003757,OR-C000159,9,SUCCESSFUL,2025-05-26 08:25:44.000,Ashanti|Obuasi,225.15,GHS,AGENT
ORMT-00003758,OR-C000159,2,SUCCESSFUL,2025-05-30 20:13:31.000,Ashanti|Obuasi,200.96,GHS,WEB
ORMT-00003771,OR-C000160,1,SUCCESSFUL,2025-04-17 20:20:51.000,Ashanti|Kumasi,432.78,GHS,THIRD_PARTY
ORMT-00003833,OR-C000161,9,SUCCESSFUL,2025-04-27 10:09:37.000,Bono|Sunyani,2238.96,GHS,THIRD_PARTY
ORMT-00003834,OR-C000161,2,SUCCESSFUL,2025-04-26 18:05:00.000,Bono|Sunyani,167.2,GHS,THIRD_PARTY
ORMT-00003835,OR-C000161,1,SUCCESSFUL,2025-04-01 10:28:06.000,Bono|Sunyani,804.38,GHS,MOBILE_APP
ORMT-00003836,OR-C000161,7,SUCCESSFUL,2025-04-20 11:40:04.000,Bono|Sunyani,284.13,GHS,WEB
ORMT-00003837,OR-C000161,9,SUCCESSFUL,2025-04-05 10:01:13.000,Bono|Sunyani,303.59,GHS,WEB
ORMT-00003838,OR-C000161,9,SUCCESSFUL,2025-04-11 08:02:42.000,Bono|Sunyani,472.06,GHS,API
ORMT-00003839,OR-C000161,1,SUCCESSFUL,2025-05-22 09:32:40.000,Bono|Sunyani,3622.96,GHS,THIRD_PARTY
ORMT-00003840,OR-C000161,4,SUCCESSFUL,2025-05-02 19:52:09.000,Bono|Sunyani,1421.78,GHS,AGENT
ORMT-00003841,OR-C000161,1,SUCCESSFUL,2025-05-07 08:13:18.000,Bono|Sunyani,1096.04,GHS,AGENT
ORMT-00003842,OR-C000161,2,SUCCESSFUL,2025-05-04 18:37:18.000,Bono|Sunyani,1189.51,GHS,THIRD_PARTY
ORMT-00003843,OR-C000161,1,SUCCESSFUL,2025-06-22 11:53:51.000,Bono|Sunyani,199.42,GHS,AGENT
ORMT-00003844,OR-C000161,4,SUCCESSFUL,2025-06-29 09:50:20.000,Bono|Sunyani,2905.82,GHS,AGENT
ORMT-00003845,OR-C000161,4,SUCCESSFUL,2025-06-16 12:12:47.000,Bono|Sunyani,96.11,GHS,API
ORMT-00003846,OR-C000161,2,SUCCESSFUL,2025-06-01 12:57:46.000,Bono|Sunyani,1342.0,GHS,WEB
ORMT-00003847,OR-C000161,4,REJECTED,2025-06-02 13:58:12.000,Bono|Sunyani,694.46,GHS,THIRD_PARTY
ORMT-00003977,OR-C000162,7,SUCCESSFUL,2025-04-26 18:30:12.000,Greater Accra|Kasoa,2468.69,GHS,AGENT
ORMT-00003978,OR-C000162,3,SUCCESSFUL,2025-04-03 12:05:12.000,Greater Accra|Kasoa,927.21,GHS,AGENT
ORMT-00003979,OR-C000162,1,SUCCESSFUL,2025-04-06 13:35:08.000,Greater Accra|Kasoa,969.88,GHS,AGENT
ORMT-00003980,OR-C000162,1,SUCCESSFUL,2025-04-03 10:50:39.000,Greater Accra|Kasoa,473.61,GHS,THIRD_PARTY
ORMT-00003981,OR-C000162,4,SUCCESSFUL,2025-04-21 21:54:52.000,Greater Accra|Kasoa,217.42,GHS,AGENT
ORMT-00003982,OR-C000162,10,SUCCESSFUL,2025-04-07 09:08:54.000,Greater Accra|Kasoa,844.7,GHS,AGENT
ORMT-00003983,OR-C000162,7,SUCCESSFUL,2025-04-11 09:51:00.000,Greater Accra|Kasoa,433.32,GHS,MOBILE_APP
ORMT-00003984,OR-C000162,6,SUCCESSFUL,2025-04-13 12:37:51.000,Greater Accra|Kasoa,1359.59,GHS,WEB
ORMT-00003985,OR-C000162,1,SUCCESSFUL,2025-05-02 12:19:16.000,Greater Accra|Kasoa,421.64,GHS,THIRD_PARTY
ORMT-00003986,OR-C000162,1,SUCCESSFUL,2025-06-16 20:22:28.000,Greater Accra|Kasoa,2533.06,GHS,AGENT
ORMT-00003987,OR-C000162,1,SUCCESSFUL,2025-06-02 12:50:26.000,Greater Accra|Kasoa,612.82,GHS,API
ORMT-00003988,OR-C000162,1,SUCCESSFUL,2025-06-07 18:27:56.000,Greater Accra|Kasoa,179.81,GHS,WEB
ORMT-00003989,OR-C000162,1,SUCCESSFUL,2025-06-22 13:50:24.000,Greater Accra|Kasoa,847.95,GHS,THIRD_PARTY
ORMT-00004005,OR-C000163,4,SUCCESSFUL,2025-05-30 19:16:19.000,Central|Cape Coast,1118.09,GHS,AGENT
ORMT-00004006,OR-C000163,4,SUCCESSFUL,2025-06-27 21:40:40.000,Central|Cape Coast,342.43,GHS,AGENT
ORMT-00004018,OR-C000164,2,SUCCESSFUL,2025-04-04 07:45:44.000,Greater Accra|Kasoa,639.09,GHS,AGENT
ORMT-00004019,OR-C000164,5,SUCCESSFUL,2025-05-18 08:27:07.000,Greater Accra|Kasoa,2337.29,GHS,API
ORMT-00004030,OR-C000165,1,SUCCESSFUL,2025-04-29 16:01:16.000,Ashanti|Ejisu,565.66,GHS,MOBILE_APP
ORMT-00004031,OR-C000165,1,SUCCESSFUL,2025-06-15 20:50:07.000,Ashanti|Ejisu,1176.42,GHS,WEB
ORMT-00004032,OR-C000165,1,SUCCESSFUL,2025-06-29 13:06:32.000,Ashanti|Ejisu,433.3,GHS,AGENT
ORMT-00004053,OR-C000166,8,SUCCESSFUL,2025-04-04 13:26:30.000,Bono|Berekum,213.22,GHS,AGENT
ORMT-00004091,OR-C000167,2,SUCCESSFUL,2025-04-24 18:52:37.000,Greater Accra|Tema,494.55,GHS,MOBILE_APP
ORMT-00004092,OR-C000167,6,SUCCESSFUL,2025-04-11 08:25:18.000,Greater Accra|Tema,176.9,GHS,WEB
ORMT-00004093,OR-C000167,2,SUCCESSFUL,2025-05-28 10:25:43.000,Greater Accra|Tema,169.58,GHS,THIRD_PARTY
ORMT-00004116,OR-C000168,2,SUCCESSFUL,2025-04-24 17:35:44.000,Eastern|Nkawkaw,427.18,GHS,AGENT
ORMT-00004117,OR-C000168,2,SUCCESSFUL,2025-06-22 14:34:48.000,Eastern|Nkawkaw,327.85,GHS,THIRD_PARTY
ORMT-00004118,OR-C000168,3,SUCCESSFUL,2025-06-12 16:43:35.000,Eastern|Nkawkaw,1292.38,GHS,AGENT
ORMT-00004124,OR-C000169,2,SUCCESSFUL,2025-04-18 17:06:36.000,Greater Accra|Kasoa,252.84,GHS,AGENT
ORMT-00004125,OR-C000169,4,SUCCESSFUL,2025-05-02 13:40:49.000,Greater Accra|Kasoa,2030.48,GHS,AGENT
ORMT-00004126,OR-C000169,3,SUCCESSFUL,2025-06-29 20:56:00.000,Greater Accra|Kasoa,338.39,GHS,MOBILE_APP
ORMT-00004127,OR-C000169,6,SUCCESSFUL,2025-06-25 15:41:28.000,Greater Accra|Kasoa,604.51,GHS,WEB
ORMT-00004128,OR-C000170,2,SUCCESSFUL,2025-04-16 11:09:03.000,Northern|Yendi,2285.56,GHS,MOBILE_APP
ORMT-00004129,OR-C000170,4,SUCCESSFUL,2025-05-05 13:44:45.000,Northern|Yendi,1301.39,GHS,AGENT
ORMT-00004130,OR-C000170,5,SUCCESSFUL,2025-05-01 21:06:12.000,Northern|Yendi,140.56,GHS,THIRD_PARTY
ORMT-00004131,OR-C000170,6,SUCCESSFUL,2025-06-15 20:13:34.000,Northern|Yendi,1107.69,GHS,API
ORMT-00004154,OR-C000171,6,SUCCESSFUL,2025-04-25 16:59:09.000,Northern|Yendi,233.85,GHS,API
ORMT-00004155,OR-C000171,9,SUCCESSFUL,2025-04-28 19:39:49.000,Northern|Yendi,341.51,GHS,MOBILE_APP
ORMT-00004185,OR-C000174,4,SUCCESSFUL,2025-04-14 11:12:50.000,Northern|Yendi,261.43,GHS,THIRD_PARTY
ORMT-00004186,OR-C000174,3,SUCCESSFUL,2025-04-02 21:35:07.000,Northern|Yendi,213.25,GHS,THIRD_PARTY
ORMT-00004187,OR-C000174,3,SUCCESSFUL,2025-04-21 14:08:42.000,Northern|Yendi,1238.31,GHS,WEB
ORMT-00004188,OR-C000174,8,SUCCESSFUL,2025-04-23 13:50:08.000,Northern|Yendi,1658.51,GHS,AGENT
ORMT-00004189,OR-C000174,10,SUCCESSFUL,2025-04-09 08:19:52.000,Northern|Yendi,435.84,GHS,THIRD_PARTY
ORMT-00004190,OR-C000174,1,SUCCESSFUL,2025-05-24 17:34:16.000,Northern|Yendi,205.21,GHS,MOBILE_APP
ORMT-00004191,OR-C000174,1,SUCCESSFUL,2025-05-25 18:19:47.000,Northern|Yendi,1534.58,GHS,MOBILE_APP
ORMT-00004205,OR-C000175,3,SUCCESSFUL,2025-04-08 08:08:55.000,Upper East|Bolgatanga,310.18,GHS,API
ORMT-00004214,OR-C000177,4,FAILED,2025-04-18 18:34:29.000,Eastern|Nkawkaw,1595.12,GHS,MOBILE_APP
ORMT-00004227,OR-C000178,4,SUCCESSFUL,2025-04-02 18:46:16.000,Northern|Yendi,451.73,GHS,AGENT
ORMT-00004228,OR-C000178,5,SUCCESSFUL,2025-04-17 09:08:55.000,Northern|Yendi,1281.41,GHS,MOBILE_APP
ORMT-00004229,OR-C000178,4,SUCCESSFUL,2025-04-22 18:10:10.000,Northern|Yendi,955.59,GHS,API
ORMT-00004230,OR-C000178,3,SUCCESSFUL,2025-05-14 11:08:07.000,Northern|Yendi,1074.98,GHS,AGENT
ORMT-00004249,OR-C000179,2,SUCCESSFUL,2025-04-23 14:13:44.000,Volta|Keta,556.03,GHS,API
ORMT-00004250,OR-C000179,1,SUCCESSFUL,2025-04-06 13:24:19.000,Volta|Keta,339.79,GHS,AGENT
ORMT-00004251,OR-C000179,1,SUCCESSFUL,2025-05-01 14:15:08.000,Volta|Keta,346.66,GHS,AGENT
ORMT-00004252,OR-C000179,10,SUCCESSFUL,2025-05-30 14:31:29.000,Volta|Keta,847.5,GHS,AGENT
ORMT-00004253,OR-C000179,3,SUCCESSFUL,2025-05-18 21:57:54.000,Volta|Keta,786.51,GHS,AGENT
ORMT-00004347,OR-C000181,4,FAILED,2025-05-28 14:57:13.000,Northern|Tamale,246.29,GHS,AGENT
ORMT-00004348,OR-C000181,7,SUCCESSFUL,2025-05-17 09:36:29.000,Northern|Tamale,558.27,GHS,THIRD_PARTY
ORMT-00004349,OR-C000181,1,SUCCESSFUL,2025-05-19 08:41:25.000,Northern|Tamale,1626.56,GHS,THIRD_PARTY
ORMT-00004350,OR-C000181,2,SUCCESSFUL,2025-06-25 08:30:16.000,Northern|Tamale,575.12,GHS,AGENT
ORMT-00004351,OR-C000181,3,SUCCESSFUL,2025-06-17 09:10:55.000,Northern|Tamale,822.9,GHS,MOBILE_APP
ORMT-00004352,OR-C000181,1,SUCCESSFUL,2025-06-03 10:46:02.000,Northern|Tamale,397.09,GHS,MOBILE_APP
ORMT-00004353,OR-C000181,2,SUCCESSFUL,2025-06-23 13:39:55.000,Northern|Tamale,710.9,GHS,API
ORMT-00004398,OR-C000183,1,SUCCESSFUL,2025-04-15 07:06:03.000,Bono|Berekum,2213.55,GHS,AGENT
ORMT-00004399,OR-C000183,5,SUCCESSFUL,2025-05-16 13:27:24.000,Bono|Berekum,418.34,GHS,AGENT
ORMT-00004400,OR-C000183,6,SUCCESSFUL,2025-06-06 17:21:32.000,Bono|Berekum,131.82,GHS,API
ORMT-00004411,OR-C000184,4,SUCCESSFUL,2025-04-03 16:54:27.000,Western|Tarkwa,642.33,GHS,AGENT
ORMT-00004412,OR-C000184,3,SUCCESSFUL,2025-06-27 13:48:27.000,Western|Tarkwa,2073.71,GHS,API
ORMT-00004421,OR-C000185,1,SUCCESSFUL,2025-04-20 07:05:39.000,Greater Accra|Kasoa,1450.19,GHS,AGENT
ORMT-00004422,OR-C000185,1,SUCCESSFUL,2025-05-08 17:12:15.000,Greater Accra|Kasoa,2389.62,GHS,THIRD_PARTY
ORMT-00004440,OR-C000186,1,SUCCESSFUL,2025-04-18 14:25:56.000,Upper East|Bolgatanga,2752.13,GHS,WEB
ORMT-00004441,OR-C000186,2,SUCCESSFUL,2025-04-27 19:41:52.000,Upper East|Bolgatanga,2092.16,GHS,AGENT
ORMT-00004442,OR-C000186,1,SUCCESSFUL,2025-04-05 15:17:17.000,Upper East|Bolgatanga,215.18,GHS,API
ORMT-00004443,OR-C000186,5,SUCCESSFUL,2025-04-13 17:34:41.000,Upper East|Bolgatanga,1525.56,GHS,MOBILE_APP
ORMT-00004444,OR-C000186,1,SUCCESSFUL,2025-04-29 17:28:54.000,Upper East|Bolgatanga,764.62,GHS,WEB
ORMT-00004445,OR-C000186,1,SUCCESSFUL,2025-04-30 12:40:02.000,Upper East|Bolgatanga,80.65,GHS,MOBILE_APP
ORMT-00004446,OR-C000186,2,SUCCESSFUL,2025-05-06 07:54:45.000,Upper East|Bolgatanga,679.19,GHS,MOBILE_APP
ORMT-00004447,OR-C000186,3,SUCCESSFUL,2025-06-20 20:23:59.000,Upper East|Bolgatanga,650.15,GHS,AGENT
ORMT-00004472,OR-C000187,2,SUCCESSFUL,2025-04-22 17:39:23.000,Ashanti|Obuasi,461.57,GHS,AGENT
ORMT-00004473,OR-C000187,2,SUCCESSFUL,2025-04-13 20:50:29.000,Ashanti|Obuasi,341.12,GHS,WEB
ORMT-00004503,OR-C000189,10,SUCCESSFUL,2025-04-26 09:41:34.000,Northern|Tamale,1472.27,GHS,THIRD_PARTY
ORMT-00004504,OR-C000189,9,SUCCESSFUL,2025-05-10 09:42:40.000,Northern|Tamale,449.28,GHS,MOBILE_APP
ORMT-00004505,OR-C000189,2,SUCCESSFUL,2025-06-17 13:34:37.000,Northern|Tamale,193.81,GHS,MOBILE_APP
ORMT-00004523,OR-C000190,6,SUCCESSFUL,2025-05-25 12:43:11.000,Greater Accra|Accra,400.52,GHS,API
ORMT-00004532,OR-C000191,1,SUCCESSFUL,2025-06-05 20:38:29.000,Volta|Keta,467.95,GHS,AGENT
ORMT-00004541,OR-C000193,1,SUCCESSFUL,2025-05-26 11:54:29.000,Eastern|Akropong,1754.15,GHS,AGENT
ORMT-00004554,OR-C000196,5,SUCCESSFUL,2025-06-28 13:46:57.000,Oti|Jasikan,137.73,GHS,AGENT
ORMT-00004599,OR-C000198,5,SUCCESSFUL,2025-05-02 19:46:52.000,Bono East|Kintampo,4547.53,GHS,AGENT
ORMT-00004600,OR-C000198,2,SUCCESSFUL,2025-06-17 17:42:51.000,Bono East|Kintampo,739.75,GHS,THIRD_PARTY
ORMT-00004607,OR-C000199,2,SUCCESSFUL,2025-04-15 09:40:45.000,Greater Accra|Accra,2142.43,GHS,MOBILE_APP
ORMT-00004608,OR-C000199,1,SUCCESSFUL,2025-05-10 19:07:36.000,Greater Accra|Accra,1142.11,GHS,WEB
ORMT-00004609,OR-C000199,1,SUCCESSFUL,2025-06-10 07:05:32.000,Greater Accra|Accra,215.44,GHS,THIRD_PARTY
ORMT-00004610,OR-C000199,2,SUCCESSFUL,2025-06-19 15:59:27.000,Greater Accra|Accra,5068.9,GHS,API
ORMT-00004638,OR-C000200,8,SUCCESSFUL,2025-04-26 21:13:42.000,Bono|Sunyani,127.37,GHS,THIRD_PARTY
ORMT-00004639,OR-C000200,5,SUCCESSFUL,2025-05-27 15:43:56.000,Bono|Sunyani,1133.27,GHS,THIRD_PARTY
ORMT-00004640,OR-C000200,4,SUCCESSFUL,2025-06-25 12:20:42.000,Bono|Sunyani,598.32,GHS,MOBILE_APP
ORMT-00004641,OR-C000200,5,SUCCESSFUL,2025-06-14 10:21:38.000,Bono|Sunyani,637.12,GHS,AGENT
ORMT-00004642,OR-C000200,3,SUCCESSFUL,2025-06-05 20:39:00.000,Bono|Sunyani,386.12,GHS,MOBILE_APP
ORMT-00004659,OR-C000201,2,SUCCESSFUL,2025-05-26 12:33:27.000,Greater Accra|Tema,1724.22,GHS,THIRD_PARTY
ORMT-00004697,OR-C000202,4,SUCCESSFUL,2025-05-08 21:14:20.000,Greater Accra|Madina,705.29,GHS,MOBILE_APP
ORMT-00004698,OR-C000202,3,SUCCESSFUL,2025-06-01 20:21:20.000,Greater Accra|Madina,1007.97,GHS,AGENT
ORMT-00004722,OR-C000203,1,SUCCESSFUL,2025-04-29 13:54:19.000,Volta|Hohoe,282.18,GHS,AGENT
ORMT-00004723,OR-C000203,9,SUCCESSFUL,2025-05-16 19:08:32.000,Volta|Hohoe,1133.76,GHS,AGENT
ORMT-00004731,OR-C000205,5,SUCCESSFUL,2025-06-23 19:56:50.000,Greater Accra|Accra,1371.28,GHS,THIRD_PARTY
ORMT-00004766,OR-C000206,1,SUCCESSFUL,2025-04-27 15:28:35.000,Western|Takoradi,597.01,GHS,THIRD_PARTY
ORMT-00004767,OR-C000206,2,SUCCESSFUL,2025-05-29 12:11:58.000,Western|Takoradi,1750.61,GHS,AGENT
ORMT-00004768,OR-C000206,1,SUCCESSFUL,2025-05-16 07:10:45.000,Western|Takoradi,6067.4,GHS,AGENT
ORMT-00004769,OR-C000206,5,SUCCESSFUL,2025-05-16 13:06:36.000,Western|Takoradi,1192.77,GHS,THIRD_PARTY
ORMT-00004779,OR-C000207,10,SUCCESSFUL,2025-05-02 09:42:34.000,Greater Accra|Kasoa,506.9,GHS,AGENT
ORMT-00004780,OR-C000207,1,SUCCESSFUL,2025-06-24 12:54:34.000,Greater Accra|Kasoa,508.3,GHS,WEB
ORMT-00004793,OR-C000208,5,SUCCESSFUL,2025-04-13 13:35:00.000,Volta|Hohoe,370.36,GHS,AGENT
ORMT-00004794,OR-C000208,10,SUCCESSFUL,2025-04-26 15:37:55.000,Volta|Hohoe,962.24,GHS,AGENT
ORMT-00004795,OR-C000208,8,SUCCESSFUL,2025-05-22 16:23:15.000,Volta|Hohoe,631.86,GHS,API
ORMT-00004796,OR-C000208,10,SUCCESSFUL,2025-06-05 19:45:08.000,Volta|Hohoe,902.67,GHS,THIRD_PARTY
ORMT-00004831,OR-C000210,2,SUCCESSFUL,2025-04-30 12:21:19.000,Western|Tarkwa,559.58,GHS,AGENT
ORMT-00004832,OR-C000210,6,SUCCESSFUL,2025-04-02 18:06:27.000,Western|Tarkwa,1015.74,GHS,MOBILE_APP
ORMT-00004833,OR-C000210,3,SUCCESSFUL,2025-04-30 13:38:40.000,Western|Tarkwa,2854.48,GHS,AGENT
ORMT-00004834,OR-C000210,7,SUCCESSFUL,2025-05-27 07:00:29.000,Western|Tarkwa,642.26,GHS,WEB
ORMT-00004835,OR-C000210,4,SUCCESSFUL,2025-05-02 19:42:50.000,Western|Tarkwa,128.57,GHS,MOBILE_APP
ORMT-00004855,OR-C000211,4,FAILED,2025-04-24 08:35:17.000,Greater Accra|Kasoa,129.35,GHS,AGENT
ORMT-00004856,OR-C000211,5,SUCCESSFUL,2025-04-09 21:49:06.000,Greater Accra|Kasoa,652.44,GHS,WEB
ORMT-00004857,OR-C000211,4,SUCCESSFUL,2025-06-27 13:58:34.000,Greater Accra|Kasoa,1321.76,GHS,AGENT
ORMT-00004858,OR-C000211,1,SUCCESSFUL,2025-06-25 19:24:16.000,Greater Accra|Kasoa,1939.55,GHS,AGENT
ORMT-00004875,OR-C000212,1,SUCCESSFUL,2025-05-28 15:26:56.000,Northern|Savelugu,461.65,GHS,THIRD_PARTY
ORMT-00004876,OR-C000212,6,SUCCESSFUL,2025-05-17 11:16:15.000,Northern|Savelugu,263.49,GHS,AGENT
ORMT-00004879,OR-C000213,1,SUCCESSFUL,2025-04-09 20:37:36.000,Greater Accra|Madina,1628.2,GHS,THIRD_PARTY
ORMT-00004884,OR-C000214,7,SUCCESSFUL,2025-06-20 18:35:38.000,Central|Elmina,1590.43,GHS,API
ORMT-00004886,OR-C000215,8,SUCCESSFUL,2025-05-25 09:44:21.000,Eastern|Nkawkaw,1080.29,GHS,AGENT
ORMT-00004887,OR-C000215,7,SUCCESSFUL,2025-05-30 12:45:14.000,Eastern|Nkawkaw,715.72,GHS,MOBILE_APP
ORMT-00004888,OR-C000215,9,SUCCESSFUL,2025-05-22 12:18:34.000,Eastern|Nkawkaw,1465.03,GHS,MOBILE_APP
ORMT-00004889,OR-C000215,1,SUCCESSFUL,2025-06-10 20:55:57.000,Eastern|Nkawkaw,1003.12,GHS,MOBILE_APP
ORMT-00004890,OR-C000215,10,SUCCESSFUL,2025-06-30 11:03:29.000,Eastern|Nkawkaw,304.68,GHS,AGENT
ORMT-00004891,OR-C000215,10,SUCCESSFUL,2025-06-06 07:22:36.000,Eastern|Nkawkaw,397.87,GHS,API
ORMT-00004941,OR-C000216,5,SUCCESSFUL,2025-04-11 16:58:23.000,Greater Accra|Madina,304.43,GHS,API
ORMT-00004951,OR-C000217,9,SUCCESSFUL,2025-04-02 14:43:03.000,Greater Accra|Kasoa,1009.79,GHS,AGENT
ORMT-00004994,OR-C000218,5,SUCCESSFUL,2025-04-27 14:11:52.000,Greater Accra|Madina,2575.33,GHS,AGENT
ORMT-00004995,OR-C000218,1,SUCCESSFUL,2025-04-29 18:55:47.000,Greater Accra|Madina,1001.89,GHS,WEB
ORMT-00004996,OR-C000218,2,SUCCESSFUL,2025-04-02 12:17:50.000,Greater Accra|Madina,3885.37,GHS,AGENT
ORMT-00004997,OR-C000218,4,SUCCESSFUL,2025-05-21 07:50:09.000,Greater Accra|Madina,1736.01,GHS,MOBILE_APP
ORMT-00004998,OR-C000218,1,SUCCESSFUL,2025-05-29 14:09:11.000,Greater Accra|Madina,367.4,GHS,MOBILE_APP
ORMT-00004999,OR-C000218,5,SUCCESSFUL,2025-06-11 18:00:56.000,Greater Accra|Madina,885.34,GHS,MOBILE_APP
ORMT-00005032,OR-C000220,1,SUCCESSFUL,2025-05-12 11:55:03.000,Greater Accra|Accra,1017.04,GHS,THIRD_PARTY
ORMT-00005033,OR-C000220,4,SUCCESSFUL,2025-06-22 09:46:04.000,Greater Accra|Accra,1123.64,GHS,AGENT
ORMT-00005066,OR-C000221,5,SUCCESSFUL,2025-04-02 13:26:45.000,Greater Accra|Tema,217.57,GHS,AGENT
ORMT-00005067,OR-C000221,2,SUCCESSFUL,2025-04-25 08:40:08.000,Greater Accra|Tema,253.41,GHS,MOBILE_APP
ORMT-00005068,OR-C000221,3,SUCCESSFUL,2025-04-13 14:31:30.000,Greater Accra|Tema,3808.01,GHS,AGENT
ORMT-00005069,OR-C000221,3,SUCCESSFUL,2025-04-04 10:42:26.000,Greater Accra|Tema,1124.36,GHS,AGENT
ORMT-00005070,OR-C000221,5,SUCCESSFUL,2025-05-22 18:46:31.000,Greater Accra|Tema,783.83,GHS,AGENT
ORMT-00005071,OR-C000221,4,SUCCESSFUL,2025-05-31 16:40:35.000,Greater Accra|Tema,210.4,GHS,WEB
ORMT-00005072,OR-C000221,1,SUCCESSFUL,2025-06-13 09:56:19.000,Greater Accra|Tema,324.55,GHS,AGENT
ORMT-00005073,OR-C000221,5,SUCCESSFUL,2025-06-12 14:05:36.000,Greater Accra|Tema,199.49,GHS,AGENT
ORMT-00005103,OR-C000222,1,SUCCESSFUL,2025-04-14 14:19:52.000,Upper East|Bolgatanga,126.72,GHS,API
ORMT-00005104,OR-C000222,4,SUCCESSFUL,2025-05-09 14:17:24.000,Upper East|Bolgatanga,478.57,GHS,AGENT
ORMT-00005107,OR-C000223,7,SUCCESSFUL,2025-05-26 11:52:18.000,Upper West|Lawra,438.54,GHS,AGENT
ORMT-00005108,OR-C000223,3,SUCCESSFUL,2025-06-03 21:25:45.000,Upper West|Lawra,2313.65,GHS,MOBILE_APP
ORMT-00005115,OR-C000224,6,SUCCESSFUL,2025-04-11 08:54:24.000,Volta|Hohoe,425.2,GHS,AGENT
ORMT-00005116,OR-C000224,1,SUCCESSFUL,2025-06-02 19:18:04.000,Volta|Hohoe,90.27,GHS,THIRD_PARTY
ORMT-00005125,OR-C000225,2,SUCCESSFUL,2025-04-11 14:53:03.000,Greater Accra|Accra,1056.39,GHS,AGENT
ORMT-00005126,OR-C000225,7,SUCCESSFUL,2025-06-07 18:13:33.000,Greater Accra|Accra,354.81,GHS,AGENT
ORMT-00005159,OR-C000227,1,SUCCESSFUL,2025-04-20 08:19:45.000,Greater Accra|Madina,259.67,GHS,MOBILE_APP
ORMT-00005160,OR-C000227,4,SUCCESSFUL,2025-05-27 10:01:26.000,Greater Accra|Madina,864.49,GHS,AGENT
ORMT-00005203,OR-C000228,10,SUCCESSFUL,2025-04-04 11:08:43.000,Upper West|Wa,4108.42,GHS,AGENT
ORMT-00005204,OR-C000228,1,SUCCESSFUL,2025-04-26 19:48:37.000,Upper West|Wa,555.98,GHS,AGENT
ORMT-00005205,OR-C000228,1,SUCCESSFUL,2025-04-01 18:22:33.000,Upper West|Wa,906.8,GHS,AGENT
ORMT-00005250,OR-C000229,1,SUCCESSFUL,2025-04-21 19:44:44.000,Greater Accra|Tema,1911.26,GHS,WEB
ORMT-00005251,OR-C000229,5,SUCCESSFUL,2025-04-29 19:38:17.000,Greater Accra|Tema,260.64,GHS,AGENT
ORMT-00005252,OR-C000229,1,SUCCESSFUL,2025-06-12 18:17:13.000,Greater Accra|Tema,533.19,GHS,THIRD_PARTY
ORMT-00005253,OR-C000229,3,SUCCESSFUL,2025-06-05 08:04:45.000,Greater Accra|Tema,314.42,GHS,MOBILE_APP
ORMT-00005282,OR-C000230,3,SUCCESSFUL,2025-04-16 19:46:16.000,Western|Axim,936.41,GHS,MOBILE_APP
ORMT-00005283,OR-C000230,4,SUCCESSFUL,2025-05-07 15:25:18.000,Western|Axim,277.49,GHS,MOBILE_APP
ORMT-00005294,OR-C000233,5,FAILED,2025-05-10 16:14:58.000,Eastern|Akropong,1060.49,GHS,THIRD_PARTY
ORMT-00005295,OR-C000233,8,SUCCESSFUL,2025-06-08 19:11:05.000,Eastern|Akropong,1240.81,GHS,AGENT
ORMT-00005296,OR-C000233,1,SUCCESSFUL,2025-06-30 19:51:25.000,Eastern|Akropong,368.64,GHS,MOBILE_APP
ORMT-00005364,OR-C000234,3,SUCCESSFUL,2025-04-12 15:35:20.000,Eastern|Koforidua,420.15,GHS,THIRD_PARTY
ORMT-00005365,OR-C000234,4,SUCCESSFUL,2025-04-16 11:04:09.000,Eastern|Koforidua,867.13,GHS,AGENT
ORMT-00005366,OR-C000234,2,SUCCESSFUL,2025-05-02 08:13:34.000,Eastern|Koforidua,473.25,GHS,AGENT
ORMT-00005403,OR-C000236,4,SUCCESSFUL,2025-04-04 08:31:09.000,Upper West|Wa,478.1,GHS,WEB
ORMT-00005404,OR-C000236,3,SUCCESSFUL,2025-05-30 09:59:56.000,Upper West|Wa,1633.59,GHS,THIRD_PARTY
ORMT-00005405,OR-C000236,2,SUCCESSFUL,2025-05-28 07:12:56.000,Upper West|Wa,7070.88,GHS,API
ORMT-00005406,OR-C000236,3,SUCCESSFUL,2025-06-21 20:57:46.000,Upper West|Wa,1146.94,GHS,THIRD_PARTY
ORMT-00005407,OR-C000236,4,SUCCESSFUL,2025-06-13 15:25:55.000,Upper West|Wa,2688.91,GHS,AGENT
ORMT-00005408,OR-C000236,6,SUCCESSFUL,2025-06-25 20:59:37.000,Upper West|Wa,274.42,GHS,AGENT
ORMT-00005439,OR-C000237,2,SUCCESSFUL,2025-04-17 16:29:47.000,Bono|Berekum,1343.19,GHS,MOBILE_APP
ORMT-00005440,OR-C000237,6,SUCCESSFUL,2025-04-05 10:12:33.000,Bono|Berekum,846.47,GHS,AGENT
ORMT-00005441,OR-C000237,1,SUCCESSFUL,2025-06-09 08:24:06.000,Bono|Berekum,333.28,GHS,AGENT
ORMT-00005442,OR-C000237,6,SUCCESSFUL,2025-06-15 07:25:36.000,Bono|Berekum,337.61,GHS,AGENT
ORMT-00005451,OR-C000239,5,SUCCESSFUL,2025-05-07 18:28:31.000,Ashanti|Obuasi,462.84,GHS,THIRD_PARTY
ORMT-00005462,OR-C000240,9,SUCCESSFUL,2025-04-05 14:44:37.000,Eastern|Akropong,326.78,GHS,API
ORMT-00005463,OR-C000240,4,SUCCESSFUL,2025-04-25 20:47:02.000,Eastern|Akropong,718.05,GHS,API
ORMT-00005470,OR-C000241,3,SUCCESSFUL,2025-04-05 16:08:25.000,Eastern|Koforidua,537.72,GHS,AGENT
ORMT-00005471,OR-C000241,4,SUCCESSFUL,2025-06-04 19:05:55.000,Eastern|Koforidua,611.39,GHS,AGENT
ORMT-00005472,OR-C000241,1,SUCCESSFUL,2025-06-24 14:15:41.000,Eastern|Koforidua,168.24,GHS,THIRD_PARTY
ORMT-00005488,OR-C000242,1,SUCCESSFUL,2025-04-01 13:46:37.000,Greater Accra|Madina,1922.37,GHS,AGENT
ORMT-00005489,OR-C000242,2,SUCCESSFUL,2025-05-07 15:13:18.000,Greater Accra|Madina,284.29,GHS,WEB
ORMT-00005490,OR-C000242,2,SUCCESSFUL,2025-05-25 09:21:23.000,Greater Accra|Madina,944.07,GHS,AGENT
ORMT-00005491,OR-C000242,3,SUCCESSFUL,2025-06-29 15:13:16.000,Greater Accra|Madina,809.64,GHS,AGENT
ORMT-00005492,OR-C000243,3,SUCCESSFUL,2025-05-25 14:19:17.000,Bono|Berekum,958.0,GHS,WEB
ORMT-00005493,OR-C000243,7,SUCCESSFUL,2025-05-28 12:26:51.000,Bono|Berekum,222.56,GHS,AGENT
ORMT-00005494,OR-C000243,10,SUCCESSFUL,2025-06-03 20:14:26.000,Bono|Berekum,397.66,GHS,AGENT
ORMT-00005497,OR-C000244,1,SUCCESSFUL,2025-05-17 08:02:05.000,Bono East|Techiman,296.17,GHS,AGENT
ORMT-00005498,OR-C000244,3,SUCCESSFUL,2025-05-30 07:04:29.000,Bono East|Techiman,2163.71,GHS,AGENT
ORMT-00005533,OR-C000245,1,SUCCESSFUL,2025-04-29 09:46:04.000,Northern|Tamale,130.32,GHS,AGENT
ORMT-00005534,OR-C000245,1,SUCCESSFUL,2025-05-14 11:38:02.000,Northern|Tamale,179.91,GHS,AGENT
ORMT-00005535,OR-C000245,5,SUCCESSFUL,2025-06-23 11:11:43.000,Northern|Tamale,167.14,GHS,THIRD_PARTY
ORMT-00005536,OR-C000245,5,SUCCESSFUL,2025-06-14 19:44:29.000,Northern|Tamale,1869.4,GHS,THIRD_PARTY
ORMT-00005537,OR-C000245,5,SUCCESSFUL,2025-06-25 08:03:44.000,Northern|Tamale,979.78,GHS,AGENT
ORMT-00005553,OR-C000246,3,SUCCESSFUL,2025-04-22 11:59:37.000,Volta|Keta,874.14,GHS,AGENT
ORMT-00005554,OR-C000246,3,SUCCESSFUL,2025-04-06 08:48:51.000,Volta|Keta,279.09,GHS,MOBILE_APP
ORMT-00005555,OR-C000246,7,SUCCESSFUL,2025-05-17 12:07:46.000,Volta|Keta,846.23,GHS,AGENT
ORMT-00005565,OR-C000247,10,SUCCESSFUL,2025-04-18 14:14:11.000,Greater Accra|Tema,1203.96,GHS,AGENT
ORMT-00005575,OR-C000248,6,SUCCESSFUL,2025-06-28 20:30:29.000,Greater Accra|Tema,3397.0,GHS,API
ORMT-00005605,OR-C000250,7,SUCCESSFUL,2025-04-03 09:09:20.000,Upper East|Navrongo,1118.67,GHS,AGENT
ORMT-00005606,OR-C000250,7,SUCCESSFUL,2025-05-17 15:28:10.000,Upper East|Navrongo,469.14,GHS,AGENT
ORMT-00005607,OR-C000250,3,SUCCESSFUL,2025-06-16 08:43:47.000,Upper East|Navrongo,630.77,GHS,MOBILE_APP
ORMT-00005608,OR-C000250,1,SUCCESSFUL,2025-06-11 09:39:16.000,Upper East|Navrongo,993.52,GHS,MOBILE_APP
ORMT-00005609,OR-C000250,1,SUCCESSFUL,2025-06-12 19:16:31.000,Upper East|Navrongo,2030.5,GHS,AGENT
ORMT-00005665,OR-C000251,1,SUCCESSFUL,2025-04-19 10:13:39.000,Greater Accra|Accra,675.47,GHS,API
ORMT-00005666,OR-C000251,5,SUCCESSFUL,2025-04-04 19:37:44.000,Greater Accra|Accra,622.72,GHS,MOBILE_APP
ORMT-00005667,OR-C000251,2,SUCCESSFUL,2025-04-05 09:57:31.000,Greater Accra|Accra,386.86,GHS,MOBILE_APP
ORMT-00005668,OR-C000251,1,SUCCESSFUL,2025-05-23 12:04:30.000,Greater Accra|Accra,450.43,GHS,WEB
ORMT-00005669,OR-C000251,2,SUCCESSFUL,2025-05-01 20:43:07.000,Greater Accra|Accra,1227.53,GHS,AGENT
ORMT-00005670,OR-C000251,8,SUCCESSFUL,2025-05-20 07:16:23.000,Greater Accra|Accra,1121.57,GHS,MOBILE_APP
ORMT-00005671,OR-C000251,3,SUCCESSFUL,2025-06-03 12:06:20.000,Greater Accra|Accra,4974.93,GHS,AGENT
ORMT-00005672,OR-C000251,10,SUCCESSFUL,2025-06-06 11:10:07.000,Greater Accra|Accra,720.43,GHS,AGENT
ORMT-00005673,OR-C000251,7,SUCCESSFUL,2025-06-05 16:25:25.000,Greater Accra|Accra,1382.75,GHS,WEB
ORMT-00005674,OR-C000251,1,SUCCESSFUL,2025-06-06 14:42:48.000,Greater Accra|Accra,746.77,GHS,THIRD_PARTY
ORMT-00005675,OR-C000251,5,SUCCESSFUL,2025-06-21 15:01:50.000,Greater Accra|Accra,130.49,GHS,MOBILE_APP
ORMT-00005676,OR-C000251,9,SUCCESSFUL,2025-06-16 08:05:03.000,Greater Accra|Accra,1449.46,GHS,THIRD_PARTY
ORMT-00005796,OR-C000252,7,SUCCESSFUL,2025-04-28 20:18:10.000,Eastern|Koforidua,1000.31,GHS,AGENT
ORMT-00005797,OR-C000252,3,SUCCESSFUL,2025-04-21 11:03:12.000,Eastern|Koforidua,191.44,GHS,MOBILE_APP
ORMT-00005798,OR-C000252,5,SUCCESSFUL,2025-04-01 18:18:49.000,Eastern|Koforidua,1054.79,GHS,API
ORMT-00005799,OR-C000252,3,SUCCESSFUL,2025-04-18 20:14:15.000,Eastern|Koforidua,1557.7,GHS,API
ORMT-00005800,OR-C000252,1,SUCCESSFUL,2025-04-15 10:12:05.000,Eastern|Koforidua,1614.59,GHS,WEB
ORMT-00005801,OR-C000252,4,FAILED,2025-04-04 10:46:59.000,Eastern|Koforidua,967.0,GHS,THIRD_PARTY
ORMT-00005802,OR-C000252,1,SUCCESSFUL,2025-05-25 19:08:09.000,Eastern|Koforidua,887.35,GHS,WEB
ORMT-00005803,OR-C000252,4,SUCCESSFUL,2025-05-04 07:46:38.000,Eastern|Koforidua,994.56,GHS,AGENT
ORMT-00005804,OR-C000252,2,SUCCESSFUL,2025-05-30 10:08:29.000,Eastern|Koforidua,199.4,GHS,API
ORMT-00005805,OR-C000252,2,SUCCESSFUL,2025-05-06 21:34:25.000,Eastern|Koforidua,742.71,GHS,AGENT
ORMT-00005806,OR-C000252,1,SUCCESSFUL,2025-05-01 09:33:51.000,Eastern|Koforidua,1321.41,GHS,WEB
ORMT-00005807,OR-C000252,1,SUCCESSFUL,2025-05-17 07:22:39.000,Eastern|Koforidua,1081.99,GHS,MOBILE_APP
ORMT-00005808,OR-C000252,3,SUCCESSFUL,2025-06-28 09:23:16.000,Eastern|Koforidua,473.7,GHS,MOBILE_APP
ORMT-00005809,OR-C000252,2,SUCCESSFUL,2025-06-20 12:26:09.000,Eastern|Koforidua,247.03,GHS,AGENT
ORMT-00005841,OR-C000253,6,SUCCESSFUL,2025-04-11 20:02:52.000,Greater Accra|Accra,1172.99,GHS,THIRD_PARTY
ORMT-00005842,OR-C000253,6,SUCCESSFUL,2025-06-16 11:54:58.000,Greater Accra|Accra,514.24,GHS,MOBILE_APP
ORMT-00005870,OR-C000254,1,SUCCESSFUL,2025-04-17 10:04:28.000,Greater Accra|Accra,1426.0,GHS,THIRD_PARTY
ORMT-00005871,OR-C000254,1,SUCCESSFUL,2025-04-12 16:54:46.000,Greater Accra|Accra,872.2,GHS,AGENT
ORMT-00005872,OR-C000254,7,SUCCESSFUL,2025-04-13 12:43:02.000,Greater Accra|Accra,3725.61,GHS,AGENT
ORMT-00005873,OR-C000254,6,SUCCESSFUL,2025-05-30 17:15:53.000,Greater Accra|Accra,233.95,GHS,AGENT
ORMT-00005874,OR-C000254,2,SUCCESSFUL,2025-06-10 13:13:55.000,Greater Accra|Accra,415.54,GHS,AGENT
ORMT-00005875,OR-C000254,1,SUCCESSFUL,2025-06-02 16:09:26.000,Greater Accra|Accra,1300.41,GHS,WEB
ORMT-00005946,OR-C000255,4,SUCCESSFUL,2025-04-26 11:01:10.000,Ashanti|Obuasi,1695.46,GHS,THIRD_PARTY
ORMT-00005947,OR-C000255,1,SUCCESSFUL,2025-04-04 16:32:18.000,Ashanti|Obuasi,218.84,GHS,THIRD_PARTY
ORMT-00005948,OR-C000255,6,SUCCESSFUL,2025-04-29 18:49:09.000,Ashanti|Obuasi,651.45,GHS,API
ORMT-00005949,OR-C000255,2,SUCCESSFUL,2025-04-19 20:59:07.000,Ashanti|Obuasi,1343.23,GHS,THIRD_PARTY
ORMT-00005950,OR-C000255,1,SUCCESSFUL,2025-04-06 18:29:15.000,Ashanti|Obuasi,761.95,GHS,AGENT
ORMT-00005951,OR-C000255,2,SUCCESSFUL,2025-05-11 19:00:14.000,Ashanti|Obuasi,625.34,GHS,AGENT
ORMT-00005952,OR-C000255,9,SUCCESSFUL,2025-05-13 15:53:10.000,Ashanti|Obuasi,243.81,GHS,MOBILE_APP
ORMT-00005953,OR-C000255,2,SUCCESSFUL,2025-05-18 14:01:37.000,Ashanti|Obuasi,408.48,GHS,WEB
ORMT-00005954,OR-C000255,1,SUCCESSFUL,2025-05-19 18:47:43.000,Ashanti|Obuasi,533.67,GHS,AGENT
ORMT-00005955,OR-C000255,8,SUCCESSFUL,2025-05-02 20:46:54.000,Ashanti|Obuasi,637.71,GHS,THIRD_PARTY
ORMT-00005956,OR-C000255,2,SUCCESSFUL,2025-05-12 13:35:03.000,Ashanti|Obuasi,672.3,GHS,WEB
ORMT-00005957,OR-C000255,1,SUCCESSFUL,2025-05-09 13:54:10.000,Ashanti|Obuasi,762.82,GHS,API
ORMT-00005958,OR-C000255,7,SUCCESSFUL,2025-06-26 12:06:41.000,Ashanti|Obuasi,700.67,GHS,API
ORMT-00005959,OR-C000255,4,SUCCESSFUL,2025-06-16 16:39:48.000,Ashanti|Obuasi,615.09,GHS,AGENT
ORMT-00005960,OR-C000255,5,SUCCESSFUL,2025-06-24 21:17:15.000,Ashanti|Obuasi,832.31,GHS,AGENT
ORMT-00005988,OR-C000256,5,SUCCESSFUL,2025-04-18 08:28:07.000,Greater Accra|Accra,286.87,GHS,AGENT
ORMT-00005989,OR-C000256,1,SUCCESSFUL,2025-05-07 19:00:39.000,Greater Accra|Accra,1021.4,GHS,THIRD_PARTY
ORMT-00005993,OR-C000257,2,SUCCESSFUL,2025-04-27 11:39:23.000,Upper East|Navrongo,1231.12,GHS,API
ORMT-00005994,OR-C000257,5,SUCCESSFUL,2025-04-18 12:47:58.000,Upper East|Navrongo,543.49,GHS,WEB
ORMT-00005995,OR-C000257,7,SUCCESSFUL,2025-04-24 18:29:36.000,Upper East|Navrongo,1734.28,GHS,THIRD_PARTY
ORMT-00005996,OR-C000257,2,SUCCESSFUL,2025-04-05 14:34:14.000,Upper East|Navrongo,1161.11,GHS,MOBILE_APP
ORMT-00005997,OR-C000257,3,SUCCESSFUL,2025-05-08 16:40:39.000,Upper East|Navrongo,304.7,GHS,MOBILE_APP
ORMT-00005998,OR-C000257,3,SUCCESSFUL,2025-05-04 10:17:49.000,Upper East|Navrongo,345.91,GHS,AGENT
ORMT-00005999,OR-C000257,5,SUCCESSFUL,2025-05-10 12:29:53.000,Upper East|Navrongo,558.94,GHS,API
ORMT-00006000,OR-C000257,7,SUCCESSFUL,2025-05-11 09:55:34.000,Upper East|Navrongo,1337.98,GHS,THIRD_PARTY
ORMT-00006001,OR-C000257,9,SUCCESSFUL,2025-06-14 20:00:13.000,Upper East|Navrongo,1295.66,GHS,API
ORMT-00006002,OR-C000257,2,SUCCESSFUL,2025-06-07 09:55:33.000,Upper East|Navrongo,1971.26,GHS,AGENT
ORMT-00006003,OR-C000257,2,SUCCESSFUL,2025-06-06 18:14:40.000,Upper East|Navrongo,346.86,GHS,AGENT
ORMT-00006004,OR-C000257,1,SUCCESSFUL,2025-06-19 09:41:14.000,Upper East|Navrongo,3375.8,GHS,AGENT
ORMT-00006025,OR-C000258,3,SUCCESSFUL,2025-05-07 20:49:49.000,Greater Accra|Tema,217.4,GHS,AGENT
ORMT-00006026,OR-C000258,1,SUCCESSFUL,2025-06-26 13:37:56.000,Greater Accra|Tema,1264.85,GHS,API
ORMT-00006027,OR-C000258,10,SUCCESSFUL,2025-06-03 21:20:13.000,Greater Accra|Tema,418.82,GHS,AGENT
ORMT-00006028,OR-C000258,3,SUCCESSFUL,2025-06-16 09:10:09.000,Greater Accra|Tema,209.81,GHS,AGENT
ORMT-00006071,OR-C000259,9,SUCCESSFUL,2025-04-26 18:12:56.000,Ashanti|Obuasi,323.46,GHS,MOBILE_APP
ORMT-00006072,OR-C000259,3,SUCCESSFUL,2025-05-25 11:50:18.000,Ashanti|Obuasi,456.33,GHS,AGENT
ORMT-00006073,OR-C000259,10,SUCCESSFUL,2025-05-09 21:58:25.000,Ashanti|Obuasi,218.47,GHS,AGENT
ORMT-00006074,OR-C000259,4,SUCCESSFUL,2025-05-11 17:20:00.000,Ashanti|Obuasi,270.16,GHS,THIRD_PARTY
ORMT-00006075,OR-C000259,2,SUCCESSFUL,2025-05-21 15:43:24.000,Ashanti|Obuasi,228.73,GHS,WEB
ORMT-00006076,OR-C000259,4,SUCCESSFUL,2025-06-10 17:20:34.000,Ashanti|Obuasi,508.78,GHS,AGENT
ORMT-00006077,OR-C000259,1,SUCCESSFUL,2025-06-17 10:15:24.000,Ashanti|Obuasi,1185.97,GHS,MOBILE_APP
ORMT-00006090,OR-C000260,3,FAILED,2025-04-11 15:53:39.000,Ashanti|Kumasi,686.31,GHS,AGENT
ORMT-00006210,OR-C000262,2,SUCCESSFUL,2025-04-26 12:35:44.000,Upper West|Wa,301.81,GHS,AGENT
ORMT-00006211,OR-C000262,1,SUCCESSFUL,2025-04-26 20:52:14.000,Upper West|Wa,731.55,GHS,AGENT
ORMT-00006212,OR-C000262,7,SUCCESSFUL,2025-04-10 09:15:28.000,Upper West|Wa,590.37,GHS,MOBILE_APP
ORMT-00006213,OR-C000262,1,SUCCESSFUL,2025-04-26 13:22:41.000,Upper West|Wa,458.01,GHS,API
ORMT-00006214,OR-C000262,1,SUCCESSFUL,2025-04-02 21:13:02.000,Upper West|Wa,2200.39,GHS,THIRD_PARTY
ORMT-00006215,OR-C000262,6,SUCCESSFUL,2025-04-01 19:22:59.000,Upper West|Wa,698.6,GHS,API
ORMT-00006216,OR-C000262,8,SUCCESSFUL,2025-04-19 07:34:48.000,Upper West|Wa,898.79,GHS,THIRD_PARTY
ORMT-00006217,OR-C000262,3,SUCCESSFUL,2025-05-26 09:38:10.000,Upper West|Wa,126.53,GHS,API
ORMT-00006218,OR-C000262,5,SUCCESSFUL,2025-05-01 16:05:27.000,Upper West|Wa,650.12,GHS,MOBILE_APP
ORMT-00006219,OR-C000262,3,SUCCESSFUL,2025-05-27 13:54:40.000,Upper West|Wa,574.09,GHS,THIRD_PARTY
ORMT-00006220,OR-C000262,4,SUCCESSFUL,2025-05-15 21:24:03.000,Upper West|Wa,182.61,GHS,AGENT
ORMT-00006221,OR-C000262,2,SUCCESSFUL,2025-05-25 17:17:32.000,Upper West|Wa,299.68,GHS,MOBILE_APP
ORMT-00006222,OR-C000262,1,SUCCESSFUL,2025-06-13 16:45:42.000,Upper West|Wa,620.28,GHS,THIRD_PARTY
ORMT-00006269,OR-C000263,5,SUCCESSFUL,2025-04-02 17:34:41.000,Ashanti|Ejisu,1137.79,GHS,MOBILE_APP
ORMT-00006270,OR-C000263,1,SUCCESSFUL,2025-04-23 12:52:30.000,Ashanti|Ejisu,5088.23,GHS,AGENT
ORMT-00006271,OR-C000263,4,SUCCESSFUL,2025-05-08 19:22:30.000,Ashanti|Ejisu,1061.49,GHS,API
ORMT-00006272,OR-C000263,1,SUCCESSFUL,2025-05-13 14:51:24.000,Ashanti|Ejisu,1068.9,GHS,MOBILE_APP
ORMT-00006273,OR-C000263,4,SUCCESSFUL,2025-05-06 17:44:53.000,Ashanti|Ejisu,586.05,GHS,MOBILE_APP
ORMT-00006274,OR-C000263,2,SUCCESSFUL,2025-06-27 14:29:16.000,Ashanti|Ejisu,547.58,GHS,MOBILE_APP
ORMT-00006275,OR-C000263,9,SUCCESSFUL,2025-06-08 08:13:04.000,Ashanti|Ejisu,2150.38,GHS,API
ORMT-00006294,OR-C000264,7,SUCCESSFUL,2025-04-23 21:09:07.000,Greater Accra|Kasoa,828.53,GHS,MOBILE_APP
ORMT-00006295,OR-C000264,4,SUCCESSFUL,2025-04-08 13:48:00.000,Greater Accra|Kasoa,3424.2,GHS,WEB
ORMT-00006296,OR-C000264,2,SUCCESSFUL,2025-04-12 13:16:09.000,Greater Accra|Kasoa,904.73,GHS,MOBILE_APP
ORMT-00006297,OR-C000264,2,SUCCESSFUL,2025-05-15 15:38:59.000,Greater Accra|Kasoa,1526.48,GHS,AGENT
ORMT-00006298,OR-C000264,5,SUCCESSFUL,2025-06-25 07:11:05.000,Greater Accra|Kasoa,1767.73,GHS,MOBILE_APP
ORMT-00006332,OR-C000265,2,SUCCESSFUL,2025-04-05 19:06:47.000,Greater Accra|Madina,1044.69,GHS,AGENT
ORMT-00006333,OR-C000265,9,SUCCESSFUL,2025-05-14 16:23:36.000,Greater Accra|Madina,1397.65,GHS,AGENT
ORMT-00006334,OR-C000265,2,SUCCESSFUL,2025-06-16 10:03:33.000,Greater Accra|Madina,505.86,GHS,THIRD_PARTY
ORMT-00006359,OR-C000266,1,SUCCESSFUL,2025-05-05 17:43:38.000,Ashanti|Kumasi,587.9,GHS,AGENT
ORMT-00006388,OR-C000267,4,SUCCESSFUL,2025-04-03 15:46:48.000,Bono East|Kintampo,650.2,GHS,AGENT
ORMT-00006389,OR-C000267,7,SUCCESSFUL,2025-04-28 18:32:01.000,Bono East|Kintampo,553.83,GHS,MOBILE_APP
ORMT-00006390,OR-C000267,1,SUCCESSFUL,2025-04-23 18:27:00.000,Bono East|Kintampo,3017.53,GHS,THIRD_PARTY
ORMT-00006391,OR-C000267,8,SUCCESSFUL,2025-04-17 09:48:18.000,Bono East|Kintampo,901.23,GHS,AGENT
ORMT-00006392,OR-C000267,5,SUCCESSFUL,2025-04-30 17:27:14.000,Bono East|Kintampo,843.66,GHS,AGENT
ORMT-00006393,OR-C000267,1,SUCCESSFUL,2025-04-30 14:54:48.000,Bono East|Kintampo,368.86,GHS,API
ORMT-00006394,OR-C000267,3,SUCCESSFUL,2025-06-09 07:06:13.000,Bono East|Kintampo,600.12,GHS,AGENT
ORMT-00006413,OR-C000269,3,SUCCESSFUL,2025-04-27 14:54:29.000,Oti|Jasikan,975.33,GHS,MOBILE_APP
ORMT-00006414,OR-C000269,5,FAILED,2025-05-16 12:27:55.000,Oti|Jasikan,615.16,GHS,MOBILE_APP
ORMT-00006415,OR-C000269,9,SUCCESSFUL,2025-05-20 07:22:47.000,Oti|Jasikan,404.74,GHS,MOBILE_APP
ORMT-00006424,OR-C000270,7,SUCCESSFUL,2025-04-16 17:07:37.000,Ahafo|Goaso,894.22,GHS,API
ORMT-00006425,OR-C000270,5,SUCCESSFUL,2025-05-30 13:30:54.000,Ahafo|Goaso,370.07,GHS,AGENT
ORMT-00006426,OR-C000270,1,SUCCESSFUL,2025-05-27 12:34:22.000,Ahafo|Goaso,335.95,GHS,MOBILE_APP
ORMT-00006449,OR-C000271,9,SUCCESSFUL,2025-05-31 20:01:06.000,Greater Accra|Kasoa,1319.41,GHS,WEB
ORMT-00006450,OR-C000271,9,SUCCESSFUL,2025-06-28 07:15:59.000,Greater Accra|Kasoa,108.77,GHS,AGENT
ORMT-00006451,OR-C000271,4,SUCCESSFUL,2025-06-13 11:08:19.000,Greater Accra|Kasoa,312.79,GHS,THIRD_PARTY
ORMT-00006452,OR-C000271,1,SUCCESSFUL,2025-06-25 21:13:22.000,Greater Accra|Kasoa,2114.29,GHS,API
ORMT-00006453,OR-C000271,10,SUCCESSFUL,2025-06-14 13:34:44.000,Greater Accra|Kasoa,330.97,GHS,AGENT
ORMT-00006485,OR-C000272,1,SUCCESSFUL,2025-04-12 12:00:57.000,Ashanti|Ejisu,326.98,GHS,AGENT
ORMT-00006486,OR-C000272,2,SUCCESSFUL,2025-05-31 14:56:32.000,Ashanti|Ejisu,1364.8,GHS,WEB
ORMT-00006487,OR-C000272,9,SUCCESSFUL,2025-06-12 13:41:38.000,Ashanti|Ejisu,2430.04,GHS,MOBILE_APP
ORMT-00006506,OR-C000273,1,SUCCESSFUL,2025-05-18 21:04:53.000,Bono|Berekum,2556.22,GHS,API
ORMT-00006507,OR-C000273,2,SUCCESSFUL,2025-06-13 07:56:40.000,Bono|Berekum,535.19,GHS,AGENT
ORMT-00006517,OR-C000274,3,SUCCESSFUL,2025-04-19 15:47:28.000,Western|Tarkwa,1424.85,GHS,AGENT
ORMT-00006518,OR-C000274,6,SUCCESSFUL,2025-06-06 12:27:47.000,Western|Tarkwa,190.7,GHS,MOBILE_APP
ORMT-00006523,OR-C000275,2,SUCCESSFUL,2025-05-06 08:47:12.000,Central|Elmina,269.8,GHS,AGENT
ORMT-00006532,OR-C000276,2,SUCCESSFUL,2025-04-10 17:52:25.000,Central|Winneba,919.01,GHS,AGENT
ORMT-00006533,OR-C000276,4,SUCCESSFUL,2025-04-05 15:28:32.000,Central|Winneba,865.0,GHS,WEB
ORMT-00006534,OR-C000276,7,SUCCESSFUL,2025-05-21 10:36:00.000,Central|Winneba,1713.86,GHS,WEB
ORMT-00006544,OR-C000277,6,SUCCESSFUL,2025-04-04 20:33:22.000,Ashanti|Kumasi,307.63,GHS,THIRD_PARTY
ORMT-00006545,OR-C000277,4,SUCCESSFUL,2025-05-06 08:50:57.000,Ashanti|Kumasi,989.22,GHS,MOBILE_APP
ORMT-00006546,OR-C000277,6,SUCCESSFUL,2025-06-02 20:11:57.000,Ashanti|Kumasi,357.64,GHS,THIRD_PARTY
ORMT-00006547,OR-C000277,2,SUCCESSFUL,2025-06-25 13:45:29.000,Ashanti|Kumasi,262.95,GHS,MOBILE_APP
ORMT-00006558,OR-C000278,1,SUCCESSFUL,2025-06-26 13:17:58.000,Ashanti|Ejisu,569.77,GHS,MOBILE_APP
ORMT-00006599,OR-C000279,1,SUCCESSFUL,2025-04-15 10:45:14.000,Greater Accra|Madina,483.45,GHS,AGENT
ORMT-00006600,OR-C000279,4,SUCCESSFUL,2025-04-13 15:34:55.000,Greater Accra|Madina,841.37,GHS,MOBILE_APP
ORMT-00006601,OR-C000279,7,SUCCESSFUL,2025-05-18 07:36:22.000,Greater Accra|Madina,428.55,GHS,THIRD_PARTY
ORMT-00006602,OR-C000279,8,SUCCESSFUL,2025-05-12 14:40:42.000,Greater Accra|Madina,1011.77,GHS,AGENT
ORMT-00006603,OR-C000279,1,FAILED,2025-06-22 20:43:32.000,Greater Accra|Madina,147.83,GHS,THIRD_PARTY
ORMT-00006620,OR-C000280,2,SUCCESSFUL,2025-05-04 18:26:21.000,Western|Takoradi,3442.35,GHS,MOBILE_APP
ORMT-00006626,OR-C000281,2,SUCCESSFUL,2025-05-25 14:05:01.000,Northern|Yendi,697.23,GHS,AGENT
ORMT-00006627,OR-C000281,1,SUCCESSFUL,2025-05-20 12:47:52.000,Northern|Yendi,3270.82,GHS,AGENT
ORMT-00006736,OR-C000284,2,SUCCESSFUL,2025-04-16 07:57:47.000,Greater Accra|Kasoa,745.76,GHS,WEB
ORMT-00006737,OR-C000284,1,SUCCESSFUL,2025-04-26 09:35:51.000,Greater Accra|Kasoa,1115.06,GHS,THIRD_PARTY
ORMT-00006738,OR-C000284,6,SUCCESSFUL,2025-04-05 14:36:02.000,Greater Accra|Kasoa,337.14,GHS,MOBILE_APP
ORMT-00006739,OR-C000284,1,SUCCESSFUL,2025-04-04 14:36:43.000,Greater Accra|Kasoa,674.94,GHS,AGENT
ORMT-00006740,OR-C000284,4,SUCCESSFUL,2025-04-21 12:50:21.000,Greater Accra|Kasoa,1047.91,GHS,AGENT
ORMT-00006741,OR-C000284,1,SUCCESSFUL,2025-05-21 20:07:49.000,Greater Accra|Kasoa,753.63,GHS,MOBILE_APP
ORMT-00006742,OR-C000284,5,SUCCESSFUL,2025-05-01 08:21:56.000,Greater Accra|Kasoa,2970.94,GHS,AGENT
ORMT-00006743,OR-C000284,4,SUCCESSFUL,2025-05-20 15:40:31.000,Greater Accra|Kasoa,249.28,GHS,AGENT
ORMT-00006744,OR-C000284,4,SUCCESSFUL,2025-05-10 21:20:36.000,Greater Accra|Kasoa,256.93,GHS,AGENT
ORMT-00006745,OR-C000284,4,SUCCESSFUL,2025-05-29 12:40:25.000,Greater Accra|Kasoa,1801.92,GHS,THIRD_PARTY
ORMT-00006746,OR-C000284,2,SUCCESSFUL,2025-06-23 18:43:31.000,Greater Accra|Kasoa,895.72,GHS,AGENT
ORMT-00006747,OR-C000284,3,SUCCESSFUL,2025-06-07 19:53:14.000,Greater Accra|Kasoa,208.98,GHS,API
ORMT-00006748,OR-C000284,4,SUCCESSFUL,2025-06-01 18:47:58.000,Greater Accra|Kasoa,997.01,GHS,AGENT
ORMT-00006807,OR-C000288,9,SUCCESSFUL,2025-04-10 07:49:19.000,Ashanti|Ejisu,883.2,GHS,MOBILE_APP
ORMT-00006808,OR-C000288,2,SUCCESSFUL,2025-06-05 11:56:50.000,Ashanti|Ejisu,112.17,GHS,AGENT
ORMT-00006833,OR-C000289,3,SUCCESSFUL,2025-05-14 09:33:58.000,Bono|Berekum,642.63,GHS,AGENT
ORMT-00006834,OR-C000289,4,SUCCESSFUL,2025-05-17 19:18:07.000,Bono|Berekum,291.99,GHS,AGENT
ORMT-00006863,OR-C000290,10,SUCCESSFUL,2025-04-19 08:43:15.000,Central|Elmina,823.8,GHS,AGENT
ORMT-00006864,OR-C000290,8,FAILED,2025-05-29 11:42:35.000,Central|Elmina,3437.97,GHS,WEB
ORMT-00006865,OR-C000290,1,SUCCESSFUL,2025-06-24 15:44:37.000,Central|Elmina,1487.65,GHS,MOBILE_APP
ORMT-00006880,OR-C000291,2,SUCCESSFUL,2025-06-04 07:44:11.000,Volta|Hohoe,645.04,GHS,WEB
ORMT-00006897,OR-C000292,3,SUCCESSFUL,2025-04-08 16:24:14.000,Ashanti|Ejisu,2980.84,GHS,WEB
ORMT-00006901,OR-C000293,7,SUCCESSFUL,2025-05-29 20:20:30.000,Greater Accra|Kasoa,818.24,GHS,MOBILE_APP
ORMT-00006902,OR-C000293,10,SUCCESSFUL,2025-05-25 20:56:56.000,Greater Accra|Kasoa,276.2,GHS,AGENT
ORMT-00006903,OR-C000293,4,SUCCESSFUL,2025-05-27 18:41:21.000,Greater Accra|Kasoa,1953.31,GHS,MOBILE_APP
ORMT-00006904,OR-C000293,1,SUCCESSFUL,2025-05-29 17:00:24.000,Greater Accra|Kasoa,1284.88,GHS,MOBILE_APP
ORMT-00006905,OR-C000293,5,SUCCESSFUL,2025-05-30 12:55:50.000,Greater Accra|Kasoa,882.1,GHS,AGENT
ORMT-00006906,OR-C000293,3,SUCCESSFUL,2025-05-26 12:55:49.000,Greater Accra|Kasoa,3311.24,GHS,AGENT
ORMT-00006907,OR-C000293,1,SUCCESSFUL,2025-05-27 20:47:18.000,Greater Accra|Kasoa,2081.41,GHS,AGENT
ORMT-00006908,OR-C000293,1,SUCCESSFUL,2025-05-28 19:46:23.000,Greater Accra|Kasoa,382.85,GHS,MOBILE_APP
ORMT-00006909,OR-C000293,9,SUCCESSFUL,2025-06-19 09:04:50.000,Greater Accra|Kasoa,357.21,GHS,AGENT
ORMT-00006910,OR-C000293,3,SUCCESSFUL,2025-06-26 15:38:32.000,Greater Accra|Kasoa,912.52,GHS,AGENT
ORMT-00006937,OR-C000294,7,SUCCESSFUL,2025-04-13 17:02:51.000,Eastern|Koforidua,998.03,GHS,MOBILE_APP
ORMT-00006938,OR-C000294,1,SUCCESSFUL,2025-06-29 12:14:38.000,Eastern|Koforidua,395.21,GHS,AGENT
ORMT-00006943,OR-C000295,1,SUCCESSFUL,2025-06-17 11:14:49.000,Upper West|Lawra,814.95,GHS,WEB
ORMT-00006971,OR-C000298,2,SUCCESSFUL,2025-04-12 07:59:22.000,Central|Cape Coast,118.42,GHS,AGENT
ORMT-00006972,OR-C000298,5,SUCCESSFUL,2025-04-21 11:32:45.000,Central|Cape Coast,960.07,GHS,AGENT
ORMT-00006973,OR-C000298,2,SUCCESSFUL,2025-05-07 07:27:14.000,Central|Cape Coast,1908.12,GHS,MOBILE_APP
ORMT-00006974,OR-C000298,2,SUCCESSFUL,2025-05-08 19:42:27.000,Central|Cape Coast,95.0,GHS,THIRD_PARTY
ORMT-00006975,OR-C000298,1,SUCCESSFUL,2025-06-19 15:54:08.000,Central|Cape Coast,163.0,GHS,AGENT
ORMT-00006976,OR-C000298,5,SUCCESSFUL,2025-06-25 11:46:42.000,Central|Cape Coast,509.09,GHS,AGENT
ORMT-00006977,OR-C000298,4,SUCCESSFUL,2025-06-16 16:44:49.000,Central|Cape Coast,620.03,GHS,MOBILE_APP
ORMT-00006978,OR-C000298,4,SUCCESSFUL,2025-06-17 19:00:27.000,Central|Cape Coast,366.24,GHS,MOBILE_APP
ORMT-00007083,OR-C000299,10,SUCCESSFUL,2025-04-01 09:59:00.000,Greater Accra|Kasoa,3201.62,GHS,WEB
ORMT-00007084,OR-C000299,1,SUCCESSFUL,2025-05-14 08:56:35.000,Greater Accra|Kasoa,725.21,GHS,API
ORMT-00007085,OR-C000299,3,SUCCESSFUL,2025-05-25 11:00:29.000,Greater Accra|Kasoa,281.25,GHS,AGENT
ORMT-00007086,OR-C000299,3,SUCCESSFUL,2025-05-10 17:33:58.000,Greater Accra|Kasoa,693.42,GHS,MOBILE_APP
ORMT-00007087,OR-C000299,6,SUCCESSFUL,2025-05-23 16:01:17.000,Greater Accra|Kasoa,1377.8,GHS,AGENT
ORMT-00007088,OR-C000299,3,SUCCESSFUL,2025-05-11 17:16:01.000,Greater Accra|Kasoa,994.94,GHS,THIRD_PARTY
ORMT-00007089,OR-C000299,1,SUCCESSFUL,2025-05-11 15:45:53.000,Greater Accra|Kasoa,758.62,GHS,AGENT
ORMT-00007090,OR-C000299,9,SUCCESSFUL,2025-06-23 19:45:44.000,Greater Accra|Kasoa,592.63,GHS,THIRD_PARTY
ORMT-00007091,OR-C000299,8,SUCCESSFUL,2025-06-20 11:44:46.000,Greater Accra|Kasoa,880.45,GHS,MOBILE_APP
ORMT-00007092,OR-C000299,2,SUCCESSFUL,2025-06-19 21:01:34.000,Greater Accra|Kasoa,974.52,GHS,AGENT
ORMT-00007141,OR-C000300,5,SUCCESSFUL,2025-04-28 13:05:52.000,Greater Accra|Kasoa,690.86,GHS,API
ORMT-00007142,OR-C000300,2,SUCCESSFUL,2025-04-17 19:22:39.000,Greater Accra|Kasoa,299.0,GHS,AGENT
ORMT-00007143,OR-C000300,1,FAILED,2025-06-05 12:41:13.000,Greater Accra|Kasoa,384.03,GHS,THIRD_PARTY
ORMT-00007144,OR-C000300,10,SUCCESSFUL,2025-06-21 11:12:25.000,Greater Accra|Kasoa,307.84,GHS,AGENT
ORMT-00007145,OR-C000300,8,SUCCESSFUL,2025-06-07 21:14:29.000,Greater Accra|Kasoa,1698.04,GHS,AGENT
ORMT-00007148,OR-C000301,1,SUCCESSFUL,2025-05-06 19:41:16.000,Oti|Dambai,1376.04,GHS,AGENT
ORMT-00007159,OR-C000302,8,SUCCESSFUL,2025-05-06 08:21:39.000,Ashanti|Kumasi,1624.24,GHS,MOBILE_APP
ORMT-00007207,OR-C000303,3,SUCCESSFUL,2025-04-16 08:42:21.000,Eastern|Akropong,1632.03,GHS,THIRD_PARTY
ORMT-00007208,OR-C000303,1,SUCCESSFUL,2025-04-14 12:54:06.000,Eastern|Akropong,937.54,GHS,MOBILE_APP
ORMT-00007244,OR-C000305,9,SUCCESSFUL,2025-04-18 18:56:57.000,Ahafo|Goaso,409.48,GHS,API
ORMT-00007245,OR-C000305,5,SUCCESSFUL,2025-06-10 16:12:38.000,Ahafo|Goaso,251.15,GHS,THIRD_PARTY
ORMT-00007267,OR-C000306,9,FAILED,2025-04-15 13:59:49.000,Northern|Savelugu,1276.6,GHS,THIRD_PARTY
ORMT-00007268,OR-C000306,2,SUCCESSFUL,2025-06-03 11:53:09.000,Northern|Savelugu,298.0,GHS,THIRD_PARTY
ORMT-00007285,OR-C000307,7,SUCCESSFUL,2025-04-21 07:28:37.000,Northern|Tamale,1593.03,GHS,MOBILE_APP
ORMT-00007286,OR-C000307,1,SUCCESSFUL,2025-05-31 13:19:56.000,Northern|Tamale,280.88,GHS,AGENT
ORMT-00007287,OR-C000307,4,FAILED,2025-06-30 12:37:05.000,Northern|Tamale,1865.66,GHS,MOBILE_APP
ORMT-00007304,OR-C000308,10,SUCCESSFUL,2025-06-03 19:42:07.000,Greater Accra|Kasoa,427.67,GHS,API
ORMT-00007317,OR-C000309,1,SUCCESSFUL,2025-04-08 07:37:35.000,Ashanti|Obuasi,721.98,GHS,API
ORMT-00007318,OR-C000309,6,SUCCESSFUL,2025-05-02 16:41:30.000,Ashanti|Obuasi,1382.61,GHS,AGENT
ORMT-00007319,OR-C000309,3,SUCCESSFUL,2025-06-29 18:30:23.000,Ashanti|Obuasi,2345.26,GHS,WEB
ORMT-00007320,OR-C000309,2,SUCCESSFUL,2025-06-21 09:54:43.000,Ashanti|Obuasi,466.29,GHS,AGENT
ORMT-00007321,OR-C000309,3,SUCCESSFUL,2025-06-19 11:40:13.000,Ashanti|Obuasi,2580.28,GHS,AGENT
ORMT-00007336,OR-C000310,4,SUCCESSFUL,2025-04-09 21:17:14.000,Western|Tarkwa,1570.38,GHS,WEB
ORMT-00007337,OR-C000310,1,SUCCESSFUL,2025-06-09 18:52:14.000,Western|Tarkwa,126.08,GHS,MOBILE_APP
ORMT-00007352,OR-C000311,8,SUCCESSFUL,2025-04-10 13:11:55.000,Greater Accra|Madina,678.73,GHS,THIRD_PARTY
ORMT-00007353,OR-C000311,5,SUCCESSFUL,2025-05-05 17:58:29.000,Greater Accra|Madina,2376.38,GHS,THIRD_PARTY
ORMT-00007354,OR-C000311,1,SUCCESSFUL,2025-06-17 21:07:22.000,Greater Accra|Madina,375.53,GHS,API
ORMT-00007358,OR-C000312,1,SUCCESSFUL,2025-05-29 11:58:25.000,Bono East|Techiman,4915.29,GHS,AGENT
ORMT-00007359,OR-C000312,7,SUCCESSFUL,2025-06-05 09:00:49.000,Bono East|Techiman,519.02,GHS,AGENT
ORMT-00007360,OR-C000312,2,SUCCESSFUL,2025-06-30 15:50:49.000,Bono East|Techiman,965.45,GHS,AGENT
ORMT-00007365,OR-C000313,1,SUCCESSFUL,2025-06-28 20:33:09.000,Greater Accra|Madina,867.51,GHS,AGENT
ORMT-00007376,OR-C000314,4,SUCCESSFUL,2025-06-17 12:39:01.000,Oti|Dambai,414.57,GHS,AGENT
ORMT-00007381,OR-C000315,6,SUCCESSFUL,2025-05-23 19:59:44.000,Eastern|Koforidua,353.23,GHS,THIRD_PARTY
ORMT-00007384,OR-C000316,1,SUCCESSFUL,2025-04-07 13:00:16.000,Northern|Savelugu,175.85,GHS,AGENT
ORMT-00007385,OR-C000316,4,SUCCESSFUL,2025-05-02 15:30:20.000,Northern|Savelugu,452.68,GHS,AGENT
ORMT-00007397,OR-C000318,1,SUCCESSFUL,2025-05-13 17:08:26.000,Eastern|Akropong,396.23,GHS,MOBILE_APP
ORMT-00007398,OR-C000318,1,SUCCESSFUL,2025-06-30 10:22:27.000,Eastern|Akropong,1339.68,GHS,AGENT
ORMT-00007399,OR-C000318,5,SUCCESSFUL,2025-06-10 08:34:42.000,Eastern|Akropong,752.53,GHS,AGENT
ORMT-00007406,OR-C000319,1,SUCCESSFUL,2025-04-20 14:18:17.000,Volta|Hohoe,681.52,GHS,AGENT
ORMT-00007407,OR-C000319,1,SUCCESSFUL,2025-04-09 17:59:43.000,Volta|Hohoe,407.7,GHS,MOBILE_APP
ORMT-00007408,OR-C000319,1,SUCCESSFUL,2025-04-27 21:48:09.000,Volta|Hohoe,1284.36,GHS,AGENT
ORMT-00007409,OR-C000319,4,SUCCESSFUL,2025-04-18 10:07:48.000,Volta|Hohoe,226.4,GHS,API
ORMT-00007410,OR-C000319,4,SUCCESSFUL,2025-04-04 20:19:38.000,Volta|Hohoe,440.66,GHS,AGENT
ORMT-00007411,OR-C000319,8,SUCCESSFUL,2025-05-20 15:57:45.000,Volta|Hohoe,634.45,GHS,API
ORMT-00007412,OR-C000319,3,SUCCESSFUL,2025-05-29 18:16:53.000,Volta|Hohoe,300.37,GHS,AGENT
ORMT-00007413,OR-C000319,1,SUCCESSFUL,2025-06-21 14:41:29.000,Volta|Hohoe,172.14,GHS,AGENT
ORMT-00007414,OR-C000319,2,SUCCESSFUL,2025-06-25 10:23:11.000,Volta|Hohoe,965.34,GHS,WEB
ORMT-00007415,OR-C000319,4,SUCCESSFUL,2025-06-02 07:49:24.000,Volta|Hohoe,298.93,GHS,MOBILE_APP
ORMT-00007416,OR-C000319,1,SUCCESSFUL,2025-06-06 19:12:19.000,Volta|Hohoe,633.78,GHS,AGENT
ORMT-00007512,OR-C000320,1,SUCCESSFUL,2025-04-24 08:54:51.000,Eastern|Akropong,1194.93,GHS,MOBILE_APP
ORMT-00007513,OR-C000320,3,SUCCESSFUL,2025-04-04 17:11:05.000,Eastern|Akropong,1605.21,GHS,API
ORMT-00007514,OR-C000320,1,SUCCESSFUL,2025-04-25 20:43:45.000,Eastern|Akropong,1369.17,GHS,AGENT
ORMT-00007515,OR-C000320,1,SUCCESSFUL,2025-04-07 13:11:54.000,Eastern|Akropong,391.56,GHS,AGENT
ORMT-00007516,OR-C000320,9,SUCCESSFUL,2025-04-11 11:15:26.000,Eastern|Akropong,1128.59,GHS,AGENT
ORMT-00007517,OR-C000320,1,SUCCESSFUL,2025-04-18 19:38:28.000,Eastern|Akropong,2916.43,GHS,MOBILE_APP
ORMT-00007518,OR-C000320,6,SUCCESSFUL,2025-04-13 19:28:10.000,Eastern|Akropong,2814.41,GHS,AGENT
ORMT-00007519,OR-C000320,2,SUCCESSFUL,2025-04-08 21:01:10.000,Eastern|Akropong,1118.63,GHS,THIRD_PARTY
ORMT-00007520,OR-C000320,1,SUCCESSFUL,2025-05-07 17:00:36.000,Eastern|Akropong,210.46,GHS,AGENT
ORMT-00007521,OR-C000320,2,SUCCESSFUL,2025-05-20 21:25:32.000,Eastern|Akropong,1806.35,GHS,MOBILE_APP
ORMT-00007522,OR-C000320,10,SUCCESSFUL,2025-05-04 21:42:40.000,Eastern|Akropong,534.93,GHS,MOBILE_APP
ORMT-00007523,OR-C000320,3,SUCCESSFUL,2025-05-10 08:08:53.000,Eastern|Akropong,911.52,GHS,AGENT
ORMT-00007524,OR-C000320,7,FAILED,2025-06-22 15:24:35.000,Eastern|Akropong,1452.55,GHS,AGENT
ORMT-00007525,OR-C000320,1,SUCCESSFUL,2025-06-25 12:46:08.000,Eastern|Akropong,2188.14,GHS,AGENT
ORMT-00007526,OR-C000320,10,SUCCESSFUL,2025-06-08 17:03:11.000,Eastern|Akropong,2357.23,GHS,AGENT
ORMT-00007527,OR-C000320,4,SUCCESSFUL,2025-06-15 16:33:16.000,Eastern|Akropong,1072.02,GHS,MOBILE_APP
ORMT-00007528,OR-C000320,4,SUCCESSFUL,2025-06-19 17:04:49.000,Eastern|Akropong,1646.16,GHS,MOBILE_APP
ORMT-00007609,OR-C000321,4,SUCCESSFUL,2025-04-16 14:36:10.000,Ahafo|Goaso,524.23,GHS,API
ORMT-00007610,OR-C000321,3,SUCCESSFUL,2025-05-20 17:56:06.000,Ahafo|Goaso,2001.92,GHS,AGENT
ORMT-00007611,OR-C000321,1,SUCCESSFUL,2025-05-04 19:25:16.000,Ahafo|Goaso,557.08,GHS,AGENT
ORMT-00007612,OR-C000321,5,SUCCESSFUL,2025-05-30 21:48:17.000,Ahafo|Goaso,1072.59,GHS,AGENT
ORMT-00007623,OR-C000322,5,SUCCESSFUL,2025-04-22 08:16:29.000,Ashanti|Ejisu,415.05,GHS,AGENT
ORMT-00007645,OR-C000324,5,SUCCESSFUL,2025-04-05 16:58:17.000,Greater Accra|Kasoa,1659.23,GHS,API
ORMT-00007650,OR-C000325,7,SUCCESSFUL,2025-05-29 11:39:56.000,Greater Accra|Tema,1599.5,GHS,AGENT
ORMT-00007664,OR-C000326,4,SUCCESSFUL,2025-05-12 19:22:46.000,Eastern|Nkawkaw,437.49,GHS,AGENT
ORMT-00007696,OR-C000327,6,SUCCESSFUL,2025-04-07 21:26:38.000,Ashanti|Ejisu,2517.52,GHS,API
ORMT-00007697,OR-C000327,2,SUCCESSFUL,2025-04-18 10:45:11.000,Ashanti|Ejisu,831.23,GHS,MOBILE_APP
ORMT-00007698,OR-C000327,6,SUCCESSFUL,2025-04-21 13:18:10.000,Ashanti|Ejisu,1131.43,GHS,WEB
ORMT-00007699,OR-C000327,7,SUCCESSFUL,2025-04-18 11:56:11.000,Ashanti|Ejisu,428.45,GHS,AGENT
ORMT-00007700,OR-C000327,5,SUCCESSFUL,2025-05-16 18:04:23.000,Ashanti|Ejisu,65.26,GHS,API
ORMT-00007701,OR-C000327,4,SUCCESSFUL,2025-05-03 19:14:11.000,Ashanti|Ejisu,623.34,GHS,AGENT
ORMT-00007702,OR-C000327,2,SUCCESSFUL,2025-05-31 10:28:34.000,Ashanti|Ejisu,677.75,GHS,AGENT
ORMT-00007703,OR-C000327,2,SUCCESSFUL,2025-06-25 20:00:41.000,Ashanti|Ejisu,242.58,GHS,MOBILE_APP
ORMT-00007704,OR-C000327,2,SUCCESSFUL,2025-06-16 15:28:45.000,Ashanti|Ejisu,371.25,GHS,THIRD_PARTY
ORMT-00007795,OR-C000329,1,SUCCESSFUL,2025-04-27 09:21:03.000,Upper West|Wa,643.12,GHS,AGENT
ORMT-00007796,OR-C000329,1,SUCCESSFUL,2025-04-15 10:34:40.000,Upper West|Wa,417.37,GHS,AGENT
ORMT-00007797,OR-C000329,1,SUCCESSFUL,2025-06-30 08:28:06.000,Upper West|Wa,316.93,GHS,AGENT
ORMT-00007798,OR-C000329,5,SUCCESSFUL,2025-06-16 10:07:50.000,Upper West|Wa,3414.4,GHS,AGENT
ORMT-00007837,OR-C000330,7,SUCCESSFUL,2025-05-03 10:46:00.000,Upper West|Lawra,1654.37,GHS,MOBILE_APP
ORMT-00007838,OR-C000330,1,SUCCESSFUL,2025-05-17 18:42:36.000,Upper West|Lawra,325.24,GHS,THIRD_PARTY
ORMT-00007839,OR-C000330,6,SUCCESSFUL,2025-06-26 08:39:32.000,Upper West|Lawra,718.5,GHS,THIRD_PARTY
ORMT-00007840,OR-C000330,8,SUCCESSFUL,2025-06-13 12:05:11.000,Upper West|Lawra,1320.89,GHS,API
ORMT-00007884,OR-C000331,4,SUCCESSFUL,2025-04-12 20:12:13.000,Northern|Yendi,122.13,GHS,AGENT
ORMT-00007885,OR-C000331,3,SUCCESSFUL,2025-04-15 14:22:07.000,Northern|Yendi,1094.93,GHS,WEB
ORMT-00007886,OR-C000331,3,SUCCESSFUL,2025-04-29 09:49:19.000,Northern|Yendi,248.1,GHS,AGENT
ORMT-00007887,OR-C000331,1,SUCCESSFUL,2025-05-05 20:09:04.000,Northern|Yendi,918.65,GHS,AGENT
ORMT-00007888,OR-C000331,2,SUCCESSFUL,2025-05-01 15:41:02.000,Northern|Yendi,435.05,GHS,API
ORMT-00007889,OR-C000331,4,SUCCESSFUL,2025-06-23 08:22:53.000,Northern|Yendi,655.49,GHS,THIRD_PARTY
ORMT-00007890,OR-C000331,7,SUCCESSFUL,2025-06-05 15:37:47.000,Northern|Yendi,524.84,GHS,AGENT
ORMT-00007891,OR-C000331,2,SUCCESSFUL,2025-06-03 12:14:34.000,Northern|Yendi,357.44,GHS,API
ORMT-00007910,OR-C000332,4,SUCCESSFUL,2025-04-30 08:10:39.000,Eastern|Nkawkaw,384.99,GHS,THIRD_PARTY
ORMT-00007911,OR-C000332,7,SUCCESSFUL,2025-04-24 20:55:17.000,Eastern|Nkawkaw,346.28,GHS,AGENT
ORMT-00007912,OR-C000332,1,SUCCESSFUL,2025-05-03 09:27:48.000,Eastern|Nkawkaw,1392.93,GHS,THIRD_PARTY
ORMT-00007913,OR-C000332,3,SUCCESSFUL,2025-05-14 20:55:45.000,Eastern|Nkawkaw,2267.03,GHS,AGENT
ORMT-00007914,OR-C000332,5,SUCCESSFUL,2025-05-02 18:48:48.000,Eastern|Nkawkaw,248.1,GHS,THIRD_PARTY
ORMT-00007915,OR-C000332,1,SUCCESSFUL,2025-06-13 13:48:29.000,Eastern|Nkawkaw,252.07,GHS,THIRD_PARTY
ORMT-00007921,OR-C000333,1,SUCCESSFUL,2025-04-08 09:31:27.000,Greater Accra|Kasoa,448.04,GHS,AGENT
ORMT-00007922,OR-C000333,8,REJECTED,2025-06-29 13:22:05.000,Greater Accra|Kasoa,450.46,GHS,WEB
ORMT-00007923,OR-C000333,1,SUCCESSFUL,2025-06-27 21:55:19.000,Greater Accra|Kasoa,586.63,GHS,AGENT
ORMT-00007952,OR-C000334,9,SUCCESSFUL,2025-04-01 17:10:17.000,Greater Accra|Accra,312.92,GHS,AGENT
ORMT-00007953,OR-C000334,1,SUCCESSFUL,2025-04-18 09:16:05.000,Greater Accra|Accra,254.04,GHS,MOBILE_APP
ORMT-00007954,OR-C000334,6,SUCCESSFUL,2025-05-31 13:29:06.000,Greater Accra|Accra,2155.04,GHS,API
ORMT-00007955,OR-C000334,5,SUCCESSFUL,2025-06-16 09:58:56.000,Greater Accra|Accra,197.84,GHS,AGENT
ORMT-00007956,OR-C000334,1,SUCCESSFUL,2025-06-07 21:09:36.000,Greater Accra|Accra,1228.07,GHS,AGENT
ORMT-00007957,OR-C000334,9,SUCCESSFUL,2025-06-26 10:33:54.000,Greater Accra|Accra,657.01,GHS,MOBILE_APP
ORMT-00007958,OR-C000334,3,SUCCESSFUL,2025-06-28 20:59:10.000,Greater Accra|Accra,824.34,GHS,API
ORMT-00007959,OR-C000334,3,SUCCESSFUL,2025-06-28 12:44:14.000,Greater Accra|Accra,322.68,GHS,MOBILE_APP
ORMT-00008052,OR-C000335,3,SUCCESSFUL,2025-04-15 07:48:29.000,Bono East|Kintampo,390.2,GHS,MOBILE_APP
ORMT-00008053,OR-C000335,4,SUCCESSFUL,2025-04-08 21:44:23.000,Bono East|Kintampo,220.12,GHS,MOBILE_APP
ORMT-00008054,OR-C000335,2,SUCCESSFUL,2025-04-26 21:18:51.000,Bono East|Kintampo,827.69,GHS,AGENT
ORMT-00008055,OR-C000335,2,SUCCESSFUL,2025-04-24 14:07:35.000,Bono East|Kintampo,531.5,GHS,MOBILE_APP
ORMT-00008056,OR-C000335,2,SUCCESSFUL,2025-04-23 20:42:37.000,Bono East|Kintampo,618.02,GHS,AGENT
ORMT-00008057,OR-C000335,3,SUCCESSFUL,2025-04-04 15:57:27.000,Bono East|Kintampo,122.76,GHS,AGENT
ORMT-00008058,OR-C000335,1,SUCCESSFUL,2025-04-29 10:42:44.000,Bono East|Kintampo,95.64,GHS,AGENT
ORMT-00008059,OR-C000335,1,SUCCESSFUL,2025-05-18 10:36:44.000,Bono East|Kintampo,1077.33,GHS,AGENT
ORMT-00008060,OR-C000335,7,SUCCESSFUL,2025-05-30 08:07:35.000,Bono East|Kintampo,798.69,GHS,THIRD_PARTY
ORMT-00008061,OR-C000335,1,REJECTED,2025-05-19 17:07:00.000,Bono East|Kintampo,1005.17,GHS,API
ORMT-00008062,OR-C000335,2,SUCCESSFUL,2025-05-13 07:57:22.000,Bono East|Kintampo,709.06,GHS,AGENT
ORMT-00008063,OR-C000335,4,SUCCESSFUL,2025-06-14 12:38:02.000,Bono East|Kintampo,318.18,GHS,AGENT
ORMT-00008064,OR-C000335,4,SUCCESSFUL,2025-06-24 12:47:59.000,Bono East|Kintampo,467.39,GHS,AGENT
ORMT-00008065,OR-C000335,1,SUCCESSFUL,2025-06-12 14:18:07.000,Bono East|Kintampo,675.63,GHS,AGENT
ORMT-00008115,OR-C000336,4,SUCCESSFUL,2025-04-27 12:24:01.000,Greater Accra|Madina,538.33,GHS,AGENT
ORMT-00008116,OR-C000336,1,SUCCESSFUL,2025-05-28 13:51:00.000,Greater Accra|Madina,2923.96,GHS,WEB
ORMT-00008117,OR-C000336,1,SUCCESSFUL,2025-05-26 11:09:55.000,Greater Accra|Madina,113.17,GHS,THIRD_PARTY
ORMT-00008118,OR-C000336,5,SUCCESSFUL,2025-05-27 13:41:58.000,Greater Accra|Madina,1291.93,GHS,AGENT
ORMT-00008119,OR-C000336,10,SUCCESSFUL,2025-05-26 10:40:24.000,Greater Accra|Madina,1445.06,GHS,AGENT
ORMT-00008154,OR-C000337,6,SUCCESSFUL,2025-04-14 21:38:42.000,Greater Accra|Accra,180.19,GHS,AGENT
ORMT-00008155,OR-C000337,3,SUCCESSFUL,2025-05-10 10:02:21.000,Greater Accra|Accra,723.0,GHS,AGENT
ORMT-00008156,OR-C000337,1,SUCCESSFUL,2025-05-30 17:02:39.000,Greater Accra|Accra,1387.54,GHS,API
ORMT-00008157,OR-C000337,9,SUCCESSFUL,2025-05-13 13:08:24.000,Greater Accra|Accra,895.53,GHS,AGENT
ORMT-00008158,OR-C000337,5,SUCCESSFUL,2025-06-03 18:44:13.000,Greater Accra|Accra,371.55,GHS,THIRD_PARTY
ORMT-00008159,OR-C000337,3,SUCCESSFUL,2025-06-06 18:08:49.000,Greater Accra|Accra,568.02,GHS,AGENT
ORMT-00008160,OR-C000337,2,SUCCESSFUL,2025-06-13 09:14:14.000,Greater Accra|Accra,144.63,GHS,AGENT
ORMT-00008189,OR-C000338,6,SUCCESSFUL,2025-04-24 07:06:54.000,Northern|Tamale,1570.85,GHS,AGENT
ORMT-00008190,OR-C000338,1,SUCCESSFUL,2025-04-23 10:49:46.000,Northern|Tamale,51.74,GHS,THIRD_PARTY
ORMT-00008219,OR-C000339,9,SUCCESSFUL,2025-04-02 20:50:19.000,Western|Takoradi,613.23,GHS,AGENT
ORMT-00008220,OR-C000339,9,SUCCESSFUL,2025-05-27 07:53:53.000,Western|Takoradi,1088.5,GHS,WEB
ORMT-00008234,OR-C000340,2,SUCCESSFUL,2025-04-11 21:43:02.000,Greater Accra|Kasoa,337.14,GHS,MOBILE_APP
ORMT-00008235,OR-C000340,10,SUCCESSFUL,2025-04-16 08:02:20.000,Greater Accra|Kasoa,520.94,GHS,THIRD_PARTY
ORMT-00008236,OR-C000340,1,SUCCESSFUL,2025-04-18 15:49:34.000,Greater Accra|Kasoa,833.84,GHS,THIRD_PARTY
ORMT-00008237,OR-C000340,10,SUCCESSFUL,2025-04-01 15:04:36.000,Greater Accra|Kasoa,262.48,GHS,THIRD_PARTY
ORMT-00008238,OR-C000340,4,SUCCESSFUL,2025-05-30 12:15:58.000,Greater Accra|Kasoa,294.27,GHS,MOBILE_APP
ORMT-00008239,OR-C000340,1,SUCCESSFUL,2025-06-27 10:02:14.000,Greater Accra|Kasoa,549.59,GHS,THIRD_PARTY
ORMT-00008252,OR-C000341,5,SUCCESSFUL,2025-05-02 14:43:39.000,Bono|Sunyani,796.95,GHS,AGENT
ORMT-00008262,OR-C000342,3,SUCCESSFUL,2025-04-28 08:30:38.000,Ashanti|Obuasi,426.27,GHS,API
ORMT-00008263,OR-C000342,1,REJECTED,2025-04-08 11:53:47.000,Ashanti|Obuasi,427.52,GHS,MOBILE_APP
ORMT-00008264,OR-C000342,8,SUCCESSFUL,2025-05-23 21:31:51.000,Ashanti|Obuasi,800.74,GHS,API
ORMT-00008265,OR-C000342,7,SUCCESSFUL,2025-06-05 10:28:07.000,Ashanti|Obuasi,1405.93,GHS,AGENT
ORMT-00008266,OR-C000342,4,SUCCESSFUL,2025-06-08 17:18:20.000,Ashanti|Obuasi,306.72,GHS,API
ORMT-00008289,OR-C000344,5,SUCCESSFUL,2025-04-04 13:57:46.000,Bono|Berekum,1799.55,GHS,AGENT
ORMT-00008290,OR-C000344,6,SUCCESSFUL,2025-04-20 21:38:02.000,Bono|Berekum,741.96,GHS,MOBILE_APP
ORMT-00008291,OR-C000344,9,SUCCESSFUL,2025-04-07 14:56:00.000,Bono|Berekum,930.83,GHS,AGENT
ORMT-00008292,OR-C000344,5,SUCCESSFUL,2025-05-25 13:33:25.000,Bono|Berekum,635.11,GHS,MOBILE_APP
ORMT-00008320,OR-C000345,6,SUCCESSFUL,2025-04-08 19:21:11.000,Greater Accra|Tema,261.02,GHS,AGENT
ORMT-00008321,OR-C000345,3,SUCCESSFUL,2025-04-09 11:40:55.000,Greater Accra|Tema,1674.47,GHS,THIRD_PARTY
ORMT-00008322,OR-C000345,1,SUCCESSFUL,2025-04-30 14:45:14.000,Greater Accra|Tema,128.15,GHS,AGENT
ORMT-00008323,OR-C000345,5,SUCCESSFUL,2025-05-26 21:50:05.000,Greater Accra|Tema,152.5,GHS,WEB
ORMT-00008324,OR-C000345,3,SUCCESSFUL,2025-05-16 16:11:38.000,Greater Accra|Tema,600.12,GHS,THIRD_PARTY
ORMT-00008325,OR-C000345,3,SUCCESSFUL,2025-05-02 15:56:03.000,Greater Accra|Tema,136.34,GHS,THIRD_PARTY
ORMT-00008326,OR-C000345,1,SUCCESSFUL,2025-06-27 18:10:57.000,Greater Accra|Tema,452.81,GHS,API
ORMT-00008344,OR-C000346,3,SUCCESSFUL,2025-04-18 17:20:37.000,Greater Accra|Madina,1111.71,GHS,WEB
ORMT-00008382,OR-C000347,1,SUCCESSFUL,2025-04-05 10:14:24.000,Greater Accra|Kasoa,1633.77,GHS,AGENT
ORMT-00008383,OR-C000347,4,SUCCESSFUL,2025-04-07 15:50:12.000,Greater Accra|Kasoa,297.89,GHS,AGENT
ORMT-00008384,OR-C000347,5,SUCCESSFUL,2025-04-29 07:03:42.000,Greater Accra|Kasoa,1612.77,GHS,WEB
ORMT-00008385,OR-C000347,10,SUCCESSFUL,2025-04-24 08:07:18.000,Greater Accra|Kasoa,1294.84,GHS,AGENT
ORMT-00008386,OR-C000347,4,REJECTED,2025-04-28 21:56:44.000,Greater Accra|Kasoa,336.42,GHS,WEB
ORMT-00008387,OR-C000347,3,SUCCESSFUL,2025-04-17 16:24:32.000,Greater Accra|Kasoa,330.75,GHS,THIRD_PARTY
ORMT-00008388,OR-C000347,2,SUCCESSFUL,2025-04-09 09:40:56.000,Greater Accra|Kasoa,781.39,GHS,THIRD_PARTY
ORMT-00008389,OR-C000347,10,SUCCESSFUL,2025-05-15 21:35:23.000,Greater Accra|Kasoa,187.55,GHS,AGENT
ORMT-00008390,OR-C000347,1,SUCCESSFUL,2025-05-21 12:53:25.000,Greater Accra|Kasoa,502.51,GHS,THIRD_PARTY
ORMT-00008391,OR-C000347,3,SUCCESSFUL,2025-06-25 17:44:10.000,Greater Accra|Kasoa,470.31,GHS,MOBILE_APP
ORMT-00008392,OR-C000347,1,SUCCESSFUL,2025-06-03 18:18:00.000,Greater Accra|Kasoa,2394.99,GHS,THIRD_PARTY
ORMT-00008393,OR-C000347,1,SUCCESSFUL,2025-06-19 14:46:13.000,Greater Accra|Kasoa,466.79,GHS,API
ORMT-00008394,OR-C000347,7,SUCCESSFUL,2025-06-25 12:45:01.000,Greater Accra|Kasoa,610.59,GHS,AGENT
ORMT-00008395,OR-C000347,2,SUCCESSFUL,2025-06-15 21:55:32.000,Greater Accra|Kasoa,154.08,GHS,AGENT
ORMT-00008552,OR-C000349,4,SUCCESSFUL,2025-04-17 13:30:32.000,Western|Axim,96.09,GHS,AGENT
ORMT-00008553,OR-C000349,5,SUCCESSFUL,2025-04-22 07:06:27.000,Western|Axim,1321.38,GHS,MOBILE_APP
ORMT-00008554,OR-C000349,7,SUCCESSFUL,2025-04-22 16:45:17.000,Western|Axim,219.5,GHS,AGENT
ORMT-00008555,OR-C000349,1,SUCCESSFUL,2025-05-29 12:58:07.000,Western|Axim,2359.65,GHS,AGENT
ORMT-00008556,OR-C000349,1,SUCCESSFUL,2025-05-21 20:01:09.000,Western|Axim,456.59,GHS,AGENT
ORMT-00008557,OR-C000349,3,SUCCESSFUL,2025-05-28 18:58:43.000,Western|Axim,1757.27,GHS,WEB
ORMT-00008558,OR-C000349,4,SUCCESSFUL,2025-05-06 08:03:52.000,Western|Axim,342.68,GHS,WEB
ORMT-00008559,OR-C000349,5,REJECTED,2025-05-28 19:05:37.000,Western|Axim,1718.65,GHS,AGENT
ORMT-00008560,OR-C000349,5,SUCCESSFUL,2025-05-17 08:32:47.000,Western|Axim,1512.17,GHS,MOBILE_APP
ORMT-00008561,OR-C000349,3,FAILED,2025-05-21 08:19:45.000,Western|Axim,505.17,GHS,MOBILE_APP
ORMT-00008562,OR-C000349,2,SUCCESSFUL,2025-06-21 18:58:48.000,Western|Axim,2891.26,GHS,THIRD_PARTY
ORMT-00008563,OR-C000349,4,SUCCESSFUL,2025-06-21 16:03:02.000,Western|Axim,1854.44,GHS,AGENT
ORMT-00008564,OR-C000349,1,SUCCESSFUL,2025-06-25 17:14:11.000,Western|Axim,1991.43,GHS,API
ORMT-00008623,OR-C000350,2,SUCCESSFUL,2025-04-05 15:27:52.000,Oti|Dambai,688.23,GHS,THIRD_PARTY
ORMT-00008624,OR-C000350,2,FAILED,2025-04-21 09:58:57.000,Oti|Dambai,1106.8,GHS,WEB
ORMT-00008625,OR-C000350,1,SUCCESSFUL,2025-05-22 07:39:03.000,Oti|Dambai,1536.6,GHS,WEB
ORMT-00008626,OR-C000350,7,SUCCESSFUL,2025-06-06 08:20:39.000,Oti|Dambai,512.36,GHS,THIRD_PARTY
ORMT-00008642,OR-C000351,5,SUCCESSFUL,2025-04-27 19:49:48.000,Greater Accra|Kasoa,221.9,GHS,THIRD_PARTY
ORMT-00008661,OR-C000354,8,SUCCESSFUL,2025-06-03 12:57:24.000,Ashanti|Obuasi,1347.23,GHS,THIRD_PARTY
ORMT-00008668,OR-C000355,3,SUCCESSFUL,2025-06-22 16:37:46.000,Central|Winneba,3342.38,GHS,AGENT
ORMT-00008669,OR-C000355,2,SUCCESSFUL,2025-06-16 07:02:22.000,Central|Winneba,229.39,GHS,AGENT
ORMT-00008709,OR-C000356,6,SUCCESSFUL,2025-04-06 19:49:08.000,Bono|Sunyani,499.67,GHS,WEB
ORMT-00008710,OR-C000356,1,SUCCESSFUL,2025-04-14 09:09:41.000,Bono|Sunyani,894.84,GHS,API
ORMT-00008711,OR-C000356,3,SUCCESSFUL,2025-04-21 16:48:17.000,Bono|Sunyani,982.26,GHS,AGENT
ORMT-00008712,OR-C000356,2,SUCCESSFUL,2025-04-29 09:59:22.000,Bono|Sunyani,2691.61,GHS,AGENT
ORMT-00008713,OR-C000356,1,SUCCESSFUL,2025-05-01 16:41:04.000,Bono|Sunyani,1549.49,GHS,MOBILE_APP
ORMT-00008714,OR-C000356,8,SUCCESSFUL,2025-06-26 07:12:02.000,Bono|Sunyani,714.7,GHS,THIRD_PARTY
ORMT-00008715,OR-C000356,5,SUCCESSFUL,2025-06-12 12:36:25.000,Bono|Sunyani,1357.57,GHS,MOBILE_APP
ORMT-00008716,OR-C000356,8,SUCCESSFUL,2025-06-27 09:26:20.000,Bono|Sunyani,762.03,GHS,AGENT
ORMT-00008747,OR-C000357,1,SUCCESSFUL,2025-04-17 17:40:11.000,Ashanti|Obuasi,504.27,GHS,AGENT
ORMT-00008748,OR-C000357,2,SUCCESSFUL,2025-06-24 14:51:25.000,Ashanti|Obuasi,328.9,GHS,AGENT
ORMT-00008763,OR-C000358,5,SUCCESSFUL,2025-05-01 10:43:54.000,Central|Elmina,453.9,GHS,MOBILE_APP
ORMT-00008802,OR-C000359,5,SUCCESSFUL,2025-04-07 07:08:21.000,Bono|Berekum,1341.66,GHS,MOBILE_APP
ORMT-00008803,OR-C000359,2,SUCCESSFUL,2025-04-07 07:25:13.000,Bono|Berekum,546.56,GHS,AGENT
ORMT-00008804,OR-C000359,5,SUCCESSFUL,2025-04-10 20:48:25.000,Bono|Berekum,520.57,GHS,MOBILE_APP
ORMT-00008805,OR-C000359,10,SUCCESSFUL,2025-04-30 18:50:35.000,Bono|Berekum,301.23,GHS,MOBILE_APP
ORMT-00008806,OR-C000359,5,SUCCESSFUL,2025-04-25 15:21:58.000,Bono|Berekum,554.76,GHS,THIRD_PARTY
ORMT-00008807,OR-C000359,2,SUCCESSFUL,2025-04-10 11:28:02.000,Bono|Berekum,677.01,GHS,MOBILE_APP
ORMT-00008808,OR-C000359,1,SUCCESSFUL,2025-05-04 17:34:10.000,Bono|Berekum,336.49,GHS,THIRD_PARTY
ORMT-00008809,OR-C000359,2,SUCCESSFUL,2025-05-30 11:36:57.000,Bono|Berekum,441.56,GHS,MOBILE_APP
ORMT-00008810,OR-C000359,1,SUCCESSFUL,2025-05-02 19:50:08.000,Bono|Berekum,405.02,GHS,WEB
ORMT-00008811,OR-C000359,6,SUCCESSFUL,2025-05-27 07:33:12.000,Bono|Berekum,1613.0,GHS,AGENT
ORMT-00008812,OR-C000359,8,SUCCESSFUL,2025-05-03 09:38:58.000,Bono|Berekum,1164.02,GHS,AGENT
ORMT-00008813,OR-C000359,9,SUCCESSFUL,2025-05-11 14:29:54.000,Bono|Berekum,1076.96,GHS,MOBILE_APP
ORMT-00008814,OR-C000359,3,SUCCESSFUL,2025-06-15 18:43:55.000,Bono|Berekum,587.99,GHS,WEB
ORMT-00008827,OR-C000360,7,SUCCESSFUL,2025-04-21 18:46:19.000,Volta|Ho,1191.55,GHS,AGENT
ORMT-00008828,OR-C000360,7,SUCCESSFUL,2025-05-09 08:10:34.000,Volta|Ho,1648.22,GHS,THIRD_PARTY
ORMT-00008843,OR-C000362,6,SUCCESSFUL,2025-05-09 20:43:32.000,Greater Accra|Accra,1062.19,GHS,AGENT
ORMT-00008859,OR-C000363,3,SUCCESSFUL,2025-05-09 18:44:55.000,Eastern|Akropong,513.54,GHS,AGENT
ORMT-00008860,OR-C000363,3,SUCCESSFUL,2025-05-06 13:53:39.000,Eastern|Akropong,1593.9,GHS,WEB
ORMT-00008892,OR-C000365,5,SUCCESSFUL,2025-05-05 20:45:55.000,Greater Accra|Tema,233.86,GHS,MOBILE_APP
ORMT-00008893,OR-C000365,2,SUCCESSFUL,2025-05-03 17:12:51.000,Greater Accra|Tema,929.32,GHS,AGENT
ORMT-00008910,OR-C000366,1,SUCCESSFUL,2025-04-27 18:25:48.000,Ashanti|Obuasi,226.88,GHS,THIRD_PARTY
ORMT-00008911,OR-C000366,3,SUCCESSFUL,2025-04-09 19:30:38.000,Ashanti|Obuasi,1746.73,GHS,WEB
ORMT-00008912,OR-C000366,4,SUCCESSFUL,2025-05-26 08:13:28.000,Ashanti|Obuasi,365.56,GHS,AGENT
ORMT-00008913,OR-C000366,5,SUCCESSFUL,2025-06-04 16:15:35.000,Ashanti|Obuasi,532.06,GHS,MOBILE_APP
ORMT-00008914,OR-C000366,2,SUCCESSFUL,2025-06-27 19:45:35.000,Ashanti|Obuasi,417.74,GHS,THIRD_PARTY
ORMT-00008915,OR-C000366,1,SUCCESSFUL,2025-06-13 08:36:41.000,Ashanti|Obuasi,570.96,GHS,AGENT
ORMT-00008924,OR-C000367,2,SUCCESSFUL,2025-06-04 11:44:06.000,Ahafo|Goaso,660.65,GHS,AGENT
ORMT-00008950,OR-C000368,4,SUCCESSFUL,2025-04-19 17:42:48.000,Central|Winneba,307.71,GHS,AGENT
ORMT-00008951,OR-C000368,1,SUCCESSFUL,2025-04-20 08:23:37.000,Central|Winneba,457.35,GHS,WEB
ORMT-00008952,OR-C000368,6,SUCCESSFUL,2025-05-01 12:44:47.000,Central|Winneba,249.27,GHS,API
ORMT-00008953,OR-C000368,4,SUCCESSFUL,2025-06-06 11:46:24.000,Central|Winneba,98.27,GHS,MOBILE_APP
ORMT-00008954,OR-C000368,1,SUCCESSFUL,2025-06-07 12:35:38.000,Central|Winneba,616.24,GHS,MOBILE_APP
ORMT-00008955,OR-C000368,3,SUCCESSFUL,2025-06-29 17:40:53.000,Central|Winneba,377.1,GHS,API
ORMT-00008956,OR-C000368,3,SUCCESSFUL,2025-06-07 10:46:17.000,Central|Winneba,1547.1,GHS,AGENT
ORMT-00008978,OR-C000369,2,SUCCESSFUL,2025-05-29 19:23:28.000,Ashanti|Obuasi,217.79,GHS,AGENT
ORMT-00008996,OR-C000370,1,SUCCESSFUL,2025-04-25 07:37:36.000,Bono East|Kintampo,3199.68,GHS,WEB
ORMT-00008997,OR-C000370,1,SUCCESSFUL,2025-04-18 09:49:34.000,Bono East|Kintampo,452.69,GHS,AGENT
ORMT-00008998,OR-C000370,7,SUCCESSFUL,2025-05-01 11:04:19.000,Bono East|Kintampo,198.7,GHS,WEB
ORMT-00009013,OR-C000371,9,SUCCESSFUL,2025-04-10 07:31:00.000,Ashanti|Obuasi,467.75,GHS,API
ORMT-00009014,OR-C000371,3,SUCCESSFUL,2025-04-28 18:04:37.000,Ashanti|Obuasi,495.11,GHS,AGENT
ORMT-00009015,OR-C000371,1,SUCCESSFUL,2025-04-29 12:14:36.000,Ashanti|Obuasi,648.63,GHS,AGENT
ORMT-00009016,OR-C000371,2,SUCCESSFUL,2025-04-12 20:41:50.000,Ashanti|Obuasi,1350.21,GHS,AGENT
ORMT-00009017,OR-C000371,3,SUCCESSFUL,2025-05-07 17:41:15.000,Ashanti|Obuasi,691.04,GHS,THIRD_PARTY
ORMT-00009018,OR-C000371,1,FAILED,2025-05-25 21:20:27.000,Ashanti|Obuasi,1233.65,GHS,MOBILE_APP
ORMT-00009019,OR-C000371,8,SUCCESSFUL,2025-06-17 12:40:58.000,Ashanti|Obuasi,1464.53,GHS,WEB
ORMT-00009045,OR-C000372,1,SUCCESSFUL,2025-05-30 21:54:59.000,Ashanti|Ejisu,852.49,GHS,THIRD_PARTY
ORMT-00009046,OR-C000372,10,SUCCESSFUL,2025-05-29 11:15:32.000,Ashanti|Ejisu,702.71,GHS,MOBILE_APP
ORMT-00009047,OR-C000372,1,SUCCESSFUL,2025-05-01 21:59:35.000,Ashanti|Ejisu,1029.54,GHS,AGENT
ORMT-00009048,OR-C000372,2,SUCCESSFUL,2025-05-27 11:33:47.000,Ashanti|Ejisu,929.38,GHS,THIRD_PARTY
ORMT-00009068,OR-C000373,5,SUCCESSFUL,2025-04-28 08:51:10.000,Eastern|Koforidua,1149.69,GHS,MOBILE_APP
ORMT-00009069,OR-C000373,4,SUCCESSFUL,2025-04-16 15:52:26.000,Eastern|Koforidua,120.25,GHS,AGENT
ORMT-00009070,OR-C000373,8,SUCCESSFUL,2025-05-31 20:07:21.000,Eastern|Koforidua,562.32,GHS,THIRD_PARTY
ORMT-00009071,OR-C000373,3,SUCCESSFUL,2025-05-04 17:41:29.000,Eastern|Koforidua,608.59,GHS,WEB
ORMT-00009072,OR-C000373,4,SUCCESSFUL,2025-05-02 13:13:21.000,Eastern|Koforidua,1586.1,GHS,MOBILE_APP
ORMT-00009073,OR-C000373,9,SUCCESSFUL,2025-05-08 20:30:08.000,Eastern|Koforidua,604.75,GHS,WEB
ORMT-00009074,OR-C000373,3,SUCCESSFUL,2025-05-15 18:33:07.000,Eastern|Koforidua,1483.54,GHS,AGENT
ORMT-00009075,OR-C000373,1,SUCCESSFUL,2025-06-17 14:45:22.000,Eastern|Koforidua,387.81,GHS,AGENT
ORMT-00009076,OR-C000373,4,SUCCESSFUL,2025-06-20 12:31:19.000,Eastern|Koforidua,1005.58,GHS,MOBILE_APP
ORMT-00009077,OR-C000373,1,SUCCESSFUL,2025-06-16 18:44:02.000,Eastern|Koforidua,1668.61,GHS,THIRD_PARTY
ORMT-00009101,OR-C000374,1,SUCCESSFUL,2025-04-16 12:03:15.000,Ashanti|Kumasi,1221.88,GHS,AGENT
ORMT-00009102,OR-C000374,3,SUCCESSFUL,2025-04-11 17:35:52.000,Ashanti|Kumasi,444.3,GHS,AGENT
ORMT-00009103,OR-C000374,4,SUCCESSFUL,2025-06-30 12:51:30.000,Ashanti|Kumasi,4595.58,GHS,THIRD_PARTY
ORMT-00009119,OR-C000375,1,SUCCESSFUL,2025-05-06 09:00:59.000,Greater Accra|Madina,2318.09,GHS,WEB
ORMT-00009128,OR-C000376,1,FAILED,2025-04-03 09:16:50.000,Volta|Ho,2036.62,GHS,THIRD_PARTY
ORMT-00009129,OR-C000376,3,SUCCESSFUL,2025-04-29 14:00:31.000,Volta|Ho,88.83,GHS,MOBILE_APP
ORMT-00009130,OR-C000376,1,SUCCESSFUL,2025-04-01 20:13:48.000,Volta|Ho,1448.38,GHS,AGENT
ORMT-00009131,OR-C000376,1,SUCCESSFUL,2025-05-20 20:31:26.000,Volta|Ho,121.85,GHS,API
ORMT-00009132,OR-C000376,1,SUCCESSFUL,2025-05-12 20:37:41.000,Volta|Ho,158.9,GHS,MOBILE_APP
ORMT-00009133,OR-C000376,3,SUCCESSFUL,2025-06-20 10:41:16.000,Volta|Ho,658.11,GHS,MOBILE_APP
ORMT-00009147,OR-C000377,1,SUCCESSFUL,2025-04-19 17:46:07.000,Greater Accra|Kasoa,273.55,GHS,WEB
ORMT-00009161,OR-C000378,5,SUCCESSFUL,2025-04-23 08:53:30.000,Greater Accra|Tema,2175.65,GHS,AGENT
ORMT-00009162,OR-C000378,1,SUCCESSFUL,2025-04-13 15:33:03.000,Greater Accra|Tema,722.9,GHS,THIRD_PARTY
ORMT-00009163,OR-C000378,4,SUCCESSFUL,2025-05-27 18:06:59.000,Greater Accra|Tema,453.23,GHS,MOBILE_APP
ORMT-00009164,OR-C000378,5,SUCCESSFUL,2025-05-31 08:42:55.000,Greater Accra|Tema,716.23,GHS,AGENT
ORMT-00009165,OR-C000378,3,SUCCESSFUL,2025-06-02 08:18:31.000,Greater Accra|Tema,120.75,GHS,AGENT
ORMT-00009200,OR-C000381,6,SUCCESSFUL,2025-04-02 20:37:07.000,Greater Accra|Madina,1513.98,GHS,MOBILE_APP
ORMT-00009201,OR-C000381,7,SUCCESSFUL,2025-05-20 11:59:49.000,Greater Accra|Madina,1027.7,GHS,AGENT
ORMT-00009315,OR-C000383,2,SUCCESSFUL,2025-04-02 13:34:30.000,Northern|Yendi,615.68,GHS,AGENT
ORMT-00009316,OR-C000383,1,SUCCESSFUL,2025-04-03 18:48:51.000,Northern|Yendi,341.49,GHS,THIRD_PARTY
ORMT-00009317,OR-C000383,2,SUCCESSFUL,2025-04-17 12:55:39.000,Northern|Yendi,1349.39,GHS,MOBILE_APP
ORMT-00009318,OR-C000383,4,SUCCESSFUL,2025-04-09 15:22:03.000,Northern|Yendi,453.34,GHS,AGENT
ORMT-00009319,OR-C000383,3,SUCCESSFUL,2025-04-04 12:49:26.000,Northern|Yendi,769.88,GHS,API
ORMT-00009320,OR-C000383,1,SUCCESSFUL,2025-04-28 14:54:41.000,Northern|Yendi,1438.03,GHS,AGENT
ORMT-00009321,OR-C000383,3,SUCCESSFUL,2025-05-14 08:13:46.000,Northern|Yendi,1341.1,GHS,MOBILE_APP
ORMT-00009322,OR-C000383,9,SUCCESSFUL,2025-05-28 14:34:03.000,Northern|Yendi,1792.76,GHS,AGENT
ORMT-00009323,OR-C000383,4,SUCCESSFUL,2025-05-07 15:35:38.000,Northern|Yendi,456.23,GHS,WEB
ORMT-00009324,OR-C000383,1,SUCCESSFUL,2025-05-21 17:32:52.000,Northern|Yendi,2210.91,GHS,MOBILE_APP
ORMT-00009325,OR-C000383,4,SUCCESSFUL,2025-05-08 14:45:59.000,Northern|Yendi,1134.25,GHS,MOBILE_APP
ORMT-00009326,OR-C000383,2,SUCCESSFUL,2025-06-03 21:27:24.000,Northern|Yendi,143.24,GHS,THIRD_PARTY
ORMT-00009327,OR-C000383,2,SUCCESSFUL,2025-06-13 18:59:52.000,Northern|Yendi,265.39,GHS,AGENT
ORMT-00009328,OR-C000383,2,SUCCESSFUL,2025-06-07 16:23:33.000,Northern|Yendi,1131.6,GHS,THIRD_PARTY
ORMT-00009329,OR-C000383,3,SUCCESSFUL,2025-06-28 15:00:41.000,Northern|Yendi,308.1,GHS,AGENT
ORMT-00009330,OR-C000383,2,SUCCESSFUL,2025-06-20 09:03:45.000,Northern|Yendi,1473.84,GHS,MOBILE_APP
ORMT-00009331,OR-C000383,7,SUCCESSFUL,2025-06-21 08:26:28.000,Northern|Yendi,893.58,GHS,AGENT
ORMT-00009332,OR-C000383,1,SUCCESSFUL,2025-06-01 13:17:22.000,Northern|Yendi,769.15,GHS,AGENT
ORMT-00009377,OR-C000385,1,SUCCESSFUL,2025-06-28 07:22:49.000,Bono East|Techiman,835.78,GHS,MOBILE_APP
ORMT-00009381,OR-C000386,3,SUCCESSFUL,2025-04-28 14:48:33.000,Western|Tarkwa,234.3,GHS,AGENT
ORMT-00009382,OR-C000386,2,SUCCESSFUL,2025-04-26 20:12:06.000,Western|Tarkwa,1041.51,GHS,AGENT
ORMT-00009383,OR-C000386,4,SUCCESSFUL,2025-06-21 20:05:57.000,Western|Tarkwa,618.43,GHS,AGENT
ORMT-00009404,OR-C000387,3,SUCCESSFUL,2025-04-05 14:33:59.000,Bono East|Techiman,2755.35,GHS,AGENT
ORMT-00009405,OR-C000387,1,SUCCESSFUL,2025-06-05 16:21:29.000,Bono East|Techiman,1212.41,GHS,THIRD_PARTY
ORMT-00009406,OR-C000387,2,SUCCESSFUL,2025-06-04 07:49:52.000,Bono East|Techiman,400.14,GHS,THIRD_PARTY
ORMT-00009407,OR-C000387,2,SUCCESSFUL,2025-06-26 21:41:55.000,Bono East|Techiman,532.29,GHS,MOBILE_APP
ORMT-00009429,OR-C000388,5,SUCCESSFUL,2025-04-01 15:25:21.000,Volta|Hohoe,555.7,GHS,AGENT
ORMT-00009430,OR-C000388,5,SUCCESSFUL,2025-04-27 11:15:18.000,Volta|Hohoe,1924.76,GHS,MOBILE_APP
ORMT-00009431,OR-C000388,3,SUCCESSFUL,2025-06-11 21:13:55.000,Volta|Hohoe,320.74,GHS,MOBILE_APP
ORMT-00009454,OR-C000389,1,SUCCESSFUL,2025-06-30 15:39:11.000,Greater Accra|Madina,863.93,GHS,THIRD_PARTY
ORMT-00009455,OR-C000389,3,SUCCESSFUL,2025-06-07 13:48:35.000,Greater Accra|Madina,436.75,GHS,AGENT
ORMT-00009475,OR-C000390,7,SUCCESSFUL,2025-06-05 11:54:49.000,Ashanti|Kumasi,327.96,GHS,MOBILE_APP
ORMT-00009491,OR-C000392,1,SUCCESSFUL,2025-06-28 20:10:23.000,Northern|Yendi,250.99,GHS,MOBILE_APP
ORMT-00009538,OR-C000394,4,SUCCESSFUL,2025-04-29 17:11:20.000,Northern|Savelugu,428.87,GHS,API
ORMT-00009539,OR-C000394,1,SUCCESSFUL,2025-04-06 19:38:21.000,Northern|Savelugu,1621.98,GHS,WEB
ORMT-00009540,OR-C000394,8,SUCCESSFUL,2025-04-18 14:51:56.000,Northern|Savelugu,293.61,GHS,API
ORMT-00009541,OR-C000394,5,SUCCESSFUL,2025-05-06 20:00:25.000,Northern|Savelugu,445.45,GHS,MOBILE_APP
ORMT-00009542,OR-C000394,3,SUCCESSFUL,2025-06-20 09:39:31.000,Northern|Savelugu,301.05,GHS,AGENT
ORMT-00009562,OR-C000395,9,SUCCESSFUL,2025-05-26 16:48:52.000,Northern|Tamale,501.91,GHS,AGENT
ORMT-00009615,OR-C000396,1,SUCCESSFUL,2025-04-01 16:44:12.000,Greater Accra|Kasoa,2016.97,GHS,MOBILE_APP
ORMT-00009616,OR-C000396,7,SUCCESSFUL,2025-04-27 11:56:42.000,Greater Accra|Kasoa,564.98,GHS,MOBILE_APP
ORMT-00009617,OR-C000396,2,SUCCESSFUL,2025-04-27 07:43:44.000,Greater Accra|Kasoa,150.58,GHS,MOBILE_APP
ORMT-00009618,OR-C000396,1,SUCCESSFUL,2025-04-11 13:04:42.000,Greater Accra|Kasoa,368.74,GHS,WEB
ORMT-00009619,OR-C000396,1,SUCCESSFUL,2025-05-25 19:38:55.000,Greater Accra|Kasoa,869.02,GHS,MOBILE_APP
ORMT-00009620,OR-C000396,2,SUCCESSFUL,2025-05-19 16:19:21.000,Greater Accra|Kasoa,477.21,GHS,AGENT
ORMT-00009637,OR-C000397,1,SUCCESSFUL,2025-04-06 20:35:36.000,Greater Accra|Madina,974.76,GHS,AGENT
ORMT-00009638,OR-C000397,1,REJECTED,2025-04-11 12:20:29.000,Greater Accra|Madina,1151.3,GHS,AGENT
ORMT-00009639,OR-C000397,2,SUCCESSFUL,2025-05-31 16:20:39.000,Greater Accra|Madina,881.2,GHS,WEB
ORMT-00009640,OR-C000397,1,SUCCESSFUL,2025-05-21 09:36:48.000,Greater Accra|Madina,321.55,GHS,AGENT
ORMT-00009654,OR-C000398,2,SUCCESSFUL,2025-06-20 09:25:20.000,Greater Accra|Madina,496.88,GHS,AGENT
ORMT-00009674,OR-C000399,2,SUCCESSFUL,2025-04-09 14:32:31.000,Upper East|Navrongo,132.79,GHS,AGENT
ORMT-00009675,OR-C000399,1,SUCCESSFUL,2025-05-01 16:07:10.000,Upper East|Navrongo,825.64,GHS,THIRD_PARTY
ORMT-00009676,OR-C000399,8,SUCCESSFUL,2025-05-09 12:32:51.000,Upper East|Navrongo,788.61,GHS,API
ORMT-00009677,OR-C000399,2,SUCCESSFUL,2025-05-22 18:29:13.000,Upper East|Navrongo,2571.53,GHS,AGENT
ORMT-00009678,OR-C000399,2,SUCCESSFUL,2025-05-10 09:01:07.000,Upper East|Navrongo,932.66,GHS,AGENT
ORMT-00009679,OR-C000399,5,SUCCESSFUL,2025-06-26 10:16:28.000,Upper East|Navrongo,742.25,GHS,THIRD_PARTY
ORMT-00009680,OR-C000399,6,SUCCESSFUL,2025-06-12 09:17:22.000,Upper East|Navrongo,578.13,GHS,MOBILE_APP
ORMT-00009705,OR-C000402,10,SUCCESSFUL,2025-06-23 17:55:01.000,Western|Tarkwa,402.57,GHS,THIRD_PARTY
ORMT-00009719,OR-C000403,1,SUCCESSFUL,2025-04-21 17:09:06.000,Greater Accra|Accra,623.53,GHS,AGENT
ORMT-00009720,OR-C000403,6,SUCCESSFUL,2025-04-11 17:00:54.000,Greater Accra|Accra,706.32,GHS,AGENT
ORMT-00009721,OR-C000403,3,SUCCESSFUL,2025-06-28 08:00:19.000,Greater Accra|Accra,1564.61,GHS,AGENT
ORMT-00009730,OR-C000404,6,SUCCESSFUL,2025-05-03 07:44:26.000,Northern|Tamale,587.21,GHS,API
ORMT-00009731,OR-C000404,1,SUCCESSFUL,2025-05-09 20:03:57.000,Northern|Tamale,2127.86,GHS,THIRD_PARTY
ORMT-00009732,OR-C000404,3,SUCCESSFUL,2025-06-02 16:13:42.000,Northern|Tamale,939.06,GHS,THIRD_PARTY
ORMT-00009745,OR-C000405,4,SUCCESSFUL,2025-05-28 17:14:56.000,Western|Axim,258.53,GHS,MOBILE_APP
ORMT-00009746,OR-C000405,6,SUCCESSFUL,2025-06-12 08:41:46.000,Western|Axim,1055.36,GHS,WEB
ORMT-00009790,OR-C000406,5,SUCCESSFUL,2025-04-14 10:42:20.000,Greater Accra|Accra,2637.6,GHS,MOBILE_APP
ORMT-00009791,OR-C000406,6,SUCCESSFUL,2025-04-28 13:37:06.000,Greater Accra|Accra,1992.53,GHS,MOBILE_APP
ORMT-00009792,OR-C000406,4,SUCCESSFUL,2025-04-09 21:31:25.000,Greater Accra|Accra,728.71,GHS,THIRD_PARTY
ORMT-00009793,OR-C000406,10,SUCCESSFUL,2025-04-17 20:02:18.000,Greater Accra|Accra,1039.08,GHS,THIRD_PARTY
ORMT-00009794,OR-C000406,4,SUCCESSFUL,2025-04-25 20:02:26.000,Greater Accra|Accra,424.32,GHS,MOBILE_APP
ORMT-00009795,OR-C000406,4,SUCCESSFUL,2025-04-21 18:01:15.000,Greater Accra|Accra,1412.14,GHS,AGENT
ORMT-00009796,OR-C000406,4,SUCCESSFUL,2025-05-27 12:02:36.000,Greater Accra|Accra,762.58,GHS,THIRD_PARTY
ORMT-00009797,OR-C000406,8,SUCCESSFUL,2025-06-09 18:07:29.000,Greater Accra|Accra,846.27,GHS,MOBILE_APP
ORMT-00009798,OR-C000406,3,SUCCESSFUL,2025-06-06 17:25:08.000,Greater Accra|Accra,1772.52,GHS,AGENT
ORMT-00009834,OR-C000407,4,FAILED,2025-04-02 17:48:11.000,Greater Accra|Madina,1718.72,GHS,MOBILE_APP
ORMT-00009835,OR-C000407,1,SUCCESSFUL,2025-05-20 20:09:46.000,Greater Accra|Madina,2743.25,GHS,THIRD_PARTY
ORMT-00009836,OR-C000407,4,SUCCESSFUL,2025-05-31 10:48:14.000,Greater Accra|Madina,223.06,GHS,AGENT
ORMT-00009837,OR-C000407,4,SUCCESSFUL,2025-06-12 21:26:06.000,Greater Accra|Madina,666.17,GHS,WEB
ORMT-00009838,OR-C000407,6,SUCCESSFUL,2025-06-01 10:23:59.000,Greater Accra|Madina,304.88,GHS,MOBILE_APP
ORMT-00009839,OR-C000407,2,SUCCESSFUL,2025-06-20 11:47:46.000,Greater Accra|Madina,1260.19,GHS,THIRD_PARTY
ORMT-00009851,OR-C000409,1,SUCCESSFUL,2025-06-30 21:19:46.000,Upper East|Navrongo,650.07,GHS,MOBILE_APP
ORMT-00009852,OR-C000409,7,SUCCESSFUL,2025-06-17 15:49:54.000,Upper East|Navrongo,948.91,GHS,WEB
ORMT-00009902,OR-C000411,2,SUCCESSFUL,2025-04-26 08:23:29.000,Greater Accra|Tema,2806.69,GHS,MOBILE_APP
ORMT-00009903,OR-C000411,5,SUCCESSFUL,2025-04-02 15:25:28.000,Greater Accra|Tema,184.4,GHS,AGENT
ORMT-00009904,OR-C000411,7,SUCCESSFUL,2025-06-05 14:08:47.000,Greater Accra|Tema,1094.6,GHS,AGENT
ORMT-00009970,OR-C000413,10,SUCCESSFUL,2025-04-23 12:20:18.000,Northern|Savelugu,1452.04,GHS,MOBILE_APP
ORMT-00009971,OR-C000413,4,SUCCESSFUL,2025-04-29 18:32:30.000,Northern|Savelugu,364.85,GHS,THIRD_PARTY
ORMT-00009972,OR-C000413,1,SUCCESSFUL,2025-04-23 11:58:42.000,Northern|Savelugu,760.67,GHS,THIRD_PARTY
ORMT-00009973,OR-C000413,1,SUCCESSFUL,2025-05-19 07:09:25.000,Northern|Savelugu,1826.14,GHS,AGENT
ORMT-00009974,OR-C000413,1,SUCCESSFUL,2025-05-21 11:31:10.000,Northern|Savelugu,1580.93,GHS,MOBILE_APP
ORMT-00009975,OR-C000413,2,SUCCESSFUL,2025-06-29 07:58:01.000,Northern|Savelugu,3292.77,GHS,API
ORMT-00009976,OR-C000413,5,SUCCESSFUL,2025-06-13 11:27:46.000,Northern|Savelugu,614.96,GHS,MOBILE_APP
ORMT-00010093,OR-C000414,1,SUCCESSFUL,2025-04-28 18:43:21.000,Greater Accra|Madina,689.68,GHS,AGENT
ORMT-00010094,OR-C000414,2,SUCCESSFUL,2025-04-15 10:43:19.000,Greater Accra|Madina,2547.54,GHS,THIRD_PARTY
ORMT-00010095,OR-C000414,2,SUCCESSFUL,2025-05-17 08:03:51.000,Greater Accra|Madina,758.5,GHS,AGENT
ORMT-00010096,OR-C000414,4,SUCCESSFUL,2025-05-24 15:57:38.000,Greater Accra|Madina,375.81,GHS,THIRD_PARTY
ORMT-00010097,OR-C000414,6,SUCCESSFUL,2025-05-30 21:54:33.000,Greater Accra|Madina,694.4,GHS,AGENT
ORMT-00010098,OR-C000414,3,SUCCESSFUL,2025-05-23 17:40:49.000,Greater Accra|Madina,1170.36,GHS,AGENT
ORMT-00010099,OR-C000414,5,SUCCESSFUL,2025-05-24 16:31:59.000,Greater Accra|Madina,272.14,GHS,THIRD_PARTY
ORMT-00010100,OR-C000414,1,SUCCESSFUL,2025-05-09 08:30:44.000,Greater Accra|Madina,742.17,GHS,AGENT
ORMT-00010101,OR-C000414,5,SUCCESSFUL,2025-06-12 20:29:29.000,Greater Accra|Madina,435.16,GHS,AGENT
ORMT-00010102,OR-C000414,3,SUCCESSFUL,2025-06-25 18:28:39.000,Greater Accra|Madina,1384.92,GHS,API
ORMT-00010103,OR-C000414,7,SUCCESSFUL,2025-06-19 18:02:38.000,Greater Accra|Madina,455.0,GHS,AGENT
ORMT-00010104,OR-C000414,4,SUCCESSFUL,2025-06-18 09:46:31.000,Greater Accra|Madina,207.82,GHS,API
ORMT-00010105,OR-C000414,2,SUCCESSFUL,2025-06-03 08:23:51.000,Greater Accra|Madina,564.87,GHS,AGENT
ORMT-00010106,OR-C000414,2,SUCCESSFUL,2025-06-10 16:17:06.000,Greater Accra|Madina,418.96,GHS,AGENT
ORMT-00010178,OR-C000415,7,SUCCESSFUL,2025-04-30 15:50:39.000,Western|Axim,84.02,GHS,AGENT
ORMT-00010179,OR-C000415,3,SUCCESSFUL,2025-04-18 20:31:16.000,Western|Axim,235.04,GHS,API
ORMT-00010180,OR-C000415,7,FAILED,2025-04-01 14:36:12.000,Western|Axim,745.61,GHS,AGENT
ORMT-00010181,OR-C000415,8,SUCCESSFUL,2025-05-28 09:56:53.000,Western|Axim,383.96,GHS,AGENT
ORMT-00010182,OR-C000415,3,SUCCESSFUL,2025-05-02 09:07:04.000,Western|Axim,179.12,GHS,WEB
ORMT-00010183,OR-C000415,1,SUCCESSFUL,2025-05-08 18:18:37.000,Western|Axim,990.26,GHS,AGENT
ORMT-00010184,OR-C000415,2,SUCCESSFUL,2025-05-25 19:14:25.000,Western|Axim,526.79,GHS,AGENT
ORMT-00010185,OR-C000415,2,SUCCESSFUL,2025-05-31 07:35:21.000,Western|Axim,485.81,GHS,THIRD_PARTY
ORMT-00010186,OR-C000415,2,SUCCESSFUL,2025-05-24 18:27:02.000,Western|Axim,1152.07,GHS,AGENT
ORMT-00010187,OR-C000415,1,SUCCESSFUL,2025-05-06 16:51:04.000,Western|Axim,322.39,GHS,AGENT
ORMT-00010188,OR-C000415,1,SUCCESSFUL,2025-06-29 12:00:22.000,Western|Axim,1167.71,GHS,AGENT
ORMT-00010189,OR-C000415,6,SUCCESSFUL,2025-06-01 15:24:23.000,Western|Axim,1398.23,GHS,THIRD_PARTY
ORMT-00010233,OR-C000418,4,SUCCESSFUL,2025-04-18 19:29:02.000,Central|Winneba,767.27,GHS,AGENT
ORMT-00010250,OR-C000419,5,SUCCESSFUL,2025-04-10 20:44:08.000,Greater Accra|Madina,481.37,GHS,API
ORMT-00010251,OR-C000419,7,SUCCESSFUL,2025-06-14 16:19:50.000,Greater Accra|Madina,609.55,GHS,MOBILE_APP
ORMT-00010252,OR-C000419,1,SUCCESSFUL,2025-06-16 07:06:16.000,Greater Accra|Madina,1917.15,GHS,AGENT
ORMT-00010298,OR-C000420,1,SUCCESSFUL,2025-04-04 11:06:45.000,Oti|Dambai,217.5,GHS,AGENT
ORMT-00010299,OR-C000420,10,SUCCESSFUL,2025-04-16 14:14:30.000,Oti|Dambai,592.6,GHS,WEB
ORMT-00010300,OR-C000420,2,SUCCESSFUL,2025-05-03 19:25:33.000,Oti|Dambai,96.18,GHS,AGENT
ORMT-00010301,OR-C000420,1,SUCCESSFUL,2025-05-05 12:13:24.000,Oti|Dambai,230.58,GHS,MOBILE_APP
ORMT-00010302,OR-C000420,2,SUCCESSFUL,2025-05-17 14:12:13.000,Oti|Dambai,397.59,GHS,MOBILE_APP
ORMT-00010338,OR-C000421,1,SUCCESSFUL,2025-04-22 19:28:57.000,Greater Accra|Tema,1787.18,GHS,WEB
ORMT-00010339,OR-C000421,1,SUCCESSFUL,2025-04-09 07:29:30.000,Greater Accra|Tema,397.32,GHS,WEB
ORMT-00010340,OR-C000421,4,FAILED,2025-04-28 08:00:25.000,Greater Accra|Tema,445.95,GHS,THIRD_PARTY
ORMT-00010341,OR-C000421,5,SUCCESSFUL,2025-06-28 09:59:51.000,Greater Accra|Tema,1000.73,GHS,WEB
ORMT-00010356,OR-C000423,2,SUCCESSFUL,2025-04-01 07:11:46.000,Greater Accra|Kasoa,961.72,GHS,MOBILE_APP
ORMT-00010357,OR-C000423,5,FAILED,2025-05-04 07:33:52.000,Greater Accra|Kasoa,1290.95,GHS,AGENT
ORMT-00010358,OR-C000423,5,SUCCESSFUL,2025-06-30 14:02:16.000,Greater Accra|Kasoa,332.11,GHS,AGENT
ORMT-00010359,OR-C000423,2,SUCCESSFUL,2025-06-17 11:22:04.000,Greater Accra|Kasoa,833.25,GHS,API
ORMT-00010363,OR-C000424,10,SUCCESSFUL,2025-04-26 10:15:58.000,Central|Cape Coast,414.93,GHS,AGENT
ORMT-00010364,OR-C000424,5,SUCCESSFUL,2025-04-28 11:36:50.000,Central|Cape Coast,3104.59,GHS,AGENT
ORMT-00010365,OR-C000424,8,SUCCESSFUL,2025-05-05 07:09:30.000,Central|Cape Coast,342.03,GHS,API
ORMT-00010366,OR-C000424,1,SUCCESSFUL,2025-05-09 20:24:40.000,Central|Cape Coast,976.9,GHS,MOBILE_APP
ORMT-00010367,OR-C000424,4,SUCCESSFUL,2025-06-21 14:52:37.000,Central|Cape Coast,1833.35,GHS,MOBILE_APP
ORMT-00010368,OR-C000424,6,SUCCESSFUL,2025-06-07 18:51:27.000,Central|Cape Coast,192.12,GHS,API
ORMT-00010369,OR-C000424,2,SUCCESSFUL,2025-06-21 09:45:02.000,Central|Cape Coast,6334.25,GHS,MOBILE_APP
ORMT-00010370,OR-C000424,9,SUCCESSFUL,2025-06-12 18:03:55.000,Central|Cape Coast,544.85,GHS,API
ORMT-00010386,OR-C000425,2,SUCCESSFUL,2025-05-28 09:39:24.000,Northern|Tamale,1414.46,GHS,WEB
ORMT-00010408,OR-C000426,1,SUCCESSFUL,2025-04-14 17:48:38.000,Greater Accra|Madina,1437.38,GHS,MOBILE_APP
ORMT-00010409,OR-C000426,1,SUCCESSFUL,2025-06-18 17:44:48.000,Greater Accra|Madina,3522.41,GHS,THIRD_PARTY
ORMT-00010410,OR-C000426,3,SUCCESSFUL,2025-06-15 13:18:54.000,Greater Accra|Madina,1221.35,GHS,THIRD_PARTY
ORMT-00010422,OR-C000427,8,SUCCESSFUL,2025-05-14 15:32:38.000,Greater Accra|Tema,235.93,GHS,AGENT
ORMT-00010423,OR-C000427,4,SUCCESSFUL,2025-05-08 19:40:55.000,Greater Accra|Tema,777.64,GHS,THIRD_PARTY
ORMT-00010424,OR-C000427,3,SUCCESSFUL,2025-06-20 07:04:37.000,Greater Accra|Tema,327.14,GHS,MOBILE_APP
ORMT-00010430,OR-C000428,1,SUCCESSFUL,2025-04-26 15:41:58.000,Greater Accra|Accra,549.09,GHS,MOBILE_APP
ORMT-00010431,OR-C000428,6,SUCCESSFUL,2025-04-29 12:58:51.000,Greater Accra|Accra,553.09,GHS,MOBILE_APP
ORMT-00010432,OR-C000428,1,SUCCESSFUL,2025-04-27 12:19:58.000,Greater Accra|Accra,265.02,GHS,AGENT
ORMT-00010433,OR-C000428,7,SUCCESSFUL,2025-04-26 19:18:37.000,Greater Accra|Accra,230.49,GHS,THIRD_PARTY
ORMT-00010434,OR-C000428,1,SUCCESSFUL,2025-05-01 11:34:55.000,Greater Accra|Accra,393.81,GHS,AGENT
ORMT-00010435,OR-C000428,1,SUCCESSFUL,2025-05-15 11:24:37.000,Greater Accra|Accra,91.03,GHS,API
ORMT-00010436,OR-C000428,10,SUCCESSFUL,2025-05-12 18:36:46.000,Greater Accra|Accra,563.8,GHS,MOBILE_APP
ORMT-00010437,OR-C000428,2,SUCCESSFUL,2025-05-15 21:13:49.000,Greater Accra|Accra,394.41,GHS,AGENT
ORMT-00010438,OR-C000428,1,SUCCESSFUL,2025-06-29 18:55:44.000,Greater Accra|Accra,597.99,GHS,AGENT
ORMT-00010439,OR-C000428,9,SUCCESSFUL,2025-06-13 10:53:43.000,Greater Accra|Accra,328.58,GHS,AGENT
ORMT-00010440,OR-C000428,4,SUCCESSFUL,2025-06-04 12:36:22.000,Greater Accra|Accra,509.04,GHS,MOBILE_APP
ORMT-00010441,OR-C000428,1,SUCCESSFUL,2025-06-25 19:45:15.000,Greater Accra|Accra,141.53,GHS,MOBILE_APP
ORMT-00010470,OR-C000430,7,SUCCESSFUL,2025-04-17 15:15:27.000,Greater Accra|Tema,4440.6,GHS,WEB
ORMT-00010471,OR-C000430,1,SUCCESSFUL,2025-05-16 09:34:59.000,Greater Accra|Tema,303.71,GHS,MOBILE_APP
ORMT-00010472,OR-C000430,1,SUCCESSFUL,2025-05-29 20:09:56.000,Greater Accra|Tema,357.97,GHS,API
ORMT-00010473,OR-C000430,2,SUCCESSFUL,2025-05-16 09:58:08.000,Greater Accra|Tema,869.51,GHS,AGENT
ORMT-00010474,OR-C000430,3,SUCCESSFUL,2025-06-17 09:38:40.000,Greater Accra|Tema,501.72,GHS,AGENT
ORMT-00010475,OR-C000430,3,SUCCESSFUL,2025-06-18 11:22:52.000,Greater Accra|Tema,840.27,GHS,THIRD_PARTY
ORMT-00010476,OR-C000430,3,SUCCESSFUL,2025-06-27 12:49:03.000,Greater Accra|Tema,168.01,GHS,API
ORMT-00010491,OR-C000431,10,SUCCESSFUL,2025-05-23 19:19:22.000,Bono East|Techiman,717.51,GHS,AGENT
ORMT-00010492,OR-C000431,1,SUCCESSFUL,2025-05-27 20:28:47.000,Bono East|Techiman,1514.13,GHS,API
ORMT-00010493,OR-C000431,8,SUCCESSFUL,2025-05-20 18:14:02.000,Bono East|Techiman,1905.17,GHS,MOBILE_APP
ORMT-00010494,OR-C000431,4,SUCCESSFUL,2025-06-10 09:14:01.000,Bono East|Techiman,857.2,GHS,API
ORMT-00010495,OR-C000431,6,SUCCESSFUL,2025-06-12 15:34:16.000,Bono East|Techiman,2282.13,GHS,MOBILE_APP
ORMT-00010496,OR-C000431,5,SUCCESSFUL,2025-06-13 16:45:32.000,Bono East|Techiman,366.47,GHS,AGENT
ORMT-00010497,OR-C000431,4,SUCCESSFUL,2025-06-30 13:03:17.000,Bono East|Techiman,542.3,GHS,AGENT
ORMT-00010498,OR-C000431,7,SUCCESSFUL,2025-06-19 11:54:13.000,Bono East|Techiman,218.34,GHS,API
ORMT-00010542,OR-C000432,6,SUCCESSFUL,2025-04-20 19:53:12.000,Upper West|Lawra,1033.41,GHS,WEB
ORMT-00010544,OR-C000433,2,SUCCESSFUL,2025-04-19 21:49:16.000,Volta|Hohoe,289.02,GHS,MOBILE_APP
ORMT-00010557,OR-C000434,10,SUCCESSFUL,2025-05-24 12:07:02.000,Ashanti|Obuasi,1302.56,GHS,AGENT
ORMT-00010564,OR-C000435,9,SUCCESSFUL,2025-06-19 16:46:31.000,Western|Axim,405.98,GHS,AGENT
ORMT-00010574,OR-C000436,1,SUCCESSFUL,2025-04-05 13:16:49.000,Greater Accra|Accra,1262.16,GHS,WEB
ORMT-00010575,OR-C000436,2,SUCCESSFUL,2025-05-08 18:50:34.000,Greater Accra|Accra,149.06,GHS,MOBILE_APP
ORMT-00010576,OR-C000436,3,SUCCESSFUL,2025-06-24 20:42:48.000,Greater Accra|Accra,559.48,GHS,MOBILE_APP
ORMT-00010586,OR-C000437,3,SUCCESSFUL,2025-04-18 12:07:14.000,Oti|Dambai,410.76,GHS,MOBILE_APP
ORMT-00010587,OR-C000437,7,SUCCESSFUL,2025-04-01 14:14:18.000,Oti|Dambai,1272.33,GHS,THIRD_PARTY
ORMT-00010588,OR-C000437,1,SUCCESSFUL,2025-04-18 12:59:51.000,Oti|Dambai,1091.22,GHS,THIRD_PARTY
ORMT-00010589,OR-C000437,4,SUCCESSFUL,2025-05-03 11:21:01.000,Oti|Dambai,1205.32,GHS,THIRD_PARTY
ORMT-00010590,OR-C000437,3,SUCCESSFUL,2025-05-01 07:09:50.000,Oti|Dambai,705.34,GHS,API
ORMT-00010591,OR-C000437,7,SUCCESSFUL,2025-05-28 19:54:30.000,Oti|Dambai,513.43,GHS,THIRD_PARTY
ORMT-00010592,OR-C000437,1,SUCCESSFUL,2025-05-04 20:22:00.000,Oti|Dambai,922.88,GHS,AGENT
ORMT-00010593,OR-C000437,1,SUCCESSFUL,2025-05-27 17:10:52.000,Oti|Dambai,5155.05,GHS,API
ORMT-00010594,OR-C000437,1,SUCCESSFUL,2025-05-13 21:18:49.000,Oti|Dambai,1257.86,GHS,AGENT
ORMT-00010595,OR-C000437,1,SUCCESSFUL,2025-05-25 07:20:27.000,Oti|Dambai,2116.27,GHS,API
ORMT-00010596,OR-C000437,3,SUCCESSFUL,2025-05-30 19:56:57.000,Oti|Dambai,596.99,GHS,MOBILE_APP
ORMT-00010597,OR-C000437,4,SUCCESSFUL,2025-06-24 21:53:11.000,Oti|Dambai,1341.67,GHS,API
ORMT-00010598,OR-C000437,5,SUCCESSFUL,2025-06-02 18:51:52.000,Oti|Dambai,579.87,GHS,WEB
ORMT-00010599,OR-C000437,2,SUCCESSFUL,2025-06-25 16:41:54.000,Oti|Dambai,165.3,GHS,API
ORMT-00010600,OR-C000437,4,SUCCESSFUL,2025-06-09 12:20:01.000,Oti|Dambai,273.43,GHS,API
ORMT-00010601,OR-C000437,8,SUCCESSFUL,2025-06-12 20:17:50.000,Oti|Dambai,2066.77,GHS,MOBILE_APP
ORMT-00010602,OR-C000437,4,SUCCESSFUL,2025-06-29 11:05:54.000,Oti|Dambai,536.95,GHS,API
ORMT-00010603,OR-C000437,5,SUCCESSFUL,2025-06-20 08:31:21.000,Oti|Dambai,167.56,GHS,API
ORMT-00010604,OR-C000437,8,SUCCESSFUL,2025-06-04 11:31:07.000,Oti|Dambai,761.1,GHS,MOBILE_APP
ORMT-00010642,OR-C000438,2,SUCCESSFUL,2025-04-25 08:20:52.000,Volta|Hohoe,456.46,GHS,AGENT
ORMT-00010643,OR-C000438,2,SUCCESSFUL,2025-05-05 12:10:23.000,Volta|Hohoe,1060.84,GHS,MOBILE_APP
ORMT-00010644,OR-C000438,1,SUCCESSFUL,2025-05-18 12:09:30.000,Volta|Hohoe,615.41,GHS,AGENT
ORMT-00010645,OR-C000438,3,SUCCESSFUL,2025-06-06 19:21:56.000,Volta|Hohoe,867.89,GHS,MOBILE_APP
ORMT-00010646,OR-C000438,1,SUCCESSFUL,2025-06-26 11:49:15.000,Volta|Hohoe,806.3,GHS,API
ORMT-00010709,OR-C000439,2,SUCCESSFUL,2025-04-07 11:02:01.000,Ashanti|Kumasi,609.18,GHS,MOBILE_APP
ORMT-00010710,OR-C000439,1,SUCCESSFUL,2025-05-09 14:19:07.000,Ashanti|Kumasi,636.11,GHS,AGENT
ORMT-00010711,OR-C000439,2,SUCCESSFUL,2025-05-16 09:30:46.000,Ashanti|Kumasi,258.93,GHS,AGENT
ORMT-00010712,OR-C000439,1,SUCCESSFUL,2025-05-24 15:06:21.000,Ashanti|Kumasi,1214.94,GHS,API
ORMT-00010713,OR-C000439,5,SUCCESSFUL,2025-05-28 13:47:53.000,Ashanti|Kumasi,479.88,GHS,AGENT
ORMT-00010714,OR-C000439,1,SUCCESSFUL,2025-05-05 16:40:04.000,Ashanti|Kumasi,1543.12,GHS,THIRD_PARTY
ORMT-00010715,OR-C000439,4,SUCCESSFUL,2025-06-29 15:28:31.000,Ashanti|Kumasi,374.83,GHS,AGENT
ORMT-00010716,OR-C000439,1,SUCCESSFUL,2025-06-24 19:51:56.000,Ashanti|Kumasi,1502.74,GHS,AGENT
ORMT-00010745,OR-C000440,9,SUCCESSFUL,2025-05-26 20:43:58.000,Central|Elmina,1008.5,GHS,AGENT
ORMT-00010773,OR-C000441,2,SUCCESSFUL,2025-04-28 09:23:10.000,Bono East|Techiman,751.16,GHS,AGENT
ORMT-00010774,OR-C000441,4,SUCCESSFUL,2025-04-12 19:21:08.000,Bono East|Techiman,2375.24,GHS,MOBILE_APP
ORMT-00010781,OR-C000442,4,SUCCESSFUL,2025-05-28 08:47:03.000,Eastern|Akropong,323.94,GHS,THIRD_PARTY
ORMT-00010782,OR-C000442,4,SUCCESSFUL,2025-05-31 12:03:57.000,Eastern|Akropong,674.74,GHS,API
ORMT-00010783,OR-C000442,5,SUCCESSFUL,2025-05-19 11:17:30.000,Eastern|Akropong,963.67,GHS,MOBILE_APP
ORMT-00010817,OR-C000443,1,SUCCESSFUL,2025-04-12 08:13:45.000,Greater Accra|Madina,751.01,GHS,AGENT
ORMT-00010818,OR-C000443,7,SUCCESSFUL,2025-06-19 12:05:02.000,Greater Accra|Madina,1198.84,GHS,THIRD_PARTY
ORMT-00010819,OR-C000443,1,SUCCESSFUL,2025-06-10 14:22:59.000,Greater Accra|Madina,429.76,GHS,API
ORMT-00010849,OR-C000444,4,SUCCESSFUL,2025-04-13 21:05:52.000,Bono East|Kintampo,2242.0,GHS,MOBILE_APP
ORMT-00010850,OR-C000444,5,SUCCESSFUL,2025-04-04 16:40:17.000,Bono East|Kintampo,623.67,GHS,AGENT
ORMT-00010851,OR-C000444,2,SUCCESSFUL,2025-04-22 18:05:54.000,Bono East|Kintampo,477.87,GHS,AGENT
ORMT-00010852,OR-C000444,4,SUCCESSFUL,2025-05-25 17:29:23.000,Bono East|Kintampo,267.58,GHS,AGENT
ORMT-00010853,OR-C000444,2,SUCCESSFUL,2025-05-29 17:30:19.000,Bono East|Kintampo,216.66,GHS,AGENT
ORMT-00010854,OR-C000444,4,SUCCESSFUL,2025-06-04 14:18:04.000,Bono East|Kintampo,521.85,GHS,MOBILE_APP
ORMT-00010855,OR-C000444,2,SUCCESSFUL,2025-06-24 08:42:44.000,Bono East|Kintampo,340.54,GHS,AGENT
ORMT-00010856,OR-C000444,2,SUCCESSFUL,2025-06-19 21:30:39.000,Bono East|Kintampo,1026.39,GHS,AGENT
ORMT-00010857,OR-C000444,10,SUCCESSFUL,2025-06-02 09:01:08.000,Bono East|Kintampo,378.4,GHS,THIRD_PARTY
ORMT-00010858,OR-C000444,1,SUCCESSFUL,2025-06-12 20:40:39.000,Bono East|Kintampo,446.55,GHS,THIRD_PARTY
ORMT-00010882,OR-C000445,6,SUCCESSFUL,2025-05-25 09:07:48.000,Greater Accra|Madina,436.38,GHS,MOBILE_APP
ORMT-00010883,OR-C000445,1,SUCCESSFUL,2025-05-23 18:28:15.000,Greater Accra|Madina,530.2,GHS,AGENT
ORMT-00010935,OR-C000447,6,SUCCESSFUL,2025-04-28 11:50:59.000,Ashanti|Kumasi,439.19,GHS,AGENT
ORMT-00010936,OR-C000447,2,SUCCESSFUL,2025-04-09 09:44:23.000,Ashanti|Kumasi,727.06,GHS,THIRD_PARTY
ORMT-00010937,OR-C000447,9,SUCCESSFUL,2025-05-07 16:01:34.000,Ashanti|Kumasi,5000.29,GHS,AGENT
ORMT-00010938,OR-C000447,1,SUCCESSFUL,2025-05-09 12:55:50.000,Ashanti|Kumasi,500.29,GHS,AGENT
ORMT-00010939,OR-C000447,1,SUCCESSFUL,2025-05-09 07:39:40.000,Ashanti|Kumasi,448.36,GHS,MOBILE_APP
ORMT-00010940,OR-C000447,9,SUCCESSFUL,2025-05-28 18:31:50.000,Ashanti|Kumasi,683.0,GHS,AGENT
ORMT-00010941,OR-C000447,2,SUCCESSFUL,2025-05-28 20:52:33.000,Ashanti|Kumasi,441.53,GHS,AGENT
ORMT-00010942,OR-C000447,2,SUCCESSFUL,2025-06-26 17:38:59.000,Ashanti|Kumasi,400.47,GHS,MOBILE_APP
ORMT-00010943,OR-C000447,6,SUCCESSFUL,2025-06-28 20:32:45.000,Ashanti|Kumasi,672.77,GHS,AGENT
ORMT-00010944,OR-C000447,4,SUCCESSFUL,2025-06-09 12:10:50.000,Ashanti|Kumasi,606.94,GHS,WEB
ORMT-00010945,OR-C000447,1,SUCCESSFUL,2025-06-30 15:12:09.000,Ashanti|Kumasi,533.65,GHS,WEB
ORMT-00011073,OR-C000448,1,SUCCESSFUL,2025-04-10 07:17:19.000,Greater Accra|Accra,838.01,GHS,MOBILE_APP
ORMT-00011074,OR-C000448,1,SUCCESSFUL,2025-04-27 20:00:59.000,Greater Accra|Accra,894.0,GHS,MOBILE_APP
ORMT-00011075,OR-C000448,3,SUCCESSFUL,2025-05-01 16:07:03.000,Greater Accra|Accra,482.67,GHS,AGENT
ORMT-00011076,OR-C000448,4,SUCCESSFUL,2025-06-05 20:32:32.000,Greater Accra|Accra,352.75,GHS,AGENT
ORMT-00011077,OR-C000448,2,SUCCESSFUL,2025-06-10 14:56:36.000,Greater Accra|Accra,899.39,GHS,WEB
ORMT-00011113,OR-C000449,3,SUCCESSFUL,2025-04-30 09:01:02.000,Ashanti|Kumasi,667.85,GHS,MOBILE_APP
ORMT-00011114,OR-C000449,6,SUCCESSFUL,2025-05-01 10:53:11.000,Ashanti|Kumasi,497.74,GHS,API
ORMT-00011115,OR-C000449,1,SUCCESSFUL,2025-06-27 20:15:41.000,Ashanti|Kumasi,252.85,GHS,MOBILE_APP
ORMT-00011119,OR-C000450,8,SUCCESSFUL,2025-04-04 21:47:35.000,Greater Accra|Kasoa,1170.22,GHS,THIRD_PARTY
ORMT-00011174,OR-C000451,3,SUCCESSFUL,2025-04-05 16:16:42.000,Greater Accra|Tema,4711.44,GHS,API
ORMT-00011175,OR-C000451,1,SUCCESSFUL,2025-04-10 12:49:46.000,Greater Accra|Tema,2021.54,GHS,AGENT
ORMT-00011176,OR-C000451,7,SUCCESSFUL,2025-04-18 16:55:22.000,Greater Accra|Tema,687.57,GHS,AGENT
ORMT-00011177,OR-C000451,4,SUCCESSFUL,2025-04-10 18:55:50.000,Greater Accra|Tema,1270.45,GHS,THIRD_PARTY
ORMT-00011178,OR-C000451,9,SUCCESSFUL,2025-04-19 12:36:25.000,Greater Accra|Tema,284.15,GHS,AGENT
ORMT-00011179,OR-C000451,4,SUCCESSFUL,2025-04-01 08:35:31.000,Greater Accra|Tema,700.34,GHS,MOBILE_APP
ORMT-00011180,OR-C000451,7,SUCCESSFUL,2025-04-12 21:23:36.000,Greater Accra|Tema,231.53,GHS,AGENT
ORMT-00011181,OR-C000451,2,SUCCESSFUL,2025-04-06 18:12:27.000,Greater Accra|Tema,835.57,GHS,MOBILE_APP
ORMT-00011182,OR-C000451,4,SUCCESSFUL,2025-04-19 08:06:28.000,Greater Accra|Tema,2121.97,GHS,AGENT
ORMT-00011183,OR-C000451,5,SUCCESSFUL,2025-05-02 20:47:13.000,Greater Accra|Tema,233.82,GHS,MOBILE_APP
ORMT-00011184,OR-C000451,2,SUCCESSFUL,2025-05-28 12:27:33.000,Greater Accra|Tema,566.44,GHS,API
ORMT-00011185,OR-C000451,2,SUCCESSFUL,2025-06-03 18:26:32.000,Greater Accra|Tema,3226.38,GHS,API
ORMT-00011186,OR-C000451,6,SUCCESSFUL,2025-06-01 09:06:15.000,Greater Accra|Tema,1622.03,GHS,AGENT
ORMT-00011187,OR-C000451,1,SUCCESSFUL,2025-06-10 18:02:01.000,Greater Accra|Tema,469.58,GHS,API
ORMT-00011188,OR-C000451,1,SUCCESSFUL,2025-06-26 09:41:27.000,Greater Accra|Tema,182.96,GHS,MOBILE_APP
ORMT-00011189,OR-C000451,1,SUCCESSFUL,2025-06-22 19:14:42.000,Greater Accra|Tema,265.46,GHS,MOBILE_APP
ORMT-00011221,OR-C000452,6,SUCCESSFUL,2025-05-27 19:27:50.000,Central|Winneba,1416.98,GHS,WEB
ORMT-00011232,OR-C000453,4,SUCCESSFUL,2025-05-02 16:36:57.000,Upper West|Lawra,685.86,GHS,THIRD_PARTY
ORMT-00011233,OR-C000453,4,SUCCESSFUL,2025-06-17 16:01:29.000,Upper West|Lawra,950.61,GHS,API
ORMT-00011244,OR-C000454,4,SUCCESSFUL,2025-04-27 11:15:05.000,Greater Accra|Madina,375.46,GHS,MOBILE_APP
ORMT-00011272,OR-C000456,1,SUCCESSFUL,2025-05-30 09:30:22.000,Northern|Savelugu,1585.17,GHS,AGENT
ORMT-00011273,OR-C000456,1,SUCCESSFUL,2025-05-24 08:47:45.000,Northern|Savelugu,534.19,GHS,AGENT
ORMT-00011274,OR-C000456,3,SUCCESSFUL,2025-06-26 13:51:52.000,Northern|Savelugu,520.52,GHS,THIRD_PARTY
ORMT-00011369,OR-C000458,1,SUCCESSFUL,2025-04-07 14:58:04.000,Ashanti|Obuasi,246.02,GHS,THIRD_PARTY
ORMT-00011370,OR-C000458,7,SUCCESSFUL,2025-04-08 11:47:04.000,Ashanti|Obuasi,451.79,GHS,AGENT
ORMT-00011371,OR-C000458,8,SUCCESSFUL,2025-04-28 16:56:39.000,Ashanti|Obuasi,280.16,GHS,API
ORMT-00011372,OR-C000458,3,SUCCESSFUL,2025-04-05 08:45:32.000,Ashanti|Obuasi,213.18,GHS,MOBILE_APP
ORMT-00011373,OR-C000458,10,SUCCESSFUL,2025-04-03 20:06:45.000,Ashanti|Obuasi,519.19,GHS,AGENT
ORMT-00011374,OR-C000458,2,SUCCESSFUL,2025-04-21 12:13:36.000,Ashanti|Obuasi,491.77,GHS,THIRD_PARTY
ORMT-00011375,OR-C000458,1,SUCCESSFUL,2025-04-17 11:56:40.000,Ashanti|Obuasi,564.69,GHS,AGENT
ORMT-00011376,OR-C000458,4,SUCCESSFUL,2025-04-06 19:38:41.000,Ashanti|Obuasi,461.27,GHS,AGENT
ORMT-00011377,OR-C000458,9,REJECTED,2025-05-01 08:15:26.000,Ashanti|Obuasi,628.76,GHS,API
ORMT-00011378,OR-C000458,1,SUCCESSFUL,2025-05-22 14:11:29.000,Ashanti|Obuasi,271.03,GHS,AGENT
ORMT-00011379,OR-C000458,3,SUCCESSFUL,2025-05-20 07:12:51.000,Ashanti|Obuasi,94.39,GHS,THIRD_PARTY
ORMT-00011380,OR-C000458,1,FAILED,2025-05-11 15:30:05.000,Ashanti|Obuasi,962.75,GHS,MOBILE_APP
ORMT-00011381,OR-C000458,5,SUCCESSFUL,2025-06-04 10:30:22.000,Ashanti|Obuasi,775.74,GHS,THIRD_PARTY
ORMT-00011382,OR-C000458,10,SUCCESSFUL,2025-06-10 18:21:27.000,Ashanti|Obuasi,2274.07,GHS,MOBILE_APP
ORMT-00011383,OR-C000458,4,SUCCESSFUL,2025-06-05 21:13:24.000,Ashanti|Obuasi,993.68,GHS,MOBILE_APP
ORMT-00011429,OR-C000459,7,SUCCESSFUL,2025-04-24 16:49:17.000,Bono|Sunyani,463.18,GHS,AGENT
ORMT-00011430,OR-C000459,5,SUCCESSFUL,2025-04-17 18:48:04.000,Bono|Sunyani,710.0,GHS,MOBILE_APP
ORMT-00011431,OR-C000459,1,SUCCESSFUL,2025-04-28 08:02:00.000,Bono|Sunyani,2195.0,GHS,THIRD_PARTY
ORMT-00011432,OR-C000459,10,SUCCESSFUL,2025-04-29 12:25:01.000,Bono|Sunyani,839.74,GHS,MOBILE_APP
ORMT-00011433,OR-C000459,1,SUCCESSFUL,2025-04-07 18:33:16.000,Bono|Sunyani,244.13,GHS,AGENT
ORMT-00011434,OR-C000459,6,SUCCESSFUL,2025-05-22 14:27:03.000,Bono|Sunyani,250.99,GHS,AGENT
ORMT-00011435,OR-C000459,1,SUCCESSFUL,2025-05-13 11:39:49.000,Bono|Sunyani,1753.82,GHS,THIRD_PARTY
ORMT-00011436,OR-C000459,2,SUCCESSFUL,2025-06-05 16:19:38.000,Bono|Sunyani,4856.33,GHS,API
ORMT-00011469,OR-C000462,1,SUCCESSFUL,2025-04-19 09:57:06.000,Ashanti|Ejisu,156.96,GHS,AGENT
ORMT-00011476,OR-C000463,3,SUCCESSFUL,2025-06-20 08:21:02.000,Greater Accra|Accra,1087.09,GHS,AGENT
ORMT-00011486,OR-C000464,10,SUCCESSFUL,2025-04-17 09:10:30.000,Central|Elmina,563.65,GHS,AGENT
ORMT-00011487,OR-C000464,9,SUCCESSFUL,2025-04-10 13:58:32.000,Central|Elmina,237.89,GHS,AGENT
ORMT-00011488,OR-C000464,2,SUCCESSFUL,2025-04-06 13:50:51.000,Central|Elmina,236.11,GHS,THIRD_PARTY
ORMT-00011489,OR-C000464,8,SUCCESSFUL,2025-06-04 08:37:32.000,Central|Elmina,2157.44,GHS,WEB
ORMT-00011508,OR-C000465,3,SUCCESSFUL,2025-05-01 15:20:31.000,Bono|Berekum,254.12,GHS,WEB
ORMT-00011509,OR-C000465,8,SUCCESSFUL,2025-05-03 19:26:34.000,Bono|Berekum,1198.0,GHS,MOBILE_APP
ORMT-00011510,OR-C000465,1,SUCCESSFUL,2025-05-24 11:37:05.000,Bono|Berekum,197.34,GHS,API
ORMT-00011517,OR-C000466,4,SUCCESSFUL,2025-06-14 12:02:57.000,Northern|Savelugu,486.3,GHS,THIRD_PARTY
ORMT-00011529,OR-C000467,4,SUCCESSFUL,2025-04-17 08:29:09.000,Bono East|Kintampo,2623.79,GHS,THIRD_PARTY
ORMT-00011530,OR-C000467,3,FAILED,2025-06-06 09:10:10.000,Bono East|Kintampo,509.47,GHS,THIRD_PARTY
ORMT-00011531,OR-C000467,9,SUCCESSFUL,2025-06-06 21:13:07.000,Bono East|Kintampo,110.61,GHS,WEB
ORMT-00011537,OR-C000468,1,SUCCESSFUL,2025-04-20 09:05:31.000,Oti|Dambai,2027.27,GHS,AGENT
ORMT-00011538,OR-C000468,3,SUCCESSFUL,2025-06-25 10:18:36.000,Oti|Dambai,2250.03,GHS,MOBILE_APP
ORMT-00011558,OR-C000469,1,SUCCESSFUL,2025-04-12 13:50:47.000,Central|Cape Coast,405.62,GHS,AGENT
ORMT-00011559,OR-C000469,1,SUCCESSFUL,2025-04-29 10:15:14.000,Central|Cape Coast,886.75,GHS,MOBILE_APP
ORMT-00011560,OR-C000469,1,SUCCESSFUL,2025-04-30 21:38:56.000,Central|Cape Coast,493.49,GHS,MOBILE_APP
ORMT-00011573,OR-C000470,1,SUCCESSFUL,2025-04-13 08:17:30.000,Greater Accra|Tema,890.47,GHS,THIRD_PARTY
ORMT-00011574,OR-C000470,1,SUCCESSFUL,2025-04-12 18:17:00.000,Greater Accra|Tema,1570.39,GHS,API
ORMT-00011575,OR-C000470,2,SUCCESSFUL,2025-04-13 15:05:05.000,Greater Accra|Tema,694.14,GHS,AGENT
ORMT-00011576,OR-C000470,9,SUCCESSFUL,2025-06-13 07:28:22.000,Greater Accra|Tema,789.2,GHS,MOBILE_APP
ORMT-00011605,OR-C000472,2,SUCCESSFUL,2025-04-20 08:16:35.000,Northern|Savelugu,494.44,GHS,API
ORMT-00011606,OR-C000472,1,SUCCESSFUL,2025-04-28 13:46:47.000,Northern|Savelugu,960.16,GHS,THIRD_PARTY
ORMT-00011607,OR-C000472,5,SUCCESSFUL,2025-04-24 10:40:48.000,Northern|Savelugu,545.77,GHS,AGENT
ORMT-00011608,OR-C000472,8,SUCCESSFUL,2025-05-28 11:22:22.000,Northern|Savelugu,50,GHS,WEB
ORMT-00011609,OR-C000472,1,SUCCESSFUL,2025-05-22 07:53:10.000,Northern|Savelugu,412.73,GHS,MOBILE_APP
ORMT-00011610,OR-C000472,1,SUCCESSFUL,2025-05-07 17:28:00.000,Northern|Savelugu,751.87,GHS,AGENT
ORMT-00011611,OR-C000472,4,SUCCESSFUL,2025-05-10 19:30:33.000,Northern|Savelugu,124.1,GHS,AGENT
ORMT-00011612,OR-C000472,1,SUCCESSFUL,2025-05-01 13:01:10.000,Northern|Savelugu,10081.07,GHS,MOBILE_APP
ORMT-00011656,OR-C000473,1,SUCCESSFUL,2025-04-17 21:54:27.000,Northern|Savelugu,906.06,GHS,AGENT
ORMT-00011657,OR-C000473,1,SUCCESSFUL,2025-04-29 09:06:04.000,Northern|Savelugu,1235.32,GHS,AGENT
ORMT-00011658,OR-C000473,8,SUCCESSFUL,2025-04-23 07:58:20.000,Northern|Savelugu,345.38,GHS,WEB
ORMT-00011659,OR-C000473,3,SUCCESSFUL,2025-06-08 11:00:05.000,Northern|Savelugu,696.48,GHS,WEB
ORMT-00011660,OR-C000473,2,SUCCESSFUL,2025-06-16 14:20:34.000,Northern|Savelugu,910.68,GHS,AGENT
ORMT-00011661,OR-C000473,1,SUCCESSFUL,2025-06-19 15:29:12.000,Northern|Savelugu,122.77,GHS,AGENT
ORMT-00011662,OR-C000473,2,SUCCESSFUL,2025-06-21 12:17:30.000,Northern|Savelugu,626.8,GHS,AGENT
ORMT-00011678,OR-C000474,1,SUCCESSFUL,2025-04-13 09:25:07.000,Greater Accra|Tema,439.67,GHS,WEB
ORMT-00011679,OR-C000474,6,SUCCESSFUL,2025-05-21 11:44:56.000,Greater Accra|Tema,155.39,GHS,AGENT
ORMT-00011680,OR-C000474,9,SUCCESSFUL,2025-05-11 12:12:08.000,Greater Accra|Tema,551.7,GHS,MOBILE_APP
ORMT-00011681,OR-C000474,8,SUCCESSFUL,2025-06-02 07:55:53.000,Greater Accra|Tema,449.62,GHS,MOBILE_APP
ORMT-00011682,OR-C000474,4,SUCCESSFUL,2025-06-29 09:13:10.000,Greater Accra|Tema,278.27,GHS,AGENT
ORMT-00011709,OR-C000475,6,SUCCESSFUL,2025-04-14 19:29:03.000,Greater Accra|Kasoa,853.09,GHS,WEB
ORMT-00011710,OR-C000475,1,SUCCESSFUL,2025-05-15 19:44:05.000,Greater Accra|Kasoa,107.46,GHS,AGENT
ORMT-00011711,OR-C000475,4,SUCCESSFUL,2025-05-09 13:08:45.000,Greater Accra|Kasoa,581.64,GHS,THIRD_PARTY
ORMT-00011712,OR-C000475,1,SUCCESSFUL,2025-05-24 10:06:37.000,Greater Accra|Kasoa,2138.52,GHS,MOBILE_APP
ORMT-00011731,OR-C000476,4,SUCCESSFUL,2025-04-23 10:54:37.000,Ashanti|Kumasi,2811.64,GHS,API
ORMT-00011812,OR-C000477,4,SUCCESSFUL,2025-04-20 08:35:32.000,Upper East|Navrongo,86.3,GHS,THIRD_PARTY
ORMT-00011813,OR-C000477,5,SUCCESSFUL,2025-04-25 12:57:12.000,Upper East|Navrongo,939.2,GHS,AGENT
ORMT-00011814,OR-C000477,10,SUCCESSFUL,2025-04-23 18:24:04.000,Upper East|Navrongo,119.7,GHS,MOBILE_APP
ORMT-00011815,OR-C000477,2,SUCCESSFUL,2025-04-06 09:23:56.000,Upper East|Navrongo,763.12,GHS,WEB
ORMT-00011816,OR-C000477,1,SUCCESSFUL,2025-04-05 11:10:30.000,Upper East|Navrongo,370.52,GHS,AGENT
ORMT-00011817,OR-C000477,5,SUCCESSFUL,2025-05-31 14:10:41.000,Upper East|Navrongo,322.12,GHS,AGENT
ORMT-00011818,OR-C000477,5,SUCCESSFUL,2025-05-30 10:39:03.000,Upper East|Navrongo,985.26,GHS,AGENT
ORMT-00011819,OR-C000477,3,SUCCESSFUL,2025-06-21 21:36:39.000,Upper East|Navrongo,1960.88,GHS,THIRD_PARTY
ORMT-00011820,OR-C000477,8,SUCCESSFUL,2025-06-16 15:31:14.000,Upper East|Navrongo,770.38,GHS,MOBILE_APP
ORMT-00011821,OR-C000477,1,SUCCESSFUL,2025-06-02 18:44:31.000,Upper East|Navrongo,1399.74,GHS,AGENT
ORMT-00011822,OR-C000477,1,SUCCESSFUL,2025-06-09 10:14:46.000,Upper East|Navrongo,315.08,GHS,MOBILE_APP
ORMT-00011823,OR-C000477,6,SUCCESSFUL,2025-06-21 19:12:45.000,Upper East|Navrongo,158.31,GHS,AGENT
ORMT-00011824,OR-C000477,5,SUCCESSFUL,2025-06-29 12:00:24.000,Upper East|Navrongo,651.76,GHS,AGENT
ORMT-00012012,OR-C000478,6,SUCCESSFUL,2025-04-05 20:04:26.000,Greater Accra|Kasoa,996.95,GHS,AGENT
ORMT-00012013,OR-C000478,7,SUCCESSFUL,2025-04-22 09:14:52.000,Greater Accra|Kasoa,1344.42,GHS,MOBILE_APP
ORMT-00012014,OR-C000478,1,SUCCESSFUL,2025-04-26 15:09:38.000,Greater Accra|Kasoa,428.56,GHS,AGENT
ORMT-00012015,OR-C000478,2,SUCCESSFUL,2025-05-21 17:25:55.000,Greater Accra|Kasoa,229.3,GHS,AGENT
ORMT-00012016,OR-C000478,4,SUCCESSFUL,2025-05-12 14:26:41.000,Greater Accra|Kasoa,1232.06,GHS,MOBILE_APP
ORMT-00012017,OR-C000478,2,FAILED,2025-05-04 14:32:16.000,Greater Accra|Kasoa,409.74,GHS,MOBILE_APP
ORMT-00012018,OR-C000478,2,SUCCESSFUL,2025-05-11 13:05:13.000,Greater Accra|Kasoa,465.9,GHS,MOBILE_APP
ORMT-00012019,OR-C000478,4,SUCCESSFUL,2025-05-22 10:57:28.000,Greater Accra|Kasoa,620.84,GHS,MOBILE_APP
ORMT-00012020,OR-C000478,2,SUCCESSFUL,2025-05-23 17:38:04.000,Greater Accra|Kasoa,294.41,GHS,THIRD_PARTY
ORMT-00012021,OR-C000478,6,SUCCESSFUL,2025-05-14 17:26:09.000,Greater Accra|Kasoa,969.72,GHS,AGENT
ORMT-00012022,OR-C000478,5,SUCCESSFUL,2025-05-30 08:58:53.000,Greater Accra|Kasoa,1019.89,GHS,WEB
ORMT-00012023,OR-C000478,4,SUCCESSFUL,2025-05-17 16:05:17.000,Greater Accra|Kasoa,163.27,GHS,AGENT
ORMT-00012024,OR-C000478,6,SUCCESSFUL,2025-06-13 14:43:05.000,Greater Accra|Kasoa,264.16,GHS,THIRD_PARTY
ORMT-00012025,OR-C000478,2,SUCCESSFUL,2025-06-26 08:23:08.000,Greater Accra|Kasoa,390.97,GHS,AGENT
ORMT-00012026,OR-C000478,1,SUCCESSFUL,2025-06-30 13:47:46.000,Greater Accra|Kasoa,1050.67,GHS,THIRD_PARTY
ORMT-00012027,OR-C000478,9,SUCCESSFUL,2025-06-28 17:24:55.000,Greater Accra|Kasoa,460.05,GHS,THIRD_PARTY
ORMT-00012028,OR-C000478,8,SUCCESSFUL,2025-06-13 21:04:01.000,Greater Accra|Kasoa,841.32,GHS,AGENT
ORMT-00012071,OR-C000479,2,SUCCESSFUL,2025-04-26 09:34:21.000,Ahafo|Goaso,3424.51,GHS,AGENT
ORMT-00012072,OR-C000479,4,SUCCESSFUL,2025-04-08 21:40:45.000,Ahafo|Goaso,239.48,GHS,AGENT
ORMT-00012073,OR-C000479,1,SUCCESSFUL,2025-04-22 15:02:25.000,Ahafo|Goaso,278.42,GHS,AGENT
ORMT-00012074,OR-C000479,1,SUCCESSFUL,2025-05-18 10:46:07.000,Ahafo|Goaso,344.37,GHS,AGENT
ORMT-00012075,OR-C000479,2,SUCCESSFUL,2025-06-05 17:24:42.000,Ahafo|Goaso,547.49,GHS,MOBILE_APP
ORMT-00012090,OR-C000480,5,SUCCESSFUL,2025-04-18 11:06:23.000,Northern|Tamale,268.41,GHS,API
ORMT-00012091,OR-C000480,3,SUCCESSFUL,2025-05-01 19:33:50.000,Northern|Tamale,809.83,GHS,WEB
ORMT-00012092,OR-C000480,1,SUCCESSFUL,2025-05-26 14:23:38.000,Northern|Tamale,573.83,GHS,API
ORMT-00012093,OR-C000480,1,SUCCESSFUL,2025-06-29 18:02:08.000,Northern|Tamale,373.85,GHS,THIRD_PARTY
ORMT-00012094,OR-C000480,1,SUCCESSFUL,2025-06-07 20:56:25.000,Northern|Tamale,321.48,GHS,MOBILE_APP
ORMT-00012193,OR-C000482,2,SUCCESSFUL,2025-04-29 19:57:58.000,Bono|Sunyani,1210.33,GHS,WEB
ORMT-00012194,OR-C000482,3,SUCCESSFUL,2025-04-28 21:55:00.000,Bono|Sunyani,291.32,GHS,THIRD_PARTY
ORMT-00012195,OR-C000482,5,SUCCESSFUL,2025-04-13 16:17:07.000,Bono|Sunyani,655.78,GHS,AGENT
ORMT-00012196,OR-C000482,4,SUCCESSFUL,2025-04-12 09:09:18.000,Bono|Sunyani,527.9,GHS,THIRD_PARTY
ORMT-00012197,OR-C000482,6,SUCCESSFUL,2025-05-30 19:42:45.000,Bono|Sunyani,316.7,GHS,API
ORMT-00012198,OR-C000482,1,SUCCESSFUL,2025-05-08 12:08:17.000,Bono|Sunyani,85.64,GHS,API
ORMT-00012199,OR-C000482,2,SUCCESSFUL,2025-05-08 10:23:42.000,Bono|Sunyani,2335.67,GHS,WEB
ORMT-00012200,OR-C000482,1,SUCCESSFUL,2025-06-28 12:44:51.000,Bono|Sunyani,282.11,GHS,AGENT
ORMT-00012201,OR-C000482,1,SUCCESSFUL,2025-06-02 14:41:10.000,Bono|Sunyani,521.24,GHS,MOBILE_APP
ORMT-00012202,OR-C000482,1,SUCCESSFUL,2025-06-01 21:58:48.000,Bono|Sunyani,1302.13,GHS,WEB
ORMT-00012203,OR-C000482,2,SUCCESSFUL,2025-06-28 08:06:31.000,Bono|Sunyani,430.48,GHS,AGENT
ORMT-00012204,OR-C000482,2,SUCCESSFUL,2025-06-29 16:07:28.000,Bono|Sunyani,68.68,GHS,MOBILE_APP
ORMT-00012230,OR-C000483,5,SUCCESSFUL,2025-05-15 21:15:04.000,Central|Cape Coast,2289.78,GHS,AGENT
ORMT-00012231,OR-C000483,2,SUCCESSFUL,2025-06-01 10:46:14.000,Central|Cape Coast,223.73,GHS,MOBILE_APP
ORMT-00012256,OR-C000485,5,SUCCESSFUL,2025-06-06 09:40:06.000,Central|Winneba,2015.98,GHS,MOBILE_APP
ORMT-00012262,OR-C000486,6,SUCCESSFUL,2025-05-29 07:58:28.000,Upper West|Wa,431.97,GHS,MOBILE_APP
ORMT-00012286,OR-C000488,1,SUCCESSFUL,2025-04-24 11:54:41.000,Bono|Berekum,1204.84,GHS,API
ORMT-00012287,OR-C000488,2,SUCCESSFUL,2025-04-20 21:20:30.000,Bono|Berekum,66.7,GHS,AGENT
ORMT-00012288,OR-C000488,8,SUCCESSFUL,2025-05-08 14:54:47.000,Bono|Berekum,348.01,GHS,AGENT
ORMT-00012289,OR-C000488,3,SUCCESSFUL,2025-05-19 19:52:36.000,Bono|Berekum,1300.07,GHS,MOBILE_APP
ORMT-00012290,OR-C000488,10,SUCCESSFUL,2025-05-31 15:34:04.000,Bono|Berekum,283.12,GHS,API
ORMT-00012291,OR-C000488,3,SUCCESSFUL,2025-06-21 11:16:13.000,Bono|Berekum,177.98,GHS,API
ORMT-00012292,OR-C000488,7,SUCCESSFUL,2025-06-26 15:36:40.000,Bono|Berekum,352.52,GHS,AGENT
ORMT-00012293,OR-C000488,3,SUCCESSFUL,2025-06-23 20:52:14.000,Bono|Berekum,1572.28,GHS,AGENT
ORMT-00012294,OR-C000488,5,SUCCESSFUL,2025-06-16 20:08:01.000,Bono|Berekum,303.25,GHS,MOBILE_APP
ORMT-00012314,OR-C000489,2,SUCCESSFUL,2025-04-29 17:58:14.000,Greater Accra|Madina,193.56,GHS,AGENT
ORMT-00012315,OR-C000489,9,SUCCESSFUL,2025-04-18 09:35:36.000,Greater Accra|Madina,582.39,GHS,API
ORMT-00012316,OR-C000489,1,SUCCESSFUL,2025-05-08 16:57:12.000,Greater Accra|Madina,363.61,GHS,THIRD_PARTY
ORMT-00012317,OR-C000489,9,SUCCESSFUL,2025-05-30 08:01:03.000,Greater Accra|Madina,550.13,GHS,MOBILE_APP
ORMT-00012318,OR-C000489,3,SUCCESSFUL,2025-05-11 13:06:03.000,Greater Accra|Madina,1595.04,GHS,MOBILE_APP
ORMT-00012319,OR-C000489,10,SUCCESSFUL,2025-06-13 16:15:22.000,Greater Accra|Madina,197.12,GHS,THIRD_PARTY
ORMT-00012320,OR-C000489,4,SUCCESSFUL,2025-06-28 18:48:31.000,Greater Accra|Madina,281.94,GHS,WEB
ORMT-00012390,OR-C000490,3,SUCCESSFUL,2025-04-24 12:59:39.000,Oti|Jasikan,98.3,GHS,AGENT
ORMT-00012391,OR-C000490,4,FAILED,2025-04-23 12:38:58.000,Oti|Jasikan,1364.14,GHS,AGENT
ORMT-00012392,OR-C000490,3,SUCCESSFUL,2025-04-19 16:12:57.000,Oti|Jasikan,211.55,GHS,MOBILE_APP
ORMT-00012393,OR-C000490,4,SUCCESSFUL,2025-04-26 11:43:16.000,Oti|Jasikan,1084.96,GHS,MOBILE_APP
ORMT-00012394,OR-C000490,1,SUCCESSFUL,2025-04-24 19:49:42.000,Oti|Jasikan,809.1,GHS,THIRD_PARTY
ORMT-00012395,OR-C000490,1,SUCCESSFUL,2025-04-22 07:44:11.000,Oti|Jasikan,855.84,GHS,MOBILE_APP
ORMT-00012396,OR-C000490,4,SUCCESSFUL,2025-05-14 11:57:41.000,Oti|Jasikan,249.23,GHS,AGENT
ORMT-00012397,OR-C000490,1,SUCCESSFUL,2025-05-03 08:56:04.000,Oti|Jasikan,5174.94,GHS,AGENT
ORMT-00012398,OR-C000490,4,SUCCESSFUL,2025-05-28 19:41:54.000,Oti|Jasikan,898.52,GHS,MOBILE_APP
ORMT-00012399,OR-C000490,1,FAILED,2025-06-28 13:36:02.000,Oti|Jasikan,373.29,GHS,AGENT
ORMT-00012445,OR-C000494,2,SUCCESSFUL,2025-04-10 16:23:38.000,Greater Accra|Tema,423.53,GHS,MOBILE_APP
ORMT-00012446,OR-C000494,1,SUCCESSFUL,2025-05-31 12:42:04.000,Greater Accra|Tema,287.14,GHS,API
ORMT-00012447,OR-C000494,1,SUCCESSFUL,2025-05-16 18:15:43.000,Greater Accra|Tema,331.64,GHS,AGENT
ORMT-00012473,OR-C000495,3,SUCCESSFUL,2025-04-01 10:12:12.000,Eastern|Koforidua,379.06,GHS,AGENT
ORMT-00012474,OR-C000495,1,SUCCESSFUL,2025-05-01 16:28:59.000,Eastern|Koforidua,1206.54,GHS,AGENT
ORMT-00012475,OR-C000495,4,SUCCESSFUL,2025-05-29 21:50:32.000,Eastern|Koforidua,3509.52,GHS,THIRD_PARTY
ORMT-00012476,OR-C000495,4,SUCCESSFUL,2025-05-27 12:22:39.000,Eastern|Koforidua,718.71,GHS,MOBILE_APP
ORMT-00012477,OR-C000495,2,SUCCESSFUL,2025-05-09 09:44:09.000,Eastern|Koforidua,2679.66,GHS,AGENT
ORMT-00012478,OR-C000495,9,SUCCESSFUL,2025-05-25 19:30:41.000,Eastern|Koforidua,671.11,GHS,AGENT
ORMT-00012501,OR-C000496,1,SUCCESSFUL,2025-04-04 12:43:57.000,Ashanti|Kumasi,760.34,GHS,API
ORMT-00012502,OR-C000496,1,SUCCESSFUL,2025-04-11 19:54:39.000,Ashanti|Kumasi,848.27,GHS,MOBILE_APP
ORMT-00012503,OR-C000496,2,SUCCESSFUL,2025-05-11 09:43:36.000,Ashanti|Kumasi,201.27,GHS,AGENT
ORMT-00012504,OR-C000496,2,SUCCESSFUL,2025-05-31 11:28:50.000,Ashanti|Kumasi,363.92,GHS,MOBILE_APP
ORMT-00012505,OR-C000496,2,SUCCESSFUL,2025-06-27 18:37:41.000,Ashanti|Kumasi,361.91,GHS,WEB
ORMT-00012530,OR-C000497,2,SUCCESSFUL,2025-04-01 07:00:40.000,Ahafo|Duayaw Nkwanta,860.61,GHS,MOBILE_APP
ORMT-00012531,OR-C000497,1,SUCCESSFUL,2025-04-02 09:42:00.000,Ahafo|Duayaw Nkwanta,2134.74,GHS,MOBILE_APP
ORMT-00012532,OR-C000497,9,SUCCESSFUL,2025-04-18 07:40:02.000,Ahafo|Duayaw Nkwanta,415.59,GHS,AGENT
ORMT-00012533,OR-C000497,1,SUCCESSFUL,2025-04-30 20:09:51.000,Ahafo|Duayaw Nkwanta,727.33,GHS,THIRD_PARTY
ORMT-00012534,OR-C000497,7,SUCCESSFUL,2025-05-28 08:55:44.000,Ahafo|Duayaw Nkwanta,127.27,GHS,THIRD_PARTY
ORMT-00012535,OR-C000497,4,SUCCESSFUL,2025-05-16 11:38:26.000,Ahafo|Duayaw Nkwanta,1132.45,GHS,AGENT
ORMT-00012536,OR-C000497,9,SUCCESSFUL,2025-05-25 14:39:23.000,Ahafo|Duayaw Nkwanta,2222.54,GHS,THIRD_PARTY
ORMT-00012537,OR-C000497,1,SUCCESSFUL,2025-05-23 13:21:39.000,Ahafo|Duayaw Nkwanta,766.52,GHS,MOBILE_APP
ORMT-00012538,OR-C000497,4,SUCCESSFUL,2025-05-02 18:47:33.000,Ahafo|Duayaw Nkwanta,195.01,GHS,AGENT
ORMT-00012539,OR-C000497,3,SUCCESSFUL,2025-06-26 15:19:19.000,Ahafo|Duayaw Nkwanta,978.2,GHS,AGENT
ORMT-00012540,OR-C000497,1,SUCCESSFUL,2025-06-28 11:13:24.000,Ahafo|Duayaw Nkwanta,1137.2,GHS,THIRD_PARTY
ORMT-00012575,OR-C000499,1,SUCCESSFUL,2025-04-16 08:15:00.000,Central|Winneba,1380.38,GHS,MOBILE_APP
ORMT-00012576,OR-C000499,10,SUCCESSFUL,2025-04-02 10:20:36.000,Central|Winneba,1289.96,GHS,AGENT
ORMT-00012577,OR-C000499,1,SUCCESSFUL,2025-05-30 10:36:59.000,Central|Winneba,490.28,GHS,WEB
ORMT-00012589,OR-C000500,3,SUCCESSFUL,2025-05-11 18:40:32.000,Ashanti|Obuasi,717.55,GHS,AGENT
ORMT-00012590,OR-C000500,7,SUCCESSFUL,2025-05-02 14:54:09.000,Ashanti|Obuasi,309.38,GHS,AGENT
