remittance_id,customer_id,country_id,remittance_status,remittance_timestamp,transaction_location,amount,currency,transaction_channel
ORMT-00000022,OR-C000002,1,SUCCESSFUL,2025-08-05 08:14:29.000,Western|Tarkwa,1105.79,GHS,MOBILE_APP
ORMT-00000023,OR-C000002,4,SUCCESSFUL,2025-09-26 09:38:11.000,Western|Tarkwa,1095.36,GHS,AGENT
ORMT-00000024,OR-C000002,1,SUCCESSFUL,2025-09-04 15:05:27.000,Western|Tarkwa,300.02,GHS,MOBILE_APP
ORMT-00000088,OR-C000003,1,SUCCESSFUL,2025-07-09 20:49:51.000,Bono East|Kintampo,703.35,GHS,AGENT
ORMT-00000089,OR-C000003,4,SUCCESSFUL,2025-08-10 09:43:26.000,Bono East|Kintampo,594.45,GHS,AGENT
ORMT-00000090,OR-C000003,7,SUCCESSFUL,2025-08-20 18:36:37.000,Bono East|Kintampo,406.75,GHS,MOBILE_APP
ORMT-00000091,OR-C000003,1,SUCCESSFUL,2025-09-17 13:25:54.000,Bono East|Kintampo,369.74,GHS,AGENT
ORMT-00000092,OR-C000003,3,SUCCESSFUL,2025-09-02 08:43:22.000,Bono East|Kintampo,530.3,GHS,AGENT
ORMT-00000093,OR-C000003,2,SUCCESSFUL,2025-09-13 16:56:26.000,Bono East|Kintampo,689.67,GHS,AGENT
ORMT-00000094,OR-C000003,4,SUCCESSFUL,2025-09-27 09:22:32.000,Bono East|Kintampo,286.88,GHS,WEB
ORMT-00000095,OR-C000003,4,SUCCESSFUL,2025-09-20 19:17:20.000,Bono East|Kintampo,389.11,GHS,MOBILE_APP
ORMT-00000096,OR-C000003,3,SUCCESSFUL,2025-09-02 09:12:45.000,Bono East|Kintampo,1870.82,GHS,API
ORMT-00000097,OR-C000003,5,SUCCESSFUL,2025-09-25 20:27:34.000,Bono East|Kintampo,256.58,GHS,THIRD_PARTY
ORMT-00000134,OR-C000007,1,SUCCESSFUL,2025-07-17 10:49:35.000,Greater Accra|Kasoa,671.78,GHS,MOBILE_APP
ORMT-00000135,OR-C000007,5,SUCCESSFUL,2025-08-30 13:54:49.000,Greater Accra|Kasoa,274.81,GHS,AGENT
ORMT-00000136,OR-C000007,5,SUCCESSFUL,2025-08-18 14:22:07.000,Greater Accra|Kasoa,221.96,GHS,WEB
ORMT-00000137,OR-C000007,7,SUCCESSFUL,2025-09-17 15:10:48.000,Greater Accra|Kasoa,1269.97,GHS,AGENT
ORMT-00000138,OR-C000007,1,SUCCESSFUL,2025-09-12 21:04:34.000,Greater Accra|Kasoa,306.73,GHS,THIRD_PARTY
ORMT-00000183,OR-C000008,1,SUCCESSFUL,2025-07-06 07:44:40.000,Ahafo|Duayaw Nkwanta,119.81,GHS,MOBILE_APP
ORMT-00000184,OR-C000008,7,SUCCESSFUL,2025-08-02 13:24:05.000,Ahafo|Duayaw Nkwanta,902.29,GHS,THIRD_PARTY
ORMT-00000185,OR-C000008,1,SUCCESSFUL,2025-08-05 17:58:21.000,Ahafo|Duayaw Nkwanta,327.49,GHS,THIRD_PARTY
ORMT-00000186,OR-C000008,7,SUCCESSFUL,2025-08-11 17:51:53.000,Ahafo|Duayaw Nkwanta,1013.74,GHS,AGENT
ORMT-00000187,OR-C000008,1,SUCCESSFUL,2025-08-19 11:01:35.000,Ahafo|Duayaw Nkwanta,380.11,GHS,AGENT
ORMT-00000188,OR-C000008,1,SUCCESSFUL,2025-09-15 20:30:25.000,Ahafo|Duayaw Nkwanta,277.9,GHS,MOBILE_APP
ORMT-00000210,OR-C000009,3,SUCCESSFUL,2025-07-17 14:30:12.000,Western|Takoradi,179.73,GHS,AGENT
ORMT-00000211,OR-C000009,3,SUCCESSFUL,2025-09-08 11:39:09.000,Western|Takoradi,167.12,GHS,AGENT
ORMT-00000245,OR-C000010,3,SUCCESSFUL,2025-07-06 19:13:15.000,Greater Accra|Tema,684.98,GHS,MOBILE_APP
ORMT-00000246,OR-C000010,2,SUCCESSFUL,2025-07-17 09:45:39.000,Greater Accra|Tema,100.67,GHS,API
ORMT-00000247,OR-C000010,4,SUCCESSFUL,2025-09-26 13:36:53.000,Greater Accra|Tema,535.1,GHS,AGENT
ORMT-00000248,OR-C000010,2,SUCCESSFUL,2025-09-01 12:38:35.000,Greater Accra|Tema,438.8,GHS,MOBILE_APP
ORMT-00000249,OR-C000010,3,SUCCESSFUL,2025-09-27 18:43:06.000,Greater Accra|Tema,320.29,GHS,THIRD_PARTY
ORMT-00000267,OR-C000011,1,SUCCESSFUL,2025-07-14 21:18:34.000,Ashanti|Obuasi,917.84,GHS,MOBILE_APP
ORMT-00000268,OR-C000011,3,SUCCESSFUL,2025-07-17 15:54:41.000,Ashanti|Obuasi,494.97,GHS,AGENT
ORMT-00000285,OR-C000012,3,SUCCESSFUL,2025-08-27 07:38:31.000,Volta|Hohoe,746.76,GHS,MOBILE_APP
ORMT-00000286,OR-C000012,4,SUCCESSFUL,2025-08-12 14:00:50.000,Volta|Hohoe,561.04,GHS,AGENT
ORMT-00000287,OR-C000012,6,SUCCESSFUL,2025-08-15 12:17:58.000,Volta|Hohoe,1588.04,GHS,AGENT
ORMT-00000288,OR-C000012,2,SUCCESSFUL,2025-08-13 11:11:35.000,Volta|Hohoe,125.14,GHS,API
ORMT-00000289,OR-C000012,3,SUCCESSFUL,2025-09-04 21:33:22.000,Volta|Hohoe,1227.61,GHS,MOBILE_APP
ORMT-00000308,OR-C000014,3,SUCCESSFUL,2025-07-23 12:51:54.000,Ashanti|Kumasi,1147.04,GHS,AGENT
ORMT-00000309,OR-C000014,7,SUCCESSFUL,2025-07-27 11:15:29.000,Ashanti|Kumasi,506.03,GHS,MOBILE_APP
ORMT-00000310,OR-C000014,9,SUCCESSFUL,2025-07-18 07:16:25.000,Ashanti|Kumasi,1100.4,GHS,AGENT
ORMT-00000311,OR-C000014,5,SUCCESSFUL,2025-07-29 16:19:13.000,Ashanti|Kumasi,784.64,GHS,API
ORMT-00000312,OR-C000014,4,SUCCESSFUL,2025-07-10 10:26:48.000,Ashanti|Kumasi,485.76,GHS,THIRD_PARTY
ORMT-00000313,OR-C000014,4,SUCCESSFUL,2025-08-28 16:49:04.000,Ashanti|Kumasi,321.61,GHS,AGENT
ORMT-00000314,OR-C000014,2,SUCCESSFUL,2025-08-02 08:18:31.000,Ashanti|Kumasi,950.73,GHS,AGENT
ORMT-00000315,OR-C000014,6,SUCCESSFUL,2025-08-26 10:08:58.000,Ashanti|Kumasi,714.51,GHS,AGENT
ORMT-00000316,OR-C000014,10,SUCCESSFUL,2025-08-21 10:13:11.000,Ashanti|Kumasi,175.31,GHS,AGENT
ORMT-00000317,OR-C000014,1,SUCCESSFUL,2025-09-03 17:59:30.000,Ashanti|Kumasi,571.38,GHS,AGENT
ORMT-00000318,OR-C000014,7,SUCCESSFUL,2025-09-12 15:18:33.000,Ashanti|Kumasi,366.0,GHS,AGENT
ORMT-00000319,OR-C000014,6,SUCCESSFUL,2025-09-14 19:35:33.000,Ashanti|Kumasi,497.11,GHS,MOBILE_APP
ORMT-00000320,OR-C000014,4,SUCCESSFUL,2025-09-03 18:47:29.000,Ashanti|Kumasi,1591.37,GHS,AGENT
ORMT-00000321,OR-C000014,2,SUCCESSFUL,2025-09-20 21:02:11.000,Ashanti|Kumasi,507.04,GHS,AGENT
ORMT-00000322,OR-C000014,4,SUCCESSFUL,2025-09-11 13:40:54.000,Ashanti|Kumasi,310.5,GHS,MOBILE_APP
ORMT-00000323,OR-C000014,6,SUCCESSFUL,2025-09-05 17:43:09.000,Ashanti|Kumasi,489.98,GHS,AGENT
ORMT-00000359,OR-C000015,4,SUCCESSFUL,2025-07-07 10:22:26.000,Ashanti|Ejisu,1116.18,GHS,AGENT
ORMT-00000360,OR-C000015,7,SUCCESSFUL,2025-07-23 19:48:43.000,Ashanti|Ejisu,169.23,GHS,AGENT
ORMT-00000361,OR-C000015,10,SUCCESSFUL,2025-07-03 08:35:32.000,Ashanti|Ejisu,298.06,GHS,AGENT
ORMT-00000362,OR-C000015,2,SUCCESSFUL,2025-08-08 10:45:43.000,Ashanti|Ejisu,1423.05,GHS,AGENT
ORMT-00000363,OR-C000015,1,SUCCESSFUL,2025-09-17 09:25:49.000,Ashanti|Ejisu,1309.97,GHS,MOBILE_APP
ORMT-00000377,OR-C000017,7,SUCCESSFUL,2025-08-12 19:25:06.000,Greater Accra|Madina,1131.26,GHS,AGENT
ORMT-00000393,OR-C000018,1,SUCCESSFUL,2025-07-26 10:12:41.000,Upper West|Wa,369.75,GHS,AGENT
ORMT-00000394,OR-C000018,2,SUCCESSFUL,2025-07-13 08:00:56.000,Upper West|Wa,658.15,GHS,THIRD_PARTY
ORMT-00000395,OR-C000018,1,SUCCESSFUL,2025-07-28 19:07:33.000,Upper West|Wa,643.72,GHS,API
ORMT-00000396,OR-C000018,1,SUCCESSFUL,2025-07-14 08:54:18.000,Upper West|Wa,537.22,GHS,API
ORMT-00000397,OR-C000018,8,SUCCESSFUL,2025-09-28 10:49:59.000,Upper West|Wa,203.34,GHS,MOBILE_APP
ORMT-00000398,OR-C000018,1,SUCCESSFUL,2025-09-20 20:48:13.000,Upper West|Wa,796.56,GHS,THIRD_PARTY
ORMT-00000399,OR-C000018,5,SUCCESSFUL,2025-09-05 18:51:13.000,Upper West|Wa,737.23,GHS,MOBILE_APP
ORMT-00000400,OR-C000018,1,SUCCESSFUL,2025-09-08 18:22:12.000,Upper West|Wa,453.49,GHS,MOBILE_APP
ORMT-00000424,OR-C000019,5,SUCCESSFUL,2025-07-05 14:08:01.000,Ahafo|Duayaw Nkwanta,1800.07,GHS,AGENT
ORMT-00000425,OR-C000019,1,SUCCESSFUL,2025-08-01 14:37:45.000,Ahafo|Duayaw Nkwanta,185.46,GHS,MOBILE_APP
ORMT-00000475,OR-C000021,7,SUCCESSFUL,2025-08-31 08:06:52.000,Bono East|Techiman,737.2,GHS,AGENT
ORMT-00000476,OR-C000021,9,SUCCESSFUL,2025-08-24 14:30:35.000,Bono East|Techiman,1255.04,GHS,AGENT
ORMT-00000477,OR-C000021,3,SUCCESSFUL,2025-08-16 08:04:08.000,Bono East|Techiman,1072.15,GHS,AGENT
ORMT-00000489,OR-C000022,9,SUCCESSFUL,2025-09-22 17:07:23.000,Greater Accra|Kasoa,1022.48,GHS,AGENT
ORMT-00000508,OR-C000023,5,SUCCESSFUL,2025-07-25 08:13:27.000,Ashanti|Kumasi,413.06,GHS,MOBILE_APP
ORMT-00000509,OR-C000023,5,SUCCESSFUL,2025-07-14 19:17:43.000,Ashanti|Kumasi,796.13,GHS,AGENT
ORMT-00000510,OR-C000023,4,SUCCESSFUL,2025-07-04 14:54:58.000,Ashanti|Kumasi,1352.6,GHS,API
ORMT-00000511,OR-C000023,7,SUCCESSFUL,2025-08-22 09:26:41.000,Ashanti|Kumasi,2283.86,GHS,AGENT
ORMT-00000512,OR-C000023,2,SUCCESSFUL,2025-09-13 17:53:17.000,Ashanti|Kumasi,649.94,GHS,API
ORMT-00000513,OR-C000023,4,SUCCESSFUL,2025-09-28 11:04:57.000,Ashanti|Kumasi,562.99,GHS,WEB
ORMT-00000514,OR-C000023,7,SUCCESSFUL,2025-09-05 16:22:50.000,Ashanti|Kumasi,447.94,GHS,AGENT
ORMT-00000542,OR-C000024,3,SUCCESSFUL,2025-07-29 07:33:45.000,Bono East|Kintampo,89.75,GHS,MOBILE_APP
ORMT-00000543,OR-C000024,10,SUCCESSFUL,2025-08-08 21:36:13.000,Bono East|Kintampo,2615.95,GHS,AGENT
ORMT-00000544,OR-C000024,1,SUCCESSFUL,2025-08-01 11:45:09.000,Bono East|Kintampo,680.19,GHS,AGENT
ORMT-00000564,OR-C000025,3,SUCCESSFUL,2025-08-28 13:54:02.000,Eastern|Nkawkaw,217.39,GHS,THIRD_PARTY
ORMT-00000565,OR-C000025,7,SUCCESSFUL,2025-08-14 11:33:51.000,Eastern|Nkawkaw,2792.82,GHS,MOBILE_APP
ORMT-00000566,OR-C000025,6,SUCCESSFUL,2025-08-03 19:38:45.000,Eastern|Nkawkaw,397.2,GHS,AGENT
ORMT-00000604,OR-C000026,5,SUCCESSFUL,2025-07-15 13:53:16.000,Oti|Dambai,3399.89,GHS,AGENT
ORMT-00000605,OR-C000026,7,SUCCESSFUL,2025-07-09 09:03:17.000,Oti|Dambai,320.76,GHS,API
ORMT-00000623,OR-C000027,2,SUCCESSFUL,2025-07-06 19:56:49.000,Volta|Keta,1525.41,GHS,AGENT
ORMT-00000624,OR-C000027,1,SUCCESSFUL,2025-09-20 16:23:56.000,Volta|Keta,265.24,GHS,AGENT
ORMT-00000633,OR-C000028,3,SUCCESSFUL,2025-07-31 10:22:48.000,Ashanti|Obuasi,440.74,GHS,AGENT
ORMT-00000634,OR-C000028,1,SUCCESSFUL,2025-08-20 20:40:22.000,Ashanti|Obuasi,2225.39,GHS,AGENT
ORMT-00000639,OR-C000029,3,SUCCESSFUL,2025-08-24 19:07:22.000,Greater Accra|Tema,2224.37,GHS,MOBILE_APP
ORMT-00000695,OR-C000030,6,SUCCESSFUL,2025-07-03 08:01:55.000,Greater Accra|Kasoa,760.7,GHS,THIRD_PARTY
ORMT-00000696,OR-C000030,2,SUCCESSFUL,2025-07-29 15:21:20.000,Greater Accra|Kasoa,302.47,GHS,MOBILE_APP
ORMT-00000697,OR-C000030,2,SUCCESSFUL,2025-07-30 17:40:56.000,Greater Accra|Kasoa,1099.94,GHS,MOBILE_APP
ORMT-00000698,OR-C000030,1,SUCCESSFUL,2025-08-15 13:45:55.000,Greater Accra|Kasoa,404.67,GHS,AGENT
ORMT-00000699,OR-C000030,3,SUCCESSFUL,2025-09-26 17:16:53.000,Greater Accra|Kasoa,2575.49,GHS,WEB
ORMT-00000815,OR-C000031,2,SUCCESSFUL,2025-07-05 08:46:10.000,Greater Accra|Madina,731.96,GHS,MOBILE_APP
ORMT-00000816,OR-C000031,1,SUCCESSFUL,2025-07-01 08:08:07.000,Greater Accra|Madina,1563.19,GHS,AGENT
ORMT-00000817,OR-C000031,1,FAILED,2025-08-02 08:46:02.000,Greater Accra|Madina,2094.23,GHS,AGENT
ORMT-00000818,OR-C000031,4,SUCCESSFUL,2025-08-06 07:19:35.000,Greater Accra|Madina,804.05,GHS,AGENT
ORMT-00000819,OR-C000031,4,SUCCESSFUL,2025-08-19 10:03:40.000,Greater Accra|Madina,229.34,GHS,MOBILE_APP
ORMT-00000820,OR-C000031,5,SUCCESSFUL,2025-08-07 19:33:38.000,Greater Accra|Madina,422.67,GHS,AGENT
ORMT-00000821,OR-C000031,5,SUCCESSFUL,2025-08-05 20:18:48.000,Greater Accra|Madina,259.24,GHS,AGENT
ORMT-00000822,OR-C000031,8,SUCCESSFUL,2025-08-11 20:13:02.000,Greater Accra|Madina,848.31,GHS,AGENT
ORMT-00000823,OR-C000031,2,SUCCESSFUL,2025-09-30 14:21:11.000,Greater Accra|Madina,278.32,GHS,THIRD_PARTY
ORMT-00000892,OR-C000032,2,SUCCESSFUL,2025-07-10 13:30:53.000,Greater Accra|Kasoa,424.56,GHS,AGENT
ORMT-00000893,OR-C000032,1,SUCCESSFUL,2025-07-08 15:04:42.000,Greater Accra|Kasoa,515.61,GHS,AGENT
ORMT-00000894,OR-C000032,3,SUCCESSFUL,2025-08-03 16:51:39.000,Greater Accra|Kasoa,1869.94,GHS,API
ORMT-00000895,OR-C000032,10,SUCCESSFUL,2025-09-21 10:51:46.000,Greater Accra|Kasoa,13450.54,GHS,API
ORMT-00000896,OR-C000032,3,SUCCESSFUL,2025-09-25 15:11:40.000,Greater Accra|Kasoa,344.29,GHS,THIRD_PARTY
ORMT-00000897,OR-C000032,1,SUCCESSFUL,2025-09-17 13:41:48.000,Greater Accra|Kasoa,180.84,GHS,MOBILE_APP
ORMT-00000898,OR-C000032,5,SUCCESSFUL,2025-09-24 07:43:19.000,Greater Accra|Kasoa,436.68,GHS,MOBILE_APP
ORMT-00000918,OR-C000033,2,SUCCESSFUL,2025-07-27 17:08:08.000,Northern|Tamale,107.11,GHS,THIRD_PARTY
ORMT-00000919,OR-C000033,1,SUCCESSFUL,2025-07-29 15:47:18.000,Northern|Tamale,467.91,GHS,WEB
ORMT-00000940,OR-C000034,2,SUCCESSFUL,2025-07-27 11:53:02.000,Ahafo|Goaso,466.35,GHS,AGENT
ORMT-00000941,OR-C000034,2,SUCCESSFUL,2025-07-05 14:16:28.000,Ahafo|Goaso,760.26,GHS,THIRD_PARTY
ORMT-00000942,OR-C000034,5,SUCCESSFUL,2025-08-14 14:47:58.000,Ahafo|Goaso,741.21,GHS,WEB
ORMT-00000943,OR-C000034,2,SUCCESSFUL,2025-09-23 21:38:17.000,Ahafo|Goaso,647.93,GHS,AGENT
ORMT-00000971,OR-C000035,2,SUCCESSFUL,2025-09-14 20:36:23.000,Western|Axim,625.5,GHS,API
ORMT-00000977,OR-C000036,4,SUCCESSFUL,2025-07-04 15:14:34.000,Eastern|Koforidua,2919.18,GHS,AGENT
ORMT-00000985,OR-C000037,2,SUCCESSFUL,2025-08-30 09:20:12.000,Northern|Tamale,180.66,GHS,THIRD_PARTY
ORMT-00000986,OR-C000037,1,SUCCESSFUL,2025-08-22 21:10:48.000,Northern|Tamale,247.24,GHS,AGENT
ORMT-00000987,OR-C000037,1,SUCCESSFUL,2025-09-02 16:48:10.000,Northern|Tamale,1963.74,GHS,MOBILE_APP
ORMT-00000991,OR-C000038,1,SUCCESSFUL,2025-07-12 19:16:35.000,Ashanti|Obuasi,2059.28,GHS,AGENT
ORMT-00001008,OR-C000040,1,SUCCESSFUL,2025-07-30 11:56:05.000,Greater Accra|Accra,633.26,GHS,AGENT
ORMT-00001009,OR-C000040,9,SUCCESSFUL,2025-09-16 18:17:01.000,Greater Accra|Accra,324.84,GHS,AGENT
ORMT-00001091,OR-C000041,3,SUCCESSFUL,2025-07-15 13:08:06.000,Bono|Berekum,209.69,GHS,WEB
ORMT-00001092,OR-C000041,1,SUCCESSFUL,2025-07-24 18:27:27.000,Bono|Berekum,188.41,GHS,WEB
ORMT-00001093,OR-C000041,10,SUCCESSFUL,2025-08-22 19:14:28.000,Bono|Berekum,391.46,GHS,AGENT
ORMT-00001094,OR-C000041,3,SUCCESSFUL,2025-08-01 09:24:51.000,Bono|Berekum,357.26,GHS,AGENT
ORMT-00001095,OR-C000041,5,SUCCESSFUL,2025-08-30 18:18:30.000,Bono|Berekum,658.31,GHS,THIRD_PARTY
ORMT-00001096,OR-C000041,1,SUCCESSFUL,2025-09-15 21:39:35.000,Bono|Berekum,230.07,GHS,AGENT
ORMT-00001097,OR-C000041,10,SUCCESSFUL,2025-09-20 18:31:15.000,Bono|Berekum,1459.94,GHS,MOBILE_APP
ORMT-00001098,OR-C000041,4,SUCCESSFUL,2025-09-11 10:07:29.000,Bono|Berekum,215.88,GHS,MOBILE_APP
ORMT-00001099,OR-C000041,1,SUCCESSFUL,2025-09-17 10:16:59.000,Bono|Berekum,1772.47,GHS,THIRD_PARTY
ORMT-00001100,OR-C000041,3,SUCCESSFUL,2025-09-11 15:12:29.000,Bono|Berekum,819.47,GHS,THIRD_PARTY
ORMT-00001121,OR-C000042,4,SUCCESSFUL,2025-07-18 18:52:11.000,Greater Accra|Kasoa,1220.5,GHS,AGENT
ORMT-00001122,OR-C000042,2,SUCCESSFUL,2025-08-26 17:50:41.000,Greater Accra|Kasoa,1182.98,GHS,WEB
ORMT-00001123,OR-C000042,1,SUCCESSFUL,2025-08-04 20:12:50.000,Greater Accra|Kasoa,969.56,GHS,WEB
ORMT-00001147,OR-C000043,10,SUCCESSFUL,2025-07-31 15:47:15.000,Greater Accra|Tema,571.38,GHS,AGENT
ORMT-00001148,OR-C000043,2,SUCCESSFUL,2025-07-02 15:11:31.000,Greater Accra|Tema,372.94,GHS,AGENT
ORMT-00001149,OR-C000043,10,FAILED,2025-07-06 09:45:10.000,Greater Accra|Tema,829.96,GHS,API
ORMT-00001173,OR-C000044,2,SUCCESSFUL,2025-07-08 20:05:51.000,Upper East|Navrongo,2150.01,GHS,MOBILE_APP
ORMT-00001174,OR-C000044,8,SUCCESSFUL,2025-09-12 17:17:25.000,Upper East|Navrongo,295.04,GHS,THIRD_PARTY
ORMT-00001175,OR-C000044,2,SUCCESSFUL,2025-09-06 15:49:23.000,Upper East|Navrongo,284.3,GHS,API
ORMT-00001223,OR-C000047,1,SUCCESSFUL,2025-07-05 16:52:09.000,Central|Cape Coast,328.59,GHS,API
ORMT-00001224,OR-C000047,6,FAILED,2025-07-03 17:32:08.000,Central|Cape Coast,543.12,GHS,MOBILE_APP
ORMT-00001225,OR-C000047,1,SUCCESSFUL,2025-08-03 20:28:52.000,Central|Cape Coast,242.76,GHS,THIRD_PARTY
ORMT-00001226,OR-C000047,5,REJECTED,2025-08-04 18:29:53.000,Central|Cape Coast,765.96,GHS,WEB
ORMT-00001227,OR-C000047,1,SUCCESSFUL,2025-09-27 14:48:40.000,Central|Cape Coast,366.21,GHS,AGENT
ORMT-00001228,OR-C000047,5,SUCCESSFUL,2025-09-09 12:15:35.000,Central|Cape Coast,314.53,GHS,MOBILE_APP
ORMT-00001242,OR-C000048,9,SUCCESSFUL,2025-07-18 08:35:02.000,Greater Accra|Madina,534.15,GHS,WEB
ORMT-00001243,OR-C000048,1,SUCCESSFUL,2025-07-11 15:03:19.000,Greater Accra|Madina,244.33,GHS,AGENT
ORMT-00001258,OR-C000049,3,SUCCESSFUL,2025-07-09 13:41:49.000,Upper East|Navrongo,441.64,GHS,WEB
ORMT-00001259,OR-C000049,1,SUCCESSFUL,2025-08-06 14:11:01.000,Upper East|Navrongo,809.22,GHS,AGENT
ORMT-00001260,OR-C000049,2,SUCCESSFUL,2025-08-18 10:35:34.000,Upper East|Navrongo,977.36,GHS,MOBILE_APP
ORMT-00001261,OR-C000049,7,SUCCESSFUL,2025-09-17 08:54:10.000,Upper East|Navrongo,508.79,GHS,AGENT
ORMT-00001280,OR-C000050,1,SUCCESSFUL,2025-08-06 12:45:12.000,Eastern|Akropong,522.22,GHS,WEB
ORMT-00001296,OR-C000052,1,SUCCESSFUL,2025-07-30 21:45:54.000,Northern|Yendi,3382.52,GHS,AGENT
ORMT-00001297,OR-C000052,1,SUCCESSFUL,2025-08-08 19:10:33.000,Northern|Yendi,1447.43,GHS,MOBILE_APP
ORMT-00001298,OR-C000052,1,SUCCESSFUL,2025-08-25 15:36:58.000,Northern|Yendi,1042.57,GHS,API
ORMT-00001299,OR-C000052,4,SUCCESSFUL,2025-09-20 07:40:21.000,Northern|Yendi,621.21,GHS,API
ORMT-00001300,OR-C000052,5,SUCCESSFUL,2025-09-23 07:46:30.000,Northern|Yendi,2131.83,GHS,AGENT
ORMT-00001316,OR-C000053,1,SUCCESSFUL,2025-09-25 21:14:24.000,Greater Accra|Accra,422.46,GHS,AGENT
ORMT-00001327,OR-C000054,1,SUCCESSFUL,2025-09-01 09:56:04.000,Upper East|Navrongo,549.62,GHS,WEB
ORMT-00001364,OR-C000056,6,SUCCESSFUL,2025-07-26 14:30:43.000,Northern|Tamale,303.08,GHS,MOBILE_APP
ORMT-00001365,OR-C000056,3,SUCCESSFUL,2025-07-15 15:47:27.000,Northern|Tamale,449.24,GHS,AGENT
ORMT-00001366,OR-C000056,10,SUCCESSFUL,2025-07-17 14:35:40.000,Northern|Tamale,354.48,GHS,AGENT
ORMT-00001367,OR-C000056,2,SUCCESSFUL,2025-08-03 08:11:47.000,Northern|Tamale,901.34,GHS,MOBILE_APP
ORMT-00001368,OR-C000056,10,SUCCESSFUL,2025-09-05 10:07:50.000,Northern|Tamale,1120.87,GHS,AGENT
ORMT-00001369,OR-C000056,2,SUCCESSFUL,2025-09-27 10:46:39.000,Northern|Tamale,1077.14,GHS,API
ORMT-00001426,OR-C000057,9,SUCCESSFUL,2025-07-04 16:21:07.000,Western|Takoradi,833.16,GHS,AGENT
ORMT-00001427,OR-C000057,4,SUCCESSFUL,2025-07-15 14:08:49.000,Western|Takoradi,409.68,GHS,AGENT
ORMT-00001428,OR-C000057,4,SUCCESSFUL,2025-08-14 08:53:47.000,Western|Takoradi,514.0,GHS,AGENT
ORMT-00001429,OR-C000057,10,SUCCESSFUL,2025-08-23 20:12:08.000,Western|Takoradi,2119.69,GHS,MOBILE_APP
ORMT-00001513,OR-C000058,2,SUCCESSFUL,2025-07-05 09:34:47.000,Greater Accra|Kasoa,1204.6,GHS,AGENT
ORMT-00001514,OR-C000058,7,SUCCESSFUL,2025-07-11 11:31:38.000,Greater Accra|Kasoa,497.0,GHS,MOBILE_APP
ORMT-00001515,OR-C000058,1,SUCCESSFUL,2025-07-26 21:55:37.000,Greater Accra|Kasoa,541.42,GHS,API
ORMT-00001516,OR-C000058,1,SUCCESSFUL,2025-08-19 20:09:14.000,Greater Accra|Kasoa,958.02,GHS,THIRD_PARTY
ORMT-00001517,OR-C000058,4,SUCCESSFUL,2025-08-02 09:52:08.000,Greater Accra|Kasoa,3289.78,GHS,AGENT
ORMT-00001518,OR-C000058,9,SUCCESSFUL,2025-08-24 08:26:25.000,Greater Accra|Kasoa,952.57,GHS,MOBILE_APP
ORMT-00001519,OR-C000058,1,FAILED,2025-08-03 15:33:06.000,Greater Accra|Kasoa,135.14,GHS,API
ORMT-00001520,OR-C000058,4,SUCCESSFUL,2025-09-16 18:57:16.000,Greater Accra|Kasoa,478.21,GHS,API
ORMT-00001542,OR-C000059,9,SUCCESSFUL,2025-09-26 07:15:22.000,Upper East|Bolgatanga,831.75,GHS,AGENT
ORMT-00001548,OR-C000060,10,SUCCESSFUL,2025-09-26 07:04:57.000,Greater Accra|Tema,2271.04,GHS,THIRD_PARTY
ORMT-00001549,OR-C000060,1,SUCCESSFUL,2025-09-27 10:28:10.000,Greater Accra|Tema,461.86,GHS,AGENT
ORMT-00001557,OR-C000061,1,SUCCESSFUL,2025-08-27 13:18:26.000,Greater Accra|Madina,789.7,GHS,AGENT
ORMT-00001558,OR-C000061,4,SUCCESSFUL,2025-09-16 13:03:57.000,Greater Accra|Madina,790.73,GHS,THIRD_PARTY
ORMT-00001559,OR-C000061,1,SUCCESSFUL,2025-09-20 11:21:47.000,Greater Accra|Madina,677.97,GHS,AGENT
ORMT-00001570,OR-C000062,1,SUCCESSFUL,2025-09-19 21:03:34.000,Greater Accra|Accra,1438.42,GHS,MOBILE_APP
ORMT-00001591,OR-C000065,3,SUCCESSFUL,2025-08-17 07:46:00.000,Bono|Sunyani,216.58,GHS,THIRD_PARTY
ORMT-00001592,OR-C000065,3,SUCCESSFUL,2025-09-23 14:17:15.000,Bono|Sunyani,485.04,GHS,AGENT
ORMT-00001600,OR-C000066,1,SUCCESSFUL,2025-07-13 08:38:30.000,Central|Cape Coast,679.33,GHS,MOBILE_APP
ORMT-00001601,OR-C000066,3,SUCCESSFUL,2025-07-27 16:49:09.000,Central|Cape Coast,738.01,GHS,WEB
ORMT-00001609,OR-C000067,3,SUCCESSFUL,2025-07-15 12:46:25.000,Eastern|Nkawkaw,792.75,GHS,AGENT
ORMT-00001610,OR-C000067,2,SUCCESSFUL,2025-08-29 14:33:03.000,Eastern|Nkawkaw,474.97,GHS,AGENT
ORMT-00001611,OR-C000067,2,SUCCESSFUL,2025-09-27 09:43:32.000,Eastern|Nkawkaw,1911.0,GHS,AGENT
ORMT-00001612,OR-C000067,5,SUCCESSFUL,2025-09-15 10:48:14.000,Eastern|Nkawkaw,431.63,GHS,MOBILE_APP
ORMT-00001620,OR-C000068,8,SUCCESSFUL,2025-09-09 16:12:50.000,Ashanti|Ejisu,115.0,GHS,MOBILE_APP
ORMT-00001654,OR-C000070,5,SUCCESSFUL,2025-07-29 08:49:56.000,Ashanti|Kumasi,515.59,GHS,AGENT
ORMT-00001655,OR-C000070,7,SUCCESSFUL,2025-09-06 17:01:56.000,Ashanti|Kumasi,50,GHS,AGENT
ORMT-00001689,OR-C000071,2,SUCCESSFUL,2025-07-26 20:23:50.000,Greater Accra|Tema,1451.04,GHS,API
ORMT-00001690,OR-C000071,3,SUCCESSFUL,2025-07-11 12:35:54.000,Greater Accra|Tema,953.87,GHS,MOBILE_APP
ORMT-00001691,OR-C000071,1,SUCCESSFUL,2025-07-13 09:01:15.000,Greater Accra|Tema,295.82,GHS,WEB
ORMT-00001692,OR-C000071,3,SUCCESSFUL,2025-09-27 09:54:32.000,Greater Accra|Tema,403.51,GHS,THIRD_PARTY
ORMT-00001693,OR-C000071,4,SUCCESSFUL,2025-09-02 16:41:17.000,Greater Accra|Tema,1245.63,GHS,WEB
ORMT-00001694,OR-C000071,1,SUCCESSFUL,2025-09-05 13:27:12.000,Greater Accra|Tema,170.17,GHS,AGENT
ORMT-00001706,OR-C000072,4,SUCCESSFUL,2025-09-28 16:17:39.000,Ashanti|Obuasi,1644.47,GHS,MOBILE_APP
ORMT-00001718,OR-C000073,5,SUCCESSFUL,2025-07-21 20:49:24.000,Ashanti|Kumasi,751.36,GHS,THIRD_PARTY
ORMT-00001719,OR-C000073,5,SUCCESSFUL,2025-07-14 13:44:40.000,Ashanti|Kumasi,202.89,GHS,THIRD_PARTY
ORMT-00001720,OR-C000073,1,SUCCESSFUL,2025-08-23 07:22:40.000,Ashanti|Kumasi,746.68,GHS,AGENT
ORMT-00001721,OR-C000073,5,SUCCESSFUL,2025-08-10 17:58:57.000,Ashanti|Kumasi,745.54,GHS,MOBILE_APP
ORMT-00001722,OR-C000073,8,SUCCESSFUL,2025-08-19 12:23:42.000,Ashanti|Kumasi,302.61,GHS,MOBILE_APP
ORMT-00001734,OR-C000074,8,SUCCESSFUL,2025-08-09 12:11:35.000,Upper West|Wa,774.64,GHS,AGENT
ORMT-00001735,OR-C000074,4,SUCCESSFUL,2025-08-19 21:02:33.000,Upper West|Wa,2298.03,GHS,AGENT
ORMT-00001736,OR-C000074,1,SUCCESSFUL,2025-09-01 11:37:09.000,Upper West|Wa,632.45,GHS,THIRD_PARTY
ORMT-00001743,OR-C000075,6,SUCCESSFUL,2025-07-14 16:52:08.000,Bono|Berekum,630.46,GHS,MOBILE_APP
ORMT-00001744,OR-C000075,1,SUCCESSFUL,2025-08-22 21:16:37.000,Bono|Berekum,338.4,GHS,AGENT
ORMT-00001745,OR-C000075,10,SUCCESSFUL,2025-08-06 20:32:23.000,Bono|Berekum,1111.82,GHS,AGENT
ORMT-00001746,OR-C000075,4,SUCCESSFUL,2025-09-02 11:20:36.000,Bono|Berekum,299.96,GHS,WEB
ORMT-00001769,OR-C000076,5,SUCCESSFUL,2025-07-28 17:10:22.000,Eastern|Nkawkaw,312.43,GHS,MOBILE_APP
ORMT-00001770,OR-C000076,6,SUCCESSFUL,2025-07-04 08:59:54.000,Eastern|Nkawkaw,501.14,GHS,MOBILE_APP
ORMT-00001771,OR-C000076,6,SUCCESSFUL,2025-07-06 21:07:49.000,Eastern|Nkawkaw,646.94,GHS,AGENT
ORMT-00001772,OR-C000076,3,SUCCESSFUL,2025-08-28 20:35:42.000,Eastern|Nkawkaw,691.47,GHS,API
ORMT-00001773,OR-C000076,4,SUCCESSFUL,2025-08-09 10:22:55.000,Eastern|Nkawkaw,856.95,GHS,AGENT
ORMT-00001774,OR-C000076,7,SUCCESSFUL,2025-09-21 13:48:47.000,Eastern|Nkawkaw,629.57,GHS,AGENT
ORMT-00001775,OR-C000076,7,SUCCESSFUL,2025-09-15 07:03:57.000,Eastern|Nkawkaw,247.68,GHS,AGENT
ORMT-00001776,OR-C000076,5,SUCCESSFUL,2025-09-21 12:46:06.000,Eastern|Nkawkaw,597.0,GHS,WEB
ORMT-00001790,OR-C000077,5,SUCCESSFUL,2025-07-30 10:59:34.000,Northern|Savelugu,132.92,GHS,API
ORMT-00001791,OR-C000077,1,SUCCESSFUL,2025-08-04 19:49:34.000,Northern|Savelugu,376.23,GHS,MOBILE_APP
ORMT-00001792,OR-C000077,8,SUCCESSFUL,2025-08-14 16:17:58.000,Northern|Savelugu,982.36,GHS,AGENT
ORMT-00001793,OR-C000077,3,SUCCESSFUL,2025-08-07 08:14:24.000,Northern|Savelugu,202.6,GHS,AGENT
ORMT-00001811,OR-C000078,5,SUCCESSFUL,2025-07-30 11:25:51.000,Central|Elmina,426.43,GHS,AGENT
ORMT-00001812,OR-C000078,2,SUCCESSFUL,2025-07-14 11:44:16.000,Central|Elmina,505.05,GHS,MOBILE_APP
ORMT-00001813,OR-C000078,1,SUCCESSFUL,2025-07-04 10:24:42.000,Central|Elmina,195.2,GHS,AGENT
ORMT-00001814,OR-C000078,2,SUCCESSFUL,2025-07-20 10:54:29.000,Central|Elmina,710.1,GHS,MOBILE_APP
ORMT-00001815,OR-C000078,1,SUCCESSFUL,2025-08-03 13:36:40.000,Central|Elmina,1496.11,GHS,AGENT
ORMT-00001816,OR-C000078,3,SUCCESSFUL,2025-08-09 20:41:12.000,Central|Elmina,467.85,GHS,MOBILE_APP
ORMT-00001817,OR-C000078,1,SUCCESSFUL,2025-09-02 19:37:56.000,Central|Elmina,11506.3,GHS,MOBILE_APP
ORMT-00001838,OR-C000079,2,SUCCESSFUL,2025-07-02 12:54:46.000,Ashanti|Ejisu,403.08,GHS,AGENT
ORMT-00001839,OR-C000079,6,SUCCESSFUL,2025-09-13 17:02:21.000,Ashanti|Ejisu,1057.14,GHS,AGENT
ORMT-00001847,OR-C000080,2,SUCCESSFUL,2025-08-15 16:09:22.000,Greater Accra|Accra,522.71,GHS,API
ORMT-00001853,OR-C000081,1,SUCCESSFUL,2025-09-21 13:30:46.000,Bono|Berekum,691.52,GHS,THIRD_PARTY
ORMT-00001861,OR-C000082,1,SUCCESSFUL,2025-07-12 21:03:45.000,Central|Winneba,67.82,GHS,MOBILE_APP
ORMT-00001862,OR-C000082,5,SUCCESSFUL,2025-08-27 16:39:57.000,Central|Winneba,1048.84,GHS,THIRD_PARTY
ORMT-00001863,OR-C000082,8,SUCCESSFUL,2025-09-23 12:57:12.000,Central|Winneba,497.68,GHS,API
ORMT-00001864,OR-C000082,2,SUCCESSFUL,2025-09-22 08:12:23.000,Central|Winneba,343.19,GHS,THIRD_PARTY
ORMT-00001865,OR-C000082,5,SUCCESSFUL,2025-09-16 20:08:16.000,Central|Winneba,255.8,GHS,API
ORMT-00001874,OR-C000083,9,SUCCESSFUL,2025-07-29 09:59:55.000,Eastern|Akropong,639.81,GHS,WEB
ORMT-00001895,OR-C000084,7,SUCCESSFUL,2025-07-20 13:38:21.000,Greater Accra|Madina,2175.77,GHS,THIRD_PARTY
ORMT-00001896,OR-C000084,2,SUCCESSFUL,2025-09-27 12:45:00.000,Greater Accra|Madina,2051.74,GHS,WEB
ORMT-00001897,OR-C000084,8,SUCCESSFUL,2025-09-12 12:35:45.000,Greater Accra|Madina,1168.52,GHS,MOBILE_APP
ORMT-00001906,OR-C000085,7,SUCCESSFUL,2025-07-11 09:08:42.000,Ashanti|Ejisu,652.56,GHS,THIRD_PARTY
ORMT-00001907,OR-C000085,2,SUCCESSFUL,2025-09-04 14:30:36.000,Ashanti|Ejisu,547.71,GHS,MOBILE_APP
ORMT-00001921,OR-C000086,4,SUCCESSFUL,2025-09-04 18:49:39.000,Ashanti|Ejisu,350.27,GHS,MOBILE_APP
ORMT-00001922,OR-C000086,1,SUCCESSFUL,2025-09-06 11:19:10.000,Ashanti|Ejisu,288.34,GHS,AGENT
ORMT-00001935,OR-C000087,4,SUCCESSFUL,2025-09-13 11:52:42.000,Ashanti|Obuasi,1120.94,GHS,MOBILE_APP
ORMT-00001936,OR-C000087,2,SUCCESSFUL,2025-09-25 19:43:07.000,Ashanti|Obuasi,1551.98,GHS,WEB
ORMT-00001948,OR-C000088,2,SUCCESSFUL,2025-07-13 10:51:45.000,Upper East|Bolgatanga,855.39,GHS,MOBILE_APP
ORMT-00001949,OR-C000088,1,SUCCESSFUL,2025-08-10 21:08:18.000,Upper East|Bolgatanga,573.58,GHS,AGENT
ORMT-00001950,OR-C000088,1,SUCCESSFUL,2025-09-04 10:56:49.000,Upper East|Bolgatanga,948.28,GHS,THIRD_PARTY
ORMT-00001956,OR-C000089,6,SUCCESSFUL,2025-08-01 13:17:27.000,Greater Accra|Madina,355.6,GHS,AGENT
ORMT-00001957,OR-C000089,9,SUCCESSFUL,2025-09-18 14:53:47.000,Greater Accra|Madina,270.8,GHS,MOBILE_APP
ORMT-00001984,OR-C000090,2,SUCCESSFUL,2025-07-23 15:13:54.000,Greater Accra|Madina,315.92,GHS,WEB
ORMT-00001985,OR-C000090,4,SUCCESSFUL,2025-07-30 21:38:31.000,Greater Accra|Madina,608.45,GHS,MOBILE_APP
ORMT-00001986,OR-C000090,4,SUCCESSFUL,2025-07-17 11:03:57.000,Greater Accra|Madina,405.95,GHS,AGENT
ORMT-00001987,OR-C000090,2,SUCCESSFUL,2025-07-16 21:21:47.000,Greater Accra|Madina,2344.06,GHS,AGENT
ORMT-00001988,OR-C000090,2,SUCCESSFUL,2025-07-25 14:59:51.000,Greater Accra|Madina,679.69,GHS,API
ORMT-00001989,OR-C000090,1,SUCCESSFUL,2025-08-21 10:04:32.000,Greater Accra|Madina,881.93,GHS,THIRD_PARTY
ORMT-00001990,OR-C000090,1,SUCCESSFUL,2025-08-03 20:00:16.000,Greater Accra|Madina,497.24,GHS,AGENT
ORMT-00001991,OR-C000090,10,SUCCESSFUL,2025-09-23 14:11:42.000,Greater Accra|Madina,2019.8,GHS,API
ORMT-00001992,OR-C000090,9,SUCCESSFUL,2025-09-15 21:30:55.000,Greater Accra|Madina,456.08,GHS,API
ORMT-00002041,OR-C000092,9,SUCCESSFUL,2025-07-13 18:25:58.000,Central|Cape Coast,1856.8,GHS,AGENT
ORMT-00002042,OR-C000092,4,SUCCESSFUL,2025-08-31 08:17:31.000,Central|Cape Coast,471.19,GHS,AGENT
ORMT-00002043,OR-C000092,4,SUCCESSFUL,2025-09-05 17:25:43.000,Central|Cape Coast,648.91,GHS,THIRD_PARTY
ORMT-00002080,OR-C000093,1,SUCCESSFUL,2025-07-13 14:25:50.000,Greater Accra|Accra,110.06,GHS,THIRD_PARTY
ORMT-00002081,OR-C000093,7,SUCCESSFUL,2025-07-12 19:52:54.000,Greater Accra|Accra,389.65,GHS,MOBILE_APP
ORMT-00002082,OR-C000093,6,SUCCESSFUL,2025-08-04 07:26:21.000,Greater Accra|Accra,1854.55,GHS,AGENT
ORMT-00002083,OR-C000093,8,SUCCESSFUL,2025-08-24 07:05:15.000,Greater Accra|Accra,2911.87,GHS,AGENT
ORMT-00002084,OR-C000093,9,SUCCESSFUL,2025-09-02 19:25:43.000,Greater Accra|Accra,1538.8,GHS,API
ORMT-00002090,OR-C000094,2,SUCCESSFUL,2025-07-08 21:55:20.000,Eastern|Akropong,735.78,GHS,MOBILE_APP
ORMT-00002091,OR-C000094,4,SUCCESSFUL,2025-08-25 16:52:05.000,Eastern|Akropong,179.66,GHS,AGENT
ORMT-00002118,OR-C000095,1,SUCCESSFUL,2025-09-06 20:49:01.000,Greater Accra|Kasoa,1110.87,GHS,THIRD_PARTY
ORMT-00002144,OR-C000096,10,SUCCESSFUL,2025-07-18 14:57:33.000,Ashanti|Kumasi,412.53,GHS,API
ORMT-00002145,OR-C000096,8,SUCCESSFUL,2025-07-31 07:24:48.000,Ashanti|Kumasi,4610.88,GHS,AGENT
ORMT-00002146,OR-C000096,2,SUCCESSFUL,2025-07-24 17:45:18.000,Ashanti|Kumasi,686.38,GHS,AGENT
ORMT-00002147,OR-C000096,4,SUCCESSFUL,2025-07-09 09:16:21.000,Ashanti|Kumasi,1152.26,GHS,THIRD_PARTY
ORMT-00002148,OR-C000096,4,SUCCESSFUL,2025-09-27 11:31:14.000,Ashanti|Kumasi,2040.04,GHS,AGENT
ORMT-00002165,OR-C000097,4,SUCCESSFUL,2025-09-12 18:56:11.000,Ashanti|Kumasi,2064.06,GHS,WEB
ORMT-00002166,OR-C000097,5,SUCCESSFUL,2025-09-11 21:11:28.000,Ashanti|Kumasi,912.69,GHS,API
ORMT-00002254,OR-C000098,3,SUCCESSFUL,2025-07-23 13:25:45.000,Greater Accra|Tema,296.81,GHS,AGENT
ORMT-00002255,OR-C000098,1,FAILED,2025-07-21 10:29:16.000,Greater Accra|Tema,1256.76,GHS,WEB
ORMT-00002256,OR-C000098,2,SUCCESSFUL,2025-08-28 09:58:34.000,Greater Accra|Tema,111.13,GHS,THIRD_PARTY
ORMT-00002257,OR-C000098,3,SUCCESSFUL,2025-08-23 15:41:20.000,Greater Accra|Tema,157.22,GHS,MOBILE_APP
ORMT-00002258,OR-C000098,1,SUCCESSFUL,2025-08-05 07:06:43.000,Greater Accra|Tema,580.46,GHS,MOBILE_APP
ORMT-00002259,OR-C000098,6,SUCCESSFUL,2025-08-06 11:44:44.000,Greater Accra|Tema,487.94,GHS,THIRD_PARTY
ORMT-00002260,OR-C000098,2,SUCCESSFUL,2025-08-02 20:32:05.000,Greater Accra|Tema,753.55,GHS,AGENT
ORMT-00002261,OR-C000098,2,SUCCESSFUL,2025-08-03 15:24:59.000,Greater Accra|Tema,246.16,GHS,THIRD_PARTY
ORMT-00002262,OR-C000098,3,SUCCESSFUL,2025-09-23 12:16:35.000,Greater Accra|Tema,272.94,GHS,WEB
ORMT-00002263,OR-C000098,3,SUCCESSFUL,2025-09-05 12:32:19.000,Greater Accra|Tema,567.05,GHS,WEB
ORMT-00002264,OR-C000098,3,SUCCESSFUL,2025-09-07 21:32:12.000,Greater Accra|Tema,326.94,GHS,AGENT
ORMT-00002265,OR-C000098,1,SUCCESSFUL,2025-09-20 21:25:08.000,Greater Accra|Tema,3320.49,GHS,AGENT
ORMT-00002292,OR-C000099,5,SUCCESSFUL,2025-07-19 07:18:38.000,Greater Accra|Accra,429.33,GHS,MOBILE_APP
ORMT-00002296,OR-C000100,2,SUCCESSFUL,2025-09-07 14:56:47.000,Eastern|Nkawkaw,728.43,GHS,AGENT
ORMT-00002365,OR-C000101,1,SUCCESSFUL,2025-07-23 18:19:31.000,Ahafo|Duayaw Nkwanta,1562.03,GHS,API
ORMT-00002366,OR-C000101,7,SUCCESSFUL,2025-07-30 11:54:02.000,Ahafo|Duayaw Nkwanta,229.77,GHS,WEB
ORMT-00002367,OR-C000101,10,SUCCESSFUL,2025-07-21 10:05:35.000,Ahafo|Duayaw Nkwanta,1958.5,GHS,API
ORMT-00002368,OR-C000101,2,SUCCESSFUL,2025-07-09 15:16:28.000,Ahafo|Duayaw Nkwanta,1417.73,GHS,AGENT
ORMT-00002369,OR-C000101,3,SUCCESSFUL,2025-07-11 19:46:04.000,Ahafo|Duayaw Nkwanta,1826.89,GHS,AGENT
ORMT-00002370,OR-C000101,1,SUCCESSFUL,2025-08-26 17:27:34.000,Ahafo|Duayaw Nkwanta,289.21,GHS,MOBILE_APP
ORMT-00002371,OR-C000101,2,SUCCESSFUL,2025-08-14 12:38:46.000,Ahafo|Duayaw Nkwanta,926.97,GHS,MOBILE_APP
ORMT-00002372,OR-C000101,8,REJECTED,2025-08-13 15:33:29.000,Ahafo|Duayaw Nkwanta,567.56,GHS,WEB
ORMT-00002373,OR-C000101,7,SUCCESSFUL,2025-09-06 08:16:07.000,Ahafo|Duayaw Nkwanta,329.83,GHS,MOBILE_APP
ORMT-00002374,OR-C000101,2,SUCCESSFUL,2025-09-02 15:15:01.000,Ahafo|Duayaw Nkwanta,757.97,GHS,MOBILE_APP
ORMT-00002413,OR-C000102,9,SUCCESSFUL,2025-07-29 12:18:46.000,Oti|Dambai,302.21,GHS,THIRD_PARTY
ORMT-00002414,OR-C000102,1,SUCCESSFUL,2025-09-01 13:43:12.000,Oti|Dambai,2416.53,GHS,WEB
ORMT-00002435,OR-C000104,4,SUCCESSFUL,2025-07-27 21:13:48.000,Greater Accra|Kasoa,327.87,GHS,THIRD_PARTY
ORMT-00002436,OR-C000104,2,SUCCESSFUL,2025-08-28 13:03:02.000,Greater Accra|Kasoa,753.42,GHS,MOBILE_APP
ORMT-00002471,OR-C000105,8,SUCCESSFUL,2025-07-08 07:17:52.000,Bono|Sunyani,714.21,GHS,AGENT
ORMT-00002472,OR-C000105,7,SUCCESSFUL,2025-07-17 09:57:12.000,Bono|Sunyani,125.49,GHS,AGENT
ORMT-00002473,OR-C000105,1,SUCCESSFUL,2025-07-14 11:52:04.000,Bono|Sunyani,1567.49,GHS,AGENT
ORMT-00002474,OR-C000105,1,SUCCESSFUL,2025-07-03 14:19:15.000,Bono|Sunyani,115.16,GHS,MOBILE_APP
ORMT-00002475,OR-C000105,4,SUCCESSFUL,2025-08-06 09:48:35.000,Bono|Sunyani,367.54,GHS,AGENT
ORMT-00002476,OR-C000105,2,SUCCESSFUL,2025-08-11 21:26:09.000,Bono|Sunyani,872.76,GHS,AGENT
ORMT-00002477,OR-C000105,3,SUCCESSFUL,2025-08-16 09:01:23.000,Bono|Sunyani,1365.48,GHS,THIRD_PARTY
ORMT-00002478,OR-C000105,3,SUCCESSFUL,2025-08-12 19:51:03.000,Bono|Sunyani,586.0,GHS,AGENT
ORMT-00002479,OR-C000105,3,SUCCESSFUL,2025-09-09 07:35:54.000,Bono|Sunyani,1358.95,GHS,AGENT
ORMT-00002480,OR-C000105,1,SUCCESSFUL,2025-09-09 18:27:36.000,Bono|Sunyani,169.55,GHS,AGENT
ORMT-00002523,OR-C000106,4,SUCCESSFUL,2025-09-21 17:19:21.000,Upper East|Bolgatanga,806.1,GHS,AGENT
ORMT-00002549,OR-C000108,5,SUCCESSFUL,2025-08-29 16:27:56.000,Upper East|Navrongo,1110.97,GHS,MOBILE_APP
ORMT-00002550,OR-C000108,1,SUCCESSFUL,2025-08-04 18:51:14.000,Upper East|Navrongo,189.38,GHS,AGENT
ORMT-00002551,OR-C000108,3,SUCCESSFUL,2025-09-01 13:54:15.000,Upper East|Navrongo,1273.31,GHS,MOBILE_APP
ORMT-00002560,OR-C000109,4,SUCCESSFUL,2025-07-27 21:08:59.000,Greater Accra|Madina,1675.98,GHS,API
ORMT-00002630,OR-C000110,3,SUCCESSFUL,2025-07-26 07:09:53.000,Western|Takoradi,2929.72,GHS,API
ORMT-00002631,OR-C000110,3,SUCCESSFUL,2025-07-24 09:22:11.000,Western|Takoradi,1564.16,GHS,MOBILE_APP
ORMT-00002632,OR-C000110,1,SUCCESSFUL,2025-07-11 15:08:51.000,Western|Takoradi,639.32,GHS,MOBILE_APP
ORMT-00002633,OR-C000110,3,SUCCESSFUL,2025-07-05 10:25:32.000,Western|Takoradi,503.18,GHS,AGENT
ORMT-00002634,OR-C000110,1,SUCCESSFUL,2025-08-21 16:52:31.000,Western|Takoradi,124.32,GHS,API
ORMT-00002635,OR-C000110,1,SUCCESSFUL,2025-08-07 10:22:50.000,Western|Takoradi,531.72,GHS,AGENT
ORMT-00002636,OR-C000110,1,SUCCESSFUL,2025-08-17 09:02:28.000,Western|Takoradi,673.37,GHS,MOBILE_APP
ORMT-00002637,OR-C000110,7,SUCCESSFUL,2025-09-25 11:35:44.000,Western|Takoradi,1481.52,GHS,API
ORMT-00002638,OR-C000110,4,SUCCESSFUL,2025-09-18 19:23:41.000,Western|Takoradi,817.73,GHS,AGENT
ORMT-00002639,OR-C000110,2,SUCCESSFUL,2025-09-02 20:52:08.000,Western|Takoradi,1969.73,GHS,THIRD_PARTY
ORMT-00002640,OR-C000110,5,SUCCESSFUL,2025-09-17 08:49:47.000,Western|Takoradi,1081.91,GHS,AGENT
ORMT-00002641,OR-C000110,5,SUCCESSFUL,2025-09-23 18:59:37.000,Western|Takoradi,580.08,GHS,API
ORMT-00002642,OR-C000110,1,SUCCESSFUL,2025-09-25 15:29:03.000,Western|Takoradi,2310.97,GHS,AGENT
ORMT-00002772,OR-C000112,4,SUCCESSFUL,2025-07-06 12:00:05.000,Eastern|Akropong,2470.9,GHS,AGENT
ORMT-00002773,OR-C000112,1,SUCCESSFUL,2025-08-09 11:29:59.000,Eastern|Akropong,481.17,GHS,WEB
ORMT-00002774,OR-C000112,4,SUCCESSFUL,2025-08-30 12:03:07.000,Eastern|Akropong,1481.83,GHS,MOBILE_APP
ORMT-00002775,OR-C000112,1,SUCCESSFUL,2025-08-08 07:25:25.000,Eastern|Akropong,396.56,GHS,AGENT
ORMT-00002776,OR-C000112,3,SUCCESSFUL,2025-08-06 09:41:39.000,Eastern|Akropong,236.05,GHS,AGENT
ORMT-00002777,OR-C000112,4,SUCCESSFUL,2025-08-29 08:50:40.000,Eastern|Akropong,2749.35,GHS,MOBILE_APP
ORMT-00002778,OR-C000112,4,SUCCESSFUL,2025-08-26 12:27:42.000,Eastern|Akropong,693.52,GHS,THIRD_PARTY
ORMT-00002779,OR-C000112,4,SUCCESSFUL,2025-09-07 10:57:32.000,Eastern|Akropong,712.73,GHS,THIRD_PARTY
ORMT-00002780,OR-C000112,4,SUCCESSFUL,2025-09-05 21:20:59.000,Eastern|Akropong,478.59,GHS,WEB
ORMT-00002781,OR-C000112,9,SUCCESSFUL,2025-09-19 07:03:28.000,Eastern|Akropong,441.69,GHS,WEB
ORMT-00002782,OR-C000112,2,SUCCESSFUL,2025-09-07 20:50:04.000,Eastern|Akropong,1492.24,GHS,API
ORMT-00002783,OR-C000112,4,SUCCESSFUL,2025-09-20 16:52:42.000,Eastern|Akropong,255.03,GHS,MOBILE_APP
ORMT-00002784,OR-C000112,2,SUCCESSFUL,2025-09-01 10:19:26.000,Eastern|Akropong,610.68,GHS,AGENT
ORMT-00002785,OR-C000112,7,FAILED,2025-09-26 16:48:20.000,Eastern|Akropong,99.45,GHS,AGENT
ORMT-00002823,OR-C000113,1,SUCCESSFUL,2025-08-11 17:19:37.000,Upper East|Navrongo,236.27,GHS,MOBILE_APP
ORMT-00002824,OR-C000113,1,SUCCESSFUL,2025-08-28 16:11:47.000,Upper East|Navrongo,690.37,GHS,API
ORMT-00002825,OR-C000113,9,SUCCESSFUL,2025-09-21 11:44:17.000,Upper East|Navrongo,943.03,GHS,THIRD_PARTY
ORMT-00002826,OR-C000113,1,SUCCESSFUL,2025-09-13 15:10:42.000,Upper East|Navrongo,5220.84,GHS,AGENT
ORMT-00002830,OR-C000114,1,SUCCESSFUL,2025-09-27 15:38:40.000,Western|Takoradi,275.19,GHS,THIRD_PARTY
ORMT-00002836,OR-C000115,10,SUCCESSFUL,2025-08-19 15:35:44.000,Western|Axim,1575.57,GHS,THIRD_PARTY
ORMT-00002837,OR-C000115,4,SUCCESSFUL,2025-09-27 18:34:49.000,Western|Axim,573.64,GHS,AGENT
ORMT-00002841,OR-C000116,4,SUCCESSFUL,2025-09-07 14:17:40.000,Ashanti|Ejisu,626.11,GHS,MOBILE_APP
ORMT-00002845,OR-C000117,2,SUCCESSFUL,2025-07-17 09:07:24.000,Upper West|Wa,1130.14,GHS,THIRD_PARTY
ORMT-00002846,OR-C000117,1,SUCCESSFUL,2025-08-27 11:00:31.000,Upper West|Wa,648.99,GHS,MOBILE_APP
ORMT-00002847,OR-C000117,1,SUCCESSFUL,2025-08-18 12:01:25.000,Upper West|Wa,595.34,GHS,MOBILE_APP
ORMT-00002854,OR-C000118,7,SUCCESSFUL,2025-07-15 08:28:14.000,Bono|Berekum,234.14,GHS,MOBILE_APP
ORMT-00002855,OR-C000118,2,SUCCESSFUL,2025-08-08 08:51:35.000,Bono|Berekum,623.38,GHS,AGENT
ORMT-00002856,OR-C000118,2,SUCCESSFUL,2025-09-05 13:09:40.000,Bono|Berekum,2600.85,GHS,THIRD_PARTY
ORMT-00002881,OR-C000120,7,SUCCESSFUL,2025-07-11 18:36:58.000,Eastern|Koforidua,560.19,GHS,AGENT
ORMT-00002939,OR-C000121,1,SUCCESSFUL,2025-07-20 20:59:39.000,Greater Accra|Accra,1503.25,GHS,API
ORMT-00002940,OR-C000121,1,SUCCESSFUL,2025-07-01 13:24:17.000,Greater Accra|Accra,2511.57,GHS,MOBILE_APP
ORMT-00002941,OR-C000121,6,SUCCESSFUL,2025-09-25 21:17:14.000,Greater Accra|Accra,1413.55,GHS,AGENT
ORMT-00002942,OR-C000121,10,SUCCESSFUL,2025-09-11 13:36:56.000,Greater Accra|Accra,1774.32,GHS,AGENT
ORMT-00002943,OR-C000121,3,SUCCESSFUL,2025-09-09 17:13:07.000,Greater Accra|Accra,293.65,GHS,AGENT
ORMT-00002956,OR-C000122,6,SUCCESSFUL,2025-09-02 16:14:25.000,Ashanti|Kumasi,499.24,GHS,AGENT
ORMT-00002968,OR-C000123,1,SUCCESSFUL,2025-08-29 18:06:49.000,Central|Cape Coast,1123.75,GHS,AGENT
ORMT-00002969,OR-C000123,8,SUCCESSFUL,2025-08-15 10:55:39.000,Central|Cape Coast,798.91,GHS,AGENT
ORMT-00002970,OR-C000123,2,SUCCESSFUL,2025-09-24 07:50:41.000,Central|Cape Coast,363.19,GHS,MOBILE_APP
ORMT-00002985,OR-C000124,1,SUCCESSFUL,2025-08-10 17:25:38.000,Bono|Sunyani,591.7,GHS,AGENT
ORMT-00003013,OR-C000125,5,SUCCESSFUL,2025-07-19 13:03:48.000,Greater Accra|Kasoa,804.55,GHS,AGENT
ORMT-00003014,OR-C000125,1,SUCCESSFUL,2025-08-08 13:00:20.000,Greater Accra|Kasoa,328.08,GHS,AGENT
ORMT-00003015,OR-C000125,3,SUCCESSFUL,2025-09-25 12:33:36.000,Greater Accra|Kasoa,943.9,GHS,MOBILE_APP
ORMT-00003016,OR-C000125,8,FAILED,2025-09-20 14:41:53.000,Greater Accra|Kasoa,394.53,GHS,AGENT
ORMT-00003045,OR-C000126,9,SUCCESSFUL,2025-08-18 12:15:25.000,Northern|Savelugu,408.84,GHS,MOBILE_APP
ORMT-00003046,OR-C000126,3,SUCCESSFUL,2025-08-30 11:08:18.000,Northern|Savelugu,607.98,GHS,THIRD_PARTY
ORMT-00003068,OR-C000128,3,SUCCESSFUL,2025-07-19 20:15:24.000,Ashanti|Kumasi,1289.86,GHS,MOBILE_APP
ORMT-00003069,OR-C000128,5,SUCCESSFUL,2025-07-01 07:01:00.000,Ashanti|Kumasi,1033.83,GHS,API
ORMT-00003070,OR-C000128,8,SUCCESSFUL,2025-07-23 17:48:49.000,Ashanti|Kumasi,2200.62,GHS,MOBILE_APP
ORMT-00003071,OR-C000128,4,SUCCESSFUL,2025-07-01 13:44:53.000,Ashanti|Kumasi,600.36,GHS,AGENT
ORMT-00003072,OR-C000128,2,SUCCESSFUL,2025-07-08 11:31:56.000,Ashanti|Kumasi,797.6,GHS,AGENT
ORMT-00003073,OR-C000128,7,SUCCESSFUL,2025-07-28 21:50:59.000,Ashanti|Kumasi,2341.45,GHS,AGENT
ORMT-00003074,OR-C000128,9,SUCCESSFUL,2025-08-22 17:25:38.000,Ashanti|Kumasi,386.17,GHS,WEB
ORMT-00003075,OR-C000128,6,SUCCESSFUL,2025-08-30 19:53:43.000,Ashanti|Kumasi,171.02,GHS,AGENT
ORMT-00003076,OR-C000128,1,SUCCESSFUL,2025-08-10 15:23:29.000,Ashanti|Kumasi,1151.06,GHS,API
ORMT-00003077,OR-C000128,1,SUCCESSFUL,2025-09-14 18:34:39.000,Ashanti|Kumasi,184.54,GHS,AGENT
ORMT-00003078,OR-C000128,1,SUCCESSFUL,2025-09-10 21:06:46.000,Ashanti|Kumasi,743.15,GHS,MOBILE_APP
ORMT-00003079,OR-C000128,1,SUCCESSFUL,2025-09-18 11:22:49.000,Ashanti|Kumasi,271.32,GHS,AGENT
ORMT-00003104,OR-C000130,6,SUCCESSFUL,2025-07-23 09:55:52.000,Ashanti|Ejisu,492.93,GHS,AGENT
ORMT-00003105,OR-C000130,4,SUCCESSFUL,2025-08-25 18:13:50.000,Ashanti|Ejisu,64.18,GHS,THIRD_PARTY
ORMT-00003106,OR-C000130,1,SUCCESSFUL,2025-09-02 18:10:20.000,Ashanti|Ejisu,879.4,GHS,WEB
ORMT-00003107,OR-C000130,1,SUCCESSFUL,2025-09-12 08:02:44.000,Ashanti|Ejisu,185.49,GHS,MOBILE_APP
ORMT-00003139,OR-C000132,2,SUCCESSFUL,2025-08-12 11:22:57.000,Western|Tarkwa,686.21,GHS,AGENT
ORMT-00003167,OR-C000133,9,SUCCESSFUL,2025-07-14 09:23:46.000,Greater Accra|Accra,199.14,GHS,AGENT
ORMT-00003168,OR-C000133,5,SUCCESSFUL,2025-09-14 20:28:40.000,Greater Accra|Accra,1726.86,GHS,AGENT
ORMT-00003171,OR-C000134,1,SUCCESSFUL,2025-07-06 07:38:53.000,Bono|Sunyani,544.89,GHS,MOBILE_APP
ORMT-00003200,OR-C000135,1,SUCCESSFUL,2025-07-05 10:00:29.000,Western|Axim,1148.55,GHS,AGENT
ORMT-00003201,OR-C000135,5,SUCCESSFUL,2025-07-27 16:38:42.000,Western|Axim,427.29,GHS,API
ORMT-00003202,OR-C000135,1,SUCCESSFUL,2025-07-19 12:06:02.000,Western|Axim,299.97,GHS,AGENT
ORMT-00003203,OR-C000135,3,SUCCESSFUL,2025-07-07 09:16:23.000,Western|Axim,369.12,GHS,MOBILE_APP
ORMT-00003204,OR-C000135,5,SUCCESSFUL,2025-08-29 13:08:50.000,Western|Axim,268.34,GHS,MOBILE_APP
ORMT-00003205,OR-C000135,1,SUCCESSFUL,2025-08-27 10:16:44.000,Western|Axim,156.43,GHS,AGENT
ORMT-00003206,OR-C000135,4,SUCCESSFUL,2025-08-19 18:43:40.000,Western|Axim,689.94,GHS,AGENT
ORMT-00003207,OR-C000135,2,SUCCESSFUL,2025-09-21 08:46:54.000,Western|Axim,958.72,GHS,AGENT
ORMT-00003208,OR-C000135,9,SUCCESSFUL,2025-09-03 18:46:11.000,Western|Axim,391.54,GHS,MOBILE_APP
ORMT-00003209,OR-C000135,10,SUCCESSFUL,2025-09-13 16:27:17.000,Western|Axim,1356.01,GHS,AGENT
ORMT-00003210,OR-C000135,2,SUCCESSFUL,2025-09-14 19:35:59.000,Western|Axim,1367.77,GHS,AGENT
ORMT-00003211,OR-C000135,1,SUCCESSFUL,2025-09-04 17:02:31.000,Western|Axim,3537.93,GHS,AGENT
ORMT-00003212,OR-C000135,10,SUCCESSFUL,2025-09-07 21:05:56.000,Western|Axim,1410.49,GHS,AGENT
ORMT-00003240,OR-C000137,2,SUCCESSFUL,2025-07-09 12:08:32.000,Volta|Ho,804.1,GHS,MOBILE_APP
ORMT-00003241,OR-C000137,7,SUCCESSFUL,2025-09-12 08:13:09.000,Volta|Ho,1542.45,GHS,AGENT
ORMT-00003242,OR-C000137,6,SUCCESSFUL,2025-09-13 18:57:48.000,Volta|Ho,5465.7,GHS,THIRD_PARTY
ORMT-00003283,OR-C000138,2,SUCCESSFUL,2025-07-21 11:57:47.000,Volta|Hohoe,82.8,GHS,THIRD_PARTY
ORMT-00003284,OR-C000138,7,SUCCESSFUL,2025-07-19 18:37:12.000,Volta|Hohoe,395.97,GHS,API
ORMT-00003285,OR-C000138,2,SUCCESSFUL,2025-08-31 09:13:26.000,Volta|Hohoe,165.57,GHS,WEB
ORMT-00003286,OR-C000138,7,SUCCESSFUL,2025-08-15 12:50:40.000,Volta|Hohoe,365.45,GHS,MOBILE_APP
ORMT-00003287,OR-C000138,8,SUCCESSFUL,2025-09-04 10:06:03.000,Volta|Hohoe,366.57,GHS,WEB
ORMT-00003288,OR-C000138,6,SUCCESSFUL,2025-09-20 10:06:12.000,Volta|Hohoe,827.4,GHS,AGENT
ORMT-00003304,OR-C000139,10,SUCCESSFUL,2025-07-04 13:35:07.000,Ashanti|Kumasi,74.69,GHS,API
ORMT-00003305,OR-C000139,3,SUCCESSFUL,2025-08-30 17:26:29.000,Ashanti|Kumasi,4765.66,GHS,AGENT
ORMT-00003306,OR-C000139,2,SUCCESSFUL,2025-09-02 11:56:31.000,Ashanti|Kumasi,2549.69,GHS,API
ORMT-00003319,OR-C000142,9,SUCCESSFUL,2025-07-17 09:59:17.000,Greater Accra|Tema,1866.05,GHS,AGENT
ORMT-00003352,OR-C000143,4,FAILED,2025-07-29 07:19:53.000,Ashanti|Obuasi,1077.14,GHS,AGENT
ORMT-00003353,OR-C000143,4,SUCCESSFUL,2025-07-10 17:25:33.000,Ashanti|Obuasi,177.76,GHS,MOBILE_APP
ORMT-00003354,OR-C000143,2,SUCCESSFUL,2025-07-21 17:15:59.000,Ashanti|Obuasi,1041.84,GHS,MOBILE_APP
ORMT-00003355,OR-C000143,3,SUCCESSFUL,2025-08-31 20:50:12.000,Ashanti|Obuasi,603.55,GHS,AGENT
ORMT-00003356,OR-C000143,6,SUCCESSFUL,2025-09-28 18:51:29.000,Ashanti|Obuasi,478.77,GHS,THIRD_PARTY
ORMT-00003357,OR-C000143,4,SUCCESSFUL,2025-09-05 08:21:49.000,Ashanti|Obuasi,488.1,GHS,MOBILE_APP
ORMT-00003378,OR-C000144,6,SUCCESSFUL,2025-07-26 10:08:47.000,Northern|Tamale,777.34,GHS,THIRD_PARTY
ORMT-00003379,OR-C000144,10,SUCCESSFUL,2025-07-16 16:38:18.000,Northern|Tamale,638.97,GHS,WEB
ORMT-00003380,OR-C000144,1,SUCCESSFUL,2025-08-24 12:23:32.000,Northern|Tamale,465.19,GHS,AGENT
ORMT-00003388,OR-C000145,5,SUCCESSFUL,2025-07-10 21:12:47.000,Eastern|Nkawkaw,227.22,GHS,THIRD_PARTY
ORMT-00003389,OR-C000145,5,SUCCESSFUL,2025-08-13 18:06:27.000,Eastern|Nkawkaw,606.02,GHS,MOBILE_APP
ORMT-00003390,OR-C000145,4,SUCCESSFUL,2025-08-07 07:16:06.000,Eastern|Nkawkaw,1069.76,GHS,MOBILE_APP
ORMT-00003397,OR-C000146,6,SUCCESSFUL,2025-07-09 09:53:31.000,Western|Takoradi,3957.83,GHS,MOBILE_APP
ORMT-00003398,OR-C000146,4,SUCCESSFUL,2025-08-02 08:23:24.000,Western|Takoradi,495.04,GHS,AGENT
ORMT-00003405,OR-C000147,2,FAILED,2025-07-02 12:50:10.000,Greater Accra|Tema,556.17,GHS,AGENT
ORMT-00003406,OR-C000147,1,SUCCESSFUL,2025-07-17 08:28:07.000,Greater Accra|Tema,851.98,GHS,WEB
ORMT-00003427,OR-C000148,1,SUCCESSFUL,2025-08-14 12:40:33.000,Bono|Sunyani,409.46,GHS,THIRD_PARTY
ORMT-00003428,OR-C000148,3,SUCCESSFUL,2025-09-14 17:31:46.000,Bono|Sunyani,1224.71,GHS,WEB
ORMT-00003432,OR-C000149,6,SUCCESSFUL,2025-07-29 09:55:36.000,Volta|Ho,267.85,GHS,AGENT
ORMT-00003433,OR-C000149,1,SUCCESSFUL,2025-07-30 07:06:17.000,Volta|Ho,1486.02,GHS,AGENT
ORMT-00003434,OR-C000149,2,SUCCESSFUL,2025-07-02 21:13:57.000,Volta|Ho,2169.89,GHS,MOBILE_APP
ORMT-00003435,OR-C000149,3,SUCCESSFUL,2025-08-27 21:48:10.000,Volta|Ho,447.85,GHS,AGENT
ORMT-00003436,OR-C000149,1,SUCCESSFUL,2025-08-21 07:43:14.000,Volta|Ho,3201.16,GHS,THIRD_PARTY
ORMT-00003437,OR-C000149,1,SUCCESSFUL,2025-08-14 14:18:45.000,Volta|Ho,176.23,GHS,AGENT
ORMT-00003438,OR-C000149,4,SUCCESSFUL,2025-09-07 09:18:20.000,Volta|Ho,206.82,GHS,AGENT
ORMT-00003541,OR-C000150,8,SUCCESSFUL,2025-07-24 17:53:59.000,Greater Accra|Accra,1430.71,GHS,AGENT
ORMT-00003542,OR-C000150,9,SUCCESSFUL,2025-07-19 12:42:24.000,Greater Accra|Accra,1337.47,GHS,THIRD_PARTY
ORMT-00003543,OR-C000150,1,SUCCESSFUL,2025-07-10 19:41:38.000,Greater Accra|Accra,840.58,GHS,MOBILE_APP
ORMT-00003544,OR-C000150,7,SUCCESSFUL,2025-08-02 15:59:23.000,Greater Accra|Accra,332.97,GHS,WEB
ORMT-00003545,OR-C000150,3,SUCCESSFUL,2025-08-10 10:16:15.000,Greater Accra|Accra,815.45,GHS,THIRD_PARTY
ORMT-00003546,OR-C000150,4,SUCCESSFUL,2025-08-09 11:19:07.000,Greater Accra|Accra,196.67,GHS,WEB
ORMT-00003547,OR-C000150,1,SUCCESSFUL,2025-08-09 18:08:42.000,Greater Accra|Accra,522.86,GHS,THIRD_PARTY
ORMT-00003548,OR-C000150,2,SUCCESSFUL,2025-08-28 18:25:26.000,Greater Accra|Accra,1751.54,GHS,MOBILE_APP
ORMT-00003549,OR-C000150,2,SUCCESSFUL,2025-08-28 12:28:19.000,Greater Accra|Accra,530.7,GHS,WEB
ORMT-00003550,OR-C000150,1,SUCCESSFUL,2025-09-19 11:33:08.000,Greater Accra|Accra,464.97,GHS,MOBILE_APP
ORMT-00003551,OR-C000150,7,SUCCESSFUL,2025-09-07 18:25:49.000,Greater Accra|Accra,127.23,GHS,MOBILE_APP
ORMT-00003570,OR-C000151,6,SUCCESSFUL,2025-09-25 13:51:09.000,Greater Accra|Kasoa,1617.42,GHS,API
ORMT-00003597,OR-C000152,1,SUCCESSFUL,2025-08-25 14:34:29.000,Greater Accra|Madina,737.41,GHS,API
ORMT-00003607,OR-C000153,1,SUCCESSFUL,2025-08-06 15:48:50.000,Western|Takoradi,193.37,GHS,MOBILE_APP
ORMT-00003685,OR-C000154,5,SUCCESSFUL,2025-07-29 21:12:42.000,Greater Accra|Kasoa,5488.65,GHS,MOBILE_APP
ORMT-00003686,OR-C000154,7,SUCCESSFUL,2025-08-06 12:39:48.000,Greater Accra|Kasoa,414.5,GHS,AGENT
ORMT-00003687,OR-C000154,2,SUCCESSFUL,2025-09-14 19:43:46.000,Greater Accra|Kasoa,1983.9,GHS,MOBILE_APP
ORMT-00003688,OR-C000154,8,SUCCESSFUL,2025-09-28 19:31:56.000,Greater Accra|Kasoa,204.38,GHS,AGENT
ORMT-00003689,OR-C000154,1,SUCCESSFUL,2025-09-05 20:46:33.000,Greater Accra|Kasoa,482.71,GHS,AGENT
ORMT-00003690,OR-C000154,7,SUCCESSFUL,2025-09-27 07:38:53.000,Greater Accra|Kasoa,777.91,GHS,THIRD_PARTY
ORMT-00003691,OR-C000154,8,SUCCESSFUL,2025-09-20 10:03:53.000,Greater Accra|Kasoa,194.3,GHS,AGENT
ORMT-00003708,OR-C000156,1,SUCCESSFUL,2025-07-06 12:49:23.000,Oti|Jasikan,414.54,GHS,AGENT
ORMT-00003709,OR-C000156,5,SUCCESSFUL,2025-07-31 15:33:02.000,Oti|Jasikan,1485.28,GHS,AGENT
ORMT-00003710,OR-C000156,10,SUCCESSFUL,2025-08-16 14:38:03.000,Oti|Jasikan,376.88,GHS,MOBILE_APP
ORMT-00003711,OR-C000156,3,SUCCESSFUL,2025-08-03 19:15:35.000,Oti|Jasikan,238.63,GHS,AGENT
ORMT-00003740,OR-C000157,4,SUCCESSFUL,2025-07-31 14:47:21.000,Western|Axim,1112.05,GHS,AGENT
ORMT-00003741,OR-C000157,3,SUCCESSFUL,2025-08-20 11:02:56.000,Western|Axim,393.43,GHS,AGENT
ORMT-00003742,OR-C000157,2,SUCCESSFUL,2025-08-04 17:34:40.000,Western|Axim,1170.59,GHS,AGENT
ORMT-00003743,OR-C000157,5,SUCCESSFUL,2025-09-02 16:11:32.000,Western|Axim,776.6,GHS,MOBILE_APP
ORMT-00003753,OR-C000158,6,SUCCESSFUL,2025-07-20 10:20:46.000,Greater Accra|Tema,650.76,GHS,MOBILE_APP
ORMT-00003754,OR-C000158,1,SUCCESSFUL,2025-09-17 14:03:06.000,Greater Accra|Tema,362.26,GHS,AGENT
ORMT-00003755,OR-C000158,10,SUCCESSFUL,2025-09-09 11:08:11.000,Greater Accra|Tema,434.82,GHS,AGENT
ORMT-00003759,OR-C000159,2,SUCCESSFUL,2025-07-22 08:11:04.000,Ashanti|Obuasi,178.4,GHS,MOBILE_APP
ORMT-00003760,OR-C000159,2,SUCCESSFUL,2025-07-14 17:32:29.000,Ashanti|Obuasi,1075.45,GHS,AGENT
ORMT-00003761,OR-C000159,2,SUCCESSFUL,2025-07-19 19:41:40.000,Ashanti|Obuasi,840.14,GHS,AGENT
ORMT-00003762,OR-C000159,10,SUCCESSFUL,2025-08-02 16:46:22.000,Ashanti|Obuasi,78.4,GHS,AGENT
ORMT-00003763,OR-C000159,9,SUCCESSFUL,2025-08-31 17:32:52.000,Ashanti|Obuasi,675.76,GHS,AGENT
ORMT-00003764,OR-C000159,5,SUCCESSFUL,2025-08-23 18:35:44.000,Ashanti|Obuasi,4154.23,GHS,MOBILE_APP
ORMT-00003765,OR-C000159,6,SUCCESSFUL,2025-09-09 11:21:19.000,Ashanti|Obuasi,447.65,GHS,WEB
ORMT-00003848,OR-C000161,1,SUCCESSFUL,2025-07-07 19:29:24.000,Bono|Sunyani,378.75,GHS,AGENT
ORMT-00003849,OR-C000161,1,SUCCESSFUL,2025-07-27 09:18:53.000,Bono|Sunyani,785.56,GHS,THIRD_PARTY
ORMT-00003850,OR-C000161,1,SUCCESSFUL,2025-07-02 18:12:28.000,Bono|Sunyani,505.07,GHS,AGENT
ORMT-00003851,OR-C000161,10,FAILED,2025-07-20 15:26:21.000,Bono|Sunyani,469.2,GHS,AGENT
ORMT-00003852,OR-C000161,1,SUCCESSFUL,2025-07-16 20:47:36.000,Bono|Sunyani,4540.36,GHS,WEB
ORMT-00003853,OR-C000161,3,SUCCESSFUL,2025-07-03 09:29:44.000,Bono|Sunyani,883.99,GHS,THIRD_PARTY
ORMT-00003854,OR-C000161,10,SUCCESSFUL,2025-07-30 11:17:00.000,Bono|Sunyani,405.18,GHS,API
ORMT-00003855,OR-C000161,2,SUCCESSFUL,2025-08-26 13:31:11.000,Bono|Sunyani,897.56,GHS,API
ORMT-00003856,OR-C000161,4,SUCCESSFUL,2025-08-14 20:09:35.000,Bono|Sunyani,1775.02,GHS,MOBILE_APP
ORMT-00003857,OR-C000161,2,SUCCESSFUL,2025-09-02 19:56:58.000,Bono|Sunyani,2478.96,GHS,AGENT
ORMT-00003858,OR-C000161,8,SUCCESSFUL,2025-09-16 21:53:01.000,Bono|Sunyani,701.71,GHS,THIRD_PARTY
ORMT-00003990,OR-C000162,3,SUCCESSFUL,2025-07-12 15:02:23.000,Greater Accra|Kasoa,369.34,GHS,WEB
ORMT-00003991,OR-C000162,4,SUCCESSFUL,2025-07-04 11:29:33.000,Greater Accra|Kasoa,284.87,GHS,AGENT
ORMT-00003992,OR-C000162,1,SUCCESSFUL,2025-07-18 10:07:01.000,Greater Accra|Kasoa,197.33,GHS,AGENT
ORMT-00003993,OR-C000162,5,SUCCESSFUL,2025-08-30 12:27:27.000,Greater Accra|Kasoa,404.68,GHS,AGENT
ORMT-00003994,OR-C000162,1,SUCCESSFUL,2025-08-08 17:27:03.000,Greater Accra|Kasoa,408.1,GHS,AGENT
ORMT-00003995,OR-C000162,5,SUCCESSFUL,2025-08-27 10:33:16.000,Greater Accra|Kasoa,1722.75,GHS,AGENT
ORMT-00003996,OR-C000162,2,SUCCESSFUL,2025-08-02 19:06:10.000,Greater Accra|Kasoa,179.47,GHS,MOBILE_APP
ORMT-00003997,OR-C000162,2,SUCCESSFUL,2025-08-21 17:19:56.000,Greater Accra|Kasoa,1381.13,GHS,API
ORMT-00003998,OR-C000162,1,SUCCESSFUL,2025-09-28 07:01:13.000,Greater Accra|Kasoa,1118.91,GHS,AGENT
ORMT-00004007,OR-C000163,3,SUCCESSFUL,2025-07-26 20:23:18.000,Central|Cape Coast,529.68,GHS,MOBILE_APP
ORMT-00004008,OR-C000163,1,SUCCESSFUL,2025-08-05 20:16:47.000,Central|Cape Coast,345.63,GHS,WEB
ORMT-00004009,OR-C000163,4,SUCCESSFUL,2025-08-31 13:30:13.000,Central|Cape Coast,603.31,GHS,MOBILE_APP
ORMT-00004010,OR-C000163,3,SUCCESSFUL,2025-09-05 19:46:02.000,Central|Cape Coast,857.19,GHS,AGENT
ORMT-00004020,OR-C000164,6,SUCCESSFUL,2025-08-02 09:52:09.000,Greater Accra|Kasoa,1280.86,GHS,AGENT
ORMT-00004033,OR-C000165,4,SUCCESSFUL,2025-09-13 08:55:57.000,Ashanti|Ejisu,450.24,GHS,AGENT
ORMT-00004054,OR-C000166,1,SUCCESSFUL,2025-07-17 10:23:41.000,Bono|Berekum,1236.1,GHS,AGENT
ORMT-00004055,OR-C000166,4,SUCCESSFUL,2025-08-01 07:11:36.000,Bono|Berekum,258.33,GHS,WEB
ORMT-00004094,OR-C000167,1,SUCCESSFUL,2025-07-16 16:41:42.000,Greater Accra|Tema,446.18,GHS,AGENT
ORMT-00004095,OR-C000167,1,SUCCESSFUL,2025-07-23 13:51:29.000,Greater Accra|Tema,711.84,GHS,MOBILE_APP
ORMT-00004096,OR-C000167,1,SUCCESSFUL,2025-07-11 12:01:57.000,Greater Accra|Tema,350.05,GHS,THIRD_PARTY
ORMT-00004097,OR-C000167,4,SUCCESSFUL,2025-07-05 21:35:40.000,Greater Accra|Tema,370.92,GHS,WEB
ORMT-00004098,OR-C000167,5,SUCCESSFUL,2025-07-29 09:39:47.000,Greater Accra|Tema,994.71,GHS,AGENT
ORMT-00004099,OR-C000167,8,SUCCESSFUL,2025-08-03 13:55:56.000,Greater Accra|Tema,1236.22,GHS,AGENT
ORMT-00004100,OR-C000167,6,SUCCESSFUL,2025-08-16 07:13:46.000,Greater Accra|Tema,409.42,GHS,AGENT
ORMT-00004101,OR-C000167,2,SUCCESSFUL,2025-09-02 10:12:28.000,Greater Accra|Tema,239.52,GHS,API
ORMT-00004102,OR-C000167,10,SUCCESSFUL,2025-09-03 15:59:33.000,Greater Accra|Tema,94.5,GHS,WEB
ORMT-00004119,OR-C000168,2,SUCCESSFUL,2025-07-02 13:02:36.000,Eastern|Nkawkaw,451.8,GHS,THIRD_PARTY
ORMT-00004120,OR-C000168,4,SUCCESSFUL,2025-09-29 13:33:11.000,Eastern|Nkawkaw,896.81,GHS,AGENT
ORMT-00004132,OR-C000170,7,SUCCESSFUL,2025-08-13 12:01:43.000,Northern|Yendi,568.81,GHS,THIRD_PARTY
ORMT-00004133,OR-C000170,7,SUCCESSFUL,2025-08-07 09:56:04.000,Northern|Yendi,1181.76,GHS,AGENT
ORMT-00004134,OR-C000170,6,SUCCESSFUL,2025-08-31 20:52:15.000,Northern|Yendi,1130.27,GHS,AGENT
ORMT-00004135,OR-C000170,3,SUCCESSFUL,2025-09-02 13:35:21.000,Northern|Yendi,247.46,GHS,AGENT
ORMT-00004136,OR-C000170,5,SUCCESSFUL,2025-09-02 16:52:07.000,Northern|Yendi,308.76,GHS,AGENT
ORMT-00004137,OR-C000170,4,SUCCESSFUL,2025-09-22 20:23:10.000,Northern|Yendi,416.05,GHS,AGENT
ORMT-00004158,OR-C000172,3,SUCCESSFUL,2025-09-30 18:08:34.000,Bono East|Kintampo,1072.51,GHS,THIRD_PARTY
ORMT-00004163,OR-C000173,1,SUCCESSFUL,2025-08-02 10:14:01.000,Ashanti|Obuasi,343.9,GHS,MOBILE_APP
ORMT-00004192,OR-C000174,1,SUCCESSFUL,2025-07-21 09:51:36.000,Northern|Yendi,774.17,GHS,THIRD_PARTY
ORMT-00004193,OR-C000174,2,SUCCESSFUL,2025-09-26 13:09:56.000,Northern|Yendi,465.85,GHS,MOBILE_APP
ORMT-00004206,OR-C000175,8,SUCCESSFUL,2025-08-19 18:32:56.000,Upper East|Bolgatanga,549.78,GHS,API
ORMT-00004207,OR-C000175,10,SUCCESSFUL,2025-09-24 10:08:39.000,Upper East|Bolgatanga,2011.86,GHS,AGENT
ORMT-00004208,OR-C000175,3,SUCCESSFUL,2025-09-08 14:04:48.000,Upper East|Bolgatanga,237.46,GHS,THIRD_PARTY
ORMT-00004231,OR-C000178,5,SUCCESSFUL,2025-07-02 14:54:15.000,Northern|Yendi,1277.27,GHS,MOBILE_APP
ORMT-00004354,OR-C000181,3,SUCCESSFUL,2025-07-30 11:50:12.000,Northern|Tamale,1138.55,GHS,API
ORMT-00004355,OR-C000181,1,SUCCESSFUL,2025-08-01 09:48:36.000,Northern|Tamale,496.45,GHS,API
ORMT-00004356,OR-C000181,1,SUCCESSFUL,2025-08-29 18:55:41.000,Northern|Tamale,1263.55,GHS,AGENT
ORMT-00004357,OR-C000181,1,SUCCESSFUL,2025-09-10 20:16:01.000,Northern|Tamale,503.65,GHS,WEB
ORMT-00004358,OR-C000181,1,SUCCESSFUL,2025-09-11 11:24:29.000,Northern|Tamale,131.93,GHS,WEB
ORMT-00004359,OR-C000181,2,SUCCESSFUL,2025-09-18 11:10:35.000,Northern|Tamale,449.23,GHS,WEB
ORMT-00004360,OR-C000181,1,SUCCESSFUL,2025-09-02 15:54:06.000,Northern|Tamale,968.85,GHS,AGENT
ORMT-00004401,OR-C000183,1,SUCCESSFUL,2025-07-18 10:04:14.000,Bono|Berekum,5723.86,GHS,MOBILE_APP
ORMT-00004402,OR-C000183,1,SUCCESSFUL,2025-08-05 08:27:23.000,Bono|Berekum,1301.73,GHS,WEB
ORMT-00004403,OR-C000183,1,SUCCESSFUL,2025-09-17 17:25:11.000,Bono|Berekum,912.42,GHS,THIRD_PARTY
ORMT-00004404,OR-C000183,3,SUCCESSFUL,2025-09-26 20:27:55.000,Bono|Berekum,977.96,GHS,MOBILE_APP
ORMT-00004413,OR-C000184,4,SUCCESSFUL,2025-08-21 10:58:00.000,Western|Tarkwa,177.36,GHS,AGENT
ORMT-00004414,OR-C000184,4,SUCCESSFUL,2025-09-18 09:20:33.000,Western|Tarkwa,534.02,GHS,API
ORMT-00004415,OR-C000184,2,SUCCESSFUL,2025-09-20 20:39:19.000,Western|Tarkwa,1013.8,GHS,API
ORMT-00004448,OR-C000186,2,SUCCESSFUL,2025-07-15 14:54:22.000,Upper East|Bolgatanga,357.98,GHS,AGENT
ORMT-00004449,OR-C000186,4,SUCCESSFUL,2025-07-30 07:15:50.000,Upper East|Bolgatanga,1465.8,GHS,THIRD_PARTY
ORMT-00004450,OR-C000186,9,SUCCESSFUL,2025-07-23 21:02:37.000,Upper East|Bolgatanga,4228.06,GHS,WEB
ORMT-00004451,OR-C000186,7,SUCCESSFUL,2025-08-01 15:06:22.000,Upper East|Bolgatanga,442.93,GHS,AGENT
ORMT-00004452,OR-C000186,3,SUCCESSFUL,2025-08-30 07:21:36.000,Upper East|Bolgatanga,1072.67,GHS,MOBILE_APP
ORMT-00004453,OR-C000186,2,SUCCESSFUL,2025-08-20 12:45:53.000,Upper East|Bolgatanga,246.32,GHS,AGENT
ORMT-00004454,OR-C000186,4,SUCCESSFUL,2025-09-12 20:00:23.000,Upper East|Bolgatanga,440.99,GHS,AGENT
ORMT-00004455,OR-C000186,4,SUCCESSFUL,2025-09-04 09:16:51.000,Upper East|Bolgatanga,965.47,GHS,API
ORMT-00004456,OR-C000186,2,SUCCESSFUL,2025-09-05 11:02:56.000,Upper East|Bolgatanga,1095.65,GHS,WEB
ORMT-00004457,OR-C000186,2,SUCCESSFUL,2025-09-22 16:56:11.000,Upper East|Bolgatanga,590.77,GHS,AGENT
ORMT-00004506,OR-C000189,2,SUCCESSFUL,2025-08-13 11:07:36.000,Northern|Tamale,551.59,GHS,AGENT
ORMT-00004507,OR-C000189,1,SUCCESSFUL,2025-09-02 14:02:08.000,Northern|Tamale,630.74,GHS,MOBILE_APP
ORMT-00004508,OR-C000189,4,SUCCESSFUL,2025-09-07 14:23:21.000,Northern|Tamale,590.62,GHS,THIRD_PARTY
ORMT-00004524,OR-C000190,9,SUCCESSFUL,2025-08-04 14:16:41.000,Greater Accra|Accra,1487.35,GHS,WEB
ORMT-00004533,OR-C000191,1,SUCCESSFUL,2025-08-30 17:35:35.000,Volta|Keta,1388.14,GHS,WEB
ORMT-00004534,OR-C000191,2,SUCCESSFUL,2025-08-10 07:34:27.000,Volta|Keta,209.37,GHS,THIRD_PARTY
ORMT-00004540,OR-C000192,4,SUCCESSFUL,2025-08-25 11:05:25.000,Volta|Hohoe,407.43,GHS,WEB
ORMT-00004542,OR-C000193,3,FAILED,2025-07-12 18:17:39.000,Eastern|Akropong,856.56,GHS,AGENT
ORMT-00004543,OR-C000193,4,SUCCESSFUL,2025-07-29 20:47:00.000,Eastern|Akropong,1047.47,GHS,AGENT
ORMT-00004555,OR-C000196,3,SUCCESSFUL,2025-07-10 10:31:24.000,Oti|Jasikan,312.08,GHS,MOBILE_APP
ORMT-00004556,OR-C000196,2,SUCCESSFUL,2025-07-16 09:07:55.000,Oti|Jasikan,209.88,GHS,MOBILE_APP
ORMT-00004557,OR-C000196,1,SUCCESSFUL,2025-07-07 19:52:08.000,Oti|Jasikan,125.69,GHS,AGENT
ORMT-00004558,OR-C000196,1,SUCCESSFUL,2025-07-09 20:27:21.000,Oti|Jasikan,1039.7,GHS,AGENT
ORMT-00004559,OR-C000196,10,SUCCESSFUL,2025-08-15 19:15:38.000,Oti|Jasikan,346.51,GHS,MOBILE_APP
ORMT-00004560,OR-C000196,9,SUCCESSFUL,2025-08-22 11:19:23.000,Oti|Jasikan,859.19,GHS,THIRD_PARTY
ORMT-00004561,OR-C000196,6,SUCCESSFUL,2025-08-23 14:19:39.000,Oti|Jasikan,953.04,GHS,MOBILE_APP
ORMT-00004562,OR-C000196,5,SUCCESSFUL,2025-08-17 12:04:05.000,Oti|Jasikan,190.83,GHS,MOBILE_APP
ORMT-00004563,OR-C000196,4,SUCCESSFUL,2025-08-23 15:04:01.000,Oti|Jasikan,330.1,GHS,MOBILE_APP
ORMT-00004564,OR-C000196,9,SUCCESSFUL,2025-08-24 10:44:24.000,Oti|Jasikan,135.4,GHS,API
ORMT-00004565,OR-C000196,6,SUCCESSFUL,2025-08-29 13:01:47.000,Oti|Jasikan,354.5,GHS,AGENT
ORMT-00004566,OR-C000196,2,SUCCESSFUL,2025-08-02 09:12:01.000,Oti|Jasikan,2047.87,GHS,MOBILE_APP
ORMT-00004567,OR-C000196,1,SUCCESSFUL,2025-09-14 21:47:48.000,Oti|Jasikan,870.9,GHS,AGENT
ORMT-00004568,OR-C000196,4,SUCCESSFUL,2025-09-26 18:07:28.000,Oti|Jasikan,950.83,GHS,AGENT
ORMT-00004569,OR-C000196,4,SUCCESSFUL,2025-09-25 10:01:24.000,Oti|Jasikan,424.79,GHS,MOBILE_APP
ORMT-00004570,OR-C000196,3,SUCCESSFUL,2025-09-16 07:52:17.000,Oti|Jasikan,52.59,GHS,THIRD_PARTY
ORMT-00004591,OR-C000197,1,SUCCESSFUL,2025-09-29 17:27:05.000,Greater Accra|Kasoa,544.31,GHS,AGENT
ORMT-00004601,OR-C000198,6,SUCCESSFUL,2025-09-03 18:57:11.000,Bono East|Kintampo,749.17,GHS,API
ORMT-00004611,OR-C000199,2,SUCCESSFUL,2025-07-13 19:04:17.000,Greater Accra|Accra,621.32,GHS,MOBILE_APP
ORMT-00004612,OR-C000199,2,SUCCESSFUL,2025-08-27 19:03:51.000,Greater Accra|Accra,1564.06,GHS,AGENT
ORMT-00004643,OR-C000200,9,SUCCESSFUL,2025-07-29 12:24:17.000,Bono|Sunyani,426.82,GHS,THIRD_PARTY
ORMT-00004644,OR-C000200,1,SUCCESSFUL,2025-07-18 15:47:50.000,Bono|Sunyani,1308.85,GHS,AGENT
ORMT-00004645,OR-C000200,2,SUCCESSFUL,2025-09-10 07:22:14.000,Bono|Sunyani,112.15,GHS,AGENT
ORMT-00004646,OR-C000200,1,SUCCESSFUL,2025-09-18 08:32:07.000,Bono|Sunyani,630.17,GHS,MOBILE_APP
ORMT-00004647,OR-C000200,2,SUCCESSFUL,2025-09-05 20:36:12.000,Bono|Sunyani,734.66,GHS,AGENT
ORMT-00004660,OR-C000201,9,SUCCESSFUL,2025-09-05 09:08:21.000,Greater Accra|Tema,177.3,GHS,WEB
ORMT-00004699,OR-C000202,8,SUCCESSFUL,2025-08-09 21:04:19.000,Greater Accra|Madina,180.7,GHS,AGENT
ORMT-00004700,OR-C000202,1,SUCCESSFUL,2025-09-26 20:03:16.000,Greater Accra|Madina,203.6,GHS,MOBILE_APP
ORMT-00004701,OR-C000202,1,SUCCESSFUL,2025-09-07 15:05:55.000,Greater Accra|Madina,293.33,GHS,AGENT
ORMT-00004724,OR-C000203,6,SUCCESSFUL,2025-08-31 18:44:25.000,Volta|Hohoe,905.72,GHS,API
ORMT-00004732,OR-C000205,1,SUCCESSFUL,2025-07-18 15:53:07.000,Greater Accra|Accra,216.68,GHS,THIRD_PARTY
ORMT-00004770,OR-C000206,2,SUCCESSFUL,2025-07-26 13:23:52.000,Western|Takoradi,1089.43,GHS,THIRD_PARTY
ORMT-00004771,OR-C000206,7,SUCCESSFUL,2025-07-12 10:15:37.000,Western|Takoradi,2341.06,GHS,AGENT
ORMT-00004772,OR-C000206,6,SUCCESSFUL,2025-08-02 20:38:48.000,Western|Takoradi,478.14,GHS,WEB
ORMT-00004773,OR-C000206,3,SUCCESSFUL,2025-09-03 09:10:36.000,Western|Takoradi,555.59,GHS,MOBILE_APP
ORMT-00004774,OR-C000206,4,SUCCESSFUL,2025-09-06 12:13:46.000,Western|Takoradi,791.37,GHS,THIRD_PARTY
ORMT-00004797,OR-C000208,1,SUCCESSFUL,2025-09-30 07:22:49.000,Volta|Hohoe,360.87,GHS,AGENT
ORMT-00004816,OR-C000209,5,SUCCESSFUL,2025-07-13 17:20:36.000,Ashanti|Obuasi,1069.84,GHS,THIRD_PARTY
ORMT-00004836,OR-C000210,1,SUCCESSFUL,2025-08-11 13:08:16.000,Western|Tarkwa,162.63,GHS,MOBILE_APP
ORMT-00004837,OR-C000210,3,SUCCESSFUL,2025-08-29 14:14:54.000,Western|Tarkwa,912.51,GHS,THIRD_PARTY
ORMT-00004838,OR-C000210,3,SUCCESSFUL,2025-08-13 09:44:32.000,Western|Tarkwa,451.55,GHS,AGENT
ORMT-00004839,OR-C000210,4,SUCCESSFUL,2025-09-10 07:48:06.000,Western|Tarkwa,5751.72,GHS,MOBILE_APP
ORMT-00004859,OR-C000211,1,SUCCESSFUL,2025-07-21 19:18:17.000,Greater Accra|Kasoa,1379.12,GHS,MOBILE_APP
ORMT-00004860,OR-C000211,3,SUCCESSFUL,2025-07-03 10:27:30.000,Greater Accra|Kasoa,1074.71,GHS,THIRD_PARTY
ORMT-00004861,OR-C000211,1,SUCCESSFUL,2025-08-10 19:45:43.000,Greater Accra|Kasoa,288.96,GHS,MOBILE_APP
ORMT-00004862,OR-C000211,1,SUCCESSFUL,2025-09-23 20:52:38.000,Greater Accra|Kasoa,1977.62,GHS,WEB
ORMT-00004863,OR-C000211,2,SUCCESSFUL,2025-09-01 07:51:30.000,Greater Accra|Kasoa,154.28,GHS,MOBILE_APP
ORMT-00004864,OR-C000211,10,FAILED,2025-09-18 11:24:54.000,Greater Accra|Kasoa,622.92,GHS,MOBILE_APP
ORMT-00004865,OR-C000211,9,SUCCESSFUL,2025-09-26 10:31:10.000,Greater Accra|Kasoa,977.19,GHS,AGENT
ORMT-00004877,OR-C000212,1,SUCCESSFUL,2025-07-28 08:12:22.000,Northern|Savelugu,385.3,GHS,WEB
ORMT-00004880,OR-C000213,1,SUCCESSFUL,2025-07-24 14:45:17.000,Greater Accra|Madina,50,GHS,THIRD_PARTY
ORMT-00004885,OR-C000214,1,SUCCESSFUL,2025-09-22 08:36:53.000,Central|Elmina,1385.37,GHS,WEB
ORMT-00004892,OR-C000215,6,SUCCESSFUL,2025-07-30 09:09:10.000,Eastern|Nkawkaw,200.71,GHS,MOBILE_APP
ORMT-00004893,OR-C000215,1,SUCCESSFUL,2025-07-27 11:27:28.000,Eastern|Nkawkaw,294.35,GHS,THIRD_PARTY
ORMT-00004894,OR-C000215,1,SUCCESSFUL,2025-07-03 14:42:30.000,Eastern|Nkawkaw,319.03,GHS,MOBILE_APP
ORMT-00004895,OR-C000215,3,SUCCESSFUL,2025-08-29 13:26:26.000,Eastern|Nkawkaw,3980.18,GHS,AGENT
ORMT-00004896,OR-C000215,5,SUCCESSFUL,2025-08-26 15:56:19.000,Eastern|Nkawkaw,6145.52,GHS,WEB
ORMT-00004897,OR-C000215,6,SUCCESSFUL,2025-08-15 17:07:06.000,Eastern|Nkawkaw,465.67,GHS,AGENT
ORMT-00004898,OR-C000215,9,SUCCESSFUL,2025-09-11 08:45:38.000,Eastern|Nkawkaw,258.94,GHS,AGENT
ORMT-00004899,OR-C000215,2,SUCCESSFUL,2025-09-28 18:53:00.000,Eastern|Nkawkaw,689.46,GHS,AGENT
ORMT-00004942,OR-C000216,1,FAILED,2025-07-22 20:27:02.000,Greater Accra|Madina,660.14,GHS,WEB
ORMT-00004943,OR-C000216,3,SUCCESSFUL,2025-07-19 10:54:23.000,Greater Accra|Madina,885.38,GHS,AGENT
ORMT-00005000,OR-C000218,4,SUCCESSFUL,2025-07-03 18:11:07.000,Greater Accra|Madina,839.86,GHS,MOBILE_APP
ORMT-00005001,OR-C000218,5,SUCCESSFUL,2025-07-25 07:11:47.000,Greater Accra|Madina,181.23,GHS,AGENT
ORMT-00005002,OR-C000218,1,SUCCESSFUL,2025-08-28 16:24:28.000,Greater Accra|Madina,231.08,GHS,WEB
ORMT-00005003,OR-C000218,1,SUCCESSFUL,2025-08-03 14:03:49.000,Greater Accra|Madina,448.57,GHS,MOBILE_APP
ORMT-00005004,OR-C000218,1,FAILED,2025-08-21 19:20:17.000,Greater Accra|Madina,366.16,GHS,WEB
ORMT-00005005,OR-C000218,10,SUCCESSFUL,2025-09-27 12:58:10.000,Greater Accra|Madina,202.47,GHS,API
ORMT-00005006,OR-C000218,8,SUCCESSFUL,2025-09-30 07:44:53.000,Greater Accra|Madina,750.19,GHS,MOBILE_APP
ORMT-00005014,OR-C000219,2,SUCCESSFUL,2025-07-06 21:56:26.000,Greater Accra|Madina,413.36,GHS,MOBILE_APP
ORMT-00005034,OR-C000220,1,SUCCESSFUL,2025-09-21 17:07:12.000,Greater Accra|Accra,760.85,GHS,MOBILE_APP
ORMT-00005074,OR-C000221,6,SUCCESSFUL,2025-07-16 07:30:52.000,Greater Accra|Tema,434.25,GHS,AGENT
ORMT-00005075,OR-C000221,1,SUCCESSFUL,2025-07-31 13:27:37.000,Greater Accra|Tema,204.97,GHS,API
ORMT-00005076,OR-C000221,2,SUCCESSFUL,2025-08-15 12:05:01.000,Greater Accra|Tema,1210.44,GHS,AGENT
ORMT-00005077,OR-C000221,3,SUCCESSFUL,2025-08-05 10:23:18.000,Greater Accra|Tema,1703.07,GHS,MOBILE_APP
ORMT-00005078,OR-C000221,2,SUCCESSFUL,2025-08-12 17:36:45.000,Greater Accra|Tema,231.38,GHS,AGENT
ORMT-00005079,OR-C000221,10,SUCCESSFUL,2025-09-26 20:12:12.000,Greater Accra|Tema,283.59,GHS,MOBILE_APP
ORMT-00005105,OR-C000222,3,SUCCESSFUL,2025-08-06 16:30:27.000,Upper East|Bolgatanga,90.73,GHS,THIRD_PARTY
ORMT-00005109,OR-C000223,5,SUCCESSFUL,2025-08-06 16:34:10.000,Upper West|Lawra,757.59,GHS,AGENT
ORMT-00005117,OR-C000224,6,SUCCESSFUL,2025-07-07 12:38:18.000,Volta|Hohoe,1112.64,GHS,THIRD_PARTY
ORMT-00005161,OR-C000227,1,SUCCESSFUL,2025-09-21 20:54:39.000,Greater Accra|Madina,162.92,GHS,AGENT
ORMT-00005162,OR-C000227,1,SUCCESSFUL,2025-09-22 08:25:40.000,Greater Accra|Madina,262.08,GHS,THIRD_PARTY
ORMT-00005163,OR-C000227,2,SUCCESSFUL,2025-09-22 12:51:11.000,Greater Accra|Madina,340.95,GHS,WEB
ORMT-00005164,OR-C000227,1,SUCCESSFUL,2025-09-12 18:25:12.000,Greater Accra|Madina,601.55,GHS,MOBILE_APP
ORMT-00005206,OR-C000228,1,SUCCESSFUL,2025-07-04 09:01:31.000,Upper West|Wa,588.88,GHS,AGENT
ORMT-00005207,OR-C000228,2,SUCCESSFUL,2025-08-29 17:20:13.000,Upper West|Wa,449.99,GHS,AGENT
ORMT-00005254,OR-C000229,3,SUCCESSFUL,2025-07-12 21:47:09.000,Greater Accra|Tema,605.63,GHS,THIRD_PARTY
ORMT-00005255,OR-C000229,5,SUCCESSFUL,2025-07-07 09:31:18.000,Greater Accra|Tema,131.16,GHS,API
ORMT-00005256,OR-C000229,3,SUCCESSFUL,2025-08-17 07:50:34.000,Greater Accra|Tema,798.39,GHS,AGENT
ORMT-00005257,OR-C000229,5,SUCCESSFUL,2025-09-13 12:36:24.000,Greater Accra|Tema,343.45,GHS,THIRD_PARTY
ORMT-00005258,OR-C000229,6,SUCCESSFUL,2025-09-21 21:25:28.000,Greater Accra|Tema,299.11,GHS,API
ORMT-00005259,OR-C000229,4,SUCCESSFUL,2025-09-26 18:25:21.000,Greater Accra|Tema,323.19,GHS,MOBILE_APP
ORMT-00005284,OR-C000230,1,SUCCESSFUL,2025-07-25 12:45:43.000,Western|Axim,2058.33,GHS,API
ORMT-00005297,OR-C000233,1,SUCCESSFUL,2025-07-11 14:00:15.000,Eastern|Akropong,1890.79,GHS,AGENT
ORMT-00005298,OR-C000233,4,SUCCESSFUL,2025-07-04 13:36:40.000,Eastern|Akropong,569.21,GHS,THIRD_PARTY
ORMT-00005299,OR-C000233,2,SUCCESSFUL,2025-07-29 11:59:22.000,Eastern|Akropong,1020.74,GHS,AGENT
ORMT-00005300,OR-C000233,2,SUCCESSFUL,2025-08-04 15:06:21.000,Eastern|Akropong,1181.02,GHS,AGENT
ORMT-00005301,OR-C000233,5,SUCCESSFUL,2025-08-11 19:10:26.000,Eastern|Akropong,409.0,GHS,AGENT
ORMT-00005302,OR-C000233,10,SUCCESSFUL,2025-08-19 12:07:41.000,Eastern|Akropong,375.36,GHS,AGENT
ORMT-00005303,OR-C000233,1,SUCCESSFUL,2025-09-21 13:07:08.000,Eastern|Akropong,278.98,GHS,AGENT
ORMT-00005367,OR-C000234,9,SUCCESSFUL,2025-07-29 15:17:50.000,Eastern|Koforidua,203.66,GHS,API
ORMT-00005368,OR-C000234,4,SUCCESSFUL,2025-07-04 15:25:09.000,Eastern|Koforidua,269.36,GHS,AGENT
ORMT-00005369,OR-C000234,6,SUCCESSFUL,2025-07-19 07:12:49.000,Eastern|Koforidua,239.29,GHS,WEB
ORMT-00005370,OR-C000234,1,SUCCESSFUL,2025-07-16 14:00:56.000,Eastern|Koforidua,934.11,GHS,API
ORMT-00005371,OR-C000234,10,SUCCESSFUL,2025-07-12 16:31:46.000,Eastern|Koforidua,99.87,GHS,THIRD_PARTY
ORMT-00005372,OR-C000234,4,SUCCESSFUL,2025-07-03 16:24:21.000,Eastern|Koforidua,2026.49,GHS,WEB
ORMT-00005373,OR-C000234,2,SUCCESSFUL,2025-08-19 20:32:46.000,Eastern|Koforidua,2008.51,GHS,MOBILE_APP
ORMT-00005374,OR-C000234,2,SUCCESSFUL,2025-08-30 21:46:17.000,Eastern|Koforidua,757.32,GHS,AGENT
ORMT-00005388,OR-C000235,2,SUCCESSFUL,2025-08-22 09:49:09.000,Northern|Tamale,542.12,GHS,MOBILE_APP
ORMT-00005409,OR-C000236,1,SUCCESSFUL,2025-07-06 17:23:53.000,Upper West|Wa,334.8,GHS,AGENT
ORMT-00005410,OR-C000236,5,SUCCESSFUL,2025-08-06 15:26:55.000,Upper West|Wa,205.27,GHS,MOBILE_APP
ORMT-00005411,OR-C000236,1,SUCCESSFUL,2025-09-28 16:34:07.000,Upper West|Wa,1782.33,GHS,AGENT
ORMT-00005412,OR-C000236,4,SUCCESSFUL,2025-09-07 09:55:05.000,Upper West|Wa,199.08,GHS,WEB
ORMT-00005413,OR-C000236,4,SUCCESSFUL,2025-09-23 12:12:42.000,Upper West|Wa,178.57,GHS,THIRD_PARTY
ORMT-00005443,OR-C000237,1,SUCCESSFUL,2025-08-04 14:14:59.000,Bono|Berekum,527.82,GHS,AGENT
ORMT-00005452,OR-C000239,5,SUCCESSFUL,2025-08-17 10:43:15.000,Ashanti|Obuasi,550.88,GHS,MOBILE_APP
ORMT-00005453,OR-C000239,1,SUCCESSFUL,2025-09-13 15:36:36.000,Ashanti|Obuasi,1103.8,GHS,MOBILE_APP
ORMT-00005473,OR-C000241,4,SUCCESSFUL,2025-07-30 13:46:31.000,Eastern|Koforidua,1086.13,GHS,THIRD_PARTY
ORMT-00005495,OR-C000243,6,SUCCESSFUL,2025-07-31 12:03:27.000,Bono|Berekum,660.61,GHS,THIRD_PARTY
ORMT-00005496,OR-C000243,1,SUCCESSFUL,2025-07-22 18:47:58.000,Bono|Berekum,315.99,GHS,MOBILE_APP
ORMT-00005499,OR-C000244,1,SUCCESSFUL,2025-09-15 07:21:43.000,Bono East|Techiman,661.61,GHS,AGENT
ORMT-00005538,OR-C000245,9,SUCCESSFUL,2025-08-18 11:41:49.000,Northern|Tamale,2619.69,GHS,API
ORMT-00005539,OR-C000245,3,SUCCESSFUL,2025-08-30 20:32:15.000,Northern|Tamale,1804.9,GHS,AGENT
ORMT-00005540,OR-C000245,1,SUCCESSFUL,2025-09-18 18:41:46.000,Northern|Tamale,497.06,GHS,MOBILE_APP
ORMT-00005541,OR-C000245,2,SUCCESSFUL,2025-09-16 08:55:27.000,Northern|Tamale,571.21,GHS,AGENT
ORMT-00005556,OR-C000246,2,SUCCESSFUL,2025-07-10 10:47:08.000,Volta|Keta,1588.13,GHS,MOBILE_APP
ORMT-00005566,OR-C000247,1,SUCCESSFUL,2025-07-19 15:35:18.000,Greater Accra|Tema,361.85,GHS,AGENT
ORMT-00005567,OR-C000247,1,SUCCESSFUL,2025-08-26 18:36:58.000,Greater Accra|Tema,241.63,GHS,AGENT
ORMT-00005576,OR-C000248,1,SUCCESSFUL,2025-07-06 17:23:38.000,Greater Accra|Tema,339.38,GHS,AGENT
ORMT-00005578,OR-C000249,3,SUCCESSFUL,2025-07-19 21:13:55.000,Upper West|Lawra,574.36,GHS,MOBILE_APP
ORMT-00005579,OR-C000249,2,SUCCESSFUL,2025-08-16 09:46:49.000,Upper West|Lawra,331.41,GHS,MOBILE_APP
ORMT-00005580,OR-C000249,1,SUCCESSFUL,2025-09-05 12:54:06.000,Upper West|Lawra,208.54,GHS,THIRD_PARTY
ORMT-00005581,OR-C000249,1,SUCCESSFUL,2025-09-06 10:08:22.000,Upper West|Lawra,479.72,GHS,AGENT
ORMT-00005610,OR-C000250,3,SUCCESSFUL,2025-07-17 18:40:53.000,Upper East|Navrongo,1000.0,GHS,AGENT
ORMT-00005611,OR-C000250,7,SUCCESSFUL,2025-08-21 19:41:14.000,Upper East|Navrongo,1917.41,GHS,API
ORMT-00005612,OR-C000250,1,SUCCESSFUL,2025-08-24 18:39:49.000,Upper East|Navrongo,2777.75,GHS,AGENT
ORMT-00005613,OR-C000250,5,SUCCESSFUL,2025-09-26 14:32:40.000,Upper East|Navrongo,213.7,GHS,AGENT
ORMT-00005614,OR-C000250,1,SUCCESSFUL,2025-09-17 21:15:40.000,Upper East|Navrongo,923.61,GHS,MOBILE_APP
ORMT-00005677,OR-C000251,1,SUCCESSFUL,2025-07-15 07:52:27.000,Greater Accra|Accra,3297.39,GHS,MOBILE_APP
ORMT-00005678,OR-C000251,2,SUCCESSFUL,2025-07-30 11:25:59.000,Greater Accra|Accra,321.24,GHS,WEB
ORMT-00005679,OR-C000251,1,SUCCESSFUL,2025-07-30 18:50:19.000,Greater Accra|Accra,1729.47,GHS,AGENT
ORMT-00005680,OR-C000251,10,SUCCESSFUL,2025-07-23 16:52:23.000,Greater Accra|Accra,56.76,GHS,MOBILE_APP
ORMT-00005681,OR-C000251,1,SUCCESSFUL,2025-08-30 15:27:26.000,Greater Accra|Accra,1653.06,GHS,AGENT
ORMT-00005682,OR-C000251,1,SUCCESSFUL,2025-08-21 19:59:48.000,Greater Accra|Accra,385.75,GHS,API
ORMT-00005683,OR-C000251,3,SUCCESSFUL,2025-08-09 15:46:10.000,Greater Accra|Accra,1051.37,GHS,THIRD_PARTY
ORMT-00005684,OR-C000251,1,SUCCESSFUL,2025-08-15 07:54:39.000,Greater Accra|Accra,372.05,GHS,THIRD_PARTY
ORMT-00005685,OR-C000251,4,SUCCESSFUL,2025-08-29 21:02:07.000,Greater Accra|Accra,1302.53,GHS,AGENT
ORMT-00005686,OR-C000251,9,SUCCESSFUL,2025-08-29 12:24:25.000,Greater Accra|Accra,2039.77,GHS,THIRD_PARTY
ORMT-00005687,OR-C000251,1,SUCCESSFUL,2025-08-05 16:01:16.000,Greater Accra|Accra,1234.17,GHS,THIRD_PARTY
ORMT-00005688,OR-C000251,8,SUCCESSFUL,2025-09-30 20:01:54.000,Greater Accra|Accra,357.12,GHS,API
ORMT-00005689,OR-C000251,5,SUCCESSFUL,2025-09-15 15:11:26.000,Greater Accra|Accra,269.61,GHS,THIRD_PARTY
ORMT-00005690,OR-C000251,3,SUCCESSFUL,2025-09-08 12:43:22.000,Greater Accra|Accra,402.35,GHS,MOBILE_APP
ORMT-00005810,OR-C000252,2,SUCCESSFUL,2025-07-21 21:41:30.000,Eastern|Koforidua,1657.04,GHS,MOBILE_APP
ORMT-00005811,OR-C000252,3,SUCCESSFUL,2025-07-04 11:47:25.000,Eastern|Koforidua,1054.86,GHS,AGENT
ORMT-00005812,OR-C000252,1,SUCCESSFUL,2025-07-16 08:17:23.000,Eastern|Koforidua,700.88,GHS,WEB
ORMT-00005813,OR-C000252,2,SUCCESSFUL,2025-07-28 16:03:44.000,Eastern|Koforidua,195.02,GHS,AGENT
ORMT-00005814,OR-C000252,8,SUCCESSFUL,2025-07-03 20:50:27.000,Eastern|Koforidua,218.76,GHS,AGENT
ORMT-00005815,OR-C000252,8,SUCCESSFUL,2025-07-16 19:00:25.000,Eastern|Koforidua,1104.3,GHS,AGENT
ORMT-00005816,OR-C000252,3,SUCCESSFUL,2025-08-20 15:38:32.000,Eastern|Koforidua,295.18,GHS,THIRD_PARTY
ORMT-00005817,OR-C000252,1,SUCCESSFUL,2025-08-31 08:38:37.000,Eastern|Koforidua,2267.92,GHS,API
ORMT-00005818,OR-C000252,9,SUCCESSFUL,2025-08-20 17:20:38.000,Eastern|Koforidua,374.99,GHS,THIRD_PARTY
ORMT-00005819,OR-C000252,2,SUCCESSFUL,2025-08-10 16:18:07.000,Eastern|Koforidua,772.3,GHS,MOBILE_APP
ORMT-00005820,OR-C000252,1,SUCCESSFUL,2025-09-29 20:28:03.000,Eastern|Koforidua,2250.06,GHS,AGENT
ORMT-00005821,OR-C000252,4,SUCCESSFUL,2025-09-25 19:17:37.000,Eastern|Koforidua,505.9,GHS,AGENT
ORMT-00005822,OR-C000252,4,SUCCESSFUL,2025-09-22 13:41:41.000,Eastern|Koforidua,627.01,GHS,AGENT
ORMT-00005823,OR-C000252,1,SUCCESSFUL,2025-09-10 18:24:10.000,Eastern|Koforidua,386.68,GHS,MOBILE_APP
ORMT-00005876,OR-C000254,1,SUCCESSFUL,2025-07-07 10:42:38.000,Greater Accra|Accra,4000.15,GHS,AGENT
ORMT-00005877,OR-C000254,3,SUCCESSFUL,2025-07-15 14:29:46.000,Greater Accra|Accra,699.24,GHS,AGENT
ORMT-00005878,OR-C000254,1,SUCCESSFUL,2025-08-25 07:46:33.000,Greater Accra|Accra,337.6,GHS,MOBILE_APP
ORMT-00005961,OR-C000255,3,SUCCESSFUL,2025-07-22 13:27:00.000,Ashanti|Obuasi,252.81,GHS,AGENT
ORMT-00005962,OR-C000255,1,SUCCESSFUL,2025-07-08 12:59:49.000,Ashanti|Obuasi,2290.94,GHS,AGENT
ORMT-00005963,OR-C000255,3,SUCCESSFUL,2025-07-31 19:12:57.000,Ashanti|Obuasi,110.42,GHS,THIRD_PARTY
ORMT-00005964,OR-C000255,1,SUCCESSFUL,2025-08-25 17:04:08.000,Ashanti|Obuasi,384.99,GHS,WEB
ORMT-00005965,OR-C000255,7,SUCCESSFUL,2025-08-14 16:32:28.000,Ashanti|Obuasi,471.26,GHS,MOBILE_APP
ORMT-00005966,OR-C000255,7,SUCCESSFUL,2025-08-22 15:39:40.000,Ashanti|Obuasi,1448.02,GHS,MOBILE_APP
ORMT-00005967,OR-C000255,1,SUCCESSFUL,2025-09-08 11:50:49.000,Ashanti|Obuasi,2502.83,GHS,AGENT
ORMT-00005968,OR-C000255,5,SUCCESSFUL,2025-09-06 13:30:37.000,Ashanti|Obuasi,696.95,GHS,AGENT
ORMT-00005969,OR-C000255,3,SUCCESSFUL,2025-09-24 15:31:33.000,Ashanti|Obuasi,555.57,GHS,AGENT
ORMT-00005970,OR-C000255,2,SUCCESSFUL,2025-09-10 17:19:00.000,Ashanti|Obuasi,314.91,GHS,AGENT
ORMT-00005971,OR-C000255,10,SUCCESSFUL,2025-09-12 20:41:05.000,Ashanti|Obuasi,1303.94,GHS,AGENT
ORMT-00005972,OR-C000255,10,SUCCESSFUL,2025-09-02 12:58:04.000,Ashanti|Obuasi,504.2,GHS,AGENT
ORMT-00005973,OR-C000255,3,SUCCESSFUL,2025-09-17 18:37:55.000,Ashanti|Obuasi,222.61,GHS,MOBILE_APP
ORMT-00005990,OR-C000256,3,FAILED,2025-08-17 20:25:17.000,Greater Accra|Accra,203.44,GHS,THIRD_PARTY
ORMT-00006005,OR-C000257,3,SUCCESSFUL,2025-07-18 15:52:04.000,Upper East|Navrongo,746.5,GHS,AGENT
ORMT-00006006,OR-C000257,1,SUCCESSFUL,2025-07-03 09:51:44.000,Upper East|Navrongo,241.61,GHS,WEB
ORMT-00006007,OR-C000257,1,SUCCESSFUL,2025-08-27 13:57:45.000,Upper East|Navrongo,1251.8,GHS,WEB
ORMT-00006008,OR-C000257,1,SUCCESSFUL,2025-08-31 15:43:02.000,Upper East|Navrongo,1841.38,GHS,AGENT
ORMT-00006009,OR-C000257,1,SUCCESSFUL,2025-08-01 10:39:44.000,Upper East|Navrongo,824.41,GHS,THIRD_PARTY
ORMT-00006010,OR-C000257,2,SUCCESSFUL,2025-09-26 10:15:14.000,Upper East|Navrongo,1159.86,GHS,WEB
ORMT-00006011,OR-C000257,2,SUCCESSFUL,2025-09-30 10:49:47.000,Upper East|Navrongo,2211.72,GHS,AGENT
ORMT-00006012,OR-C000257,2,SUCCESSFUL,2025-09-11 15:59:41.000,Upper East|Navrongo,662.72,GHS,AGENT
ORMT-00006029,OR-C000258,1,SUCCESSFUL,2025-07-31 15:59:22.000,Greater Accra|Tema,832.92,GHS,THIRD_PARTY
ORMT-00006030,OR-C000258,9,SUCCESSFUL,2025-07-27 13:09:55.000,Greater Accra|Tema,379.02,GHS,AGENT
ORMT-00006078,OR-C000259,3,SUCCESSFUL,2025-07-29 07:05:29.000,Ashanti|Obuasi,353.11,GHS,AGENT
ORMT-00006079,OR-C000259,9,SUCCESSFUL,2025-08-04 16:12:34.000,Ashanti|Obuasi,2140.15,GHS,API
ORMT-00006080,OR-C000259,2,SUCCESSFUL,2025-08-15 21:31:36.000,Ashanti|Obuasi,467.8,GHS,AGENT
ORMT-00006081,OR-C000259,1,SUCCESSFUL,2025-09-15 10:10:30.000,Ashanti|Obuasi,220.27,GHS,API
ORMT-00006104,OR-C000261,4,SUCCESSFUL,2025-07-27 11:49:38.000,Eastern|Nkawkaw,814.28,GHS,MOBILE_APP
ORMT-00006223,OR-C000262,1,SUCCESSFUL,2025-07-25 19:03:58.000,Upper West|Wa,639.27,GHS,MOBILE_APP
ORMT-00006224,OR-C000262,7,SUCCESSFUL,2025-07-07 15:38:37.000,Upper West|Wa,182.88,GHS,MOBILE_APP
ORMT-00006225,OR-C000262,10,SUCCESSFUL,2025-07-09 07:43:41.000,Upper West|Wa,1277.53,GHS,WEB
ORMT-00006226,OR-C000262,2,SUCCESSFUL,2025-07-10 07:38:20.000,Upper West|Wa,669.73,GHS,AGENT
ORMT-00006227,OR-C000262,10,SUCCESSFUL,2025-09-27 09:05:06.000,Upper West|Wa,1206.73,GHS,MOBILE_APP
ORMT-00006228,OR-C000262,6,SUCCESSFUL,2025-09-25 12:44:40.000,Upper West|Wa,976.73,GHS,THIRD_PARTY
ORMT-00006229,OR-C000262,8,SUCCESSFUL,2025-09-27 09:58:57.000,Upper West|Wa,864.97,GHS,MOBILE_APP
ORMT-00006230,OR-C000262,1,SUCCESSFUL,2025-09-09 15:04:23.000,Upper West|Wa,947.14,GHS,MOBILE_APP
ORMT-00006276,OR-C000263,7,SUCCESSFUL,2025-08-07 21:09:53.000,Ashanti|Ejisu,1141.55,GHS,MOBILE_APP
ORMT-00006277,OR-C000263,3,SUCCESSFUL,2025-08-15 21:06:45.000,Ashanti|Ejisu,1679.36,GHS,AGENT
ORMT-00006278,OR-C000263,1,SUCCESSFUL,2025-09-02 18:27:56.000,Ashanti|Ejisu,114.16,GHS,THIRD_PARTY
ORMT-00006279,OR-C000263,6,SUCCESSFUL,2025-09-20 17:40:58.000,Ashanti|Ejisu,440.12,GHS,AGENT
ORMT-00006280,OR-C000263,6,SUCCESSFUL,2025-09-28 14:51:40.000,Ashanti|Ejisu,362.35,GHS,THIRD_PARTY
ORMT-00006299,OR-C000264,10,SUCCESSFUL,2025-07-24 11:46:12.000,Greater Accra|Kasoa,646.59,GHS,MOBILE_APP
ORMT-00006300,OR-C000264,6,SUCCESSFUL,2025-08-16 18:28:57.000,Greater Accra|Kasoa,579.1,GHS,API
ORMT-00006301,OR-C000264,5,SUCCESSFUL,2025-08-27 10:14:14.000,Greater Accra|Kasoa,5832.83,GHS,MOBILE_APP
ORMT-00006302,OR-C000264,4,SUCCESSFUL,2025-08-31 13:23:24.000,Greater Accra|Kasoa,922.66,GHS,WEB
ORMT-00006303,OR-C000264,4,SUCCESSFUL,2025-09-24 10:22:16.000,Greater Accra|Kasoa,2325.5,GHS,AGENT
ORMT-00006335,OR-C000265,6,SUCCESSFUL,2025-07-09 21:05:23.000,Greater Accra|Madina,79.43,GHS,AGENT
ORMT-00006336,OR-C000265,2,SUCCESSFUL,2025-08-05 17:21:31.000,Greater Accra|Madina,1997.12,GHS,THIRD_PARTY
ORMT-00006337,OR-C000265,5,SUCCESSFUL,2025-09-25 12:14:06.000,Greater Accra|Madina,648.61,GHS,AGENT
ORMT-00006338,OR-C000265,2,SUCCESSFUL,2025-09-07 15:47:39.000,Greater Accra|Madina,3307.23,GHS,AGENT
ORMT-00006339,OR-C000265,1,SUCCESSFUL,2025-09-25 15:15:18.000,Greater Accra|Madina,1475.91,GHS,AGENT
ORMT-00006395,OR-C000267,6,SUCCESSFUL,2025-07-11 10:16:56.000,Bono East|Kintampo,407.17,GHS,AGENT
ORMT-00006396,OR-C000267,7,SUCCESSFUL,2025-07-28 10:20:08.000,Bono East|Kintampo,1575.58,GHS,AGENT
ORMT-00006397,OR-C000267,6,SUCCESSFUL,2025-08-09 16:42:19.000,Bono East|Kintampo,116.18,GHS,MOBILE_APP
ORMT-00006398,OR-C000267,2,SUCCESSFUL,2025-08-09 18:27:30.000,Bono East|Kintampo,1260.31,GHS,API
ORMT-00006399,OR-C000267,1,SUCCESSFUL,2025-08-03 14:18:33.000,Bono East|Kintampo,614.8,GHS,MOBILE_APP
ORMT-00006400,OR-C000267,10,SUCCESSFUL,2025-08-04 16:39:37.000,Bono East|Kintampo,389.28,GHS,THIRD_PARTY
ORMT-00006401,OR-C000267,4,SUCCESSFUL,2025-09-09 17:39:42.000,Bono East|Kintampo,219.15,GHS,MOBILE_APP
ORMT-00006409,OR-C000268,2,SUCCESSFUL,2025-07-06 21:31:01.000,Eastern|Akropong,1170.76,GHS,THIRD_PARTY
ORMT-00006410,OR-C000268,1,SUCCESSFUL,2025-09-18 12:59:50.000,Eastern|Akropong,223.75,GHS,THIRD_PARTY
ORMT-00006416,OR-C000269,1,SUCCESSFUL,2025-07-20 12:12:32.000,Oti|Jasikan,785.96,GHS,API
ORMT-00006417,OR-C000269,4,SUCCESSFUL,2025-09-19 09:35:09.000,Oti|Jasikan,429.42,GHS,AGENT
ORMT-00006427,OR-C000270,4,SUCCESSFUL,2025-07-18 09:30:16.000,Ahafo|Goaso,1195.0,GHS,AGENT
ORMT-00006428,OR-C000270,2,SUCCESSFUL,2025-08-03 20:46:57.000,Ahafo|Goaso,389.26,GHS,THIRD_PARTY
ORMT-00006429,OR-C000270,7,SUCCESSFUL,2025-08-09 15:47:56.000,Ahafo|Goaso,316.13,GHS,MOBILE_APP
ORMT-00006454,OR-C000271,1,SUCCESSFUL,2025-08-05 09:15:09.000,Greater Accra|Kasoa,1642.44,GHS,AGENT
ORMT-00006455,OR-C000271,1,SUCCESSFUL,2025-09-04 13:25:26.000,Greater Accra|Kasoa,1166.7,GHS,API
ORMT-00006456,OR-C000271,4,SUCCESSFUL,2025-09-28 18:50:21.000,Greater Accra|Kasoa,2099.0,GHS,API
ORMT-00006488,OR-C000272,2,SUCCESSFUL,2025-08-02 18:21:37.000,Ashanti|Ejisu,858.26,GHS,MOBILE_APP
ORMT-00006489,OR-C000272,1,SUCCESSFUL,2025-08-12 16:22:59.000,Ashanti|Ejisu,530.29,GHS,THIRD_PARTY
ORMT-00006490,OR-C000272,1,SUCCESSFUL,2025-08-25 10:19:28.000,Ashanti|Ejisu,354.02,GHS,THIRD_PARTY
ORMT-00006491,OR-C000272,1,SUCCESSFUL,2025-09-11 19:22:49.000,Ashanti|Ejisu,570.59,GHS,MOBILE_APP
ORMT-00006508,OR-C000273,2,SUCCESSFUL,2025-08-01 20:25:28.000,Bono|Berekum,1960.21,GHS,MOBILE_APP
ORMT-00006509,OR-C000273,3,SUCCESSFUL,2025-08-30 20:01:32.000,Bono|Berekum,194.61,GHS,AGENT
ORMT-00006510,OR-C000273,4,SUCCESSFUL,2025-09-26 11:17:25.000,Bono|Berekum,1221.44,GHS,AGENT
ORMT-00006524,OR-C000275,4,SUCCESSFUL,2025-08-02 10:38:13.000,Central|Elmina,1502.51,GHS,MOBILE_APP
ORMT-00006535,OR-C000276,1,SUCCESSFUL,2025-08-15 09:55:33.000,Central|Winneba,98.98,GHS,API
ORMT-00006536,OR-C000276,4,SUCCESSFUL,2025-08-14 13:16:17.000,Central|Winneba,88.96,GHS,THIRD_PARTY
ORMT-00006537,OR-C000276,1,SUCCESSFUL,2025-09-11 12:08:08.000,Central|Winneba,1381.35,GHS,THIRD_PARTY
ORMT-00006538,OR-C000276,3,SUCCESSFUL,2025-09-05 08:41:03.000,Central|Winneba,262.62,GHS,THIRD_PARTY
ORMT-00006539,OR-C000276,7,SUCCESSFUL,2025-09-09 18:44:17.000,Central|Winneba,1164.66,GHS,MOBILE_APP
ORMT-00006548,OR-C000277,6,SUCCESSFUL,2025-07-31 14:58:51.000,Ashanti|Kumasi,1568.17,GHS,API
ORMT-00006559,OR-C000278,9,SUCCESSFUL,2025-09-03 20:04:04.000,Ashanti|Ejisu,279.28,GHS,MOBILE_APP
ORMT-00006604,OR-C000279,5,SUCCESSFUL,2025-07-20 17:36:53.000,Greater Accra|Madina,273.95,GHS,AGENT
ORMT-00006605,OR-C000279,3,SUCCESSFUL,2025-07-31 10:50:32.000,Greater Accra|Madina,1271.12,GHS,AGENT
ORMT-00006606,OR-C000279,1,SUCCESSFUL,2025-08-03 20:11:45.000,Greater Accra|Madina,1609.58,GHS,MOBILE_APP
ORMT-00006607,OR-C000279,5,SUCCESSFUL,2025-08-22 19:37:12.000,Greater Accra|Madina,920.43,GHS,THIRD_PARTY
ORMT-00006608,OR-C000279,1,SUCCESSFUL,2025-08-28 14:37:02.000,Greater Accra|Madina,798.17,GHS,THIRD_PARTY
ORMT-00006609,OR-C000279,1,SUCCESSFUL,2025-09-24 18:01:57.000,Greater Accra|Madina,1538.58,GHS,MOBILE_APP
ORMT-00006628,OR-C000281,1,SUCCESSFUL,2025-08-19 16:58:41.000,Northern|Yendi,649.74,GHS,AGENT
ORMT-00006635,OR-C000282,3,SUCCESSFUL,2025-07-13 17:48:04.000,Oti|Jasikan,382.46,GHS,AGENT
ORMT-00006749,OR-C000284,2,SUCCESSFUL,2025-07-07 18:32:19.000,Greater Accra|Kasoa,1247.47,GHS,AGENT
ORMT-00006750,OR-C000284,2,SUCCESSFUL,2025-07-15 14:12:51.000,Greater Accra|Kasoa,517.38,GHS,AGENT
ORMT-00006751,OR-C000284,5,SUCCESSFUL,2025-07-13 15:25:40.000,Greater Accra|Kasoa,867.03,GHS,API
ORMT-00006752,OR-C000284,2,SUCCESSFUL,2025-07-16 19:54:22.000,Greater Accra|Kasoa,622.3,GHS,MOBILE_APP
ORMT-00006753,OR-C000284,4,SUCCESSFUL,2025-07-25 17:01:43.000,Greater Accra|Kasoa,2095.14,GHS,AGENT
ORMT-00006754,OR-C000284,4,SUCCESSFUL,2025-08-27 11:05:38.000,Greater Accra|Kasoa,1595.67,GHS,THIRD_PARTY
ORMT-00006755,OR-C000284,1,SUCCESSFUL,2025-08-15 12:02:27.000,Greater Accra|Kasoa,2933.02,GHS,AGENT
ORMT-00006756,OR-C000284,5,SUCCESSFUL,2025-08-14 10:48:40.000,Greater Accra|Kasoa,805.3,GHS,THIRD_PARTY
ORMT-00006757,OR-C000284,6,SUCCESSFUL,2025-09-25 12:45:26.000,Greater Accra|Kasoa,641.78,GHS,THIRD_PARTY
ORMT-00006758,OR-C000284,3,SUCCESSFUL,2025-09-02 08:45:28.000,Greater Accra|Kasoa,423.24,GHS,THIRD_PARTY
ORMT-00006793,OR-C000286,1,SUCCESSFUL,2025-07-26 17:25:47.000,Greater Accra|Tema,227.96,GHS,API
ORMT-00006794,OR-C000286,1,SUCCESSFUL,2025-08-18 08:56:59.000,Greater Accra|Tema,832.99,GHS,MOBILE_APP
ORMT-00006795,OR-C000286,1,SUCCESSFUL,2025-09-28 16:31:43.000,Greater Accra|Tema,4850.29,GHS,MOBILE_APP
ORMT-00006809,OR-C000288,1,SUCCESSFUL,2025-07-12 15:32:44.000,Ashanti|Ejisu,469.42,GHS,WEB
ORMT-00006835,OR-C000289,1,SUCCESSFUL,2025-07-02 15:19:20.000,Bono|Berekum,6174.85,GHS,AGENT
ORMT-00006836,OR-C000289,1,SUCCESSFUL,2025-09-29 17:03:43.000,Bono|Berekum,2239.16,GHS,AGENT
ORMT-00006837,OR-C000289,2,SUCCESSFUL,2025-09-03 21:39:36.000,Bono|Berekum,378.88,GHS,AGENT
ORMT-00006866,OR-C000290,1,SUCCESSFUL,2025-09-13 16:04:38.000,Central|Elmina,1112.33,GHS,WEB
ORMT-00006881,OR-C000291,3,SUCCESSFUL,2025-09-14 07:10:57.000,Volta|Hohoe,1165.1,GHS,AGENT
ORMT-00006911,OR-C000293,1,SUCCESSFUL,2025-07-31 13:52:19.000,Greater Accra|Kasoa,119.25,GHS,AGENT
ORMT-00006912,OR-C000293,4,SUCCESSFUL,2025-07-19 10:41:14.000,Greater Accra|Kasoa,340.07,GHS,THIRD_PARTY
ORMT-00006913,OR-C000293,6,SUCCESSFUL,2025-08-10 08:09:21.000,Greater Accra|Kasoa,406.37,GHS,WEB
ORMT-00006914,OR-C000293,5,SUCCESSFUL,2025-08-04 21:31:30.000,Greater Accra|Kasoa,623.57,GHS,AGENT
ORMT-00006915,OR-C000293,1,SUCCESSFUL,2025-08-07 14:41:34.000,Greater Accra|Kasoa,119.34,GHS,THIRD_PARTY
ORMT-00006916,OR-C000293,1,SUCCESSFUL,2025-08-22 20:56:35.000,Greater Accra|Kasoa,1686.26,GHS,THIRD_PARTY
ORMT-00006917,OR-C000293,3,SUCCESSFUL,2025-08-30 19:14:33.000,Greater Accra|Kasoa,297.0,GHS,AGENT
ORMT-00006918,OR-C000293,1,SUCCESSFUL,2025-08-16 11:17:49.000,Greater Accra|Kasoa,848.66,GHS,AGENT
ORMT-00006919,OR-C000293,4,SUCCESSFUL,2025-09-04 09:26:03.000,Greater Accra|Kasoa,646.09,GHS,THIRD_PARTY
ORMT-00006920,OR-C000293,7,SUCCESSFUL,2025-09-10 07:03:39.000,Greater Accra|Kasoa,301.52,GHS,MOBILE_APP
ORMT-00006939,OR-C000294,3,SUCCESSFUL,2025-08-31 13:56:13.000,Eastern|Koforidua,577.0,GHS,AGENT
ORMT-00006940,OR-C000294,3,SUCCESSFUL,2025-09-21 20:38:41.000,Eastern|Koforidua,1309.05,GHS,MOBILE_APP
ORMT-00006944,OR-C000295,5,SUCCESSFUL,2025-07-27 20:13:59.000,Upper West|Lawra,478.86,GHS,WEB
ORMT-00006945,OR-C000295,2,SUCCESSFUL,2025-07-24 21:51:15.000,Upper West|Lawra,505.75,GHS,MOBILE_APP
ORMT-00006946,OR-C000296,3,FAILED,2025-07-05 16:21:56.000,Ashanti|Obuasi,818.57,GHS,AGENT
ORMT-00006952,OR-C000297,6,SUCCESSFUL,2025-07-17 12:39:09.000,Central|Winneba,1713.17,GHS,MOBILE_APP
ORMT-00006979,OR-C000298,3,SUCCESSFUL,2025-07-14 20:23:22.000,Central|Cape Coast,322.41,GHS,MOBILE_APP
ORMT-00006980,OR-C000298,3,SUCCESSFUL,2025-07-06 13:18:52.000,Central|Cape Coast,622.19,GHS,API
ORMT-00006981,OR-C000298,1,SUCCESSFUL,2025-07-20 08:15:23.000,Central|Cape Coast,815.54,GHS,AGENT
ORMT-00006982,OR-C000298,3,SUCCESSFUL,2025-07-05 17:27:39.000,Central|Cape Coast,844.59,GHS,WEB
ORMT-00006983,OR-C000298,1,SUCCESSFUL,2025-08-21 20:28:17.000,Central|Cape Coast,434.25,GHS,AGENT
ORMT-00006984,OR-C000298,4,SUCCESSFUL,2025-08-25 18:26:37.000,Central|Cape Coast,245.96,GHS,AGENT
ORMT-00006985,OR-C000298,7,SUCCESSFUL,2025-08-01 11:13:25.000,Central|Cape Coast,917.54,GHS,AGENT
ORMT-00006986,OR-C000298,1,SUCCESSFUL,2025-08-07 21:47:43.000,Central|Cape Coast,314.99,GHS,MOBILE_APP
ORMT-00006987,OR-C000298,2,SUCCESSFUL,2025-08-29 12:26:46.000,Central|Cape Coast,320.25,GHS,AGENT
ORMT-00006988,OR-C000298,7,SUCCESSFUL,2025-08-31 12:20:44.000,Central|Cape Coast,2602.38,GHS,AGENT
ORMT-00006989,OR-C000298,9,SUCCESSFUL,2025-08-30 16:43:39.000,Central|Cape Coast,859.48,GHS,AGENT
ORMT-00006990,OR-C000298,1,SUCCESSFUL,2025-09-08 19:24:03.000,Central|Cape Coast,781.12,GHS,MOBILE_APP
ORMT-00006991,OR-C000298,9,SUCCESSFUL,2025-09-02 14:29:21.000,Central|Cape Coast,2048.3,GHS,WEB
ORMT-00006992,OR-C000298,1,SUCCESSFUL,2025-09-25 18:58:51.000,Central|Cape Coast,224.71,GHS,MOBILE_APP
ORMT-00007093,OR-C000299,9,SUCCESSFUL,2025-07-18 07:45:45.000,Greater Accra|Kasoa,940.38,GHS,AGENT
ORMT-00007094,OR-C000299,3,REJECTED,2025-07-15 11:48:48.000,Greater Accra|Kasoa,1219.49,GHS,MOBILE_APP
ORMT-00007095,OR-C000299,2,SUCCESSFUL,2025-07-05 12:51:43.000,Greater Accra|Kasoa,676.88,GHS,MOBILE_APP
ORMT-00007096,OR-C000299,9,SUCCESSFUL,2025-08-11 10:35:51.000,Greater Accra|Kasoa,157.14,GHS,AGENT
ORMT-00007097,OR-C000299,5,SUCCESSFUL,2025-08-15 16:15:13.000,Greater Accra|Kasoa,1687.71,GHS,THIRD_PARTY
ORMT-00007098,OR-C000299,5,SUCCESSFUL,2025-08-06 19:06:13.000,Greater Accra|Kasoa,516.86,GHS,AGENT
ORMT-00007099,OR-C000299,7,SUCCESSFUL,2025-08-02 18:35:35.000,Greater Accra|Kasoa,171.01,GHS,AGENT
ORMT-00007100,OR-C000299,2,SUCCESSFUL,2025-08-09 14:49:04.000,Greater Accra|Kasoa,1586.05,GHS,AGENT
ORMT-00007101,OR-C000299,2,REJECTED,2025-09-07 10:30:19.000,Greater Accra|Kasoa,974.01,GHS,AGENT
ORMT-00007146,OR-C000300,10,SUCCESSFUL,2025-07-09 12:36:45.000,Greater Accra|Kasoa,100.69,GHS,MOBILE_APP
ORMT-00007149,OR-C000301,3,SUCCESSFUL,2025-09-28 07:40:39.000,Oti|Dambai,899.75,GHS,WEB
ORMT-00007150,OR-C000301,1,SUCCESSFUL,2025-09-01 15:51:15.000,Oti|Dambai,78.96,GHS,MOBILE_APP
ORMT-00007209,OR-C000303,1,SUCCESSFUL,2025-07-09 21:34:26.000,Eastern|Akropong,1606.55,GHS,MOBILE_APP
ORMT-00007210,OR-C000303,3,SUCCESSFUL,2025-08-15 09:47:16.000,Eastern|Akropong,1241.09,GHS,THIRD_PARTY
ORMT-00007232,OR-C000304,2,SUCCESSFUL,2025-08-07 10:36:37.000,Greater Accra|Accra,236.0,GHS,AGENT
ORMT-00007269,OR-C000306,1,SUCCESSFUL,2025-08-09 19:59:39.000,Northern|Savelugu,525.54,GHS,THIRD_PARTY
ORMT-00007288,OR-C000307,1,SUCCESSFUL,2025-08-09 17:46:09.000,Northern|Tamale,1110.07,GHS,MOBILE_APP
ORMT-00007289,OR-C000307,10,SUCCESSFUL,2025-08-08 18:15:30.000,Northern|Tamale,361.86,GHS,AGENT
ORMT-00007305,OR-C000308,4,SUCCESSFUL,2025-08-30 16:37:06.000,Greater Accra|Kasoa,327.4,GHS,MOBILE_APP
ORMT-00007306,OR-C000308,3,SUCCESSFUL,2025-09-05 20:09:37.000,Greater Accra|Kasoa,1099.91,GHS,AGENT
ORMT-00007322,OR-C000309,1,SUCCESSFUL,2025-07-11 15:04:20.000,Ashanti|Obuasi,293.53,GHS,AGENT
ORMT-00007323,OR-C000309,3,SUCCESSFUL,2025-09-11 07:31:56.000,Ashanti|Obuasi,1220.52,GHS,API
ORMT-00007324,OR-C000309,1,SUCCESSFUL,2025-09-15 14:03:54.000,Ashanti|Obuasi,573.0,GHS,API
ORMT-00007338,OR-C000310,1,SUCCESSFUL,2025-09-24 21:14:50.000,Western|Tarkwa,1155.45,GHS,API
ORMT-00007339,OR-C000310,3,SUCCESSFUL,2025-09-17 17:10:34.000,Western|Tarkwa,2478.15,GHS,MOBILE_APP
ORMT-00007355,OR-C000311,4,SUCCESSFUL,2025-08-13 12:29:09.000,Greater Accra|Madina,2076.51,GHS,MOBILE_APP
ORMT-00007361,OR-C000312,6,SUCCESSFUL,2025-07-08 16:33:59.000,Bono East|Techiman,3818.14,GHS,AGENT
ORMT-00007366,OR-C000313,1,SUCCESSFUL,2025-09-01 20:36:26.000,Greater Accra|Madina,306.3,GHS,MOBILE_APP
ORMT-00007377,OR-C000314,10,SUCCESSFUL,2025-09-22 08:01:59.000,Oti|Dambai,292.46,GHS,WEB
ORMT-00007393,OR-C000317,3,SUCCESSFUL,2025-07-19 13:18:35.000,Central|Cape Coast,333.42,GHS,AGENT
ORMT-00007394,OR-C000317,1,SUCCESSFUL,2025-08-18 17:32:52.000,Central|Cape Coast,1013.41,GHS,API
ORMT-00007400,OR-C000318,4,SUCCESSFUL,2025-09-25 17:52:45.000,Eastern|Akropong,736.23,GHS,MOBILE_APP
ORMT-00007401,OR-C000318,6,SUCCESSFUL,2025-09-25 21:54:06.000,Eastern|Akropong,724.05,GHS,MOBILE_APP
ORMT-00007402,OR-C000318,1,SUCCESSFUL,2025-09-28 09:47:59.000,Eastern|Akropong,472.58,GHS,AGENT
ORMT-00007417,OR-C000319,3,SUCCESSFUL,2025-07-05 16:35:08.000,Volta|Hohoe,655.59,GHS,THIRD_PARTY
ORMT-00007418,OR-C000319,2,SUCCESSFUL,2025-07-13 14:42:09.000,Volta|Hohoe,1218.79,GHS,MOBILE_APP
ORMT-00007419,OR-C000319,1,SUCCESSFUL,2025-07-04 11:16:48.000,Volta|Hohoe,592.75,GHS,THIRD_PARTY
ORMT-00007420,OR-C000319,2,SUCCESSFUL,2025-07-29 11:19:54.000,Volta|Hohoe,348.76,GHS,MOBILE_APP
ORMT-00007421,OR-C000319,5,SUCCESSFUL,2025-07-16 15:34:38.000,Volta|Hohoe,279.24,GHS,THIRD_PARTY
ORMT-00007422,OR-C000319,1,SUCCESSFUL,2025-08-26 13:28:27.000,Volta|Hohoe,249.73,GHS,MOBILE_APP
ORMT-00007423,OR-C000319,5,SUCCESSFUL,2025-08-07 08:07:07.000,Volta|Hohoe,164.44,GHS,API
ORMT-00007424,OR-C000319,1,SUCCESSFUL,2025-08-26 09:04:01.000,Volta|Hohoe,2918.84,GHS,MOBILE_APP
ORMT-00007425,OR-C000319,5,FAILED,2025-09-03 11:19:19.000,Volta|Hohoe,1599.72,GHS,THIRD_PARTY
ORMT-00007426,OR-C000319,2,SUCCESSFUL,2025-09-22 19:52:37.000,Volta|Hohoe,921.74,GHS,API
ORMT-00007529,OR-C000320,2,SUCCESSFUL,2025-07-23 08:17:21.000,Eastern|Akropong,609.95,GHS,AGENT
ORMT-00007530,OR-C000320,5,SUCCESSFUL,2025-07-06 11:14:50.000,Eastern|Akropong,170.52,GHS,API
ORMT-00007531,OR-C000320,2,SUCCESSFUL,2025-07-26 12:43:49.000,Eastern|Akropong,381.15,GHS,MOBILE_APP
ORMT-00007532,OR-C000320,6,SUCCESSFUL,2025-07-08 11:23:15.000,Eastern|Akropong,372.69,GHS,THIRD_PARTY
ORMT-00007533,OR-C000320,6,SUCCESSFUL,2025-07-11 12:22:45.000,Eastern|Akropong,1942.04,GHS,API
ORMT-00007534,OR-C000320,5,SUCCESSFUL,2025-08-25 15:50:28.000,Eastern|Akropong,905.22,GHS,API
ORMT-00007535,OR-C000320,2,SUCCESSFUL,2025-08-06 12:54:19.000,Eastern|Akropong,1268.53,GHS,AGENT
ORMT-00007536,OR-C000320,9,SUCCESSFUL,2025-08-17 10:02:10.000,Eastern|Akropong,886.83,GHS,THIRD_PARTY
ORMT-00007537,OR-C000320,2,SUCCESSFUL,2025-08-01 09:24:44.000,Eastern|Akropong,1707.28,GHS,AGENT
ORMT-00007538,OR-C000320,3,SUCCESSFUL,2025-08-08 20:22:06.000,Eastern|Akropong,857.65,GHS,AGENT
ORMT-00007539,OR-C000320,1,SUCCESSFUL,2025-08-31 20:36:51.000,Eastern|Akropong,889.72,GHS,WEB
ORMT-00007540,OR-C000320,4,SUCCESSFUL,2025-08-01 17:50:40.000,Eastern|Akropong,3021.63,GHS,MOBILE_APP
ORMT-00007541,OR-C000320,1,SUCCESSFUL,2025-09-16 21:23:13.000,Eastern|Akropong,223.81,GHS,AGENT
ORMT-00007542,OR-C000320,1,SUCCESSFUL,2025-09-23 19:25:20.000,Eastern|Akropong,536.59,GHS,AGENT
ORMT-00007543,OR-C000320,5,SUCCESSFUL,2025-09-27 15:51:46.000,Eastern|Akropong,522.13,GHS,WEB
ORMT-00007544,OR-C000320,3,SUCCESSFUL,2025-09-10 20:17:41.000,Eastern|Akropong,1109.75,GHS,THIRD_PARTY
ORMT-00007545,OR-C000320,2,FAILED,2025-09-26 13:58:19.000,Eastern|Akropong,187.89,GHS,AGENT
ORMT-00007613,OR-C000321,1,SUCCESSFUL,2025-08-29 16:19:25.000,Ahafo|Goaso,566.53,GHS,MOBILE_APP
ORMT-00007614,OR-C000321,3,SUCCESSFUL,2025-09-08 17:31:24.000,Ahafo|Goaso,187.05,GHS,THIRD_PARTY
ORMT-00007628,OR-C000323,1,SUCCESSFUL,2025-08-31 17:26:58.000,Greater Accra|Tema,943.29,GHS,AGENT
ORMT-00007629,OR-C000323,3,SUCCESSFUL,2025-09-23 08:21:12.000,Greater Accra|Tema,561.83,GHS,THIRD_PARTY
ORMT-00007646,OR-C000324,1,SUCCESSFUL,2025-07-25 21:40:44.000,Greater Accra|Kasoa,394.49,GHS,WEB
ORMT-00007665,OR-C000326,2,SUCCESSFUL,2025-08-19 15:11:24.000,Eastern|Nkawkaw,152.86,GHS,WEB
ORMT-00007666,OR-C000326,1,SUCCESSFUL,2025-09-19 13:22:30.000,Eastern|Nkawkaw,204.72,GHS,WEB
ORMT-00007667,OR-C000326,1,SUCCESSFUL,2025-09-21 14:46:53.000,Eastern|Nkawkaw,1024.54,GHS,WEB
ORMT-00007668,OR-C000326,2,SUCCESSFUL,2025-09-23 19:05:13.000,Eastern|Nkawkaw,229.57,GHS,MOBILE_APP
ORMT-00007705,OR-C000327,9,SUCCESSFUL,2025-07-29 08:54:26.000,Ashanti|Ejisu,348.16,GHS,AGENT
ORMT-00007706,OR-C000327,3,SUCCESSFUL,2025-07-02 14:40:41.000,Ashanti|Ejisu,566.36,GHS,AGENT
ORMT-00007707,OR-C000327,1,SUCCESSFUL,2025-07-20 12:51:13.000,Ashanti|Ejisu,208.59,GHS,API
ORMT-00007708,OR-C000327,7,SUCCESSFUL,2025-07-28 10:13:13.000,Ashanti|Ejisu,221.99,GHS,API
ORMT-00007709,OR-C000327,1,SUCCESSFUL,2025-07-14 15:20:23.000,Ashanti|Ejisu,2198.93,GHS,AGENT
ORMT-00007710,OR-C000327,1,FAILED,2025-07-29 15:06:02.000,Ashanti|Ejisu,615.64,GHS,AGENT
ORMT-00007711,OR-C000327,9,SUCCESSFUL,2025-07-11 21:41:08.000,Ashanti|Ejisu,13476.04,GHS,AGENT
ORMT-00007712,OR-C000327,2,SUCCESSFUL,2025-08-29 08:06:14.000,Ashanti|Ejisu,1419.5,GHS,AGENT
ORMT-00007713,OR-C000327,3,SUCCESSFUL,2025-08-23 14:24:57.000,Ashanti|Ejisu,334.55,GHS,AGENT
ORMT-00007714,OR-C000327,2,SUCCESSFUL,2025-08-04 10:58:11.000,Ashanti|Ejisu,1382.81,GHS,AGENT
ORMT-00007715,OR-C000327,6,SUCCESSFUL,2025-08-07 15:25:58.000,Ashanti|Ejisu,55.7,GHS,WEB
ORMT-00007716,OR-C000327,2,SUCCESSFUL,2025-08-20 13:21:48.000,Ashanti|Ejisu,401.86,GHS,AGENT
ORMT-00007717,OR-C000327,10,SUCCESSFUL,2025-08-05 14:24:33.000,Ashanti|Ejisu,653.94,GHS,MOBILE_APP
ORMT-00007718,OR-C000327,1,SUCCESSFUL,2025-09-18 20:08:54.000,Ashanti|Ejisu,453.67,GHS,API
ORMT-00007719,OR-C000327,1,SUCCESSFUL,2025-09-06 18:36:11.000,Ashanti|Ejisu,334.64,GHS,MOBILE_APP
ORMT-00007720,OR-C000327,4,SUCCESSFUL,2025-09-13 16:34:36.000,Ashanti|Ejisu,508.9,GHS,THIRD_PARTY
ORMT-00007721,OR-C000327,2,SUCCESSFUL,2025-09-15 18:51:39.000,Ashanti|Ejisu,1093.95,GHS,WEB
ORMT-00007722,OR-C000327,5,SUCCESSFUL,2025-09-29 17:00:20.000,Ashanti|Ejisu,2027.21,GHS,THIRD_PARTY
ORMT-00007747,OR-C000328,2,SUCCESSFUL,2025-08-18 21:26:00.000,Upper West|Lawra,1150.85,GHS,THIRD_PARTY
ORMT-00007799,OR-C000329,1,SUCCESSFUL,2025-07-04 16:09:51.000,Upper West|Wa,484.88,GHS,MOBILE_APP
ORMT-00007800,OR-C000329,10,SUCCESSFUL,2025-07-14 16:39:48.000,Upper West|Wa,954.55,GHS,AGENT
ORMT-00007801,OR-C000329,2,SUCCESSFUL,2025-07-09 19:29:05.000,Upper West|Wa,4142.11,GHS,API
ORMT-00007802,OR-C000329,1,SUCCESSFUL,2025-07-30 12:05:58.000,Upper West|Wa,169.25,GHS,API
ORMT-00007803,OR-C000329,10,SUCCESSFUL,2025-07-04 08:01:26.000,Upper West|Wa,936.32,GHS,MOBILE_APP
ORMT-00007804,OR-C000329,4,SUCCESSFUL,2025-07-30 19:57:13.000,Upper West|Wa,722.8,GHS,MOBILE_APP
ORMT-00007805,OR-C000329,4,SUCCESSFUL,2025-07-16 19:06:43.000,Upper West|Wa,881.94,GHS,AGENT
ORMT-00007806,OR-C000329,3,SUCCESSFUL,2025-08-11 14:46:51.000,Upper West|Wa,586.73,GHS,MOBILE_APP
ORMT-00007807,OR-C000329,3,SUCCESSFUL,2025-08-22 17:17:10.000,Upper West|Wa,3289.4,GHS,AGENT
ORMT-00007808,OR-C000329,8,SUCCESSFUL,2025-08-18 10:28:58.000,Upper West|Wa,997.87,GHS,AGENT
ORMT-00007809,OR-C000329,4,SUCCESSFUL,2025-08-16 19:51:01.000,Upper West|Wa,109.77,GHS,AGENT
ORMT-00007810,OR-C000329,2,SUCCESSFUL,2025-09-22 14:25:53.000,Upper West|Wa,2831.53,GHS,AGENT
ORMT-00007811,OR-C000329,1,SUCCESSFUL,2025-09-18 08:29:13.000,Upper West|Wa,866.92,GHS,AGENT
ORMT-00007812,OR-C000329,8,SUCCESSFUL,2025-09-14 21:03:59.000,Upper West|Wa,50,GHS,WEB
ORMT-00007813,OR-C000329,4,SUCCESSFUL,2025-09-27 15:25:02.000,Upper West|Wa,856.01,GHS,MOBILE_APP
ORMT-00007814,OR-C000329,5,SUCCESSFUL,2025-09-17 13:07:56.000,Upper West|Wa,532.69,GHS,AGENT
ORMT-00007815,OR-C000329,4,SUCCESSFUL,2025-09-25 16:16:17.000,Upper West|Wa,1170.53,GHS,MOBILE_APP
ORMT-00007841,OR-C000330,8,SUCCESSFUL,2025-08-19 14:19:18.000,Upper West|Lawra,372.16,GHS,AGENT
ORMT-00007842,OR-C000330,1,SUCCESSFUL,2025-08-14 21:32:03.000,Upper West|Lawra,287.3,GHS,WEB
ORMT-00007892,OR-C000331,1,SUCCESSFUL,2025-07-26 11:50:46.000,Northern|Yendi,1055.15,GHS,AGENT
ORMT-00007893,OR-C000331,1,SUCCESSFUL,2025-07-12 18:00:56.000,Northern|Yendi,198.17,GHS,MOBILE_APP
ORMT-00007894,OR-C000331,2,SUCCESSFUL,2025-07-04 10:45:47.000,Northern|Yendi,254.76,GHS,API
ORMT-00007895,OR-C000331,1,SUCCESSFUL,2025-09-01 07:05:28.000,Northern|Yendi,248.71,GHS,MOBILE_APP
ORMT-00007916,OR-C000332,2,SUCCESSFUL,2025-07-15 10:35:19.000,Eastern|Nkawkaw,901.98,GHS,MOBILE_APP
ORMT-00007917,OR-C000332,2,SUCCESSFUL,2025-09-07 09:23:18.000,Eastern|Nkawkaw,271.35,GHS,AGENT
ORMT-00007960,OR-C000334,2,SUCCESSFUL,2025-08-04 18:30:14.000,Greater Accra|Accra,1345.44,GHS,WEB
ORMT-00007961,OR-C000334,3,SUCCESSFUL,2025-08-12 10:01:30.000,Greater Accra|Accra,1277.4,GHS,AGENT
ORMT-00007962,OR-C000334,1,SUCCESSFUL,2025-09-01 21:39:06.000,Greater Accra|Accra,1622.88,GHS,API
ORMT-00007963,OR-C000334,1,SUCCESSFUL,2025-09-25 18:04:24.000,Greater Accra|Accra,522.38,GHS,AGENT
ORMT-00008066,OR-C000335,1,SUCCESSFUL,2025-07-07 16:49:49.000,Bono East|Kintampo,798.99,GHS,API
ORMT-00008067,OR-C000335,1,SUCCESSFUL,2025-07-13 16:03:47.000,Bono East|Kintampo,2812.83,GHS,AGENT
ORMT-00008068,OR-C000335,4,SUCCESSFUL,2025-07-07 07:38:44.000,Bono East|Kintampo,342.77,GHS,THIRD_PARTY
ORMT-00008069,OR-C000335,5,SUCCESSFUL,2025-07-28 12:01:44.000,Bono East|Kintampo,753.87,GHS,MOBILE_APP
ORMT-00008070,OR-C000335,4,SUCCESSFUL,2025-07-07 07:44:11.000,Bono East|Kintampo,661.97,GHS,AGENT
ORMT-00008071,OR-C000335,4,SUCCESSFUL,2025-08-13 14:33:35.000,Bono East|Kintampo,875.3,GHS,AGENT
ORMT-00008072,OR-C000335,1,SUCCESSFUL,2025-08-05 15:15:29.000,Bono East|Kintampo,509.37,GHS,THIRD_PARTY
ORMT-00008073,OR-C000335,1,SUCCESSFUL,2025-08-03 13:57:24.000,Bono East|Kintampo,807.95,GHS,AGENT
ORMT-00008074,OR-C000335,8,SUCCESSFUL,2025-08-26 18:49:46.000,Bono East|Kintampo,1095.27,GHS,THIRD_PARTY
ORMT-00008075,OR-C000335,5,SUCCESSFUL,2025-08-01 12:53:35.000,Bono East|Kintampo,3062.06,GHS,AGENT
ORMT-00008076,OR-C000335,3,SUCCESSFUL,2025-08-04 13:55:03.000,Bono East|Kintampo,464.89,GHS,MOBILE_APP
ORMT-00008077,OR-C000335,6,SUCCESSFUL,2025-08-29 15:21:44.000,Bono East|Kintampo,1150.36,GHS,MOBILE_APP
ORMT-00008078,OR-C000335,1,SUCCESSFUL,2025-08-19 14:21:49.000,Bono East|Kintampo,187.45,GHS,AGENT
ORMT-00008079,OR-C000335,2,SUCCESSFUL,2025-08-22 18:24:45.000,Bono East|Kintampo,1432.43,GHS,THIRD_PARTY
ORMT-00008080,OR-C000335,7,SUCCESSFUL,2025-09-16 18:59:09.000,Bono East|Kintampo,1953.13,GHS,THIRD_PARTY
ORMT-00008081,OR-C000335,2,SUCCESSFUL,2025-09-12 16:32:37.000,Bono East|Kintampo,2107.55,GHS,WEB
ORMT-00008082,OR-C000335,6,SUCCESSFUL,2025-09-05 16:49:14.000,Bono East|Kintampo,1493.63,GHS,MOBILE_APP
ORMT-00008120,OR-C000336,5,SUCCESSFUL,2025-07-29 16:15:29.000,Greater Accra|Madina,2304.21,GHS,MOBILE_APP
ORMT-00008121,OR-C000336,5,SUCCESSFUL,2025-07-14 16:58:31.000,Greater Accra|Madina,772.34,GHS,AGENT
ORMT-00008122,OR-C000336,1,FAILED,2025-08-28 10:42:41.000,Greater Accra|Madina,393.55,GHS,AGENT
ORMT-00008123,OR-C000336,2,SUCCESSFUL,2025-09-27 13:08:48.000,Greater Accra|Madina,2323.58,GHS,MOBILE_APP
ORMT-00008161,OR-C000337,2,SUCCESSFUL,2025-07-23 15:08:00.000,Greater Accra|Accra,81.95,GHS,MOBILE_APP
ORMT-00008162,OR-C000337,1,SUCCESSFUL,2025-08-29 14:37:46.000,Greater Accra|Accra,316.66,GHS,API
ORMT-00008191,OR-C000338,3,SUCCESSFUL,2025-07-06 09:31:50.000,Northern|Tamale,1121.11,GHS,AGENT
ORMT-00008192,OR-C000338,3,SUCCESSFUL,2025-07-08 13:21:40.000,Northern|Tamale,1709.41,GHS,AGENT
ORMT-00008221,OR-C000339,9,REJECTED,2025-07-13 13:07:02.000,Western|Takoradi,403.41,GHS,MOBILE_APP
ORMT-00008222,OR-C000339,3,SUCCESSFUL,2025-07-29 11:37:30.000,Western|Takoradi,1389.73,GHS,AGENT
ORMT-00008223,OR-C000339,5,SUCCESSFUL,2025-07-27 19:54:45.000,Western|Takoradi,2756.42,GHS,THIRD_PARTY
ORMT-00008224,OR-C000339,4,SUCCESSFUL,2025-07-30 17:21:17.000,Western|Takoradi,146.81,GHS,MOBILE_APP
ORMT-00008225,OR-C000339,2,SUCCESSFUL,2025-07-16 19:20:58.000,Western|Takoradi,953.4,GHS,MOBILE_APP
ORMT-00008226,OR-C000339,3,SUCCESSFUL,2025-07-14 17:18:49.000,Western|Takoradi,462.52,GHS,AGENT
ORMT-00008227,OR-C000339,4,SUCCESSFUL,2025-08-23 09:43:56.000,Western|Takoradi,465.86,GHS,THIRD_PARTY
ORMT-00008228,OR-C000339,4,SUCCESSFUL,2025-09-16 16:52:26.000,Western|Takoradi,791.52,GHS,API
ORMT-00008240,OR-C000340,1,SUCCESSFUL,2025-07-24 08:22:51.000,Greater Accra|Kasoa,443.88,GHS,AGENT
ORMT-00008241,OR-C000340,5,SUCCESSFUL,2025-09-05 19:45:19.000,Greater Accra|Kasoa,613.02,GHS,MOBILE_APP
ORMT-00008242,OR-C000340,5,SUCCESSFUL,2025-09-02 08:49:01.000,Greater Accra|Kasoa,1304.37,GHS,MOBILE_APP
ORMT-00008267,OR-C000342,3,SUCCESSFUL,2025-07-01 16:02:27.000,Ashanti|Obuasi,566.52,GHS,AGENT
ORMT-00008268,OR-C000342,4,SUCCESSFUL,2025-09-30 14:54:02.000,Ashanti|Obuasi,1724.42,GHS,AGENT
ORMT-00008283,OR-C000343,5,SUCCESSFUL,2025-07-27 09:33:29.000,Northern|Tamale,4693.35,GHS,THIRD_PARTY
ORMT-00008293,OR-C000344,6,SUCCESSFUL,2025-08-31 11:45:01.000,Bono|Berekum,807.21,GHS,WEB
ORMT-00008294,OR-C000344,2,SUCCESSFUL,2025-08-28 08:15:35.000,Bono|Berekum,699.34,GHS,MOBILE_APP
ORMT-00008295,OR-C000344,1,SUCCESSFUL,2025-09-07 11:09:05.000,Bono|Berekum,759.28,GHS,WEB
ORMT-00008327,OR-C000345,5,SUCCESSFUL,2025-07-09 14:55:59.000,Greater Accra|Tema,825.89,GHS,AGENT
ORMT-00008328,OR-C000345,4,SUCCESSFUL,2025-08-20 19:53:03.000,Greater Accra|Tema,1149.83,GHS,MOBILE_APP
ORMT-00008329,OR-C000345,2,SUCCESSFUL,2025-08-19 09:13:34.000,Greater Accra|Tema,71.67,GHS,API
ORMT-00008330,OR-C000345,1,SUCCESSFUL,2025-08-24 20:29:47.000,Greater Accra|Tema,63.76,GHS,WEB
ORMT-00008331,OR-C000345,7,SUCCESSFUL,2025-09-02 07:14:02.000,Greater Accra|Tema,535.0,GHS,API
ORMT-00008332,OR-C000345,2,SUCCESSFUL,2025-09-26 18:46:23.000,Greater Accra|Tema,300.05,GHS,WEB
ORMT-00008345,OR-C000346,3,SUCCESSFUL,2025-08-15 15:52:27.000,Greater Accra|Madina,756.72,GHS,AGENT
ORMT-00008396,OR-C000347,1,SUCCESSFUL,2025-07-25 10:35:14.000,Greater Accra|Kasoa,193.05,GHS,THIRD_PARTY
ORMT-00008397,OR-C000347,1,SUCCESSFUL,2025-07-04 09:24:25.000,Greater Accra|Kasoa,368.93,GHS,API
ORMT-00008398,OR-C000347,6,SUCCESSFUL,2025-08-14 16:22:56.000,Greater Accra|Kasoa,302.84,GHS,AGENT
ORMT-00008399,OR-C000347,8,SUCCESSFUL,2025-08-04 08:36:13.000,Greater Accra|Kasoa,480.1,GHS,THIRD_PARTY
ORMT-00008400,OR-C000347,4,SUCCESSFUL,2025-08-26 16:57:36.000,Greater Accra|Kasoa,727.64,GHS,THIRD_PARTY
ORMT-00008401,OR-C000347,2,SUCCESSFUL,2025-08-12 07:39:13.000,Greater Accra|Kasoa,353.87,GHS,AGENT
ORMT-00008402,OR-C000347,3,SUCCESSFUL,2025-08-22 15:20:37.000,Greater Accra|Kasoa,770.28,GHS,THIRD_PARTY
ORMT-00008403,OR-C000347,1,SUCCESSFUL,2025-08-30 14:05:52.000,Greater Accra|Kasoa,164.76,GHS,AGENT
ORMT-00008404,OR-C000347,1,SUCCESSFUL,2025-08-26 16:01:07.000,Greater Accra|Kasoa,1122.69,GHS,AGENT
ORMT-00008405,OR-C000347,1,SUCCESSFUL,2025-08-25 07:36:04.000,Greater Accra|Kasoa,214.7,GHS,AGENT
ORMT-00008406,OR-C000347,2,SUCCESSFUL,2025-08-29 19:46:32.000,Greater Accra|Kasoa,551.32,GHS,API
ORMT-00008407,OR-C000347,3,SUCCESSFUL,2025-09-29 10:43:54.000,Greater Accra|Kasoa,514.9,GHS,THIRD_PARTY
ORMT-00008408,OR-C000347,5,SUCCESSFUL,2025-09-06 13:05:49.000,Greater Accra|Kasoa,1739.75,GHS,AGENT
ORMT-00008409,OR-C000347,3,SUCCESSFUL,2025-09-15 11:09:32.000,Greater Accra|Kasoa,881.57,GHS,WEB
ORMT-00008427,OR-C000348,7,SUCCESSFUL,2025-07-24 16:04:18.000,Greater Accra|Tema,4325.75,GHS,MOBILE_APP
ORMT-00008428,OR-C000348,2,SUCCESSFUL,2025-07-12 08:15:05.000,Greater Accra|Tema,355.29,GHS,AGENT
ORMT-00008565,OR-C000349,5,SUCCESSFUL,2025-07-01 09:18:29.000,Western|Axim,244.35,GHS,AGENT
ORMT-00008566,OR-C000349,1,SUCCESSFUL,2025-07-23 15:49:07.000,Western|Axim,186.7,GHS,THIRD_PARTY
ORMT-00008567,OR-C000349,7,SUCCESSFUL,2025-07-20 10:45:12.000,Western|Axim,224.76,GHS,THIRD_PARTY
ORMT-00008568,OR-C000349,6,REJECTED,2025-07-13 14:16:31.000,Western|Axim,502.68,GHS,AGENT
ORMT-00008569,OR-C000349,1,SUCCESSFUL,2025-07-26 13:34:12.000,Western|Axim,859.06,GHS,MOBILE_APP
ORMT-00008570,OR-C000349,3,SUCCESSFUL,2025-08-08 15:35:00.000,Western|Axim,447.96,GHS,MOBILE_APP
ORMT-00008571,OR-C000349,5,SUCCESSFUL,2025-08-16 17:04:11.000,Western|Axim,841.88,GHS,WEB
ORMT-00008572,OR-C000349,3,SUCCESSFUL,2025-08-21 17:34:10.000,Western|Axim,344.82,GHS,MOBILE_APP
ORMT-00008573,OR-C000349,4,SUCCESSFUL,2025-08-28 19:52:39.000,Western|Axim,400.1,GHS,WEB
ORMT-00008574,OR-C000349,2,SUCCESSFUL,2025-08-01 09:04:21.000,Western|Axim,209.32,GHS,API
ORMT-00008575,OR-C000349,4,SUCCESSFUL,2025-08-07 17:21:26.000,Western|Axim,353.76,GHS,API
ORMT-00008576,OR-C000349,5,SUCCESSFUL,2025-09-27 09:44:32.000,Western|Axim,841.41,GHS,WEB
ORMT-00008577,OR-C000349,2,SUCCESSFUL,2025-09-27 18:39:11.000,Western|Axim,936.19,GHS,THIRD_PARTY
ORMT-00008627,OR-C000350,9,SUCCESSFUL,2025-08-15 17:31:29.000,Oti|Dambai,206.68,GHS,MOBILE_APP
ORMT-00008628,OR-C000350,9,SUCCESSFUL,2025-08-23 11:13:14.000,Oti|Dambai,3841.85,GHS,THIRD_PARTY
ORMT-00008629,OR-C000350,10,SUCCESSFUL,2025-09-28 13:57:36.000,Oti|Dambai,501.36,GHS,MOBILE_APP
ORMT-00008649,OR-C000352,3,SUCCESSFUL,2025-08-26 08:19:42.000,Greater Accra|Kasoa,767.61,GHS,THIRD_PARTY
ORMT-00008650,OR-C000352,3,SUCCESSFUL,2025-09-20 21:00:00.000,Greater Accra|Kasoa,397.16,GHS,MOBILE_APP
ORMT-00008658,OR-C000353,2,SUCCESSFUL,2025-07-25 19:27:26.000,Ashanti|Ejisu,604.79,GHS,THIRD_PARTY
ORMT-00008659,OR-C000353,1,SUCCESSFUL,2025-08-02 20:57:34.000,Ashanti|Ejisu,707.85,GHS,WEB
ORMT-00008660,OR-C000353,1,SUCCESSFUL,2025-09-29 10:31:55.000,Ashanti|Ejisu,992.79,GHS,AGENT
ORMT-00008662,OR-C000354,4,SUCCESSFUL,2025-08-05 09:18:37.000,Ashanti|Obuasi,1196.58,GHS,WEB
ORMT-00008663,OR-C000354,3,SUCCESSFUL,2025-08-15 14:48:07.000,Ashanti|Obuasi,462.73,GHS,MOBILE_APP
ORMT-00008670,OR-C000355,1,SUCCESSFUL,2025-07-02 10:53:14.000,Central|Winneba,594.88,GHS,AGENT
ORMT-00008671,OR-C000355,2,SUCCESSFUL,2025-08-22 09:02:19.000,Central|Winneba,731.17,GHS,WEB
ORMT-00008672,OR-C000355,7,SUCCESSFUL,2025-08-13 13:22:38.000,Central|Winneba,952.1,GHS,MOBILE_APP
ORMT-00008673,OR-C000355,3,SUCCESSFUL,2025-08-22 19:17:43.000,Central|Winneba,436.5,GHS,THIRD_PARTY
ORMT-00008674,OR-C000355,8,SUCCESSFUL,2025-08-11 20:38:43.000,Central|Winneba,225.47,GHS,API
ORMT-00008675,OR-C000355,1,SUCCESSFUL,2025-08-15 13:15:14.000,Central|Winneba,253.8,GHS,AGENT
ORMT-00008676,OR-C000355,6,SUCCESSFUL,2025-08-05 08:48:30.000,Central|Winneba,864.45,GHS,MOBILE_APP
ORMT-00008677,OR-C000355,4,REJECTED,2025-08-04 19:38:52.000,Central|Winneba,367.67,GHS,MOBILE_APP
ORMT-00008678,OR-C000355,8,SUCCESSFUL,2025-09-21 14:21:28.000,Central|Winneba,108.75,GHS,MOBILE_APP
ORMT-00008679,OR-C000355,4,SUCCESSFUL,2025-09-21 14:39:48.000,Central|Winneba,359.61,GHS,AGENT
ORMT-00008680,OR-C000355,6,SUCCESSFUL,2025-09-24 14:00:50.000,Central|Winneba,1518.6,GHS,API
ORMT-00008717,OR-C000356,4,SUCCESSFUL,2025-07-04 12:04:27.000,Bono|Sunyani,207.45,GHS,MOBILE_APP
ORMT-00008718,OR-C000356,7,SUCCESSFUL,2025-07-01 16:31:19.000,Bono|Sunyani,2026.92,GHS,WEB
ORMT-00008719,OR-C000356,6,SUCCESSFUL,2025-07-17 17:19:12.000,Bono|Sunyani,1682.47,GHS,AGENT
ORMT-00008720,OR-C000356,5,SUCCESSFUL,2025-08-22 17:17:32.000,Bono|Sunyani,794.19,GHS,AGENT
ORMT-00008721,OR-C000356,5,SUCCESSFUL,2025-08-07 21:10:16.000,Bono|Sunyani,1058.74,GHS,AGENT
ORMT-00008722,OR-C000356,3,SUCCESSFUL,2025-09-15 14:39:49.000,Bono|Sunyani,474.28,GHS,AGENT
ORMT-00008723,OR-C000356,2,SUCCESSFUL,2025-09-08 20:36:53.000,Bono|Sunyani,72.96,GHS,THIRD_PARTY
ORMT-00008749,OR-C000357,5,SUCCESSFUL,2025-07-23 21:36:13.000,Ashanti|Obuasi,493.9,GHS,THIRD_PARTY
ORMT-00008750,OR-C000357,1,SUCCESSFUL,2025-08-22 20:10:38.000,Ashanti|Obuasi,1168.14,GHS,AGENT
ORMT-00008751,OR-C000357,9,SUCCESSFUL,2025-08-19 12:50:45.000,Ashanti|Obuasi,59.44,GHS,AGENT
ORMT-00008815,OR-C000359,4,SUCCESSFUL,2025-07-23 13:15:46.000,Bono|Berekum,679.84,GHS,API
ORMT-00008816,OR-C000359,2,SUCCESSFUL,2025-07-22 08:31:01.000,Bono|Berekum,962.38,GHS,AGENT
ORMT-00008817,OR-C000359,1,SUCCESSFUL,2025-08-06 08:58:29.000,Bono|Berekum,4337.97,GHS,MOBILE_APP
ORMT-00008818,OR-C000359,1,SUCCESSFUL,2025-08-28 16:36:02.000,Bono|Berekum,1692.92,GHS,THIRD_PARTY
ORMT-00008819,OR-C000359,4,SUCCESSFUL,2025-08-02 15:19:31.000,Bono|Berekum,653.78,GHS,AGENT
ORMT-00008820,OR-C000359,1,SUCCESSFUL,2025-09-18 16:34:04.000,Bono|Berekum,2601.93,GHS,AGENT
ORMT-00008821,OR-C000359,5,SUCCESSFUL,2025-09-30 08:09:59.000,Bono|Berekum,679.97,GHS,THIRD_PARTY
ORMT-00008829,OR-C000360,2,SUCCESSFUL,2025-08-22 07:47:07.000,Volta|Ho,691.14,GHS,MOBILE_APP
ORMT-00008830,OR-C000360,2,SUCCESSFUL,2025-08-16 13:52:32.000,Volta|Ho,881.24,GHS,MOBILE_APP
ORMT-00008834,OR-C000361,1,SUCCESSFUL,2025-07-19 16:35:07.000,Central|Cape Coast,763.74,GHS,MOBILE_APP
ORMT-00008844,OR-C000362,2,SUCCESSFUL,2025-07-05 16:02:23.000,Greater Accra|Accra,2654.21,GHS,AGENT
ORMT-00008845,OR-C000362,4,SUCCESSFUL,2025-08-06 12:33:53.000,Greater Accra|Accra,409.24,GHS,AGENT
ORMT-00008861,OR-C000363,1,SUCCESSFUL,2025-08-28 11:35:02.000,Eastern|Akropong,778.53,GHS,AGENT
ORMT-00008862,OR-C000363,2,SUCCESSFUL,2025-09-10 12:37:11.000,Eastern|Akropong,457.94,GHS,AGENT
ORMT-00008863,OR-C000363,4,SUCCESSFUL,2025-09-16 19:27:12.000,Eastern|Akropong,671.74,GHS,WEB
ORMT-00008864,OR-C000363,3,SUCCESSFUL,2025-09-22 19:24:10.000,Eastern|Akropong,341.77,GHS,AGENT
ORMT-00008870,OR-C000364,6,SUCCESSFUL,2025-08-05 14:06:01.000,Greater Accra|Madina,237.79,GHS,MOBILE_APP
ORMT-00008894,OR-C000365,1,SUCCESSFUL,2025-08-30 20:00:20.000,Greater Accra|Tema,519.56,GHS,AGENT
ORMT-00008895,OR-C000365,3,SUCCESSFUL,2025-09-18 19:06:20.000,Greater Accra|Tema,752.61,GHS,API
ORMT-00008896,OR-C000365,1,SUCCESSFUL,2025-09-01 13:14:33.000,Greater Accra|Tema,542.54,GHS,MOBILE_APP
ORMT-00008916,OR-C000366,5,SUCCESSFUL,2025-08-24 19:55:14.000,Ashanti|Obuasi,325.35,GHS,MOBILE_APP
ORMT-00008917,OR-C000366,2,SUCCESSFUL,2025-08-14 13:12:03.000,Ashanti|Obuasi,668.07,GHS,AGENT
ORMT-00008925,OR-C000367,6,SUCCESSFUL,2025-09-11 14:18:24.000,Ahafo|Goaso,1399.3,GHS,AGENT
ORMT-00008957,OR-C000368,9,SUCCESSFUL,2025-07-25 14:08:37.000,Central|Winneba,2918.17,GHS,AGENT
ORMT-00008958,OR-C000368,1,SUCCESSFUL,2025-07-23 19:40:51.000,Central|Winneba,1180.96,GHS,AGENT
ORMT-00008959,OR-C000368,2,SUCCESSFUL,2025-08-08 07:16:38.000,Central|Winneba,773.09,GHS,API
ORMT-00008960,OR-C000368,7,SUCCESSFUL,2025-08-08 08:06:48.000,Central|Winneba,495.61,GHS,AGENT
ORMT-00008961,OR-C000368,7,SUCCESSFUL,2025-08-02 14:42:05.000,Central|Winneba,1118.38,GHS,WEB
ORMT-00008962,OR-C000368,2,SUCCESSFUL,2025-08-15 09:26:47.000,Central|Winneba,3250.31,GHS,MOBILE_APP
ORMT-00008963,OR-C000368,4,SUCCESSFUL,2025-09-04 13:42:37.000,Central|Winneba,926.48,GHS,THIRD_PARTY
ORMT-00008964,OR-C000368,3,SUCCESSFUL,2025-09-22 20:41:05.000,Central|Winneba,419.87,GHS,MOBILE_APP
ORMT-00008965,OR-C000368,4,SUCCESSFUL,2025-09-29 12:42:25.000,Central|Winneba,467.66,GHS,MOBILE_APP
ORMT-00008966,OR-C000368,4,SUCCESSFUL,2025-09-10 16:45:54.000,Central|Winneba,348.42,GHS,AGENT
ORMT-00008979,OR-C000369,1,SUCCESSFUL,2025-07-22 20:43:24.000,Ashanti|Obuasi,784.11,GHS,API
ORMT-00008980,OR-C000369,4,FAILED,2025-08-14 11:01:21.000,Ashanti|Obuasi,525.81,GHS,MOBILE_APP
ORMT-00008981,OR-C000369,10,SUCCESSFUL,2025-09-06 12:26:51.000,Ashanti|Obuasi,516.6,GHS,MOBILE_APP
ORMT-00008999,OR-C000370,2,SUCCESSFUL,2025-08-24 08:46:37.000,Bono East|Kintampo,1507.18,GHS,WEB
ORMT-00009000,OR-C000370,1,SUCCESSFUL,2025-08-29 14:07:48.000,Bono East|Kintampo,1008.89,GHS,AGENT
ORMT-00009001,OR-C000370,5,SUCCESSFUL,2025-08-30 21:42:42.000,Bono East|Kintampo,3054.16,GHS,WEB
ORMT-00009002,OR-C000370,9,SUCCESSFUL,2025-09-07 20:45:18.000,Bono East|Kintampo,1574.12,GHS,WEB
ORMT-00009020,OR-C000371,4,SUCCESSFUL,2025-09-14 21:16:35.000,Ashanti|Obuasi,591.48,GHS,WEB
ORMT-00009021,OR-C000371,2,SUCCESSFUL,2025-09-20 08:41:05.000,Ashanti|Obuasi,328.96,GHS,MOBILE_APP
ORMT-00009049,OR-C000372,2,SUCCESSFUL,2025-07-31 19:33:49.000,Ashanti|Ejisu,1994.88,GHS,API
ORMT-00009050,OR-C000372,2,SUCCESSFUL,2025-08-06 10:10:48.000,Ashanti|Ejisu,494.47,GHS,AGENT
ORMT-00009051,OR-C000372,4,SUCCESSFUL,2025-08-30 07:21:39.000,Ashanti|Ejisu,224.37,GHS,MOBILE_APP
ORMT-00009052,OR-C000372,4,SUCCESSFUL,2025-09-05 19:14:10.000,Ashanti|Ejisu,1323.33,GHS,THIRD_PARTY
ORMT-00009078,OR-C000373,2,SUCCESSFUL,2025-07-27 09:54:42.000,Eastern|Koforidua,204.84,GHS,API
ORMT-00009079,OR-C000373,9,SUCCESSFUL,2025-07-04 21:30:54.000,Eastern|Koforidua,461.13,GHS,THIRD_PARTY
ORMT-00009080,OR-C000373,1,SUCCESSFUL,2025-08-04 12:35:40.000,Eastern|Koforidua,401.73,GHS,THIRD_PARTY
ORMT-00009081,OR-C000373,7,SUCCESSFUL,2025-08-05 19:30:25.000,Eastern|Koforidua,261.16,GHS,THIRD_PARTY
ORMT-00009082,OR-C000373,1,SUCCESSFUL,2025-08-27 13:58:09.000,Eastern|Koforidua,1983.62,GHS,MOBILE_APP
ORMT-00009083,OR-C000373,10,SUCCESSFUL,2025-09-25 21:04:31.000,Eastern|Koforidua,1209.71,GHS,AGENT
ORMT-00009084,OR-C000373,2,SUCCESSFUL,2025-09-17 15:48:54.000,Eastern|Koforidua,1089.62,GHS,AGENT
ORMT-00009085,OR-C000373,7,SUCCESSFUL,2025-09-02 21:51:20.000,Eastern|Koforidua,1143.36,GHS,AGENT
ORMT-00009086,OR-C000373,2,SUCCESSFUL,2025-09-30 19:23:05.000,Eastern|Koforidua,2799.52,GHS,WEB
ORMT-00009104,OR-C000374,6,SUCCESSFUL,2025-07-11 20:41:32.000,Ashanti|Kumasi,285.6,GHS,MOBILE_APP
ORMT-00009105,OR-C000374,3,SUCCESSFUL,2025-08-13 12:16:19.000,Ashanti|Kumasi,994.46,GHS,WEB
ORMT-00009134,OR-C000376,3,SUCCESSFUL,2025-07-30 15:14:57.000,Volta|Ho,432.06,GHS,MOBILE_APP
ORMT-00009135,OR-C000376,6,SUCCESSFUL,2025-08-05 07:55:11.000,Volta|Ho,1303.85,GHS,THIRD_PARTY
ORMT-00009136,OR-C000376,7,SUCCESSFUL,2025-08-11 10:04:59.000,Volta|Ho,742.72,GHS,AGENT
ORMT-00009137,OR-C000376,8,SUCCESSFUL,2025-08-10 07:26:45.000,Volta|Ho,920.17,GHS,AGENT
ORMT-00009138,OR-C000376,4,SUCCESSFUL,2025-09-01 12:53:57.000,Volta|Ho,500.53,GHS,THIRD_PARTY
ORMT-00009139,OR-C000376,10,SUCCESSFUL,2025-09-11 20:43:38.000,Volta|Ho,804.11,GHS,MOBILE_APP
ORMT-00009140,OR-C000376,6,SUCCESSFUL,2025-09-21 16:45:42.000,Volta|Ho,754.49,GHS,MOBILE_APP
ORMT-00009166,OR-C000378,3,SUCCESSFUL,2025-09-06 18:44:19.000,Greater Accra|Tema,1935.36,GHS,THIRD_PARTY
ORMT-00009177,OR-C000379,1,SUCCESSFUL,2025-07-14 14:23:42.000,Northern|Savelugu,2191.86,GHS,AGENT
ORMT-00009178,OR-C000379,3,SUCCESSFUL,2025-07-14 07:16:55.000,Northern|Savelugu,350.27,GHS,MOBILE_APP
ORMT-00009179,OR-C000379,3,SUCCESSFUL,2025-08-22 18:42:56.000,Northern|Savelugu,619.25,GHS,AGENT
ORMT-00009180,OR-C000379,8,SUCCESSFUL,2025-09-03 11:27:26.000,Northern|Savelugu,169.47,GHS,MOBILE_APP
ORMT-00009181,OR-C000379,8,SUCCESSFUL,2025-09-28 20:12:41.000,Northern|Savelugu,476.7,GHS,API
ORMT-00009182,OR-C000379,1,SUCCESSFUL,2025-09-30 12:35:40.000,Northern|Savelugu,393.83,GHS,MOBILE_APP
ORMT-00009183,OR-C000379,1,SUCCESSFUL,2025-09-08 09:11:37.000,Northern|Savelugu,529.19,GHS,AGENT
ORMT-00009193,OR-C000380,4,SUCCESSFUL,2025-08-22 17:12:40.000,Greater Accra|Accra,559.0,GHS,AGENT
ORMT-00009202,OR-C000381,4,SUCCESSFUL,2025-07-18 15:29:25.000,Greater Accra|Madina,1042.41,GHS,AGENT
ORMT-00009203,OR-C000381,10,SUCCESSFUL,2025-07-07 13:25:17.000,Greater Accra|Madina,1061.48,GHS,API
ORMT-00009204,OR-C000381,2,SUCCESSFUL,2025-08-12 10:28:24.000,Greater Accra|Madina,590.75,GHS,MOBILE_APP
ORMT-00009205,OR-C000381,7,SUCCESSFUL,2025-08-18 14:48:30.000,Greater Accra|Madina,961.58,GHS,THIRD_PARTY
ORMT-00009206,OR-C000381,1,SUCCESSFUL,2025-09-01 18:37:20.000,Greater Accra|Madina,795.79,GHS,AGENT
ORMT-00009207,OR-C000381,1,SUCCESSFUL,2025-09-04 14:17:21.000,Greater Accra|Madina,1093.02,GHS,AGENT
ORMT-00009208,OR-C000381,1,SUCCESSFUL,2025-09-29 09:29:05.000,Greater Accra|Madina,889.23,GHS,MOBILE_APP
ORMT-00009221,OR-C000382,8,SUCCESSFUL,2025-07-20 21:12:02.000,Eastern|Nkawkaw,3543.62,GHS,AGENT
ORMT-00009222,OR-C000382,1,SUCCESSFUL,2025-07-19 13:36:59.000,Eastern|Nkawkaw,175.28,GHS,AGENT
ORMT-00009333,OR-C000383,2,SUCCESSFUL,2025-07-20 19:37:56.000,Northern|Yendi,760.27,GHS,MOBILE_APP
ORMT-00009334,OR-C000383,1,SUCCESSFUL,2025-07-24 10:11:16.000,Northern|Yendi,3920.27,GHS,AGENT
ORMT-00009335,OR-C000383,1,SUCCESSFUL,2025-08-13 07:39:20.000,Northern|Yendi,1397.74,GHS,API
ORMT-00009336,OR-C000383,5,SUCCESSFUL,2025-08-13 18:18:04.000,Northern|Yendi,551.98,GHS,WEB
ORMT-00009337,OR-C000383,2,FAILED,2025-08-11 21:51:44.000,Northern|Yendi,1655.25,GHS,THIRD_PARTY
ORMT-00009338,OR-C000383,3,SUCCESSFUL,2025-08-09 16:10:58.000,Northern|Yendi,918.99,GHS,MOBILE_APP
ORMT-00009339,OR-C000383,1,SUCCESSFUL,2025-08-19 17:49:58.000,Northern|Yendi,341.17,GHS,MOBILE_APP
ORMT-00009340,OR-C000383,6,SUCCESSFUL,2025-09-16 07:48:05.000,Northern|Yendi,114.88,GHS,AGENT
ORMT-00009341,OR-C000383,8,SUCCESSFUL,2025-09-27 20:45:02.000,Northern|Yendi,4105.24,GHS,THIRD_PARTY
ORMT-00009342,OR-C000383,8,SUCCESSFUL,2025-09-18 15:11:13.000,Northern|Yendi,1487.44,GHS,AGENT
ORMT-00009343,OR-C000383,2,SUCCESSFUL,2025-09-19 11:40:10.000,Northern|Yendi,1523.52,GHS,MOBILE_APP
ORMT-00009344,OR-C000383,1,SUCCESSFUL,2025-09-04 17:48:34.000,Northern|Yendi,76.03,GHS,AGENT
ORMT-00009378,OR-C000385,5,SUCCESSFUL,2025-08-27 08:57:03.000,Bono East|Techiman,405.8,GHS,WEB
ORMT-00009379,OR-C000385,4,SUCCESSFUL,2025-09-29 21:56:03.000,Bono East|Techiman,350.83,GHS,MOBILE_APP
ORMT-00009384,OR-C000386,5,SUCCESSFUL,2025-07-16 20:31:10.000,Western|Tarkwa,325.52,GHS,MOBILE_APP
ORMT-00009385,OR-C000386,4,SUCCESSFUL,2025-07-21 07:09:27.000,Western|Tarkwa,2037.56,GHS,AGENT
ORMT-00009386,OR-C000386,10,FAILED,2025-07-24 20:12:23.000,Western|Tarkwa,540.02,GHS,MOBILE_APP
ORMT-00009408,OR-C000387,2,SUCCESSFUL,2025-07-06 16:50:15.000,Bono East|Techiman,502.32,GHS,AGENT
ORMT-00009409,OR-C000387,1,SUCCESSFUL,2025-07-31 17:08:26.000,Bono East|Techiman,1353.82,GHS,MOBILE_APP
ORMT-00009410,OR-C000387,4,SUCCESSFUL,2025-07-19 07:59:46.000,Bono East|Techiman,1020.6,GHS,API
ORMT-00009411,OR-C000387,5,SUCCESSFUL,2025-08-13 16:06:35.000,Bono East|Techiman,661.2,GHS,AGENT
ORMT-00009412,OR-C000387,2,SUCCESSFUL,2025-09-30 14:35:21.000,Bono East|Techiman,834.4,GHS,THIRD_PARTY
ORMT-00009413,OR-C000387,1,SUCCESSFUL,2025-09-19 15:00:02.000,Bono East|Techiman,1333.47,GHS,AGENT
ORMT-00009432,OR-C000388,2,SUCCESSFUL,2025-08-07 16:59:16.000,Volta|Hohoe,512.42,GHS,MOBILE_APP
ORMT-00009456,OR-C000389,2,SUCCESSFUL,2025-07-31 18:56:58.000,Greater Accra|Madina,231.36,GHS,MOBILE_APP
ORMT-00009457,OR-C000389,1,SUCCESSFUL,2025-08-30 15:46:53.000,Greater Accra|Madina,272.42,GHS,MOBILE_APP
ORMT-00009458,OR-C000389,1,SUCCESSFUL,2025-09-20 08:25:34.000,Greater Accra|Madina,221.81,GHS,AGENT
ORMT-00009459,OR-C000389,4,SUCCESSFUL,2025-09-12 07:15:33.000,Greater Accra|Madina,266.09,GHS,THIRD_PARTY
ORMT-00009476,OR-C000390,1,SUCCESSFUL,2025-07-03 12:15:12.000,Ashanti|Kumasi,675.33,GHS,AGENT
ORMT-00009492,OR-C000392,2,SUCCESSFUL,2025-07-17 18:22:32.000,Northern|Yendi,633.77,GHS,API
ORMT-00009493,OR-C000392,2,SUCCESSFUL,2025-07-20 07:08:53.000,Northern|Yendi,450.2,GHS,THIRD_PARTY
ORMT-00009496,OR-C000393,2,REJECTED,2025-08-08 16:52:01.000,Western|Takoradi,801.95,GHS,MOBILE_APP
ORMT-00009543,OR-C000394,5,SUCCESSFUL,2025-07-21 14:22:17.000,Northern|Savelugu,849.82,GHS,AGENT
ORMT-00009544,OR-C000394,10,SUCCESSFUL,2025-07-26 19:25:58.000,Northern|Savelugu,550.75,GHS,AGENT
ORMT-00009545,OR-C000394,8,SUCCESSFUL,2025-07-05 07:33:14.000,Northern|Savelugu,2009.5,GHS,WEB
ORMT-00009546,OR-C000394,1,SUCCESSFUL,2025-07-01 07:02:15.000,Northern|Savelugu,790.27,GHS,AGENT
ORMT-00009547,OR-C000394,2,SUCCESSFUL,2025-07-02 13:22:57.000,Northern|Savelugu,311.9,GHS,MOBILE_APP
ORMT-00009548,OR-C000394,6,SUCCESSFUL,2025-08-27 10:05:58.000,Northern|Savelugu,2405.3,GHS,THIRD_PARTY
ORMT-00009549,OR-C000394,8,SUCCESSFUL,2025-08-26 19:21:13.000,Northern|Savelugu,212.97,GHS,API
ORMT-00009563,OR-C000395,1,SUCCESSFUL,2025-08-30 16:41:47.000,Northern|Tamale,1566.61,GHS,MOBILE_APP
ORMT-00009621,OR-C000396,2,SUCCESSFUL,2025-09-01 19:47:28.000,Greater Accra|Kasoa,1670.94,GHS,MOBILE_APP
ORMT-00009641,OR-C000397,9,SUCCESSFUL,2025-08-29 14:16:38.000,Greater Accra|Madina,426.31,GHS,AGENT
ORMT-00009642,OR-C000397,2,SUCCESSFUL,2025-08-16 15:57:15.000,Greater Accra|Madina,274.1,GHS,THIRD_PARTY
ORMT-00009681,OR-C000399,1,SUCCESSFUL,2025-07-07 15:04:41.000,Upper East|Navrongo,1279.69,GHS,THIRD_PARTY
ORMT-00009682,OR-C000399,3,SUCCESSFUL,2025-08-15 15:26:45.000,Upper East|Navrongo,2444.68,GHS,AGENT
ORMT-00009688,OR-C000400,10,SUCCESSFUL,2025-08-22 20:33:07.000,Ashanti|Kumasi,1554.53,GHS,AGENT
ORMT-00009689,OR-C000400,1,SUCCESSFUL,2025-09-30 19:47:38.000,Ashanti|Kumasi,547.33,GHS,AGENT
ORMT-00009706,OR-C000402,2,SUCCESSFUL,2025-07-23 12:03:55.000,Western|Tarkwa,215.98,GHS,AGENT
ORMT-00009707,OR-C000402,4,SUCCESSFUL,2025-07-13 11:49:43.000,Western|Tarkwa,257.66,GHS,MOBILE_APP
ORMT-00009708,OR-C000402,8,SUCCESSFUL,2025-08-12 11:08:40.000,Western|Tarkwa,305.1,GHS,MOBILE_APP
ORMT-00009709,OR-C000402,1,SUCCESSFUL,2025-08-28 10:59:07.000,Western|Tarkwa,389.23,GHS,WEB
ORMT-00009710,OR-C000402,5,SUCCESSFUL,2025-09-15 16:05:05.000,Western|Tarkwa,1925.16,GHS,AGENT
ORMT-00009722,OR-C000403,6,SUCCESSFUL,2025-08-16 15:40:42.000,Greater Accra|Accra,372.92,GHS,THIRD_PARTY
ORMT-00009733,OR-C000404,4,SUCCESSFUL,2025-07-19 13:47:11.000,Northern|Tamale,1890.89,GHS,AGENT
ORMT-00009734,OR-C000404,1,SUCCESSFUL,2025-08-11 15:33:29.000,Northern|Tamale,769.35,GHS,MOBILE_APP
ORMT-00009747,OR-C000405,2,SUCCESSFUL,2025-08-26 21:59:52.000,Western|Axim,523.95,GHS,WEB
ORMT-00009799,OR-C000406,10,SUCCESSFUL,2025-07-20 12:29:49.000,Greater Accra|Accra,884.11,GHS,MOBILE_APP
ORMT-00009800,OR-C000406,1,SUCCESSFUL,2025-08-26 10:01:55.000,Greater Accra|Accra,3184.28,GHS,API
ORMT-00009801,OR-C000406,5,SUCCESSFUL,2025-08-25 10:37:00.000,Greater Accra|Accra,1358.85,GHS,AGENT
ORMT-00009802,OR-C000406,2,SUCCESSFUL,2025-08-22 19:48:13.000,Greater Accra|Accra,328.02,GHS,MOBILE_APP
ORMT-00009803,OR-C000406,2,SUCCESSFUL,2025-08-04 09:59:26.000,Greater Accra|Accra,1123.21,GHS,AGENT
ORMT-00009804,OR-C000406,4,SUCCESSFUL,2025-09-30 07:33:13.000,Greater Accra|Accra,122.05,GHS,AGENT
ORMT-00009840,OR-C000407,9,SUCCESSFUL,2025-09-01 19:15:31.000,Greater Accra|Madina,965.66,GHS,API
ORMT-00009846,OR-C000408,7,SUCCESSFUL,2025-07-29 12:49:28.000,Volta|Hohoe,286.3,GHS,AGENT
ORMT-00009847,OR-C000408,2,SUCCESSFUL,2025-07-19 20:16:54.000,Volta|Hohoe,747.66,GHS,WEB
ORMT-00009848,OR-C000408,1,SUCCESSFUL,2025-09-15 20:56:11.000,Volta|Hohoe,385.27,GHS,MOBILE_APP
ORMT-00009853,OR-C000409,4,SUCCESSFUL,2025-07-10 16:53:37.000,Upper East|Navrongo,326.47,GHS,AGENT
ORMT-00009854,OR-C000409,1,SUCCESSFUL,2025-07-14 10:07:29.000,Upper East|Navrongo,829.66,GHS,API
ORMT-00009855,OR-C000409,3,SUCCESSFUL,2025-07-26 14:47:50.000,Upper East|Navrongo,663.39,GHS,WEB
ORMT-00009856,OR-C000409,1,FAILED,2025-07-21 09:44:38.000,Upper East|Navrongo,2290.2,GHS,AGENT
ORMT-00009857,OR-C000409,4,SUCCESSFUL,2025-08-20 21:12:59.000,Upper East|Navrongo,202.27,GHS,THIRD_PARTY
ORMT-00009858,OR-C000409,2,SUCCESSFUL,2025-08-19 16:39:53.000,Upper East|Navrongo,678.53,GHS,THIRD_PARTY
ORMT-00009859,OR-C000409,6,SUCCESSFUL,2025-08-25 21:32:53.000,Upper East|Navrongo,576.82,GHS,AGENT
ORMT-00009860,OR-C000409,10,SUCCESSFUL,2025-08-03 09:30:31.000,Upper East|Navrongo,465.51,GHS,MOBILE_APP
ORMT-00009874,OR-C000410,3,SUCCESSFUL,2025-08-25 12:07:09.000,Central|Elmina,898.2,GHS,AGENT
ORMT-00009905,OR-C000411,1,SUCCESSFUL,2025-07-14 07:16:33.000,Greater Accra|Tema,692.92,GHS,AGENT
ORMT-00009906,OR-C000411,5,SUCCESSFUL,2025-07-21 11:52:07.000,Greater Accra|Tema,672.69,GHS,AGENT
ORMT-00009907,OR-C000411,1,FAILED,2025-08-31 21:03:02.000,Greater Accra|Tema,1152.8,GHS,WEB
ORMT-00009908,OR-C000411,1,SUCCESSFUL,2025-08-04 11:16:08.000,Greater Accra|Tema,1688.97,GHS,API
ORMT-00009909,OR-C000411,1,SUCCESSFUL,2025-09-06 11:30:04.000,Greater Accra|Tema,257.02,GHS,MOBILE_APP
ORMT-00009910,OR-C000411,5,SUCCESSFUL,2025-09-24 10:00:26.000,Greater Accra|Tema,325.93,GHS,MOBILE_APP
ORMT-00009911,OR-C000411,5,SUCCESSFUL,2025-09-12 17:01:41.000,Greater Accra|Tema,1703.07,GHS,THIRD_PARTY
ORMT-00009926,OR-C000412,2,SUCCESSFUL,2025-09-02 21:29:07.000,Greater Accra|Accra,188.52,GHS,AGENT
ORMT-00009977,OR-C000413,1,SUCCESSFUL,2025-07-01 14:09:01.000,Northern|Savelugu,64.32,GHS,API
ORMT-00009978,OR-C000413,10,SUCCESSFUL,2025-07-19 15:52:26.000,Northern|Savelugu,1722.18,GHS,MOBILE_APP
ORMT-00009979,OR-C000413,5,SUCCESSFUL,2025-08-05 13:23:11.000,Northern|Savelugu,606.7,GHS,THIRD_PARTY
ORMT-00009980,OR-C000413,8,SUCCESSFUL,2025-08-28 21:06:25.000,Northern|Savelugu,3789.47,GHS,AGENT
ORMT-00009981,OR-C000413,1,SUCCESSFUL,2025-09-17 19:01:07.000,Northern|Savelugu,270.13,GHS,AGENT
ORMT-00009982,OR-C000413,2,SUCCESSFUL,2025-09-29 21:58:48.000,Northern|Savelugu,3843.67,GHS,AGENT
ORMT-00009983,OR-C000413,3,SUCCESSFUL,2025-09-14 21:20:45.000,Northern|Savelugu,1329.0,GHS,MOBILE_APP
ORMT-00009984,OR-C000413,2,SUCCESSFUL,2025-09-07 09:54:37.000,Northern|Savelugu,163.0,GHS,MOBILE_APP
ORMT-00009985,OR-C000413,8,SUCCESSFUL,2025-09-25 13:24:22.000,Northern|Savelugu,375.99,GHS,AGENT
ORMT-00010107,OR-C000414,2,SUCCESSFUL,2025-07-01 15:17:35.000,Greater Accra|Madina,4077.26,GHS,MOBILE_APP
ORMT-00010108,OR-C000414,5,SUCCESSFUL,2025-07-04 09:29:41.000,Greater Accra|Madina,1006.4,GHS,THIRD_PARTY
ORMT-00010109,OR-C000414,9,SUCCESSFUL,2025-09-26 07:51:18.000,Greater Accra|Madina,2363.03,GHS,THIRD_PARTY
ORMT-00010110,OR-C000414,3,SUCCESSFUL,2025-09-02 15:12:31.000,Greater Accra|Madina,568.67,GHS,MOBILE_APP
ORMT-00010111,OR-C000414,4,SUCCESSFUL,2025-09-25 14:32:08.000,Greater Accra|Madina,422.45,GHS,AGENT
ORMT-00010112,OR-C000414,1,SUCCESSFUL,2025-09-10 11:36:21.000,Greater Accra|Madina,264.31,GHS,API
ORMT-00010113,OR-C000414,1,SUCCESSFUL,2025-09-16 08:32:23.000,Greater Accra|Madina,405.93,GHS,MOBILE_APP
ORMT-00010190,OR-C000415,1,SUCCESSFUL,2025-07-31 16:09:32.000,Western|Axim,1156.72,GHS,AGENT
ORMT-00010191,OR-C000415,1,SUCCESSFUL,2025-07-15 10:27:30.000,Western|Axim,168.55,GHS,API
ORMT-00010192,OR-C000415,1,SUCCESSFUL,2025-07-19 20:51:36.000,Western|Axim,123.06,GHS,AGENT
ORMT-00010193,OR-C000415,3,SUCCESSFUL,2025-07-12 17:24:04.000,Western|Axim,772.86,GHS,AGENT
ORMT-00010194,OR-C000415,6,SUCCESSFUL,2025-07-14 13:02:47.000,Western|Axim,2296.35,GHS,AGENT
ORMT-00010195,OR-C000415,5,SUCCESSFUL,2025-07-01 14:51:01.000,Western|Axim,529.84,GHS,AGENT
ORMT-00010196,OR-C000415,1,SUCCESSFUL,2025-07-03 16:37:12.000,Western|Axim,326.3,GHS,WEB
ORMT-00010197,OR-C000415,1,SUCCESSFUL,2025-07-06 20:45:45.000,Western|Axim,1445.04,GHS,AGENT
ORMT-00010198,OR-C000415,1,SUCCESSFUL,2025-08-12 14:42:16.000,Western|Axim,577.23,GHS,AGENT
ORMT-00010199,OR-C000415,1,SUCCESSFUL,2025-08-16 14:24:44.000,Western|Axim,504.42,GHS,AGENT
ORMT-00010200,OR-C000415,1,SUCCESSFUL,2025-08-01 11:18:11.000,Western|Axim,299.55,GHS,MOBILE_APP
ORMT-00010201,OR-C000415,9,SUCCESSFUL,2025-08-26 15:58:06.000,Western|Axim,834.81,GHS,AGENT
ORMT-00010202,OR-C000415,10,SUCCESSFUL,2025-08-05 12:45:31.000,Western|Axim,1106.92,GHS,THIRD_PARTY
ORMT-00010203,OR-C000415,4,SUCCESSFUL,2025-08-16 20:59:46.000,Western|Axim,8360.72,GHS,AGENT
ORMT-00010204,OR-C000415,2,SUCCESSFUL,2025-09-09 13:44:46.000,Western|Axim,364.14,GHS,API
ORMT-00010205,OR-C000415,4,SUCCESSFUL,2025-09-25 15:21:05.000,Western|Axim,863.49,GHS,THIRD_PARTY
ORMT-00010206,OR-C000415,1,SUCCESSFUL,2025-09-19 10:59:28.000,Western|Axim,1466.99,GHS,API
ORMT-00010207,OR-C000415,9,SUCCESSFUL,2025-09-07 08:37:27.000,Western|Axim,345.45,GHS,AGENT
ORMT-00010223,OR-C000417,4,SUCCESSFUL,2025-09-11 07:29:43.000,Volta|Keta,342.26,GHS,API
ORMT-00010224,OR-C000417,2,SUCCESSFUL,2025-09-06 15:17:49.000,Volta|Keta,641.58,GHS,THIRD_PARTY
ORMT-00010234,OR-C000418,7,SUCCESSFUL,2025-07-31 17:06:49.000,Central|Winneba,448.57,GHS,MOBILE_APP
ORMT-00010235,OR-C000418,1,SUCCESSFUL,2025-07-14 17:56:06.000,Central|Winneba,558.63,GHS,THIRD_PARTY
ORMT-00010236,OR-C000418,2,SUCCESSFUL,2025-09-16 13:09:34.000,Central|Winneba,670.14,GHS,AGENT
ORMT-00010237,OR-C000418,1,SUCCESSFUL,2025-09-02 21:41:23.000,Central|Winneba,940.64,GHS,WEB
ORMT-00010253,OR-C000419,2,SUCCESSFUL,2025-08-17 13:28:36.000,Greater Accra|Madina,787.98,GHS,THIRD_PARTY
ORMT-00010254,OR-C000419,4,SUCCESSFUL,2025-08-14 17:20:20.000,Greater Accra|Madina,910.03,GHS,THIRD_PARTY
ORMT-00010255,OR-C000419,4,SUCCESSFUL,2025-09-02 08:44:15.000,Greater Accra|Madina,783.29,GHS,THIRD_PARTY
ORMT-00010303,OR-C000420,1,SUCCESSFUL,2025-07-30 09:23:48.000,Oti|Dambai,501.6,GHS,MOBILE_APP
ORMT-00010304,OR-C000420,4,SUCCESSFUL,2025-07-04 12:54:51.000,Oti|Dambai,1441.37,GHS,AGENT
ORMT-00010305,OR-C000420,1,SUCCESSFUL,2025-08-31 18:32:37.000,Oti|Dambai,315.96,GHS,API
ORMT-00010306,OR-C000420,2,SUCCESSFUL,2025-08-31 16:00:57.000,Oti|Dambai,511.86,GHS,WEB
ORMT-00010307,OR-C000420,5,SUCCESSFUL,2025-09-11 19:04:27.000,Oti|Dambai,744.49,GHS,API
ORMT-00010308,OR-C000420,1,SUCCESSFUL,2025-09-29 20:59:36.000,Oti|Dambai,1082.2,GHS,THIRD_PARTY
ORMT-00010309,OR-C000420,7,SUCCESSFUL,2025-09-29 17:18:40.000,Oti|Dambai,376.45,GHS,MOBILE_APP
ORMT-00010342,OR-C000421,2,SUCCESSFUL,2025-07-19 18:41:19.000,Greater Accra|Tema,248.45,GHS,THIRD_PARTY
ORMT-00010343,OR-C000421,1,SUCCESSFUL,2025-08-15 11:36:49.000,Greater Accra|Tema,400.32,GHS,MOBILE_APP
ORMT-00010353,OR-C000422,1,SUCCESSFUL,2025-08-25 18:17:08.000,Greater Accra|Accra,410.2,GHS,MOBILE_APP
ORMT-00010360,OR-C000423,4,SUCCESSFUL,2025-09-02 10:18:19.000,Greater Accra|Kasoa,386.33,GHS,AGENT
ORMT-00010371,OR-C000424,1,SUCCESSFUL,2025-07-29 08:04:54.000,Central|Cape Coast,1483.2,GHS,MOBILE_APP
ORMT-00010372,OR-C000424,5,SUCCESSFUL,2025-07-27 16:34:21.000,Central|Cape Coast,686.43,GHS,MOBILE_APP
ORMT-00010373,OR-C000424,7,FAILED,2025-09-08 19:05:59.000,Central|Cape Coast,198.83,GHS,AGENT
ORMT-00010411,OR-C000426,2,SUCCESSFUL,2025-07-07 17:29:30.000,Greater Accra|Madina,210.0,GHS,MOBILE_APP
ORMT-00010412,OR-C000426,2,SUCCESSFUL,2025-09-26 17:41:59.000,Greater Accra|Madina,216.47,GHS,WEB
ORMT-00010413,OR-C000426,2,FAILED,2025-09-27 19:48:39.000,Greater Accra|Madina,161.37,GHS,AGENT
ORMT-00010414,OR-C000426,2,SUCCESSFUL,2025-09-02 21:46:00.000,Greater Accra|Madina,434.78,GHS,AGENT
ORMT-00010425,OR-C000427,10,SUCCESSFUL,2025-08-05 16:04:43.000,Greater Accra|Tema,366.75,GHS,MOBILE_APP
ORMT-00010442,OR-C000428,2,SUCCESSFUL,2025-07-17 10:38:25.000,Greater Accra|Accra,1150.78,GHS,MOBILE_APP
ORMT-00010443,OR-C000428,1,SUCCESSFUL,2025-07-12 09:34:11.000,Greater Accra|Accra,557.46,GHS,MOBILE_APP
ORMT-00010444,OR-C000428,4,SUCCESSFUL,2025-08-06 08:56:56.000,Greater Accra|Accra,586.58,GHS,AGENT
ORMT-00010445,OR-C000428,2,SUCCESSFUL,2025-08-14 10:16:48.000,Greater Accra|Accra,917.28,GHS,MOBILE_APP
ORMT-00010446,OR-C000428,7,SUCCESSFUL,2025-09-21 10:18:33.000,Greater Accra|Accra,1457.52,GHS,API
ORMT-00010447,OR-C000428,1,SUCCESSFUL,2025-09-16 13:00:48.000,Greater Accra|Accra,146.36,GHS,THIRD_PARTY
ORMT-00010448,OR-C000428,2,SUCCESSFUL,2025-09-22 12:01:24.000,Greater Accra|Accra,1545.36,GHS,MOBILE_APP
ORMT-00010477,OR-C000430,4,SUCCESSFUL,2025-07-25 17:39:53.000,Greater Accra|Tema,289.45,GHS,API
ORMT-00010478,OR-C000430,3,SUCCESSFUL,2025-07-08 13:53:30.000,Greater Accra|Tema,511.23,GHS,THIRD_PARTY
ORMT-00010479,OR-C000430,3,SUCCESSFUL,2025-08-10 07:59:28.000,Greater Accra|Tema,408.43,GHS,AGENT
ORMT-00010480,OR-C000430,6,SUCCESSFUL,2025-09-02 19:17:45.000,Greater Accra|Tema,1319.41,GHS,API
ORMT-00010481,OR-C000430,2,SUCCESSFUL,2025-09-21 08:48:16.000,Greater Accra|Tema,240.32,GHS,AGENT
ORMT-00010499,OR-C000431,10,SUCCESSFUL,2025-07-16 11:20:48.000,Bono East|Techiman,1763.21,GHS,AGENT
ORMT-00010500,OR-C000431,8,SUCCESSFUL,2025-07-04 15:11:38.000,Bono East|Techiman,428.96,GHS,API
ORMT-00010501,OR-C000431,3,SUCCESSFUL,2025-08-14 10:09:30.000,Bono East|Techiman,306.15,GHS,THIRD_PARTY
ORMT-00010502,OR-C000431,2,SUCCESSFUL,2025-08-26 10:02:26.000,Bono East|Techiman,427.5,GHS,THIRD_PARTY
ORMT-00010503,OR-C000431,2,SUCCESSFUL,2025-08-23 19:56:04.000,Bono East|Techiman,995.27,GHS,AGENT
ORMT-00010504,OR-C000431,5,SUCCESSFUL,2025-09-05 20:06:37.000,Bono East|Techiman,2717.57,GHS,API
ORMT-00010505,OR-C000431,1,SUCCESSFUL,2025-09-14 09:35:42.000,Bono East|Techiman,1968.6,GHS,THIRD_PARTY
ORMT-00010506,OR-C000431,5,SUCCESSFUL,2025-09-26 14:28:43.000,Bono East|Techiman,2183.15,GHS,MOBILE_APP
ORMT-00010507,OR-C000431,7,SUCCESSFUL,2025-09-26 13:23:07.000,Bono East|Techiman,329.47,GHS,THIRD_PARTY
ORMT-00010508,OR-C000431,1,SUCCESSFUL,2025-09-04 14:39:12.000,Bono East|Techiman,342.7,GHS,AGENT
ORMT-00010545,OR-C000433,2,SUCCESSFUL,2025-09-27 20:07:26.000,Volta|Hohoe,1327.24,GHS,API
ORMT-00010546,OR-C000433,7,SUCCESSFUL,2025-09-02 21:50:49.000,Volta|Hohoe,576.77,GHS,API
ORMT-00010565,OR-C000435,2,SUCCESSFUL,2025-09-18 11:47:50.000,Western|Axim,1653.47,GHS,AGENT
ORMT-00010566,OR-C000435,3,SUCCESSFUL,2025-09-20 19:30:13.000,Western|Axim,455.51,GHS,MOBILE_APP
ORMT-00010577,OR-C000436,6,SUCCESSFUL,2025-07-26 21:19:45.000,Greater Accra|Accra,449.54,GHS,AGENT
ORMT-00010578,OR-C000436,2,SUCCESSFUL,2025-09-04 20:42:10.000,Greater Accra|Accra,679.79,GHS,AGENT
ORMT-00010605,OR-C000437,1,SUCCESSFUL,2025-07-23 20:15:20.000,Oti|Dambai,1113.57,GHS,AGENT
ORMT-00010606,OR-C000437,4,SUCCESSFUL,2025-07-23 18:14:23.000,Oti|Dambai,1126.56,GHS,AGENT
ORMT-00010607,OR-C000437,1,SUCCESSFUL,2025-07-06 16:12:36.000,Oti|Dambai,420.57,GHS,MOBILE_APP
ORMT-00010608,OR-C000437,10,FAILED,2025-07-30 19:03:50.000,Oti|Dambai,358.12,GHS,AGENT
ORMT-00010609,OR-C000437,5,SUCCESSFUL,2025-07-30 09:18:46.000,Oti|Dambai,796.24,GHS,AGENT
ORMT-00010610,OR-C000437,1,SUCCESSFUL,2025-07-07 12:43:06.000,Oti|Dambai,1486.47,GHS,MOBILE_APP
ORMT-00010611,OR-C000437,3,SUCCESSFUL,2025-07-09 08:50:50.000,Oti|Dambai,746.93,GHS,WEB
ORMT-00010612,OR-C000437,3,SUCCESSFUL,2025-08-30 13:38:12.000,Oti|Dambai,460.29,GHS,THIRD_PARTY
ORMT-00010613,OR-C000437,9,SUCCESSFUL,2025-08-09 13:15:55.000,Oti|Dambai,1213.38,GHS,AGENT
ORMT-00010614,OR-C000437,9,SUCCESSFUL,2025-08-26 08:54:01.000,Oti|Dambai,259.91,GHS,AGENT
ORMT-00010615,OR-C000437,4,SUCCESSFUL,2025-08-04 16:39:05.000,Oti|Dambai,624.08,GHS,AGENT
ORMT-00010616,OR-C000437,2,SUCCESSFUL,2025-08-16 11:03:23.000,Oti|Dambai,775.14,GHS,MOBILE_APP
ORMT-00010617,OR-C000437,2,SUCCESSFUL,2025-08-28 14:06:59.000,Oti|Dambai,943.61,GHS,AGENT
ORMT-00010618,OR-C000437,1,SUCCESSFUL,2025-09-05 10:44:57.000,Oti|Dambai,1723.05,GHS,MOBILE_APP
ORMT-00010619,OR-C000437,4,SUCCESSFUL,2025-09-09 16:58:51.000,Oti|Dambai,257.17,GHS,THIRD_PARTY
ORMT-00010620,OR-C000437,9,SUCCESSFUL,2025-09-27 15:41:43.000,Oti|Dambai,2176.96,GHS,WEB
ORMT-00010621,OR-C000437,7,SUCCESSFUL,2025-09-30 09:01:11.000,Oti|Dambai,353.96,GHS,MOBILE_APP
ORMT-00010647,OR-C000438,1,SUCCESSFUL,2025-08-03 13:43:06.000,Volta|Hohoe,2301.51,GHS,AGENT
ORMT-00010648,OR-C000438,4,SUCCESSFUL,2025-09-10 17:10:54.000,Volta|Hohoe,381.02,GHS,WEB
ORMT-00010649,OR-C000438,1,SUCCESSFUL,2025-09-30 13:12:08.000,Volta|Hohoe,1547.21,GHS,AGENT
ORMT-00010650,OR-C000438,1,SUCCESSFUL,2025-09-28 12:12:21.000,Volta|Hohoe,4577.38,GHS,MOBILE_APP
ORMT-00010717,OR-C000439,1,SUCCESSFUL,2025-07-12 16:21:36.000,Ashanti|Kumasi,655.3,GHS,MOBILE_APP
ORMT-00010718,OR-C000439,1,SUCCESSFUL,2025-07-11 09:39:47.000,Ashanti|Kumasi,4483.44,GHS,AGENT
ORMT-00010719,OR-C000439,5,SUCCESSFUL,2025-07-15 21:19:09.000,Ashanti|Kumasi,1843.3,GHS,API
ORMT-00010720,OR-C000439,2,SUCCESSFUL,2025-07-26 16:05:18.000,Ashanti|Kumasi,385.62,GHS,MOBILE_APP
ORMT-00010721,OR-C000439,1,SUCCESSFUL,2025-08-26 14:26:55.000,Ashanti|Kumasi,499.96,GHS,THIRD_PARTY
ORMT-00010722,OR-C000439,2,SUCCESSFUL,2025-08-25 11:21:11.000,Ashanti|Kumasi,569.81,GHS,AGENT
ORMT-00010723,OR-C000439,1,SUCCESSFUL,2025-08-19 16:10:43.000,Ashanti|Kumasi,1048.78,GHS,THIRD_PARTY
ORMT-00010724,OR-C000439,2,SUCCESSFUL,2025-08-04 20:43:41.000,Ashanti|Kumasi,900.02,GHS,MOBILE_APP
ORMT-00010725,OR-C000439,1,SUCCESSFUL,2025-08-06 19:13:29.000,Ashanti|Kumasi,2710.99,GHS,WEB
ORMT-00010726,OR-C000439,5,SUCCESSFUL,2025-08-01 16:13:25.000,Ashanti|Kumasi,854.39,GHS,AGENT
ORMT-00010727,OR-C000439,7,SUCCESSFUL,2025-08-05 18:33:41.000,Ashanti|Kumasi,347.33,GHS,AGENT
ORMT-00010728,OR-C000439,6,SUCCESSFUL,2025-09-20 09:03:56.000,Ashanti|Kumasi,76.0,GHS,MOBILE_APP
ORMT-00010746,OR-C000440,1,SUCCESSFUL,2025-07-09 11:13:16.000,Central|Elmina,260.06,GHS,AGENT
ORMT-00010747,OR-C000440,1,SUCCESSFUL,2025-08-22 18:03:56.000,Central|Elmina,299.77,GHS,AGENT
ORMT-00010748,OR-C000440,2,SUCCESSFUL,2025-08-26 19:49:18.000,Central|Elmina,3083.15,GHS,AGENT
ORMT-00010749,OR-C000440,2,SUCCESSFUL,2025-09-04 20:32:46.000,Central|Elmina,179.21,GHS,MOBILE_APP
ORMT-00010775,OR-C000441,3,SUCCESSFUL,2025-08-18 10:05:54.000,Bono East|Techiman,457.35,GHS,MOBILE_APP
ORMT-00010776,OR-C000441,1,SUCCESSFUL,2025-09-15 08:27:32.000,Bono East|Techiman,158.46,GHS,API
ORMT-00010784,OR-C000442,4,SUCCESSFUL,2025-09-04 15:10:58.000,Eastern|Akropong,2195.55,GHS,THIRD_PARTY
ORMT-00010820,OR-C000443,9,SUCCESSFUL,2025-07-12 09:21:45.000,Greater Accra|Madina,344.52,GHS,API
ORMT-00010821,OR-C000443,1,SUCCESSFUL,2025-07-13 21:04:05.000,Greater Accra|Madina,623.52,GHS,AGENT
ORMT-00010822,OR-C000443,5,SUCCESSFUL,2025-07-28 19:53:36.000,Greater Accra|Madina,721.95,GHS,AGENT
ORMT-00010823,OR-C000443,2,SUCCESSFUL,2025-07-14 18:02:28.000,Greater Accra|Madina,217.45,GHS,MOBILE_APP
ORMT-00010824,OR-C000443,3,SUCCESSFUL,2025-08-24 21:47:22.000,Greater Accra|Madina,883.9,GHS,AGENT
ORMT-00010825,OR-C000443,5,SUCCESSFUL,2025-08-17 16:36:20.000,Greater Accra|Madina,436.23,GHS,AGENT
ORMT-00010826,OR-C000443,5,SUCCESSFUL,2025-08-12 15:43:50.000,Greater Accra|Madina,4080.37,GHS,MOBILE_APP
ORMT-00010827,OR-C000443,1,SUCCESSFUL,2025-08-10 10:39:44.000,Greater Accra|Madina,2753.53,GHS,AGENT
ORMT-00010828,OR-C000443,1,SUCCESSFUL,2025-08-16 15:40:47.000,Greater Accra|Madina,950.1,GHS,MOBILE_APP
ORMT-00010829,OR-C000443,4,SUCCESSFUL,2025-09-10 12:52:55.000,Greater Accra|Madina,725.48,GHS,AGENT
ORMT-00010859,OR-C000444,2,SUCCESSFUL,2025-07-28 18:51:10.000,Bono East|Kintampo,568.02,GHS,MOBILE_APP
ORMT-00010860,OR-C000444,3,SUCCESSFUL,2025-07-17 15:08:23.000,Bono East|Kintampo,328.39,GHS,MOBILE_APP
ORMT-00010861,OR-C000444,5,SUCCESSFUL,2025-07-05 13:43:48.000,Bono East|Kintampo,2480.63,GHS,WEB
ORMT-00010862,OR-C000444,4,SUCCESSFUL,2025-08-25 10:50:20.000,Bono East|Kintampo,531.74,GHS,MOBILE_APP
ORMT-00010863,OR-C000444,9,SUCCESSFUL,2025-08-10 09:52:59.000,Bono East|Kintampo,458.5,GHS,WEB
ORMT-00010864,OR-C000444,1,SUCCESSFUL,2025-08-04 13:27:52.000,Bono East|Kintampo,271.99,GHS,MOBILE_APP
ORMT-00010865,OR-C000444,7,SUCCESSFUL,2025-09-27 18:16:35.000,Bono East|Kintampo,229.6,GHS,MOBILE_APP
ORMT-00010866,OR-C000444,8,FAILED,2025-09-02 21:13:46.000,Bono East|Kintampo,491.32,GHS,AGENT
ORMT-00010867,OR-C000444,4,SUCCESSFUL,2025-09-29 13:15:17.000,Bono East|Kintampo,242.49,GHS,AGENT
ORMT-00010868,OR-C000444,2,SUCCESSFUL,2025-09-12 14:08:43.000,Bono East|Kintampo,2346.32,GHS,AGENT
ORMT-00010884,OR-C000445,4,SUCCESSFUL,2025-09-28 08:57:29.000,Greater Accra|Madina,1482.02,GHS,AGENT
ORMT-00010892,OR-C000446,1,SUCCESSFUL,2025-09-02 18:04:47.000,Volta|Ho,350.13,GHS,WEB
ORMT-00010946,OR-C000447,1,SUCCESSFUL,2025-08-29 15:34:03.000,Ashanti|Kumasi,1548.49,GHS,MOBILE_APP
ORMT-00010947,OR-C000447,2,SUCCESSFUL,2025-08-21 07:33:13.000,Ashanti|Kumasi,177.94,GHS,AGENT
ORMT-00010948,OR-C000447,6,SUCCESSFUL,2025-08-28 15:33:28.000,Ashanti|Kumasi,1094.01,GHS,AGENT
ORMT-00011078,OR-C000448,5,SUCCESSFUL,2025-07-10 08:48:12.000,Greater Accra|Accra,1145.16,GHS,API
ORMT-00011079,OR-C000448,2,SUCCESSFUL,2025-07-31 11:36:52.000,Greater Accra|Accra,1501.12,GHS,AGENT
ORMT-00011080,OR-C000448,5,SUCCESSFUL,2025-07-09 09:42:46.000,Greater Accra|Accra,155.1,GHS,MOBILE_APP
ORMT-00011081,OR-C000448,6,SUCCESSFUL,2025-08-15 14:09:25.000,Greater Accra|Accra,491.39,GHS,AGENT
ORMT-00011082,OR-C000448,6,SUCCESSFUL,2025-08-26 14:04:06.000,Greater Accra|Accra,417.21,GHS,MOBILE_APP
ORMT-00011083,OR-C000448,3,SUCCESSFUL,2025-08-16 17:09:38.000,Greater Accra|Accra,844.19,GHS,THIRD_PARTY
ORMT-00011084,OR-C000448,9,SUCCESSFUL,2025-08-30 08:34:28.000,Greater Accra|Accra,629.22,GHS,MOBILE_APP
ORMT-00011085,OR-C000448,4,SUCCESSFUL,2025-08-05 07:22:50.000,Greater Accra|Accra,402.8,GHS,API
ORMT-00011086,OR-C000448,9,SUCCESSFUL,2025-08-07 19:57:25.000,Greater Accra|Accra,680.48,GHS,AGENT
ORMT-00011087,OR-C000448,1,SUCCESSFUL,2025-08-15 08:02:51.000,Greater Accra|Accra,644.45,GHS,MOBILE_APP
ORMT-00011088,OR-C000448,1,SUCCESSFUL,2025-09-26 10:19:04.000,Greater Accra|Accra,1293.45,GHS,AGENT
ORMT-00011089,OR-C000448,2,SUCCESSFUL,2025-09-12 10:43:08.000,Greater Accra|Accra,305.78,GHS,AGENT
ORMT-00011090,OR-C000448,3,SUCCESSFUL,2025-09-13 17:05:20.000,Greater Accra|Accra,584.89,GHS,THIRD_PARTY
ORMT-00011091,OR-C000448,3,SUCCESSFUL,2025-09-17 15:54:46.000,Greater Accra|Accra,199.12,GHS,WEB
ORMT-00011092,OR-C000448,8,SUCCESSFUL,2025-09-13 11:45:40.000,Greater Accra|Accra,323.71,GHS,THIRD_PARTY
ORMT-00011120,OR-C000450,5,SUCCESSFUL,2025-07-12 10:43:14.000,Greater Accra|Kasoa,147.89,GHS,AGENT
ORMT-00011121,OR-C000450,2,SUCCESSFUL,2025-07-16 15:10:25.000,Greater Accra|Kasoa,1138.81,GHS,AGENT
ORMT-00011122,OR-C000450,6,SUCCESSFUL,2025-08-28 11:36:09.000,Greater Accra|Kasoa,367.52,GHS,AGENT
ORMT-00011190,OR-C000451,7,SUCCESSFUL,2025-07-02 12:17:54.000,Greater Accra|Tema,1272.82,GHS,API
ORMT-00011191,OR-C000451,2,SUCCESSFUL,2025-07-27 18:51:13.000,Greater Accra|Tema,313.11,GHS,MOBILE_APP
ORMT-00011192,OR-C000451,2,SUCCESSFUL,2025-07-09 07:47:15.000,Greater Accra|Tema,713.95,GHS,API
ORMT-00011193,OR-C000451,1,SUCCESSFUL,2025-07-23 13:21:29.000,Greater Accra|Tema,911.12,GHS,AGENT
ORMT-00011194,OR-C000451,6,SUCCESSFUL,2025-07-13 10:16:10.000,Greater Accra|Tema,5215.27,GHS,AGENT
ORMT-00011195,OR-C000451,6,SUCCESSFUL,2025-07-02 10:06:11.000,Greater Accra|Tema,191.89,GHS,AGENT
ORMT-00011196,OR-C000451,3,SUCCESSFUL,2025-08-13 21:02:14.000,Greater Accra|Tema,169.25,GHS,API
ORMT-00011197,OR-C000451,1,SUCCESSFUL,2025-08-06 10:50:49.000,Greater Accra|Tema,695.83,GHS,MOBILE_APP
ORMT-00011198,OR-C000451,4,SUCCESSFUL,2025-08-29 18:02:52.000,Greater Accra|Tema,50.43,GHS,API
ORMT-00011199,OR-C000451,10,SUCCESSFUL,2025-09-05 19:44:25.000,Greater Accra|Tema,642.48,GHS,MOBILE_APP
ORMT-00011200,OR-C000451,7,SUCCESSFUL,2025-09-14 16:33:43.000,Greater Accra|Tema,548.95,GHS,MOBILE_APP
ORMT-00011201,OR-C000451,2,SUCCESSFUL,2025-09-03 13:00:25.000,Greater Accra|Tema,927.49,GHS,MOBILE_APP
ORMT-00011202,OR-C000451,1,SUCCESSFUL,2025-09-27 07:57:29.000,Greater Accra|Tema,963.4,GHS,MOBILE_APP
ORMT-00011222,OR-C000452,1,SUCCESSFUL,2025-07-27 11:40:27.000,Central|Winneba,794.36,GHS,THIRD_PARTY
ORMT-00011223,OR-C000452,1,SUCCESSFUL,2025-09-27 18:22:45.000,Central|Winneba,1135.42,GHS,AGENT
ORMT-00011234,OR-C000453,1,SUCCESSFUL,2025-07-20 09:53:44.000,Upper West|Lawra,1540.61,GHS,AGENT
ORMT-00011235,OR-C000453,2,SUCCESSFUL,2025-08-17 15:59:35.000,Upper West|Lawra,411.93,GHS,THIRD_PARTY
ORMT-00011245,OR-C000454,1,SUCCESSFUL,2025-08-11 19:20:30.000,Greater Accra|Madina,4150.98,GHS,MOBILE_APP
ORMT-00011275,OR-C000456,3,SUCCESSFUL,2025-08-23 12:27:00.000,Northern|Savelugu,610.85,GHS,MOBILE_APP
ORMT-00011276,OR-C000456,6,SUCCESSFUL,2025-09-14 08:36:27.000,Northern|Savelugu,1101.38,GHS,THIRD_PARTY
ORMT-00011384,OR-C000458,1,SUCCESSFUL,2025-07-26 09:40:06.000,Ashanti|Obuasi,561.07,GHS,AGENT
ORMT-00011385,OR-C000458,3,SUCCESSFUL,2025-07-19 20:08:10.000,Ashanti|Obuasi,514.52,GHS,AGENT
ORMT-00011386,OR-C000458,2,SUCCESSFUL,2025-08-25 21:33:14.000,Ashanti|Obuasi,863.92,GHS,MOBILE_APP
ORMT-00011387,OR-C000458,1,SUCCESSFUL,2025-08-06 12:15:23.000,Ashanti|Obuasi,375.4,GHS,AGENT
ORMT-00011388,OR-C000458,2,FAILED,2025-08-03 17:12:54.000,Ashanti|Obuasi,315.16,GHS,MOBILE_APP
ORMT-00011389,OR-C000458,1,SUCCESSFUL,2025-08-07 12:46:20.000,Ashanti|Obuasi,1026.44,GHS,MOBILE_APP
ORMT-00011437,OR-C000459,4,SUCCESSFUL,2025-07-06 19:09:05.000,Bono|Sunyani,439.6,GHS,AGENT
ORMT-00011438,OR-C000459,1,SUCCESSFUL,2025-09-21 09:28:20.000,Bono|Sunyani,1174.33,GHS,API
ORMT-00011439,OR-C000459,5,SUCCESSFUL,2025-09-20 20:15:31.000,Bono|Sunyani,191.39,GHS,MOBILE_APP
ORMT-00011455,OR-C000460,2,SUCCESSFUL,2025-09-18 18:00:52.000,Northern|Yendi,2940.2,GHS,AGENT
ORMT-00011461,OR-C000461,7,SUCCESSFUL,2025-09-02 09:23:40.000,Volta|Hohoe,1947.85,GHS,AGENT
ORMT-00011470,OR-C000462,3,SUCCESSFUL,2025-07-02 07:41:37.000,Ashanti|Ejisu,534.06,GHS,MOBILE_APP
ORMT-00011471,OR-C000462,5,SUCCESSFUL,2025-08-18 18:07:49.000,Ashanti|Ejisu,1720.7,GHS,MOBILE_APP
ORMT-00011472,OR-C000462,6,SUCCESSFUL,2025-08-31 18:47:21.000,Ashanti|Ejisu,164.45,GHS,AGENT
ORMT-00011473,OR-C000462,1,SUCCESSFUL,2025-09-05 13:43:47.000,Ashanti|Ejisu,2531.77,GHS,MOBILE_APP
ORMT-00011477,OR-C000463,10,SUCCESSFUL,2025-09-04 21:43:59.000,Greater Accra|Accra,655.4,GHS,AGENT
ORMT-00011490,OR-C000464,1,SUCCESSFUL,2025-08-03 07:15:15.000,Central|Elmina,876.93,GHS,AGENT
ORMT-00011491,OR-C000464,1,SUCCESSFUL,2025-08-23 15:05:56.000,Central|Elmina,647.28,GHS,MOBILE_APP
ORMT-00011511,OR-C000465,1,SUCCESSFUL,2025-08-08 20:22:44.000,Bono|Berekum,240.72,GHS,AGENT
ORMT-00011512,OR-C000465,6,SUCCESSFUL,2025-09-10 17:11:30.000,Bono|Berekum,1111.86,GHS,AGENT
ORMT-00011513,OR-C000465,3,SUCCESSFUL,2025-09-22 08:22:20.000,Bono|Berekum,1822.7,GHS,AGENT
ORMT-00011518,OR-C000466,4,SUCCESSFUL,2025-08-03 10:35:21.000,Northern|Savelugu,276.66,GHS,MOBILE_APP
ORMT-00011539,OR-C000468,3,SUCCESSFUL,2025-07-10 18:20:51.000,Oti|Dambai,1405.66,GHS,AGENT
ORMT-00011540,OR-C000468,3,SUCCESSFUL,2025-08-27 17:12:23.000,Oti|Dambai,499.66,GHS,WEB
ORMT-00011541,OR-C000468,3,SUCCESSFUL,2025-08-25 14:29:29.000,Oti|Dambai,497.59,GHS,AGENT
ORMT-00011542,OR-C000468,1,SUCCESSFUL,2025-09-18 19:34:52.000,Oti|Dambai,800.09,GHS,AGENT
ORMT-00011543,OR-C000468,4,SUCCESSFUL,2025-09-08 16:23:51.000,Oti|Dambai,1564.3,GHS,AGENT
ORMT-00011561,OR-C000469,5,SUCCESSFUL,2025-08-17 14:16:03.000,Central|Cape Coast,177.16,GHS,MOBILE_APP
ORMT-00011562,OR-C000469,2,SUCCESSFUL,2025-09-05 20:55:47.000,Central|Cape Coast,377.27,GHS,AGENT
ORMT-00011577,OR-C000470,6,SUCCESSFUL,2025-07-07 11:55:17.000,Greater Accra|Tema,988.13,GHS,AGENT
ORMT-00011578,OR-C000470,1,SUCCESSFUL,2025-08-28 14:52:51.000,Greater Accra|Tema,1103.33,GHS,MOBILE_APP
ORMT-00011613,OR-C000472,1,SUCCESSFUL,2025-07-28 20:25:46.000,Northern|Savelugu,219.91,GHS,WEB
ORMT-00011614,OR-C000472,1,SUCCESSFUL,2025-07-06 08:04:07.000,Northern|Savelugu,643.32,GHS,MOBILE_APP
ORMT-00011615,OR-C000472,3,SUCCESSFUL,2025-08-03 08:57:49.000,Northern|Savelugu,1118.53,GHS,MOBILE_APP
ORMT-00011616,OR-C000472,8,SUCCESSFUL,2025-08-05 11:48:52.000,Northern|Savelugu,189.62,GHS,AGENT
ORMT-00011617,OR-C000472,2,SUCCESSFUL,2025-08-30 15:50:47.000,Northern|Savelugu,268.39,GHS,AGENT
ORMT-00011618,OR-C000472,1,SUCCESSFUL,2025-09-11 20:35:42.000,Northern|Savelugu,715.85,GHS,AGENT
ORMT-00011619,OR-C000472,1,SUCCESSFUL,2025-09-26 15:18:41.000,Northern|Savelugu,1033.11,GHS,API
ORMT-00011620,OR-C000472,2,SUCCESSFUL,2025-09-13 18:33:42.000,Northern|Savelugu,2497.07,GHS,AGENT
ORMT-00011663,OR-C000473,1,SUCCESSFUL,2025-07-17 09:34:40.000,Northern|Savelugu,1493.84,GHS,WEB
ORMT-00011664,OR-C000473,7,SUCCESSFUL,2025-07-15 21:15:23.000,Northern|Savelugu,2103.41,GHS,AGENT
ORMT-00011665,OR-C000473,6,SUCCESSFUL,2025-07-20 09:16:51.000,Northern|Savelugu,2699.78,GHS,MOBILE_APP
ORMT-00011666,OR-C000473,4,SUCCESSFUL,2025-08-25 21:46:09.000,Northern|Savelugu,830.03,GHS,API
ORMT-00011667,OR-C000473,1,SUCCESSFUL,2025-08-22 21:06:57.000,Northern|Savelugu,617.85,GHS,MOBILE_APP
ORMT-00011668,OR-C000473,3,SUCCESSFUL,2025-08-29 14:46:55.000,Northern|Savelugu,182.89,GHS,THIRD_PARTY
ORMT-00011669,OR-C000473,1,SUCCESSFUL,2025-09-19 17:07:27.000,Northern|Savelugu,189.91,GHS,AGENT
ORMT-00011670,OR-C000473,2,SUCCESSFUL,2025-09-16 07:59:56.000,Northern|Savelugu,1365.44,GHS,WEB
ORMT-00011683,OR-C000474,1,SUCCESSFUL,2025-07-01 09:56:25.000,Greater Accra|Tema,1514.43,GHS,MOBILE_APP
ORMT-00011713,OR-C000475,2,SUCCESSFUL,2025-07-31 19:29:51.000,Greater Accra|Kasoa,2001.77,GHS,THIRD_PARTY
ORMT-00011714,OR-C000475,8,SUCCESSFUL,2025-07-13 12:40:25.000,Greater Accra|Kasoa,239.31,GHS,AGENT
ORMT-00011715,OR-C000475,2,SUCCESSFUL,2025-08-26 07:31:01.000,Greater Accra|Kasoa,513.25,GHS,MOBILE_APP
ORMT-00011716,OR-C000475,2,FAILED,2025-08-23 20:09:36.000,Greater Accra|Kasoa,1221.83,GHS,AGENT
ORMT-00011717,OR-C000475,1,SUCCESSFUL,2025-09-09 17:21:17.000,Greater Accra|Kasoa,644.47,GHS,AGENT
ORMT-00011718,OR-C000475,1,SUCCESSFUL,2025-09-28 18:27:13.000,Greater Accra|Kasoa,2516.15,GHS,AGENT
ORMT-00011732,OR-C000476,1,SUCCESSFUL,2025-08-07 19:31:43.000,Ashanti|Kumasi,1268.57,GHS,AGENT
ORMT-00011825,OR-C000477,4,SUCCESSFUL,2025-07-24 17:39:24.000,Upper East|Navrongo,382.12,GHS,WEB
ORMT-00011826,OR-C000477,4,SUCCESSFUL,2025-07-02 19:18:13.000,Upper East|Navrongo,1308.62,GHS,AGENT
ORMT-00011827,OR-C000477,2,SUCCESSFUL,2025-07-05 09:32:43.000,Upper East|Navrongo,3437.64,GHS,AGENT
ORMT-00011828,OR-C000477,1,SUCCESSFUL,2025-07-06 09:25:57.000,Upper East|Navrongo,299.5,GHS,AGENT
ORMT-00011829,OR-C000477,1,SUCCESSFUL,2025-07-04 10:37:56.000,Upper East|Navrongo,324.52,GHS,AGENT
ORMT-00011830,OR-C000477,6,SUCCESSFUL,2025-07-20 20:19:33.000,Upper East|Navrongo,1638.58,GHS,AGENT
ORMT-00011831,OR-C000477,9,SUCCESSFUL,2025-07-01 20:12:32.000,Upper East|Navrongo,350.01,GHS,THIRD_PARTY
ORMT-00011832,OR-C000477,2,SUCCESSFUL,2025-07-07 19:14:21.000,Upper East|Navrongo,1428.27,GHS,AGENT
ORMT-00011833,OR-C000477,3,SUCCESSFUL,2025-08-19 12:44:27.000,Upper East|Navrongo,381.71,GHS,MOBILE_APP
ORMT-00011834,OR-C000477,3,SUCCESSFUL,2025-08-26 10:34:50.000,Upper East|Navrongo,212.29,GHS,MOBILE_APP
ORMT-00011835,OR-C000477,2,SUCCESSFUL,2025-08-25 14:37:44.000,Upper East|Navrongo,1631.18,GHS,AGENT
ORMT-00011836,OR-C000477,7,SUCCESSFUL,2025-08-20 19:27:11.000,Upper East|Navrongo,591.48,GHS,AGENT
ORMT-00011837,OR-C000477,1,SUCCESSFUL,2025-08-25 09:10:47.000,Upper East|Navrongo,1820.14,GHS,AGENT
ORMT-00011838,OR-C000477,3,SUCCESSFUL,2025-08-28 12:39:16.000,Upper East|Navrongo,1406.43,GHS,MOBILE_APP
ORMT-00011839,OR-C000477,3,SUCCESSFUL,2025-08-30 20:31:19.000,Upper East|Navrongo,388.83,GHS,AGENT
ORMT-00011840,OR-C000477,6,SUCCESSFUL,2025-08-12 16:26:31.000,Upper East|Navrongo,572.69,GHS,API
ORMT-00011841,OR-C000477,1,SUCCESSFUL,2025-09-30 16:00:23.000,Upper East|Navrongo,192.7,GHS,THIRD_PARTY
ORMT-00011842,OR-C000477,4,SUCCESSFUL,2025-09-25 12:30:53.000,Upper East|Navrongo,197.15,GHS,THIRD_PARTY
ORMT-00011843,OR-C000477,1,SUCCESSFUL,2025-09-29 18:23:50.000,Upper East|Navrongo,825.48,GHS,API
ORMT-00012029,OR-C000478,1,SUCCESSFUL,2025-07-10 07:05:35.000,Greater Accra|Kasoa,994.26,GHS,THIRD_PARTY
ORMT-00012030,OR-C000478,3,SUCCESSFUL,2025-07-28 16:13:24.000,Greater Accra|Kasoa,2973.08,GHS,MOBILE_APP
ORMT-00012031,OR-C000478,8,SUCCESSFUL,2025-07-09 09:01:44.000,Greater Accra|Kasoa,517.24,GHS,MOBILE_APP
ORMT-00012032,OR-C000478,3,SUCCESSFUL,2025-07-26 07:57:32.000,Greater Accra|Kasoa,6097.01,GHS,MOBILE_APP
ORMT-00012033,OR-C000478,1,SUCCESSFUL,2025-07-28 19:26:18.000,Greater Accra|Kasoa,281.95,GHS,WEB
ORMT-00012034,OR-C000478,1,SUCCESSFUL,2025-08-09 19:35:32.000,Greater Accra|Kasoa,468.56,GHS,AGENT
ORMT-00012035,OR-C000478,3,SUCCESSFUL,2025-08-16 15:53:48.000,Greater Accra|Kasoa,265.51,GHS,AGENT
ORMT-00012036,OR-C000478,1,SUCCESSFUL,2025-08-27 21:46:45.000,Greater Accra|Kasoa,320.73,GHS,MOBILE_APP
ORMT-00012037,OR-C000478,5,SUCCESSFUL,2025-08-30 19:43:24.000,Greater Accra|Kasoa,1571.58,GHS,AGENT
ORMT-00012038,OR-C000478,1,SUCCESSFUL,2025-09-20 09:37:07.000,Greater Accra|Kasoa,735.68,GHS,MOBILE_APP
ORMT-00012039,OR-C000478,2,FAILED,2025-09-15 08:33:47.000,Greater Accra|Kasoa,695.51,GHS,AGENT
ORMT-00012040,OR-C000478,1,SUCCESSFUL,2025-09-13 14:40:31.000,Greater Accra|Kasoa,1956.72,GHS,MOBILE_APP
ORMT-00012041,OR-C000478,1,SUCCESSFUL,2025-09-11 20:13:41.000,Greater Accra|Kasoa,1077.98,GHS,MOBILE_APP
ORMT-00012076,OR-C000479,6,SUCCESSFUL,2025-07-26 10:32:22.000,Ahafo|Goaso,407.66,GHS,WEB
ORMT-00012077,OR-C000479,4,SUCCESSFUL,2025-08-04 15:01:32.000,Ahafo|Goaso,751.15,GHS,MOBILE_APP
ORMT-00012095,OR-C000480,3,SUCCESSFUL,2025-07-26 10:23:17.000,Northern|Tamale,3105.33,GHS,THIRD_PARTY
ORMT-00012096,OR-C000480,3,SUCCESSFUL,2025-07-06 08:17:56.000,Northern|Tamale,141.23,GHS,AGENT
ORMT-00012097,OR-C000480,4,SUCCESSFUL,2025-07-09 16:48:28.000,Northern|Tamale,330.19,GHS,API
ORMT-00012098,OR-C000480,4,SUCCESSFUL,2025-07-09 15:51:48.000,Northern|Tamale,436.54,GHS,AGENT
ORMT-00012099,OR-C000480,1,SUCCESSFUL,2025-08-02 16:45:28.000,Northern|Tamale,426.01,GHS,AGENT
ORMT-00012100,OR-C000480,4,SUCCESSFUL,2025-08-07 07:36:53.000,Northern|Tamale,420.76,GHS,AGENT
ORMT-00012124,OR-C000481,5,SUCCESSFUL,2025-07-28 13:55:06.000,Greater Accra|Accra,318.36,GHS,THIRD_PARTY
ORMT-00012205,OR-C000482,1,SUCCESSFUL,2025-07-28 15:27:42.000,Bono|Sunyani,1378.41,GHS,AGENT
ORMT-00012206,OR-C000482,5,SUCCESSFUL,2025-07-30 16:27:56.000,Bono|Sunyani,1797.74,GHS,MOBILE_APP
ORMT-00012207,OR-C000482,1,SUCCESSFUL,2025-07-21 20:00:38.000,Bono|Sunyani,1130.15,GHS,MOBILE_APP
ORMT-00012208,OR-C000482,9,SUCCESSFUL,2025-08-20 19:21:27.000,Bono|Sunyani,318.41,GHS,THIRD_PARTY
ORMT-00012209,OR-C000482,2,SUCCESSFUL,2025-08-14 20:14:26.000,Bono|Sunyani,205.51,GHS,AGENT
ORMT-00012210,OR-C000482,10,SUCCESSFUL,2025-09-06 12:39:25.000,Bono|Sunyani,236.23,GHS,AGENT
ORMT-00012211,OR-C000482,8,SUCCESSFUL,2025-09-18 19:09:56.000,Bono|Sunyani,2830.86,GHS,API
ORMT-00012212,OR-C000482,1,SUCCESSFUL,2025-09-06 10:52:03.000,Bono|Sunyani,542.08,GHS,AGENT
ORMT-00012213,OR-C000482,1,SUCCESSFUL,2025-09-25 11:41:48.000,Bono|Sunyani,549.82,GHS,AGENT
ORMT-00012214,OR-C000482,3,SUCCESSFUL,2025-09-26 15:23:04.000,Bono|Sunyani,1015.96,GHS,AGENT
ORMT-00012232,OR-C000483,1,SUCCESSFUL,2025-09-23 14:08:19.000,Central|Cape Coast,50,GHS,AGENT
ORMT-00012233,OR-C000483,9,SUCCESSFUL,2025-09-16 08:35:53.000,Central|Cape Coast,661.94,GHS,API
ORMT-00012249,OR-C000484,7,SUCCESSFUL,2025-07-30 19:37:27.000,Ashanti|Kumasi,912.04,GHS,THIRD_PARTY
ORMT-00012250,OR-C000484,3,SUCCESSFUL,2025-09-08 11:15:11.000,Ashanti|Kumasi,2426.59,GHS,AGENT
ORMT-00012269,OR-C000487,1,SUCCESSFUL,2025-07-25 20:02:03.000,Greater Accra|Madina,981.1,GHS,AGENT
ORMT-00012270,OR-C000487,2,SUCCESSFUL,2025-09-12 14:36:54.000,Greater Accra|Madina,124.64,GHS,AGENT
ORMT-00012295,OR-C000488,7,SUCCESSFUL,2025-07-25 16:52:51.000,Bono|Berekum,538.88,GHS,AGENT
ORMT-00012296,OR-C000488,5,SUCCESSFUL,2025-07-17 21:14:45.000,Bono|Berekum,573.53,GHS,API
ORMT-00012297,OR-C000488,1,SUCCESSFUL,2025-07-26 18:12:54.000,Bono|Berekum,441.76,GHS,MOBILE_APP
ORMT-00012298,OR-C000488,5,SUCCESSFUL,2025-07-02 21:49:31.000,Bono|Berekum,744.71,GHS,API
ORMT-00012299,OR-C000488,3,SUCCESSFUL,2025-09-06 09:27:00.000,Bono|Berekum,408.59,GHS,AGENT
ORMT-00012321,OR-C000489,1,SUCCESSFUL,2025-07-31 21:15:41.000,Greater Accra|Madina,3433.54,GHS,AGENT
ORMT-00012322,OR-C000489,2,SUCCESSFUL,2025-08-21 16:28:39.000,Greater Accra|Madina,112.74,GHS,THIRD_PARTY
ORMT-00012323,OR-C000489,6,SUCCESSFUL,2025-08-10 21:30:03.000,Greater Accra|Madina,2127.14,GHS,API
ORMT-00012324,OR-C000489,8,SUCCESSFUL,2025-08-07 12:48:00.000,Greater Accra|Madina,518.65,GHS,THIRD_PARTY
ORMT-00012325,OR-C000489,4,SUCCESSFUL,2025-09-05 16:38:04.000,Greater Accra|Madina,327.89,GHS,AGENT
ORMT-00012400,OR-C000490,1,SUCCESSFUL,2025-07-31 09:50:04.000,Oti|Jasikan,1126.91,GHS,WEB
ORMT-00012401,OR-C000490,1,SUCCESSFUL,2025-07-07 14:41:38.000,Oti|Jasikan,508.1,GHS,AGENT
ORMT-00012402,OR-C000490,2,SUCCESSFUL,2025-07-30 16:20:51.000,Oti|Jasikan,2349.37,GHS,THIRD_PARTY
ORMT-00012403,OR-C000490,3,SUCCESSFUL,2025-07-09 14:17:34.000,Oti|Jasikan,878.03,GHS,AGENT
ORMT-00012404,OR-C000490,6,SUCCESSFUL,2025-07-09 21:28:26.000,Oti|Jasikan,1358.92,GHS,MOBILE_APP
ORMT-00012405,OR-C000490,4,SUCCESSFUL,2025-07-03 19:36:28.000,Oti|Jasikan,405.62,GHS,MOBILE_APP
ORMT-00012406,OR-C000490,1,SUCCESSFUL,2025-08-27 11:51:01.000,Oti|Jasikan,664.51,GHS,THIRD_PARTY
ORMT-00012407,OR-C000490,3,SUCCESSFUL,2025-08-05 16:18:49.000,Oti|Jasikan,840.2,GHS,MOBILE_APP
ORMT-00012408,OR-C000490,1,SUCCESSFUL,2025-08-30 07:19:40.000,Oti|Jasikan,701.46,GHS,AGENT
ORMT-00012409,OR-C000490,7,SUCCESSFUL,2025-08-02 17:00:46.000,Oti|Jasikan,520.77,GHS,THIRD_PARTY
ORMT-00012410,OR-C000490,1,SUCCESSFUL,2025-09-18 14:43:25.000,Oti|Jasikan,591.76,GHS,MOBILE_APP
ORMT-00012411,OR-C000490,5,SUCCESSFUL,2025-09-02 10:33:49.000,Oti|Jasikan,1215.28,GHS,THIRD_PARTY
ORMT-00012412,OR-C000490,10,SUCCESSFUL,2025-09-26 18:32:54.000,Oti|Jasikan,302.85,GHS,MOBILE_APP
ORMT-00012436,OR-C000492,7,SUCCESSFUL,2025-07-21 11:59:04.000,Volta|Keta,2083.03,GHS,WEB
ORMT-00012448,OR-C000494,5,SUCCESSFUL,2025-09-04 07:03:31.000,Greater Accra|Tema,132.85,GHS,WEB
ORMT-00012479,OR-C000495,6,REJECTED,2025-07-13 09:55:23.000,Eastern|Koforidua,1387.94,GHS,WEB
ORMT-00012480,OR-C000495,3,SUCCESSFUL,2025-07-26 14:04:30.000,Eastern|Koforidua,740.71,GHS,MOBILE_APP
ORMT-00012481,OR-C000495,3,SUCCESSFUL,2025-07-13 19:25:10.000,Eastern|Koforidua,1275.17,GHS,THIRD_PARTY
ORMT-00012482,OR-C000495,3,SUCCESSFUL,2025-07-22 15:31:08.000,Eastern|Koforidua,339.75,GHS,AGENT
ORMT-00012483,OR-C000495,9,SUCCESSFUL,2025-07-14 19:31:52.000,Eastern|Koforidua,377.08,GHS,WEB
ORMT-00012484,OR-C000495,4,SUCCESSFUL,2025-08-07 19:02:53.000,Eastern|Koforidua,720.1,GHS,MOBILE_APP
ORMT-00012485,OR-C000495,5,SUCCESSFUL,2025-08-04 11:36:53.000,Eastern|Koforidua,470.12,GHS,MOBILE_APP
ORMT-00012486,OR-C000495,4,SUCCESSFUL,2025-09-05 08:39:13.000,Eastern|Koforidua,2534.73,GHS,AGENT
ORMT-00012487,OR-C000495,4,SUCCESSFUL,2025-09-24 18:21:10.000,Eastern|Koforidua,782.55,GHS,AGENT
ORMT-00012506,OR-C000496,2,REJECTED,2025-08-18 18:18:11.000,Ashanti|Kumasi,739.05,GHS,AGENT
ORMT-00012507,OR-C000496,1,SUCCESSFUL,2025-08-07 13:32:09.000,Ashanti|Kumasi,1320.91,GHS,WEB
ORMT-00012541,OR-C000497,1,SUCCESSFUL,2025-07-27 13:27:49.000,Ahafo|Duayaw Nkwanta,706.65,GHS,MOBILE_APP
ORMT-00012542,OR-C000497,1,SUCCESSFUL,2025-07-16 07:14:10.000,Ahafo|Duayaw Nkwanta,1639.79,GHS,AGENT
ORMT-00012543,OR-C000497,4,SUCCESSFUL,2025-07-25 18:46:26.000,Ahafo|Duayaw Nkwanta,2074.02,GHS,API
ORMT-00012544,OR-C000497,2,SUCCESSFUL,2025-08-21 15:00:45.000,Ahafo|Duayaw Nkwanta,4060.96,GHS,AGENT
ORMT-00012545,OR-C000497,2,SUCCESSFUL,2025-09-27 19:24:19.000,Ahafo|Duayaw Nkwanta,480.84,GHS,AGENT
ORMT-00012546,OR-C000497,10,SUCCESSFUL,2025-09-07 10:21:09.000,Ahafo|Duayaw Nkwanta,1347.8,GHS,AGENT
ORMT-00012547,OR-C000497,1,SUCCESSFUL,2025-09-20 15:39:55.000,Ahafo|Duayaw Nkwanta,349.45,GHS,WEB
ORMT-00012548,OR-C000497,1,SUCCESSFUL,2025-09-15 21:28:10.000,Ahafo|Duayaw Nkwanta,465.0,GHS,AGENT
ORMT-00012561,OR-C000498,4,SUCCESSFUL,2025-07-22 15:37:48.000,Ashanti|Obuasi,339.98,GHS,THIRD_PARTY
ORMT-00012562,OR-C000498,3,SUCCESSFUL,2025-07-17 17:41:13.000,Ashanti|Obuasi,466.73,GHS,WEB
ORMT-00012578,OR-C000499,3,SUCCESSFUL,2025-08-29 11:19:25.000,Central|Winneba,2782.74,GHS,MOBILE_APP
ORMT-00012579,OR-C000499,3,SUCCESSFUL,2025-09-11 16:00:38.000,Central|Winneba,235.62,GHS,AGENT
ORMT-00012580,OR-C000499,2,SUCCESSFUL,2025-09-05 16:44:33.000,Central|Winneba,377.35,GHS,AGENT
