repayment_id,loan_id,repayment_amount,repayment_timestamp,repayment_location
SCRP-00000001,SCLN-00000001,578.85,2024-09-20 19:16:34.000,Ashanti|Kumasi
SCRP-00000002,SCLN-00000001,341.03,2024-10-06 16:59:37.000,Ashanti|Kumasi
SCRP-00000003,SCLN-00000001,113.1,2024-10-22 13:59:22.000,Ashanti|Kumasi
SCRP-00000004,SCLN-00000002,257.45,2025-06-07 14:30:37.000,Ashanti|Kumasi
SCRP-00000005,SCLN-00000002,140.1,2025-06-12 12:11:04.000,Ashanti|Kumasi
SCRP-00000006,SCLN-00000002,74.34,2025-06-20 16:13:46.000,Ashanti|Kumasi
SCRP-00000007,SCLN-00000002,37.37,2025-06-27 14:28:54.000,Ashanti|Kumasi
SCRP-00000008,SCLN-00000002,22.78,2025-07-01 14:13:56.000,Ashanti|Kumasi
SCRP-00000009,SCLN-00000003,323.65,2025-04-08 10:38:32.000,Western|Takoradi
SCRP-00000010,SCLN-00000003,162.74,2025-04-25 13:37:51.000,Western|Takoradi
SCRP-00000011,SCLN-00000003,81.39,2025-05-29 08:20:29.000,Western|Takoradi
SCRP-00000012,SCLN-00000004,625.67,2025-10-22 09:36:37.000,Western|Takoradi
SCRP-00000013,SCLN-00000004,311.65,2025-11-05 14:47:12.000,Western|Takoradi
SCRP-00000014,SCLN-00000004,188.68,2025-11-19 16:02:34.000,Western|Takoradi
SCRP-00000015,SCLN-00000004,101.7,2025-12-03 13:02:08.000,Western|Takoradi
SCRP-00000016,SCLN-00000005,167.84,2023-12-10 09:22:49.000,Volta|Hohoe
SCRP-00000017,SCLN-00000005,91.37,2023-12-27 12:08:40.000,Volta|Hohoe
SCRP-00000018,SCLN-00000005,50.73,2024-01-13 13:48:13.000,Volta|Hohoe
SCRP-00000019,SCLN-00000005,26.18,2024-01-30 16:53:31.000,Volta|Hohoe
SCRP-00000020,SCLN-00000006,222.44,2025-01-15 12:13:52.000,Volta|Hohoe
SCRP-00000021,SCLN-00000006,134.81,2025-01-23 08:34:45.000,Volta|Hohoe
SCRP-00000022,SCLN-00000006,74.52,2025-01-31 11:23:25.000,Volta|Hohoe
SCRP-00000023,SCLN-00000006,40.9,2025-02-07 17:15:52.000,Volta|Hohoe
SCRP-00000024,SCLN-00000006,21.46,2025-02-15 13:29:51.000,Volta|Hohoe
SCRP-00000025,SCLN-00000007,134.93,2025-07-09 12:06:29.000,Ashanti|Kumasi
SCRP-00000026,SCLN-00000007,69.59,2025-08-09 12:51:02.000,Ashanti|Kumasi
SCRP-00000027,SCLN-00000008,144.26,2023-12-16 12:52:48.000,Ashanti|Ejisu
SCRP-00000028,SCLN-00000008,90.26,2024-01-15 18:43:32.000,Ashanti|Ejisu
SCRP-00000029,SCLN-00000008,41.43,2024-02-12 16:16:13.000,Ashanti|Ejisu
SCRP-00000030,SCLN-00000009,678.97,2025-01-02 19:47:12.000,Ashanti|Ejisu
SCRP-00000031,SCLN-00000009,257.9,2025-01-31 12:36:28.000,Ashanti|Ejisu
SCRP-00000032,SCLN-00000012,222.46,2025-05-13 09:03:37.000,Greater Accra|Madina
SCRP-00000033,SCLN-00000012,104.76,2025-05-21 16:03:14.000,Greater Accra|Madina
SCRP-00000034,SCLN-00000012,58.3,2025-05-28 18:05:45.000,Greater Accra|Madina
SCRP-00000035,SCLN-00000012,30.11,2025-06-21 11:30:46.000,Greater Accra|Madina
SCRP-00000036,SCLN-00000013,749.85,2025-08-20 11:59:00.000,Greater Accra|Madina
SCRP-00000037,SCLN-00000013,416.27,2025-09-05 09:29:23.000,Greater Accra|Madina
SCRP-00000038,SCLN-00000013,233.23,2025-09-20 18:02:59.000,Greater Accra|Madina
SCRP-00000039,SCLN-00000013,125.37,2025-10-06 08:39:44.000,Greater Accra|Madina
SCRP-00000040,SCLN-00000013,71.32,2025-10-21 11:02:41.000,Greater Accra|Madina
SCRP-00000041,SCLN-00000014,449.04,2025-12-07 17:55:06.000,Upper West|Wa
SCRP-00000042,SCLN-00000014,230.64,2025-12-13 18:28:46.000,Upper West|Wa
SCRP-00000043,SCLN-00000014,104.64,2025-12-20 14:29:18.000,Upper West|Wa
SCRP-00000044,SCLN-00000014,63.82,2025-12-26 18:27:08.000,Upper West|Wa
SCRP-00000045,SCLN-00000015,2481.68,2023-07-15 13:05:50.000,Ahafo|Duayaw Nkwanta
SCRP-00000046,SCLN-00000015,1580.84,2023-08-01 17:44:20.000,Ahafo|Duayaw Nkwanta
SCRP-00000047,SCLN-00000015,838.97,2023-08-17 08:53:33.000,Ahafo|Duayaw Nkwanta
SCRP-00000048,SCLN-00000015,374.91,2023-09-03 11:40:39.000,Ahafo|Duayaw Nkwanta
SCRP-00000049,SCLN-00000015,242.75,2023-09-19 09:38:42.000,Ahafo|Duayaw Nkwanta
SCRP-00000050,SCLN-00000016,322.71,2024-04-21 13:31:05.000,Ahafo|Duayaw Nkwanta
SCRP-00000051,SCLN-00000016,174.33,2024-05-20 10:18:49.000,Ahafo|Duayaw Nkwanta
SCRP-00000052,SCLN-00000016,94.01,2024-06-18 16:51:07.000,Ahafo|Duayaw Nkwanta
SCRP-00000053,SCLN-00000017,728.62,2025-03-07 15:26:19.000,Bono East|Techiman
SCRP-00000054,SCLN-00000017,351.15,2025-03-25 19:17:03.000,Bono East|Techiman
SCRP-00000055,SCLN-00000017,180.36,2025-04-12 14:20:35.000,Bono East|Techiman
SCRP-00000056,SCLN-00000018,520.5,2024-06-15 14:53:18.000,Ashanti|Kumasi
SCRP-00000057,SCLN-00000018,278.83,2024-06-22 14:50:32.000,Ashanti|Kumasi
SCRP-00000058,SCLN-00000018,149.1,2024-06-29 10:27:33.000,Ashanti|Kumasi
SCRP-00000059,SCLN-00000018,83.31,2024-07-06 13:10:06.000,Ashanti|Kumasi
SCRP-00000060,SCLN-00000018,41.19,2024-07-13 19:31:39.000,Ashanti|Kumasi
SCRP-00000061,SCLN-00000019,251.99,2025-05-29 11:56:01.000,Bono East|Kintampo
SCRP-00000062,SCLN-00000019,121.15,2025-06-20 11:56:43.000,Bono East|Kintampo
SCRP-00000063,SCLN-00000019,61.29,2025-07-12 15:10:08.000,Bono East|Kintampo
SCRP-00000064,SCLN-00000019,37.52,2025-08-03 17:07:05.000,Bono East|Kintampo
SCRP-00000065,SCLN-00000020,241.08,2025-11-12 16:05:50.000,Bono East|Kintampo
SCRP-00000066,SCLN-00000020,158.46,2025-11-21 10:36:32.000,Bono East|Kintampo
SCRP-00000067,SCLN-00000020,78.61,2025-11-30 11:31:45.000,Bono East|Kintampo
SCRP-00000068,SCLN-00000021,2740.91,2025-06-09 19:21:25.000,Eastern|Nkawkaw
SCRP-00000069,SCLN-00000021,1638.99,2025-07-03 15:48:20.000,Eastern|Nkawkaw
SCRP-00000070,SCLN-00000021,869.28,2025-07-27 14:23:31.000,Eastern|Nkawkaw
SCRP-00000071,SCLN-00000022,559.56,2025-01-02 14:05:27.000,Ashanti|Obuasi
SCRP-00000072,SCLN-00000022,306.35,2025-02-06 16:36:20.000,Ashanti|Obuasi
SCRP-00000073,SCLN-00000023,335.77,2025-09-19 15:41:52.000,Greater Accra|Tema
SCRP-00000074,SCLN-00000023,202.17,2025-10-15 16:28:58.000,Greater Accra|Tema
SCRP-00000075,SCLN-00000024,379.6,2024-09-11 09:53:07.000,Greater Accra|Madina
SCRP-00000076,SCLN-00000024,176.36,2024-09-30 18:50:40.000,Greater Accra|Madina
SCRP-00000077,SCLN-00000025,501.27,2025-12-22 18:33:03.000,Greater Accra|Madina
SCRP-00000078,SCLN-00000025,326.81,2025-12-30 16:32:17.000,Greater Accra|Madina
SCRP-00000079,SCLN-00000028,207.77,2024-11-30 19:39:03.000,Northern|Tamale
SCRP-00000080,SCLN-00000028,93.21,2024-12-13 08:39:01.000,Northern|Tamale
SCRP-00000081,SCLN-00000028,55.14,2024-12-26 13:18:47.000,Northern|Tamale
SCRP-00000082,SCLN-00000029,345.47,2025-07-26 13:10:04.000,Northern|Tamale
SCRP-00000083,SCLN-00000029,161.65,2025-08-05 17:32:14.000,Northern|Tamale
SCRP-00000084,SCLN-00000029,81.34,2025-08-08 13:46:51.000,Northern|Tamale
SCRP-00000085,SCLN-00000030,1194.53,2025-09-22 11:56:34.000,Northern|Tamale
SCRP-00000086,SCLN-00000030,639.23,2025-10-04 17:37:58.000,Northern|Tamale
SCRP-00000087,SCLN-00000030,352.06,2025-10-16 15:35:03.000,Northern|Tamale
SCRP-00000088,SCLN-00000031,550.7,2025-02-12 18:35:32.000,Western|Axim
SCRP-00000089,SCLN-00000031,272.02,2025-03-03 17:36:22.000,Western|Axim
SCRP-00000090,SCLN-00000031,169.52,2025-04-14 14:28:54.000,Western|Axim
SCRP-00000091,SCLN-00000031,81.21,2025-05-02 12:19:14.000,Western|Axim
SCRP-00000092,SCLN-00000031,37.99,2025-04-22 18:19:58.000,Western|Axim
SCRP-00000093,SCLN-00000032,262.74,2025-10-30 11:55:08.000,Western|Axim
SCRP-00000094,SCLN-00000032,144.48,2025-11-14 18:05:14.000,Western|Axim
SCRP-00000095,SCLN-00000033,395.53,2025-12-01 13:50:44.000,Western|Axim
SCRP-00000096,SCLN-00000033,248.65,2025-12-19 09:20:48.000,Western|Axim
SCRP-00000097,SCLN-00000033,119.04,2025-12-26 12:10:11.000,Western|Axim
SCRP-00000098,SCLN-00000034,291.15,2024-12-01 16:19:47.000,Eastern|Koforidua
SCRP-00000099,SCLN-00000034,156.88,2024-12-30 11:31:04.000,Eastern|Koforidua
SCRP-00000100,SCLN-00000034,77.42,2025-01-27 17:10:22.000,Eastern|Koforidua
SCRP-00000101,SCLN-00000035,102.7,2025-02-13 13:01:30.000,Northern|Tamale
SCRP-00000102,SCLN-00000035,57.78,2025-03-08 19:25:20.000,Northern|Tamale
SCRP-00000103,SCLN-00000035,32.0,2025-04-20 18:15:01.000,Northern|Tamale
SCRP-00000104,SCLN-00000036,497.18,2025-11-15 13:58:46.000,Ashanti|Obuasi
SCRP-00000105,SCLN-00000036,295.34,2025-11-26 17:09:37.000,Ashanti|Obuasi
SCRP-00000106,SCLN-00000036,162.75,2025-12-06 10:45:30.000,Ashanti|Obuasi
SCRP-00000107,SCLN-00000036,79.68,2025-12-17 16:01:28.000,Ashanti|Obuasi
SCRP-00000108,SCLN-00000036,39.32,2025-12-27 08:13:48.000,Ashanti|Obuasi
SCRP-00000109,SCLN-00000037,805.63,2025-11-04 17:42:27.000,Greater Accra|Tema
SCRP-00000110,SCLN-00000037,401.29,2025-11-21 18:57:03.000,Greater Accra|Tema
SCRP-00000111,SCLN-00000037,221.71,2025-12-14 18:21:17.000,Greater Accra|Tema
SCRP-00000112,SCLN-00000038,279.68,2025-11-03 18:04:36.000,Upper East|Navrongo
SCRP-00000113,SCLN-00000038,151.77,2025-11-19 17:32:09.000,Upper East|Navrongo
SCRP-00000114,SCLN-00000038,87.59,2025-12-05 15:43:43.000,Upper East|Navrongo
SCRP-00000115,SCLN-00000038,51.98,2025-12-21 16:29:06.000,Upper East|Navrongo
SCRP-00000116,SCLN-00000039,98.56,2025-10-09 19:28:17.000,Oti|Dambai
SCRP-00000117,SCLN-00000039,46.43,2025-10-18 14:31:10.000,Oti|Dambai
SCRP-00000118,SCLN-00000039,23.87,2025-10-27 15:18:11.000,Oti|Dambai
SCRP-00000119,SCLN-00000040,1392.69,2025-12-20 09:41:43.000,Oti|Dambai
SCRP-00000120,SCLN-00000040,619.72,2025-12-25 12:24:53.000,Oti|Dambai
SCRP-00000121,SCLN-00000041,178.95,2025-09-13 09:48:23.000,Upper East|Navrongo
SCRP-00000122,SCLN-00000041,98.04,2025-09-18 12:38:35.000,Upper East|Navrongo
SCRP-00000123,SCLN-00000041,50.66,2025-10-27 17:53:37.000,Upper East|Navrongo
SCRP-00000124,SCLN-00000041,31.24,2025-10-27 15:11:40.000,Upper East|Navrongo
SCRP-00000125,SCLN-00000041,15.26,2025-11-06 10:30:25.000,Upper East|Navrongo
SCRP-00000126,SCLN-00000042,426.94,2025-06-05 12:57:59.000,Eastern|Akropong
SCRP-00000127,SCLN-00000042,248.12,2025-06-27 18:45:55.000,Eastern|Akropong
SCRP-00000128,SCLN-00000043,786.06,2025-11-26 15:30:07.000,Northern|Yendi
SCRP-00000129,SCLN-00000044,247.9,2025-09-29 18:13:48.000,Greater Accra|Accra
SCRP-00000130,SCLN-00000044,128.52,2025-10-18 13:48:31.000,Greater Accra|Accra
SCRP-00000131,SCLN-00000045,92.18,2025-11-24 13:32:11.000,Greater Accra|Accra
SCRP-00000132,SCLN-00000045,53.09,2025-12-02 10:44:40.000,Greater Accra|Accra
SCRP-00000133,SCLN-00000045,26.63,2025-12-10 15:20:57.000,Greater Accra|Accra
SCRP-00000134,SCLN-00000045,13.45,2025-12-18 10:28:50.000,Greater Accra|Accra
SCRP-00000135,SCLN-00000046,242.49,2024-10-12 09:37:16.000,Northern|Tamale
SCRP-00000136,SCLN-00000046,114.63,2024-10-25 10:04:45.000,Northern|Tamale
SCRP-00000137,SCLN-00000046,60.07,2024-11-07 12:40:04.000,Northern|Tamale
SCRP-00000138,SCLN-00000047,1090.65,2025-04-19 17:33:32.000,Northern|Tamale
SCRP-00000139,SCLN-00000047,538.17,2025-05-07 11:58:59.000,Northern|Tamale
SCRP-00000140,SCLN-00000048,345.47,2024-06-14 17:05:23.000,Western|Takoradi
SCRP-00000141,SCLN-00000048,212.92,2024-07-05 16:40:59.000,Western|Takoradi
SCRP-00000142,SCLN-00000050,1351.44,2025-12-11 11:39:57.000,Western|Takoradi
SCRP-00000143,SCLN-00000051,234.81,2025-02-12 18:07:28.000,Greater Accra|Kasoa
SCRP-00000144,SCLN-00000051,93.77,2025-02-22 14:25:09.000,Greater Accra|Kasoa
SCRP-00000145,SCLN-00000052,114.45,2025-12-24 12:12:59.000,Greater Accra|Kasoa
SCRP-00000146,SCLN-00000053,620.14,2025-03-16 10:32:09.000,Upper East|Bolgatanga
SCRP-00000147,SCLN-00000053,357.24,2025-03-28 16:06:25.000,Upper East|Bolgatanga
SCRP-00000148,SCLN-00000054,351.49,2025-10-06 17:39:27.000,Upper East|Bolgatanga
SCRP-00000149,SCLN-00000054,165.98,2025-10-14 09:50:36.000,Upper East|Bolgatanga
SCRP-00000150,SCLN-00000054,89.64,2025-10-21 17:26:04.000,Upper East|Bolgatanga
SCRP-00000151,SCLN-00000054,51.1,2025-10-29 09:47:36.000,Upper East|Bolgatanga
SCRP-00000152,SCLN-00000054,32.05,2025-11-05 12:48:44.000,Upper East|Bolgatanga
SCRP-00000153,SCLN-00000055,1232.77,2025-12-08 10:23:42.000,Upper East|Bolgatanga
SCRP-00000154,SCLN-00000055,684.63,2025-12-19 10:09:22.000,Upper East|Bolgatanga
SCRP-00000155,SCLN-00000055,391.68,2025-12-30 18:45:20.000,Upper East|Bolgatanga
SCRP-00000156,SCLN-00000056,767.2,2025-09-17 16:29:11.000,Greater Accra|Tema
SCRP-00000157,SCLN-00000056,479.36,2025-10-13 13:32:35.000,Greater Accra|Tema
SCRP-00000158,SCLN-00000057,632.23,2024-01-28 13:41:45.000,Greater Accra|Accra
SCRP-00000159,SCLN-00000057,331.69,2024-02-14 10:15:09.000,Greater Accra|Accra
SCRP-00000160,SCLN-00000057,173.74,2024-03-02 19:24:41.000,Greater Accra|Accra
SCRP-00000161,SCLN-00000057,105.7,2024-03-19 10:26:01.000,Greater Accra|Accra
SCRP-00000162,SCLN-00000057,57.47,2024-04-05 12:33:15.000,Greater Accra|Accra
SCRP-00000163,SCLN-00000058,636.52,2025-08-19 13:47:54.000,Greater Accra|Accra
SCRP-00000164,SCLN-00000058,330.23,2025-09-09 15:09:20.000,Greater Accra|Accra
SCRP-00000165,SCLN-00000058,185.54,2025-09-30 17:18:45.000,Greater Accra|Accra
SCRP-00000166,SCLN-00000059,2336.87,2025-12-18 13:23:05.000,Greater Accra|Accra
SCRP-00000167,SCLN-00000060,334.04,2025-08-25 14:43:23.000,Greater Accra|Kasoa
SCRP-00000168,SCLN-00000060,221.21,2025-09-04 12:06:23.000,Greater Accra|Kasoa
SCRP-00000169,SCLN-00000060,104.33,2025-09-11 13:37:53.000,Greater Accra|Kasoa
SCRP-00000170,SCLN-00000060,54.94,2025-09-29 15:06:13.000,Greater Accra|Kasoa
SCRP-00000171,SCLN-00000061,895.9,2025-11-13 11:41:20.000,Greater Accra|Kasoa
SCRP-00000172,SCLN-00000061,474.59,2025-11-28 08:39:08.000,Greater Accra|Kasoa
SCRP-00000173,SCLN-00000061,285.41,2025-12-19 16:20:55.000,Greater Accra|Kasoa
SCRP-00000174,SCLN-00000062,237.36,2024-04-28 19:24:06.000,Greater Accra|Kasoa
SCRP-00000175,SCLN-00000062,150.15,2024-05-04 18:10:09.000,Greater Accra|Kasoa
SCRP-00000176,SCLN-00000062,71.71,2024-05-10 16:58:39.000,Greater Accra|Kasoa
SCRP-00000177,SCLN-00000062,45.59,2024-05-16 11:11:38.000,Greater Accra|Kasoa
SCRP-00000178,SCLN-00000062,24.39,2024-05-22 18:59:25.000,Greater Accra|Kasoa
SCRP-00000179,SCLN-00000063,503.27,2024-12-12 14:18:54.000,Greater Accra|Kasoa
SCRP-00000180,SCLN-00000063,254.35,2024-12-22 17:51:52.000,Greater Accra|Kasoa
SCRP-00000181,SCLN-00000063,149.35,2025-01-01 15:01:03.000,Greater Accra|Kasoa
SCRP-00000182,SCLN-00000063,54.52,2025-01-11 18:24:41.000,Greater Accra|Kasoa
SCRP-00000183,SCLN-00000064,446.84,2024-02-14 16:52:23.000,Bono|Sunyani
SCRP-00000184,SCLN-00000064,224.7,2024-03-14 13:13:18.000,Bono|Sunyani
SCRP-00000185,SCLN-00000064,142.0,2024-04-11 09:59:50.000,Bono|Sunyani
SCRP-00000186,SCLN-00000065,109.17,2024-12-21 08:34:44.000,Central|Cape Coast
SCRP-00000187,SCLN-00000065,50.61,2024-12-28 17:55:59.000,Central|Cape Coast
SCRP-00000188,SCLN-00000065,26.09,2025-01-04 12:32:07.000,Central|Cape Coast
SCRP-00000189,SCLN-00000065,17.25,2025-01-11 19:53:24.000,Central|Cape Coast
SCRP-00000190,SCLN-00000066,92.97,2025-07-08 10:53:22.000,Eastern|Nkawkaw
SCRP-00000191,SCLN-00000066,47.53,2025-07-21 17:09:47.000,Eastern|Nkawkaw
SCRP-00000192,SCLN-00000066,25.65,2025-08-02 12:54:43.000,Eastern|Nkawkaw
SCRP-00000193,SCLN-00000066,15.6,2025-08-15 08:05:12.000,Eastern|Nkawkaw
SCRP-00000194,SCLN-00000066,8.73,2025-08-27 17:31:05.000,Eastern|Nkawkaw
SCRP-00000195,SCLN-00000067,319.32,2025-04-01 11:59:44.000,Ashanti|Ejisu
SCRP-00000196,SCLN-00000067,161.39,2025-04-26 11:31:20.000,Ashanti|Ejisu
SCRP-00000197,SCLN-00000067,83.5,2025-05-26 17:38:17.000,Ashanti|Ejisu
SCRP-00000198,SCLN-00000067,45.77,2025-06-29 10:48:56.000,Ashanti|Ejisu
SCRP-00000199,SCLN-00000068,198.72,2025-07-06 10:09:44.000,Ashanti|Ejisu
SCRP-00000200,SCLN-00000068,126.67,2025-08-03 14:45:19.000,Ashanti|Ejisu
SCRP-00000201,SCLN-00000068,61.11,2025-08-07 08:52:36.000,Ashanti|Ejisu
SCRP-00000202,SCLN-00000068,31.17,2025-08-03 08:39:04.000,Ashanti|Ejisu
SCRP-00000203,SCLN-00000068,17.36,2025-08-07 18:55:45.000,Ashanti|Ejisu
SCRP-00000204,SCLN-00000069,308.4,2024-02-20 14:58:44.000,Ashanti|Kumasi
SCRP-00000205,SCLN-00000069,164.98,2024-02-29 09:24:15.000,Ashanti|Kumasi
SCRP-00000206,SCLN-00000069,86.84,2024-03-15 11:10:07.000,Ashanti|Kumasi
SCRP-00000207,SCLN-00000069,48.45,2024-04-12 08:57:34.000,Ashanti|Kumasi
SCRP-00000208,SCLN-00000070,632.49,2024-05-08 14:36:38.000,Greater Accra|Tema
SCRP-00000209,SCLN-00000070,379.29,2024-05-19 09:40:56.000,Greater Accra|Tema
SCRP-00000210,SCLN-00000070,181.3,2024-06-09 08:05:30.000,Greater Accra|Tema
SCRP-00000211,SCLN-00000070,103.71,2024-06-23 15:28:09.000,Greater Accra|Tema
SCRP-00000212,SCLN-00000071,215.03,2025-08-14 17:15:54.000,Ashanti|Kumasi
SCRP-00000213,SCLN-00000071,116.72,2025-09-02 15:34:37.000,Ashanti|Kumasi
SCRP-00000214,SCLN-00000071,64.32,2025-09-21 17:56:50.000,Ashanti|Kumasi
SCRP-00000215,SCLN-00000071,16.2,2025-10-10 13:33:57.000,Ashanti|Kumasi
SCRP-00000216,SCLN-00000072,500.08,2025-07-21 15:47:40.000,Bono|Berekum
SCRP-00000217,SCLN-00000072,273.79,2025-07-30 11:08:50.000,Bono|Berekum
SCRP-00000218,SCLN-00000072,163.1,2025-08-09 11:28:54.000,Bono|Berekum
SCRP-00000219,SCLN-00000072,80.93,2025-08-18 10:58:24.000,Bono|Berekum
SCRP-00000220,SCLN-00000072,36.19,2025-08-27 14:54:53.000,Bono|Berekum
SCRP-00000221,SCLN-00000073,787.16,2025-11-12 15:36:51.000,Bono|Berekum
SCRP-00000222,SCLN-00000073,502.25,2025-11-19 16:02:16.000,Bono|Berekum
SCRP-00000223,SCLN-00000073,234.64,2025-11-26 08:39:41.000,Bono|Berekum
SCRP-00000224,SCLN-00000073,135.81,2025-12-03 11:51:03.000,Bono|Berekum
SCRP-00000225,SCLN-00000073,55.67,2025-12-10 12:45:06.000,Bono|Berekum
SCRP-00000226,SCLN-00000074,412.04,2025-11-07 12:16:39.000,Northern|Savelugu
SCRP-00000227,SCLN-00000074,185.01,2025-11-06 19:45:13.000,Northern|Savelugu
SCRP-00000228,SCLN-00000074,112.86,2025-12-09 13:18:00.000,Northern|Savelugu
SCRP-00000229,SCLN-00000075,485.55,2024-05-30 18:47:48.000,Ashanti|Ejisu
SCRP-00000230,SCLN-00000075,291.58,2024-06-11 17:32:05.000,Ashanti|Ejisu
SCRP-00000231,SCLN-00000075,139.71,2024-06-22 16:19:09.000,Ashanti|Ejisu
SCRP-00000232,SCLN-00000076,691.0,2025-06-16 16:42:38.000,Greater Accra|Accra
SCRP-00000233,SCLN-00000076,383.91,2025-06-22 14:42:04.000,Greater Accra|Accra
SCRP-00000234,SCLN-00000076,218.8,2025-06-28 12:33:05.000,Greater Accra|Accra
SCRP-00000235,SCLN-00000076,140.46,2025-07-04 18:45:10.000,Greater Accra|Accra
SCRP-00000236,SCLN-00000077,223.41,2025-12-06 15:30:12.000,Bono|Berekum
SCRP-00000237,SCLN-00000078,2330.49,2024-07-26 17:16:36.000,Central|Winneba
SCRP-00000238,SCLN-00000078,1155.87,2024-08-06 08:23:48.000,Central|Winneba
SCRP-00000239,SCLN-00000078,664.49,2024-08-16 17:25:28.000,Central|Winneba
SCRP-00000240,SCLN-00000079,688.37,2024-10-06 15:38:28.000,Central|Winneba
SCRP-00000241,SCLN-00000079,371.68,2024-10-16 10:12:01.000,Central|Winneba
SCRP-00000242,SCLN-00000079,190.97,2024-10-26 15:49:34.000,Central|Winneba
SCRP-00000243,SCLN-00000079,121.69,2024-11-05 08:11:02.000,Central|Winneba
SCRP-00000244,SCLN-00000079,57.4,2024-11-15 08:46:42.000,Central|Winneba
SCRP-00000245,SCLN-00000080,759.77,2024-08-11 10:58:06.000,Greater Accra|Madina
SCRP-00000246,SCLN-00000080,432.01,2024-08-23 18:35:12.000,Greater Accra|Madina
SCRP-00000247,SCLN-00000080,205.71,2024-09-04 18:49:17.000,Greater Accra|Madina
SCRP-00000248,SCLN-00000080,121.82,2024-09-16 09:41:59.000,Greater Accra|Madina
SCRP-00000249,SCLN-00000080,65.23,2024-09-28 15:58:57.000,Greater Accra|Madina
SCRP-00000250,SCLN-00000081,290.73,2025-07-27 19:07:11.000,Ashanti|Ejisu
SCRP-00000251,SCLN-00000081,134.83,2025-07-25 08:49:26.000,Ashanti|Ejisu
SCRP-00000252,SCLN-00000081,74.41,2025-07-31 12:45:16.000,Ashanti|Ejisu
SCRP-00000253,SCLN-00000081,39.78,2025-08-21 15:43:51.000,Ashanti|Ejisu
SCRP-00000254,SCLN-00000081,19.61,2025-09-23 12:26:42.000,Ashanti|Ejisu
SCRP-00000255,SCLN-00000082,673.65,2025-11-13 09:16:46.000,Ashanti|Ejisu
SCRP-00000256,SCLN-00000082,369.43,2025-11-29 08:14:52.000,Ashanti|Ejisu
SCRP-00000257,SCLN-00000082,203.67,2025-12-14 12:43:03.000,Ashanti|Ejisu
SCRP-00000258,SCLN-00000083,497.09,2025-07-31 19:27:54.000,Ashanti|Obuasi
SCRP-00000259,SCLN-00000083,289.86,2025-09-02 16:05:52.000,Ashanti|Obuasi
SCRP-00000260,SCLN-00000083,181.58,2025-09-08 15:13:42.000,Ashanti|Obuasi
SCRP-00000261,SCLN-00000083,86.11,2025-10-04 09:49:30.000,Ashanti|Obuasi
SCRP-00000262,SCLN-00000084,332.14,2024-05-18 16:43:00.000,Upper East|Bolgatanga
SCRP-00000263,SCLN-00000084,178.62,2024-05-30 11:08:18.000,Upper East|Bolgatanga
SCRP-00000264,SCLN-00000085,145.51,2025-04-26 13:48:29.000,Upper East|Bolgatanga
SCRP-00000265,SCLN-00000085,87.95,2025-05-08 09:38:55.000,Upper East|Bolgatanga
SCRP-00000266,SCLN-00000085,47.48,2025-05-20 14:06:44.000,Upper East|Bolgatanga
SCRP-00000267,SCLN-00000085,26.17,2025-06-01 15:38:10.000,Upper East|Bolgatanga
SCRP-00000268,SCLN-00000085,14.91,2025-06-13 19:34:50.000,Upper East|Bolgatanga
SCRP-00000269,SCLN-00000086,1300.67,2025-12-24 12:12:04.000,Upper East|Bolgatanga
SCRP-00000270,SCLN-00000087,109.56,2023-09-26 09:56:29.000,Greater Accra|Madina
SCRP-00000271,SCLN-00000087,63.33,2023-10-05 19:14:31.000,Greater Accra|Madina
SCRP-00000272,SCLN-00000087,32.26,2023-10-13 10:34:09.000,Greater Accra|Madina
SCRP-00000273,SCLN-00000087,21.01,2023-10-22 12:24:54.000,Greater Accra|Madina
SCRP-00000274,SCLN-00000087,9.99,2023-10-30 15:10:28.000,Greater Accra|Madina
SCRP-00000275,SCLN-00000088,1486.57,2024-03-25 12:24:54.000,Greater Accra|Madina
SCRP-00000276,SCLN-00000088,756.43,2024-04-06 17:37:39.000,Greater Accra|Madina
SCRP-00000277,SCLN-00000088,373.29,2024-04-17 13:40:25.000,Greater Accra|Madina
SCRP-00000278,SCLN-00000088,223.21,2024-04-29 19:59:10.000,Greater Accra|Madina
SCRP-00000279,SCLN-00000088,88.99,2024-05-10 14:45:10.000,Greater Accra|Madina
SCRP-00000280,SCLN-00000092,1206.99,2025-03-11 13:15:05.000,Ashanti|Kumasi
SCRP-00000281,SCLN-00000092,646.88,2025-03-31 08:38:29.000,Ashanti|Kumasi
SCRP-00000282,SCLN-00000093,466.75,2025-06-10 09:35:12.000,Ashanti|Kumasi
SCRP-00000283,SCLN-00000093,243.89,2025-06-28 11:17:29.000,Ashanti|Kumasi
SCRP-00000284,SCLN-00000093,138.8,2025-07-16 08:00:57.000,Ashanti|Kumasi
SCRP-00000285,SCLN-00000094,556.8,2025-10-20 19:33:07.000,Greater Accra|Accra
SCRP-00000286,SCLN-00000094,319.34,2025-11-13 17:56:38.000,Greater Accra|Accra
SCRP-00000287,SCLN-00000094,149.73,2025-12-06 08:27:00.000,Greater Accra|Accra
SCRP-00000288,SCLN-00000095,180.22,2025-08-25 08:04:08.000,Ahafo|Duayaw Nkwanta
SCRP-00000289,SCLN-00000095,103.63,2025-09-17 11:39:16.000,Ahafo|Duayaw Nkwanta
SCRP-00000290,SCLN-00000096,2037.3,2025-12-06 09:26:57.000,Ahafo|Duayaw Nkwanta
SCRP-00000291,SCLN-00000096,569.98,2025-12-31 12:34:45.000,Ahafo|Duayaw Nkwanta
SCRP-00000292,SCLN-00000097,362.28,2025-04-04 13:56:49.000,Bono|Sunyani
SCRP-00000293,SCLN-00000097,184.39,2025-04-12 10:18:18.000,Bono|Sunyani
SCRP-00000294,SCLN-00000097,87.11,2025-04-20 09:58:27.000,Bono|Sunyani
SCRP-00000295,SCLN-00000097,46.27,2025-04-28 11:06:25.000,Bono|Sunyani
SCRP-00000296,SCLN-00000097,26.54,2025-05-06 18:15:14.000,Bono|Sunyani
SCRP-00000297,SCLN-00000098,97.57,2025-05-22 19:23:58.000,Upper East|Navrongo
SCRP-00000298,SCLN-00000098,43.68,2025-06-27 17:18:22.000,Upper East|Navrongo
SCRP-00000299,SCLN-00000099,151.65,2025-10-12 13:23:08.000,Upper East|Navrongo
SCRP-00000300,SCLN-00000099,90.25,2025-10-21 19:23:57.000,Upper East|Navrongo
SCRP-00000301,SCLN-00000099,48.56,2025-10-31 14:10:46.000,Upper East|Navrongo
SCRP-00000302,SCLN-00000099,26.07,2025-11-09 13:01:38.000,Upper East|Navrongo
SCRP-00000303,SCLN-00000100,143.37,2025-08-01 14:29:44.000,Greater Accra|Madina
SCRP-00000304,SCLN-00000100,80.71,2025-08-11 13:24:51.000,Greater Accra|Madina
SCRP-00000305,SCLN-00000100,46.82,2025-08-21 17:40:31.000,Greater Accra|Madina
SCRP-00000306,SCLN-00000100,26.85,2025-08-30 11:50:26.000,Greater Accra|Madina
SCRP-00000307,SCLN-00000100,15.93,2025-09-13 08:12:14.000,Greater Accra|Madina
SCRP-00000308,SCLN-00000101,357.18,2025-11-11 09:31:58.000,Greater Accra|Madina
SCRP-00000309,SCLN-00000101,136.04,2025-12-01 11:22:30.000,Greater Accra|Madina
SCRP-00000310,SCLN-00000102,498.35,2025-02-14 13:05:56.000,Western|Takoradi
SCRP-00000311,SCLN-00000102,235.93,2025-02-28 19:10:27.000,Western|Takoradi
SCRP-00000312,SCLN-00000102,117.99,2025-03-14 16:32:04.000,Western|Takoradi
SCRP-00000313,SCLN-00000102,73.77,2025-03-28 08:03:36.000,Western|Takoradi
SCRP-00000314,SCLN-00000103,460.26,2025-12-28 17:53:57.000,Eastern|Akropong
SCRP-00000315,SCLN-00000104,392.02,2025-07-10 09:34:33.000,Western|Axim
SCRP-00000316,SCLN-00000104,215.73,2025-08-19 18:49:52.000,Western|Axim
SCRP-00000317,SCLN-00000104,103.96,2025-09-01 08:35:27.000,Western|Axim
SCRP-00000318,SCLN-00000105,1326.17,2025-11-18 10:51:48.000,Western|Axim
SCRP-00000319,SCLN-00000105,617.42,2025-12-22 12:24:34.000,Western|Axim
SCRP-00000320,SCLN-00000105,371.73,2025-12-18 16:44:58.000,Western|Axim
SCRP-00000321,SCLN-00000106,443.75,2024-11-01 13:58:51.000,Upper West|Wa
SCRP-00000322,SCLN-00000106,217.64,2024-11-26 14:47:09.000,Upper West|Wa
SCRP-00000323,SCLN-00000106,134.59,2024-12-20 18:05:58.000,Upper West|Wa
SCRP-00000324,SCLN-00000107,332.9,2024-04-20 12:12:58.000,Bono|Berekum
SCRP-00000325,SCLN-00000107,218.18,2024-05-08 15:31:23.000,Bono|Berekum
SCRP-00000326,SCLN-00000107,103.7,2024-05-26 19:03:52.000,Bono|Berekum
SCRP-00000327,SCLN-00000107,58.83,2024-06-13 11:45:13.000,Bono|Berekum
SCRP-00000328,SCLN-00000108,490.31,2024-09-09 19:02:19.000,Bono|Berekum
SCRP-00000329,SCLN-00000108,231.77,2024-10-02 19:31:02.000,Bono|Berekum
SCRP-00000330,SCLN-00000108,140.81,2024-10-10 12:15:41.000,Bono|Berekum
SCRP-00000331,SCLN-00000109,1538.16,2025-01-06 10:40:43.000,Bono|Berekum
SCRP-00000332,SCLN-00000109,1005.68,2025-01-18 16:50:42.000,Bono|Berekum
SCRP-00000333,SCLN-00000109,472.29,2025-01-31 08:37:51.000,Bono|Berekum
SCRP-00000334,SCLN-00000109,216.96,2025-02-12 19:18:30.000,Bono|Berekum
SCRP-00000335,SCLN-00000110,234.36,2024-07-15 11:48:04.000,Eastern|Koforidua
SCRP-00000336,SCLN-00000110,115.23,2024-08-14 17:56:38.000,Eastern|Koforidua
SCRP-00000337,SCLN-00000111,641.64,2024-12-17 13:04:22.000,Eastern|Koforidua
SCRP-00000338,SCLN-00000111,373.61,2024-12-26 08:31:57.000,Eastern|Koforidua
SCRP-00000339,SCLN-00000111,195.5,2025-01-14 18:19:54.000,Eastern|Koforidua
SCRP-00000340,SCLN-00000111,93.23,2025-01-16 12:53:58.000,Eastern|Koforidua
SCRP-00000341,SCLN-00000112,174.38,2025-07-22 10:33:23.000,Eastern|Koforidua
SCRP-00000342,SCLN-00000112,111.6,2025-08-12 10:22:40.000,Eastern|Koforidua
SCRP-00000343,SCLN-00000113,362.14,2025-07-30 16:42:10.000,Greater Accra|Kasoa
SCRP-00000344,SCLN-00000113,178.71,2025-08-22 18:53:47.000,Greater Accra|Kasoa
SCRP-00000345,SCLN-00000114,544.44,2025-10-20 14:20:13.000,Volta|Keta
SCRP-00000346,SCLN-00000114,306.92,2025-11-06 12:00:05.000,Volta|Keta
SCRP-00000347,SCLN-00000114,182.24,2025-11-23 09:31:19.000,Volta|Keta
SCRP-00000348,SCLN-00000114,98.26,2025-12-10 15:02:47.000,Volta|Keta
SCRP-00000349,SCLN-00000115,177.68,2025-03-13 14:45:06.000,Central|Elmina
SCRP-00000350,SCLN-00000115,83.73,2025-04-01 13:05:40.000,Central|Elmina
SCRP-00000351,SCLN-00000115,50.29,2025-04-20 08:52:45.000,Central|Elmina
SCRP-00000352,SCLN-00000116,419.51,2025-11-04 13:55:08.000,Central|Elmina
SCRP-00000353,SCLN-00000116,184.2,2025-11-21 09:34:35.000,Central|Elmina
SCRP-00000354,SCLN-00000116,108.01,2025-12-05 14:46:43.000,Central|Elmina
SCRP-00000355,SCLN-00000116,62.45,2025-11-19 13:17:11.000,Central|Elmina
SCRP-00000356,SCLN-00000117,967.79,2025-12-26 09:17:07.000,Central|Elmina
SCRP-00000357,SCLN-00000118,720.93,2025-10-11 13:48:54.000,Greater Accra|Accra
SCRP-00000358,SCLN-00000118,410.11,2025-11-10 15:29:51.000,Greater Accra|Accra
SCRP-00000359,SCLN-00000118,238.0,2025-12-10 19:15:39.000,Greater Accra|Accra
SCRP-00000360,SCLN-00000119,814.54,2023-12-29 15:39:21.000,Upper East|Bolgatanga
SCRP-00000361,SCLN-00000119,431.77,2024-01-09 14:23:30.000,Upper East|Bolgatanga
SCRP-00000362,SCLN-00000119,277.52,2024-01-19 15:51:52.000,Upper East|Bolgatanga
SCRP-00000363,SCLN-00000119,146.43,2024-02-03 11:23:34.000,Upper East|Bolgatanga
SCRP-00000364,SCLN-00000119,74.01,2024-02-11 14:58:09.000,Upper East|Bolgatanga
SCRP-00000365,SCLN-00000120,112.6,2025-10-25 18:19:08.000,Western|Tarkwa
SCRP-00000366,SCLN-00000120,57.57,2025-11-02 08:46:53.000,Western|Tarkwa
SCRP-00000367,SCLN-00000120,34.79,2025-11-09 14:47:54.000,Western|Tarkwa
SCRP-00000368,SCLN-00000120,16.84,2025-11-17 13:21:57.000,Western|Tarkwa
SCRP-00000369,SCLN-00000120,10.18,2025-11-24 13:50:01.000,Western|Tarkwa
SCRP-00000370,SCLN-00000121,493.81,2025-12-16 09:17:07.000,Greater Accra|Madina
SCRP-00000371,SCLN-00000122,488.57,2025-04-12 13:23:27.000,Upper East|Bolgatanga
SCRP-00000372,SCLN-00000122,290.66,2025-04-28 17:19:02.000,Upper East|Bolgatanga
SCRP-00000373,SCLN-00000122,150.15,2025-05-13 13:09:03.000,Upper East|Bolgatanga
SCRP-00000374,SCLN-00000122,72.01,2025-05-29 17:04:53.000,Upper East|Bolgatanga
SCRP-00000375,SCLN-00000122,20.27,2025-06-13 16:17:25.000,Upper East|Bolgatanga
SCRP-00000376,SCLN-00000123,1095.85,2025-08-19 15:52:23.000,Upper East|Bolgatanga
SCRP-00000377,SCLN-00000123,676.45,2025-09-05 15:32:11.000,Upper East|Bolgatanga
SCRP-00000378,SCLN-00000123,330.48,2025-09-22 11:26:12.000,Upper East|Bolgatanga
SCRP-00000379,SCLN-00000123,185.12,2025-10-09 16:35:40.000,Upper East|Bolgatanga
SCRP-00000380,SCLN-00000123,101.81,2025-10-26 17:38:08.000,Upper East|Bolgatanga
SCRP-00000381,SCLN-00000124,207.16,2024-11-11 10:01:05.000,Ashanti|Ejisu
SCRP-00000382,SCLN-00000124,99.28,2024-11-24 15:18:34.000,Ashanti|Ejisu
SCRP-00000383,SCLN-00000124,50.84,2024-12-07 10:59:32.000,Ashanti|Ejisu
SCRP-00000384,SCLN-00000124,30.02,2024-12-20 15:55:39.000,Ashanti|Ejisu
SCRP-00000385,SCLN-00000124,16.56,2025-01-02 11:12:14.000,Ashanti|Ejisu
SCRP-00000386,SCLN-00000125,132.79,2025-11-25 19:01:41.000,Ashanti|Ejisu
SCRP-00000387,SCLN-00000125,74.55,2025-12-26 14:19:49.000,Ashanti|Ejisu
SCRP-00000388,SCLN-00000126,630.25,2025-09-28 08:18:22.000,Greater Accra|Kasoa
SCRP-00000389,SCLN-00000126,402.72,2025-10-24 10:16:48.000,Greater Accra|Kasoa
SCRP-00000390,SCLN-00000126,200.65,2025-11-19 15:34:58.000,Greater Accra|Kasoa
SCRP-00000391,SCLN-00000127,986.04,2025-05-22 12:59:28.000,Ashanti|Ejisu
SCRP-00000392,SCLN-00000127,439.55,2025-06-19 11:20:06.000,Ashanti|Ejisu
SCRP-00000393,SCLN-00000128,375.05,2025-10-05 10:39:38.000,Ashanti|Ejisu
SCRP-00000394,SCLN-00000128,178.83,2025-10-07 19:52:22.000,Ashanti|Ejisu
SCRP-00000395,SCLN-00000128,109.08,2025-10-24 08:54:52.000,Ashanti|Ejisu
SCRP-00000396,SCLN-00000129,725.94,2025-10-06 13:23:28.000,Ashanti|Kumasi
SCRP-00000397,SCLN-00000129,378.42,2025-10-27 14:26:58.000,Ashanti|Kumasi
SCRP-00000398,SCLN-00000129,185.31,2025-11-16 08:45:31.000,Ashanti|Kumasi
SCRP-00000399,SCLN-00000130,464.99,2024-10-06 16:25:06.000,Eastern|Nkawkaw
SCRP-00000400,SCLN-00000130,274.15,2024-10-13 16:29:46.000,Eastern|Nkawkaw
SCRP-00000401,SCLN-00000130,133.49,2024-10-20 18:20:33.000,Eastern|Nkawkaw
SCRP-00000402,SCLN-00000130,67.42,2024-10-27 18:57:00.000,Eastern|Nkawkaw
SCRP-00000403,SCLN-00000130,39.82,2024-11-03 16:57:00.000,Eastern|Nkawkaw
SCRP-00000404,SCLN-00000131,922.39,2025-12-13 15:20:04.000,Eastern|Nkawkaw
SCRP-00000405,SCLN-00000132,189.9,2025-05-20 17:54:51.000,Eastern|Akropong
SCRP-00000406,SCLN-00000132,97.26,2025-05-26 18:08:56.000,Eastern|Akropong
SCRP-00000407,SCLN-00000132,52.21,2025-05-31 09:16:26.000,Eastern|Akropong
SCRP-00000408,SCLN-00000132,27.47,2025-06-06 15:29:14.000,Eastern|Akropong
SCRP-00000409,SCLN-00000132,13.92,2025-06-11 12:40:33.000,Eastern|Akropong
SCRP-00000410,SCLN-00000133,708.97,2025-09-24 12:41:28.000,Eastern|Akropong
SCRP-00000411,SCLN-00000133,366.5,2025-10-06 19:54:11.000,Eastern|Akropong
SCRP-00000412,SCLN-00000133,176.8,2025-10-17 12:59:05.000,Eastern|Akropong
SCRP-00000413,SCLN-00000133,94.95,2025-10-29 17:50:20.000,Eastern|Akropong
SCRP-00000414,SCLN-00000134,466.56,2025-12-12 13:18:54.000,Eastern|Akropong
SCRP-00000415,SCLN-00000134,208.62,2025-12-27 08:06:47.000,Eastern|Akropong
SCRP-00000416,SCLN-00000135,424.59,2025-09-15 15:40:00.000,Greater Accra|Madina
SCRP-00000417,SCLN-00000135,227.94,2025-09-15 10:02:37.000,Greater Accra|Madina
SCRP-00000418,SCLN-00000135,131.98,2025-10-13 15:47:41.000,Greater Accra|Madina
SCRP-00000419,SCLN-00000136,669.08,2025-12-01 19:43:11.000,Greater Accra|Madina
SCRP-00000420,SCLN-00000136,384.09,2025-12-20 15:43:56.000,Greater Accra|Madina
SCRP-00000421,SCLN-00000137,514.28,2025-07-12 19:09:44.000,Greater Accra|Kasoa
SCRP-00000422,SCLN-00000137,249.62,2025-07-11 13:39:03.000,Greater Accra|Kasoa
SCRP-00000423,SCLN-00000137,143.19,2025-08-07 16:38:34.000,Greater Accra|Kasoa
SCRP-00000424,SCLN-00000137,74.22,2025-07-30 08:18:52.000,Greater Accra|Kasoa
SCRP-00000425,SCLN-00000138,111.93,2025-10-09 08:50:25.000,Greater Accra|Kasoa
SCRP-00000426,SCLN-00000138,67.45,2025-10-18 19:19:55.000,Greater Accra|Kasoa
SCRP-00000427,SCLN-00000138,30.27,2025-10-27 19:19:34.000,Greater Accra|Kasoa
SCRP-00000428,SCLN-00000139,308.84,2025-10-15 15:51:14.000,Greater Accra|Tema
SCRP-00000429,SCLN-00000139,184.62,2025-11-10 12:18:08.000,Greater Accra|Tema
SCRP-00000430,SCLN-00000139,87.69,2025-11-28 10:14:01.000,Greater Accra|Tema
SCRP-00000431,SCLN-00000139,51.01,2025-12-07 09:38:40.000,Greater Accra|Tema
SCRP-00000432,SCLN-00000139,23.83,2025-12-29 15:05:27.000,Greater Accra|Tema
SCRP-00000433,SCLN-00000140,464.55,2025-02-27 10:00:33.000,Northern|Savelugu
SCRP-00000434,SCLN-00000140,245.69,2025-03-29 15:23:36.000,Northern|Savelugu
SCRP-00000435,SCLN-00000140,134.41,2025-04-28 11:05:12.000,Northern|Savelugu
SCRP-00000436,SCLN-00000141,574.93,2025-08-14 11:02:56.000,Northern|Savelugu
SCRP-00000437,SCLN-00000141,312.78,2025-09-01 15:56:26.000,Northern|Savelugu
SCRP-00000438,SCLN-00000141,156.45,2025-09-20 12:39:42.000,Northern|Savelugu
SCRP-00000439,SCLN-00000141,86.13,2025-10-08 08:04:49.000,Northern|Savelugu
SCRP-00000440,SCLN-00000141,50.09,2025-10-26 18:44:27.000,Northern|Savelugu
SCRP-00000441,SCLN-00000142,178.76,2025-12-08 15:02:55.000,Eastern|Nkawkaw
SCRP-00000442,SCLN-00000142,110.82,2025-12-16 17:23:02.000,Eastern|Nkawkaw
SCRP-00000443,SCLN-00000142,54.25,2025-12-24 15:28:57.000,Eastern|Nkawkaw
SCRP-00000444,SCLN-00000143,394.8,2025-02-24 19:21:06.000,Greater Accra|Madina
SCRP-00000445,SCLN-00000143,225.29,2025-03-08 17:03:18.000,Greater Accra|Madina
SCRP-00000446,SCLN-00000143,142.54,2025-03-21 14:52:53.000,Greater Accra|Madina
SCRP-00000447,SCLN-00000143,69.64,2025-04-02 12:08:34.000,Greater Accra|Madina
SCRP-00000448,SCLN-00000143,20.27,2025-04-14 18:02:32.000,Greater Accra|Madina
SCRP-00000449,SCLN-00000144,257.69,2024-05-07 09:33:40.000,Greater Accra|Kasoa
SCRP-00000450,SCLN-00000144,120.95,2024-05-26 08:03:26.000,Greater Accra|Kasoa
SCRP-00000451,SCLN-00000145,120.49,2025-07-03 18:19:47.000,Greater Accra|Accra
SCRP-00000452,SCLN-00000145,67.76,2025-07-12 08:49:45.000,Greater Accra|Accra
SCRP-00000453,SCLN-00000145,39.38,2025-08-01 14:39:59.000,Greater Accra|Accra
SCRP-00000454,SCLN-00000145,19.02,2025-08-21 13:26:23.000,Greater Accra|Accra
SCRP-00000455,SCLN-00000146,442.01,2023-11-17 11:57:33.000,Greater Accra|Accra
SCRP-00000456,SCLN-00000146,269.35,2023-12-14 14:01:29.000,Greater Accra|Accra
SCRP-00000457,SCLN-00000147,210.95,2024-03-06 14:18:30.000,Greater Accra|Accra
SCRP-00000458,SCLN-00000147,100.34,2024-03-26 08:38:46.000,Greater Accra|Accra
SCRP-00000459,SCLN-00000147,63.56,2024-04-16 10:00:53.000,Greater Accra|Accra
SCRP-00000460,SCLN-00000147,25.71,2024-05-06 08:42:06.000,Greater Accra|Accra
SCRP-00000461,SCLN-00000148,120.18,2024-10-02 18:15:18.000,Greater Accra|Accra
SCRP-00000462,SCLN-00000148,57.3,2024-10-20 16:43:08.000,Greater Accra|Accra
SCRP-00000463,SCLN-00000148,30.83,2024-10-29 12:34:20.000,Greater Accra|Accra
SCRP-00000464,SCLN-00000149,260.1,2025-10-31 19:27:22.000,Greater Accra|Accra
SCRP-00000465,SCLN-00000149,66.22,2025-12-06 14:26:03.000,Greater Accra|Accra
SCRP-00000466,SCLN-00000150,191.69,2025-10-01 14:54:23.000,Ashanti|Ejisu
SCRP-00000467,SCLN-00000150,101.18,2025-10-15 09:06:06.000,Ashanti|Ejisu
SCRP-00000468,SCLN-00000150,47.0,2025-10-30 19:27:02.000,Ashanti|Ejisu
SCRP-00000469,SCLN-00000150,27.66,2025-11-13 09:11:21.000,Ashanti|Ejisu
SCRP-00000470,SCLN-00000150,14.86,2025-11-27 15:14:17.000,Ashanti|Ejisu
SCRP-00000471,SCLN-00000151,90.78,2024-09-23 12:17:38.000,Bono East|Techiman
SCRP-00000472,SCLN-00000151,58.64,2024-10-07 10:05:10.000,Bono East|Techiman
SCRP-00000473,SCLN-00000151,20.64,2024-10-21 17:38:09.000,Bono East|Techiman
SCRP-00000474,SCLN-00000152,141.52,2025-11-29 12:18:34.000,Bono East|Techiman
SCRP-00000475,SCLN-00000152,67.89,2025-12-08 11:32:37.000,Bono East|Techiman
SCRP-00000476,SCLN-00000152,33.63,2025-12-17 19:26:31.000,Bono East|Techiman
SCRP-00000477,SCLN-00000152,18.83,2025-12-26 17:32:31.000,Bono East|Techiman
SCRP-00000478,SCLN-00000153,1506.52,2025-11-17 08:16:03.000,Ashanti|Kumasi
SCRP-00000479,SCLN-00000153,934.15,2025-12-11 17:11:45.000,Ashanti|Kumasi
SCRP-00000480,SCLN-00000154,429.28,2024-09-06 14:40:23.000,Greater Accra|Madina
SCRP-00000481,SCLN-00000154,219.86,2024-10-02 08:14:17.000,Greater Accra|Madina
SCRP-00000482,SCLN-00000154,121.0,2024-10-28 19:43:56.000,Greater Accra|Madina
SCRP-00000483,SCLN-00000155,1173.12,2025-02-05 15:32:50.000,Greater Accra|Accra
SCRP-00000484,SCLN-00000155,703.08,2025-03-09 16:53:49.000,Greater Accra|Accra
SCRP-00000485,SCLN-00000155,401.82,2025-04-02 08:38:07.000,Greater Accra|Accra
SCRP-00000486,SCLN-00000156,416.44,2025-09-12 10:43:30.000,Greater Accra|Accra
SCRP-00000487,SCLN-00000156,252.05,2025-09-20 12:59:54.000,Greater Accra|Accra
SCRP-00000488,SCLN-00000156,117.63,2025-09-27 17:45:42.000,Greater Accra|Accra
SCRP-00000489,SCLN-00000157,250.38,2025-11-21 18:25:30.000,Western|Takoradi
SCRP-00000490,SCLN-00000157,122.93,2025-12-11 19:15:08.000,Western|Takoradi
SCRP-00000491,SCLN-00000157,70.9,2025-12-30 18:11:48.000,Western|Takoradi
SCRP-00000492,SCLN-00000159,300.05,2025-04-28 14:20:58.000,Oti|Dambai
SCRP-00000493,SCLN-00000159,179.76,2025-06-01 18:59:21.000,Oti|Dambai
SCRP-00000494,SCLN-00000160,379.91,2025-09-15 19:29:22.000,Oti|Dambai
SCRP-00000495,SCLN-00000160,196.18,2025-10-01 15:31:48.000,Oti|Dambai
SCRP-00000496,SCLN-00000160,103.08,2025-10-16 15:37:28.000,Oti|Dambai
SCRP-00000497,SCLN-00000162,271.78,2024-03-15 19:30:02.000,Ashanti|Kumasi
SCRP-00000498,SCLN-00000162,157.89,2024-04-20 14:46:38.000,Ashanti|Kumasi
SCRP-00000499,SCLN-00000162,98.1,2024-04-24 16:11:45.000,Ashanti|Kumasi
SCRP-00000500,SCLN-00000162,47.51,2024-04-30 08:37:18.000,Ashanti|Kumasi
SCRP-00000501,SCLN-00000162,26.94,2024-04-18 09:56:59.000,Ashanti|Kumasi
SCRP-00000502,SCLN-00000163,273.88,2024-10-11 16:34:55.000,Greater Accra|Accra
SCRP-00000503,SCLN-00000163,120.58,2024-10-22 16:18:49.000,Greater Accra|Accra
SCRP-00000504,SCLN-00000163,68.49,2024-11-02 14:56:04.000,Greater Accra|Accra
SCRP-00000505,SCLN-00000164,256.47,2025-01-13 13:51:54.000,Greater Accra|Accra
SCRP-00000506,SCLN-00000164,133.0,2025-01-28 09:46:52.000,Greater Accra|Accra
SCRP-00000507,SCLN-00000164,61.6,2025-02-24 19:54:00.000,Greater Accra|Accra
SCRP-00000508,SCLN-00000164,36.46,2025-03-19 11:36:56.000,Greater Accra|Accra
SCRP-00000509,SCLN-00000165,648.33,2025-11-23 19:03:06.000,Greater Accra|Accra
SCRP-00000510,SCLN-00000165,306.38,2025-12-02 10:30:31.000,Greater Accra|Accra
SCRP-00000511,SCLN-00000165,166.71,2025-12-11 18:33:18.000,Greater Accra|Accra
SCRP-00000512,SCLN-00000166,557.64,2025-09-11 10:58:57.000,Greater Accra|Tema
SCRP-00000513,SCLN-00000166,354.78,2025-09-16 14:09:46.000,Greater Accra|Tema
SCRP-00000514,SCLN-00000166,164.78,2025-09-21 18:40:22.000,Greater Accra|Tema
SCRP-00000515,SCLN-00000166,91.09,2025-09-26 13:08:16.000,Greater Accra|Tema
SCRP-00000516,SCLN-00000166,50.57,2025-10-01 11:33:24.000,Greater Accra|Tema
SCRP-00000517,SCLN-00000167,215.72,2024-08-24 17:29:53.000,Volta|Hohoe
SCRP-00000518,SCLN-00000167,108.28,2024-09-11 12:16:09.000,Volta|Hohoe
SCRP-00000519,SCLN-00000167,51.63,2024-09-29 16:58:32.000,Volta|Hohoe
SCRP-00000520,SCLN-00000168,481.68,2025-10-02 16:06:52.000,Volta|Hohoe
SCRP-00000521,SCLN-00000168,244.6,2025-10-09 10:01:15.000,Volta|Hohoe
SCRP-00000522,SCLN-00000168,154.55,2025-10-16 17:49:03.000,Volta|Hohoe
SCRP-00000523,SCLN-00000168,74.08,2025-10-23 17:07:23.000,Volta|Hohoe
SCRP-00000524,SCLN-00000169,751.07,2025-11-28 12:20:35.000,Volta|Hohoe
SCRP-00000525,SCLN-00000169,360.73,2025-12-11 12:03:45.000,Volta|Hohoe
SCRP-00000526,SCLN-00000169,230.5,2025-12-23 16:39:14.000,Volta|Hohoe
SCRP-00000527,SCLN-00000170,228.4,2025-10-01 17:51:23.000,Northern|Tamale
SCRP-00000528,SCLN-00000170,135.44,2025-10-08 15:41:03.000,Northern|Tamale
SCRP-00000529,SCLN-00000170,83.26,2025-10-15 19:15:17.000,Northern|Tamale
SCRP-00000530,SCLN-00000170,17.66,2025-10-22 16:26:55.000,Northern|Tamale
SCRP-00000531,SCLN-00000171,195.45,2025-12-15 17:06:10.000,Northern|Tamale
SCRP-00000532,SCLN-00000172,1076.27,2024-10-19 08:46:50.000,Oti|Jasikan
SCRP-00000533,SCLN-00000172,527.16,2024-11-27 15:56:27.000,Oti|Jasikan
SCRP-00000534,SCLN-00000173,150.33,2025-11-03 08:01:28.000,Greater Accra|Madina
SCRP-00000535,SCLN-00000173,66.73,2025-11-21 11:27:41.000,Greater Accra|Madina
SCRP-00000536,SCLN-00000173,38.23,2025-12-09 18:40:40.000,Greater Accra|Madina
SCRP-00000537,SCLN-00000173,21.64,2025-12-26 08:09:45.000,Greater Accra|Madina
SCRP-00000538,SCLN-00000174,248.59,2024-08-07 15:19:14.000,Eastern|Koforidua
SCRP-00000539,SCLN-00000174,131.21,2024-08-15 13:05:52.000,Eastern|Koforidua
SCRP-00000540,SCLN-00000174,79.87,2024-08-23 12:58:49.000,Eastern|Koforidua
SCRP-00000541,SCLN-00000174,27.37,2024-08-31 13:44:40.000,Eastern|Koforidua
SCRP-00000542,SCLN-00000175,312.47,2024-11-27 09:17:19.000,Eastern|Koforidua
SCRP-00000543,SCLN-00000175,161.46,2024-12-19 17:40:30.000,Eastern|Koforidua
SCRP-00000544,SCLN-00000175,84.53,2025-01-10 13:56:16.000,Eastern|Koforidua
SCRP-00000545,SCLN-00000176,138.42,2025-04-03 09:46:27.000,Eastern|Koforidua
SCRP-00000546,SCLN-00000176,81.76,2025-04-19 12:56:02.000,Eastern|Koforidua
SCRP-00000547,SCLN-00000176,45.22,2025-05-05 12:32:34.000,Eastern|Koforidua
SCRP-00000548,SCLN-00000176,19.7,2025-05-21 10:19:43.000,Eastern|Koforidua
SCRP-00000549,SCLN-00000176,13.03,2025-06-06 13:54:38.000,Eastern|Koforidua
SCRP-00000550,SCLN-00000177,234.12,2025-09-01 17:37:38.000,Eastern|Koforidua
SCRP-00000551,SCLN-00000177,118.03,2025-09-18 17:38:04.000,Eastern|Koforidua
SCRP-00000552,SCLN-00000177,63.85,2025-10-05 12:17:53.000,Eastern|Koforidua
SCRP-00000553,SCLN-00000177,23.21,2025-10-22 18:04:30.000,Eastern|Koforidua
SCRP-00000554,SCLN-00000178,192.42,2025-12-23 16:59:13.000,Eastern|Koforidua
SCRP-00000555,SCLN-00000178,113.24,2025-12-23 12:34:59.000,Eastern|Koforidua
SCRP-00000556,SCLN-00000179,389.86,2025-10-04 10:55:25.000,Greater Accra|Accra
SCRP-00000557,SCLN-00000179,207.3,2025-10-29 13:15:19.000,Greater Accra|Accra
SCRP-00000558,SCLN-00000179,49.09,2025-11-23 08:53:28.000,Greater Accra|Accra
SCRP-00000559,SCLN-00000180,530.26,2024-09-25 14:58:32.000,Greater Accra|Tema
SCRP-00000560,SCLN-00000180,262.76,2024-10-19 17:16:57.000,Greater Accra|Tema
SCRP-00000561,SCLN-00000181,685.76,2025-08-26 08:46:10.000,Upper West|Lawra
SCRP-00000562,SCLN-00000181,422.06,2025-09-12 10:59:52.000,Upper West|Lawra
SCRP-00000563,SCLN-00000181,222.49,2025-09-29 12:12:01.000,Upper West|Lawra
SCRP-00000564,SCLN-00000181,111.19,2025-10-16 08:31:06.000,Upper West|Lawra
SCRP-00000565,SCLN-00000182,887.2,2025-12-03 19:55:48.000,Upper West|Lawra
SCRP-00000566,SCLN-00000182,409.76,2025-12-18 14:03:29.000,Upper West|Lawra
SCRP-00000567,SCLN-00000183,437.6,2025-05-13 16:30:21.000,Greater Accra|Accra
SCRP-00000568,SCLN-00000183,267.05,2025-05-24 13:43:52.000,Greater Accra|Accra
SCRP-00000569,SCLN-00000183,146.84,2025-06-04 08:16:50.000,Greater Accra|Accra
SCRP-00000570,SCLN-00000184,367.78,2025-05-24 13:44:45.000,Bono East|Techiman
SCRP-00000571,SCLN-00000184,167.73,2025-06-23 16:51:59.000,Bono East|Techiman
SCRP-00000572,SCLN-00000184,103.12,2025-06-17 19:24:39.000,Bono East|Techiman
SCRP-00000573,SCLN-00000185,168.67,2024-06-19 17:51:36.000,Ashanti|Obuasi
SCRP-00000574,SCLN-00000185,80.46,2024-06-17 11:44:41.000,Ashanti|Obuasi
SCRP-00000575,SCLN-00000185,45.14,2024-07-25 15:06:00.000,Ashanti|Obuasi
SCRP-00000576,SCLN-00000185,25.12,2024-08-05 13:18:38.000,Ashanti|Obuasi
SCRP-00000577,SCLN-00000185,13.29,2024-09-07 16:41:58.000,Ashanti|Obuasi
SCRP-00000578,SCLN-00000186,1113.13,2024-12-28 15:57:47.000,Ashanti|Obuasi
SCRP-00000579,SCLN-00000186,556.45,2025-01-19 16:52:48.000,Ashanti|Obuasi
SCRP-00000580,SCLN-00000186,313.78,2025-02-15 18:34:35.000,Ashanti|Obuasi
SCRP-00000581,SCLN-00000187,642.36,2025-10-08 11:18:15.000,Ashanti|Obuasi
SCRP-00000582,SCLN-00000187,354.15,2025-10-15 15:02:09.000,Ashanti|Obuasi
SCRP-00000583,SCLN-00000187,190.56,2025-10-22 18:32:47.000,Ashanti|Obuasi
SCRP-00000584,SCLN-00000187,100.68,2025-10-29 09:56:06.000,Ashanti|Obuasi
SCRP-00000585,SCLN-00000187,58.98,2025-11-05 13:23:53.000,Ashanti|Obuasi
SCRP-00000586,SCLN-00000188,509.13,2025-11-24 08:23:41.000,Ashanti|Obuasi
SCRP-00000587,SCLN-00000188,261.6,2025-12-09 08:36:48.000,Ashanti|Obuasi
SCRP-00000588,SCLN-00000189,459.55,2024-10-23 19:22:06.000,Ashanti|Obuasi
SCRP-00000589,SCLN-00000189,277.56,2024-11-15 16:35:28.000,Ashanti|Obuasi
SCRP-00000590,SCLN-00000189,142.97,2024-12-08 15:32:40.000,Ashanti|Obuasi
SCRP-00000591,SCLN-00000190,178.09,2024-03-25 18:20:39.000,Northern|Yendi
SCRP-00000592,SCLN-00000190,54.97,2024-04-23 08:52:15.000,Northern|Yendi
SCRP-00000593,SCLN-00000192,257.85,2023-11-28 11:15:51.000,Greater Accra|Kasoa
SCRP-00000594,SCLN-00000192,129.87,2023-12-09 12:50:06.000,Greater Accra|Kasoa
SCRP-00000595,SCLN-00000192,81.77,2023-12-20 19:24:05.000,Greater Accra|Kasoa
SCRP-00000596,SCLN-00000192,42.29,2023-12-31 10:34:39.000,Greater Accra|Kasoa
SCRP-00000597,SCLN-00000193,488.72,2025-08-05 15:43:23.000,Greater Accra|Kasoa
SCRP-00000598,SCLN-00000193,290.41,2025-08-16 15:10:16.000,Greater Accra|Kasoa
SCRP-00000599,SCLN-00000194,121.18,2024-08-28 19:43:37.000,Central|Elmina
SCRP-00000600,SCLN-00000194,69.84,2024-09-16 19:46:42.000,Central|Elmina
SCRP-00000601,SCLN-00000194,38.9,2024-10-05 15:23:35.000,Central|Elmina
SCRP-00000602,SCLN-00000194,22.49,2024-10-24 19:29:14.000,Central|Elmina
SCRP-00000603,SCLN-00000195,1202.67,2025-10-28 10:46:08.000,Central|Elmina
SCRP-00000604,SCLN-00000195,531.86,2025-11-26 15:04:17.000,Central|Elmina
SCRP-00000605,SCLN-00000196,693.84,2024-02-04 19:04:35.000,Greater Accra|Tema
SCRP-00000606,SCLN-00000196,409.62,2024-02-13 11:12:00.000,Greater Accra|Tema
SCRP-00000607,SCLN-00000197,1289.78,2025-10-05 10:18:57.000,Eastern|Nkawkaw
SCRP-00000608,SCLN-00000197,824.13,2025-10-26 15:49:25.000,Eastern|Nkawkaw
SCRP-00000609,SCLN-00000197,339.53,2025-11-16 16:00:02.000,Eastern|Nkawkaw
SCRP-00000610,SCLN-00000198,309.42,2025-05-06 18:57:51.000,Greater Accra|Kasoa
SCRP-00000611,SCLN-00000198,162.21,2025-04-30 18:38:00.000,Greater Accra|Kasoa
SCRP-00000612,SCLN-00000200,2189.35,2025-04-14 13:53:09.000,Central|Cape Coast
SCRP-00000613,SCLN-00000200,1079.37,2025-05-19 11:03:41.000,Central|Cape Coast
SCRP-00000614,SCLN-00000201,999.71,2025-12-27 16:34:17.000,Central|Elmina
SCRP-00000615,SCLN-00000202,735.47,2024-06-14 11:11:01.000,Ashanti|Kumasi
SCRP-00000616,SCLN-00000202,349.57,2024-07-03 10:52:30.000,Ashanti|Kumasi
SCRP-00000617,SCLN-00000202,118.09,2024-07-22 08:33:58.000,Ashanti|Kumasi
SCRP-00000618,SCLN-00000203,480.46,2025-02-09 18:44:29.000,Central|Elmina
SCRP-00000619,SCLN-00000203,282.08,2025-02-17 12:35:25.000,Central|Elmina
SCRP-00000620,SCLN-00000203,128.25,2025-02-21 19:38:09.000,Central|Elmina
SCRP-00000621,SCLN-00000203,84.55,2025-03-05 19:42:18.000,Central|Elmina
SCRP-00000622,SCLN-00000204,167.44,2025-08-23 19:30:29.000,Central|Elmina
SCRP-00000623,SCLN-00000204,80.9,2025-09-07 10:39:23.000,Central|Elmina
SCRP-00000624,SCLN-00000204,37.98,2025-09-23 12:10:37.000,Central|Elmina
SCRP-00000625,SCLN-00000204,24.69,2025-10-08 17:39:29.000,Central|Elmina
SCRP-00000626,SCLN-00000204,11.58,2025-10-23 19:45:06.000,Central|Elmina
SCRP-00000627,SCLN-00000205,3549.05,2025-09-06 17:07:17.000,Greater Accra|Madina
SCRP-00000628,SCLN-00000205,1719.83,2025-09-20 16:08:44.000,Greater Accra|Madina
SCRP-00000629,SCLN-00000206,876.11,2025-02-27 19:35:45.000,Greater Accra|Accra
SCRP-00000630,SCLN-00000206,463.98,2025-03-21 10:38:10.000,Greater Accra|Accra
SCRP-00000631,SCLN-00000206,228.9,2025-04-12 11:46:11.000,Greater Accra|Accra
SCRP-00000632,SCLN-00000207,208.39,2025-11-03 08:04:13.000,Northern|Yendi
SCRP-00000633,SCLN-00000207,125.81,2025-11-28 11:01:52.000,Northern|Yendi
SCRP-00000634,SCLN-00000208,332.61,2024-10-25 12:24:04.000,Central|Cape Coast
SCRP-00000635,SCLN-00000208,182.2,2024-11-16 19:05:53.000,Central|Cape Coast
SCRP-00000636,SCLN-00000208,110.67,2024-12-09 12:52:23.000,Central|Cape Coast
SCRP-00000637,SCLN-00000208,31.5,2024-12-31 09:34:37.000,Central|Cape Coast
SCRP-00000638,SCLN-00000209,1064.49,2025-09-19 16:27:28.000,Central|Cape Coast
SCRP-00000639,SCLN-00000209,434.35,2025-10-27 10:24:52.000,Central|Cape Coast
SCRP-00000640,SCLN-00000210,1087.44,2025-06-19 16:22:33.000,Northern|Yendi
SCRP-00000641,SCLN-00000210,586.63,2025-06-27 11:22:12.000,Northern|Yendi
SCRP-00000642,SCLN-00000211,129.77,2025-09-02 19:49:13.000,Ashanti|Obuasi
SCRP-00000643,SCLN-00000211,74.75,2025-09-10 18:00:18.000,Ashanti|Obuasi
SCRP-00000644,SCLN-00000211,37.27,2025-09-18 15:18:23.000,Ashanti|Obuasi
SCRP-00000645,SCLN-00000211,20.64,2025-09-26 19:25:15.000,Ashanti|Obuasi
SCRP-00000646,SCLN-00000211,11.64,2025-10-04 16:26:01.000,Ashanti|Obuasi
SCRP-00000647,SCLN-00000212,1520.76,2025-11-15 08:14:46.000,Ashanti|Obuasi
SCRP-00000648,SCLN-00000212,689.58,2025-12-01 10:11:19.000,Ashanti|Obuasi
SCRP-00000649,SCLN-00000213,501.76,2024-10-28 12:26:50.000,Western|Takoradi
SCRP-00000650,SCLN-00000213,276.22,2024-11-21 16:02:04.000,Western|Takoradi
SCRP-00000651,SCLN-00000213,136.42,2024-12-15 18:32:58.000,Western|Takoradi
SCRP-00000652,SCLN-00000213,74.46,2025-01-08 14:59:18.000,Western|Takoradi
SCRP-00000653,SCLN-00000214,395.81,2024-10-19 16:46:19.000,Ashanti|Obuasi
SCRP-00000654,SCLN-00000214,210.62,2024-11-01 10:23:10.000,Ashanti|Obuasi
SCRP-00000655,SCLN-00000214,102.48,2024-11-14 19:02:54.000,Ashanti|Obuasi
SCRP-00000656,SCLN-00000214,56.25,2024-11-26 13:14:43.000,Ashanti|Obuasi
SCRP-00000657,SCLN-00000214,30.48,2024-12-09 10:08:12.000,Ashanti|Obuasi
SCRP-00000658,SCLN-00000215,698.87,2025-07-28 16:24:23.000,Ashanti|Obuasi
SCRP-00000659,SCLN-00000215,410.09,2025-08-03 14:33:41.000,Ashanti|Obuasi
SCRP-00000660,SCLN-00000215,248.1,2025-08-10 08:04:17.000,Ashanti|Obuasi
SCRP-00000661,SCLN-00000215,116.0,2025-08-16 14:39:58.000,Ashanti|Obuasi
SCRP-00000662,SCLN-00000215,71.0,2025-08-22 19:10:45.000,Ashanti|Obuasi
SCRP-00000663,SCLN-00000216,290.44,2024-12-19 19:24:39.000,Bono East|Techiman
SCRP-00000664,SCLN-00000216,181.89,2025-01-02 16:09:33.000,Bono East|Techiman
SCRP-00000665,SCLN-00000216,99.09,2025-01-16 09:23:09.000,Bono East|Techiman
SCRP-00000666,SCLN-00000216,48.33,2025-01-30 15:24:58.000,Bono East|Techiman
SCRP-00000667,SCLN-00000217,442.51,2025-03-22 17:42:29.000,Bono East|Techiman
SCRP-00000668,SCLN-00000217,199.88,2025-04-05 18:12:02.000,Bono East|Techiman
SCRP-00000669,SCLN-00000217,110.68,2025-04-20 09:16:45.000,Bono East|Techiman
SCRP-00000670,SCLN-00000217,62.13,2025-05-04 18:43:07.000,Bono East|Techiman
SCRP-00000671,SCLN-00000217,34.3,2025-05-18 18:07:51.000,Bono East|Techiman
SCRP-00000672,SCLN-00000218,795.06,2025-08-24 10:46:21.000,Bono East|Techiman
SCRP-00000673,SCLN-00000218,492.2,2025-09-04 16:53:43.000,Bono East|Techiman
SCRP-00000674,SCLN-00000218,224.79,2025-09-15 16:36:51.000,Bono East|Techiman
SCRP-00000675,SCLN-00000218,132.7,2025-09-26 15:07:08.000,Bono East|Techiman
SCRP-00000676,SCLN-00000218,76.24,2025-10-07 09:43:28.000,Bono East|Techiman
SCRP-00000677,SCLN-00000219,739.1,2025-09-20 14:18:59.000,Upper West|Lawra
SCRP-00000678,SCLN-00000219,341.69,2025-10-16 13:33:18.000,Upper West|Lawra
SCRP-00000679,SCLN-00000219,209.81,2025-10-29 17:09:11.000,Upper West|Lawra
SCRP-00000680,SCLN-00000219,113.37,2025-11-21 12:49:28.000,Upper West|Lawra
SCRP-00000681,SCLN-00000219,57.03,2025-12-05 08:29:04.000,Upper West|Lawra
SCRP-00000682,SCLN-00000220,365.14,2025-12-06 15:39:20.000,Upper West|Lawra
SCRP-00000683,SCLN-00000220,196.44,2025-12-11 12:43:18.000,Upper West|Lawra
SCRP-00000684,SCLN-00000221,222.3,2025-03-30 14:08:28.000,Greater Accra|Kasoa
SCRP-00000685,SCLN-00000221,144.85,2025-04-11 08:29:40.000,Greater Accra|Kasoa
SCRP-00000686,SCLN-00000221,65.34,2025-04-22 13:14:25.000,Greater Accra|Kasoa
SCRP-00000687,SCLN-00000222,311.35,2025-12-05 11:46:41.000,Greater Accra|Kasoa
SCRP-00000688,SCLN-00000222,170.93,2025-12-27 13:22:27.000,Greater Accra|Kasoa
SCRP-00000689,SCLN-00000223,259.2,2025-09-11 17:38:43.000,Oti|Jasikan
SCRP-00000690,SCLN-00000223,162.35,2025-09-19 08:51:21.000,Oti|Jasikan
SCRP-00000691,SCLN-00000223,87.82,2025-10-01 18:33:04.000,Oti|Jasikan
SCRP-00000692,SCLN-00000224,727.14,2024-01-20 19:31:22.000,Western|Axim
SCRP-00000693,SCLN-00000224,443.23,2024-02-05 18:10:56.000,Western|Axim
SCRP-00000694,SCLN-00000224,237.53,2024-02-21 14:13:00.000,Western|Axim
SCRP-00000695,SCLN-00000224,102.93,2024-03-08 14:49:08.000,Western|Axim
SCRP-00000696,SCLN-00000225,563.15,2025-03-29 19:52:55.000,Western|Axim
SCRP-00000697,SCLN-00000225,269.49,2025-04-05 09:13:58.000,Western|Axim
SCRP-00000698,SCLN-00000225,158.19,2025-04-12 11:51:04.000,Western|Axim
SCRP-00000699,SCLN-00000225,76.31,2025-04-19 16:31:56.000,Western|Axim
SCRP-00000700,SCLN-00000225,43.0,2025-04-26 10:19:48.000,Western|Axim
SCRP-00000701,SCLN-00000226,822.79,2025-09-16 18:37:31.000,Ahafo|Duayaw Nkwanta
SCRP-00000702,SCLN-00000226,366.62,2025-09-27 17:52:03.000,Ahafo|Duayaw Nkwanta
SCRP-00000703,SCLN-00000227,368.08,2025-04-28 18:41:21.000,Ashanti|Obuasi
SCRP-00000704,SCLN-00000227,170.89,2025-05-15 17:13:47.000,Ashanti|Obuasi
SCRP-00000705,SCLN-00000227,90.89,2025-05-31 13:21:14.000,Ashanti|Obuasi
SCRP-00000706,SCLN-00000227,58.91,2025-06-17 16:52:17.000,Ashanti|Obuasi
SCRP-00000707,SCLN-00000228,264.81,2025-01-27 17:13:34.000,Volta|Hohoe
SCRP-00000708,SCLN-00000228,147.42,2025-02-09 08:25:48.000,Volta|Hohoe
SCRP-00000709,SCLN-00000228,82.5,2025-02-21 18:25:08.000,Volta|Hohoe
SCRP-00000710,SCLN-00000228,52.83,2025-03-06 13:12:00.000,Volta|Hohoe
SCRP-00000711,SCLN-00000228,22.87,2025-03-18 19:36:54.000,Volta|Hohoe
SCRP-00000712,SCLN-00000229,171.37,2024-01-09 12:20:52.000,Ashanti|Obuasi
SCRP-00000713,SCLN-00000229,99.0,2024-01-23 18:44:59.000,Ashanti|Obuasi
SCRP-00000714,SCLN-00000229,44.99,2024-02-06 16:23:20.000,Ashanti|Obuasi
SCRP-00000715,SCLN-00000229,26.17,2024-02-20 19:38:02.000,Ashanti|Obuasi
SCRP-00000716,SCLN-00000229,13.95,2024-03-05 13:00:54.000,Ashanti|Obuasi
SCRP-00000717,SCLN-00000230,198.91,2025-11-14 08:17:36.000,Ashanti|Obuasi
SCRP-00000718,SCLN-00000230,121.45,2025-11-29 18:19:22.000,Ashanti|Obuasi
SCRP-00000719,SCLN-00000230,63.27,2025-12-14 18:29:10.000,Ashanti|Obuasi
SCRP-00000720,SCLN-00000230,34.44,2025-12-29 16:13:44.000,Ashanti|Obuasi
SCRP-00000721,SCLN-00000231,475.81,2025-04-18 14:19:00.000,Bono East|Kintampo
SCRP-00000722,SCLN-00000231,238.62,2025-05-12 09:55:50.000,Bono East|Kintampo
SCRP-00000723,SCLN-00000231,134.1,2025-06-05 15:00:33.000,Bono East|Kintampo
SCRP-00000724,SCLN-00000232,744.18,2025-11-29 13:30:06.000,Bono East|Kintampo
SCRP-00000725,SCLN-00000232,436.16,2025-12-07 19:00:24.000,Bono East|Kintampo
SCRP-00000726,SCLN-00000232,232.46,2025-12-15 16:33:26.000,Bono East|Kintampo
SCRP-00000727,SCLN-00000232,119.3,2025-12-22 13:58:08.000,Bono East|Kintampo
SCRP-00000728,SCLN-00000232,69.49,2025-12-30 10:04:09.000,Bono East|Kintampo
SCRP-00000729,SCLN-00000233,760.07,2024-04-29 11:30:23.000,Greater Accra|Madina
SCRP-00000730,SCLN-00000233,401.09,2024-05-09 08:11:16.000,Greater Accra|Madina
SCRP-00000731,SCLN-00000233,228.73,2024-05-18 17:02:09.000,Greater Accra|Madina
SCRP-00000732,SCLN-00000233,138.38,2024-05-27 12:27:37.000,Greater Accra|Madina
SCRP-00000733,SCLN-00000234,756.11,2025-08-25 13:04:21.000,Bono|Berekum
SCRP-00000734,SCLN-00000234,418.76,2025-09-24 13:33:11.000,Bono|Berekum
SCRP-00000735,SCLN-00000234,231.16,2025-10-24 08:36:34.000,Bono|Berekum
SCRP-00000736,SCLN-00000236,158.38,2024-06-27 19:46:54.000,Western|Tarkwa
SCRP-00000737,SCLN-00000236,91.75,2024-07-18 15:16:51.000,Western|Tarkwa
SCRP-00000738,SCLN-00000236,52.27,2024-08-08 11:17:02.000,Western|Tarkwa
SCRP-00000739,SCLN-00000236,31.65,2024-08-29 11:34:36.000,Western|Tarkwa
SCRP-00000740,SCLN-00000237,286.43,2025-01-10 15:27:15.000,Western|Tarkwa
SCRP-00000741,SCLN-00000237,132.89,2025-01-31 13:40:34.000,Western|Tarkwa
SCRP-00000742,SCLN-00000238,532.71,2025-08-13 08:18:38.000,Oti|Jasikan
SCRP-00000743,SCLN-00000238,314.63,2025-08-25 09:31:24.000,Oti|Jasikan
SCRP-00000744,SCLN-00000238,176.91,2025-09-19 17:10:51.000,Oti|Jasikan
SCRP-00000745,SCLN-00000239,1325.28,2025-12-15 09:55:56.000,Oti|Jasikan
SCRP-00000746,SCLN-00000239,825.46,2025-12-29 19:59:57.000,Oti|Jasikan
SCRP-00000747,SCLN-00000240,743.98,2023-09-25 09:33:24.000,Eastern|Nkawkaw
SCRP-00000748,SCLN-00000240,345.7,2023-11-02 12:39:44.000,Eastern|Nkawkaw
SCRP-00000749,SCLN-00000241,2466.53,2024-06-14 19:10:35.000,Eastern|Nkawkaw
SCRP-00000750,SCLN-00000241,1544.91,2024-06-28 14:23:11.000,Eastern|Nkawkaw
SCRP-00000751,SCLN-00000241,756.31,2024-07-11 12:38:04.000,Eastern|Nkawkaw
SCRP-00000752,SCLN-00000241,483.93,2024-07-25 10:06:26.000,Eastern|Nkawkaw
SCRP-00000753,SCLN-00000242,440.04,2025-12-14 18:59:04.000,Eastern|Nkawkaw
SCRP-00000754,SCLN-00000243,205.47,2024-11-01 11:08:48.000,Eastern|Akropong
SCRP-00000755,SCLN-00000243,131.46,2024-11-23 11:54:57.000,Eastern|Akropong
SCRP-00000756,SCLN-00000243,60.85,2024-12-15 18:51:25.000,Eastern|Akropong
SCRP-00000757,SCLN-00000243,33.91,2025-01-06 10:22:59.000,Eastern|Akropong
SCRP-00000758,SCLN-00000244,282.5,2025-12-18 10:44:21.000,Eastern|Akropong
SCRP-00000759,SCLN-00000245,369.14,2024-09-24 09:41:59.000,Central|Elmina
SCRP-00000760,SCLN-00000245,191.99,2024-10-14 09:35:46.000,Central|Elmina
SCRP-00000761,SCLN-00000245,114.74,2024-11-02 19:09:21.000,Central|Elmina
SCRP-00000762,SCLN-00000245,58.84,2024-11-22 14:55:51.000,Central|Elmina
SCRP-00000763,SCLN-00000246,1000.11,2025-10-21 13:58:06.000,Central|Elmina
SCRP-00000764,SCLN-00000246,470.93,2025-11-11 18:46:02.000,Central|Elmina
SCRP-00000765,SCLN-00000247,225.56,2025-05-01 10:06:24.000,Central|Winneba
SCRP-00000766,SCLN-00000247,124.91,2025-05-17 14:18:35.000,Central|Winneba
SCRP-00000767,SCLN-00000247,57.05,2025-06-01 19:04:43.000,Central|Winneba
SCRP-00000768,SCLN-00000248,444.74,2025-07-28 19:58:56.000,Central|Winneba
SCRP-00000769,SCLN-00000248,221.14,2025-08-05 17:54:16.000,Central|Winneba
SCRP-00000770,SCLN-00000248,117.29,2025-08-12 14:17:06.000,Central|Winneba
SCRP-00000771,SCLN-00000248,72.81,2025-08-20 16:36:25.000,Central|Winneba
SCRP-00000772,SCLN-00000248,35.51,2025-08-27 11:57:35.000,Central|Winneba
SCRP-00000773,SCLN-00000249,406.97,2025-10-31 19:28:59.000,Central|Winneba
SCRP-00000774,SCLN-00000249,212.66,2025-11-27 10:51:23.000,Central|Winneba
SCRP-00000775,SCLN-00000249,136.53,2025-12-23 14:13:43.000,Central|Winneba
SCRP-00000776,SCLN-00000250,298.51,2025-12-08 13:22:46.000,Eastern|Akropong
SCRP-00000777,SCLN-00000250,183.68,2025-12-21 19:07:02.000,Eastern|Akropong
SCRP-00000778,SCLN-00000251,494.27,2025-12-09 14:00:27.000,Greater Accra|Madina
SCRP-00000779,SCLN-00000251,288.58,2025-12-21 17:37:56.000,Greater Accra|Madina
SCRP-00000780,SCLN-00000252,417.72,2023-09-01 17:13:58.000,Ashanti|Ejisu
SCRP-00000781,SCLN-00000252,217.05,2023-09-11 09:45:57.000,Ashanti|Ejisu
SCRP-00000782,SCLN-00000252,116.13,2023-09-20 08:30:44.000,Ashanti|Ejisu
SCRP-00000783,SCLN-00000252,57.1,2023-09-30 10:57:29.000,Ashanti|Ejisu
SCRP-00000784,SCLN-00000252,17.71,2023-10-09 10:38:54.000,Ashanti|Ejisu
SCRP-00000785,SCLN-00000253,1000.51,2025-06-08 19:27:25.000,Greater Accra|Madina
SCRP-00000786,SCLN-00000253,589.66,2025-07-01 10:16:39.000,Greater Accra|Madina
SCRP-00000787,SCLN-00000253,272.0,2025-07-24 17:11:12.000,Greater Accra|Madina
SCRP-00000788,SCLN-00000254,344.7,2025-10-31 18:59:58.000,Ashanti|Obuasi
SCRP-00000789,SCLN-00000254,170.6,2025-11-11 15:14:44.000,Ashanti|Obuasi
SCRP-00000790,SCLN-00000254,82.87,2025-11-21 10:40:47.000,Ashanti|Obuasi
SCRP-00000791,SCLN-00000255,253.24,2025-11-16 08:52:13.000,Greater Accra|Tema
SCRP-00000792,SCLN-00000255,131.61,2025-11-29 11:02:48.000,Greater Accra|Tema
SCRP-00000793,SCLN-00000256,987.16,2025-08-12 18:48:28.000,Eastern|Akropong
SCRP-00000794,SCLN-00000256,615.53,2025-08-24 08:44:06.000,Eastern|Akropong
SCRP-00000795,SCLN-00000258,387.23,2025-01-15 11:47:55.000,Central|Elmina
SCRP-00000796,SCLN-00000258,192.67,2025-02-15 15:55:40.000,Central|Elmina
SCRP-00000797,SCLN-00000259,1330.28,2024-03-26 11:52:04.000,Greater Accra|Kasoa
SCRP-00000798,SCLN-00000259,883.1,2024-04-20 11:52:01.000,Greater Accra|Kasoa
SCRP-00000799,SCLN-00000259,389.2,2024-05-15 13:36:19.000,Greater Accra|Kasoa
SCRP-00000800,SCLN-00000260,2676.64,2024-10-30 09:28:20.000,Greater Accra|Kasoa
SCRP-00000801,SCLN-00000260,1372.98,2024-11-09 14:27:32.000,Greater Accra|Kasoa
SCRP-00000802,SCLN-00000261,204.08,2025-04-15 15:22:15.000,Greater Accra|Kasoa
SCRP-00000803,SCLN-00000261,108.59,2025-04-21 16:44:33.000,Greater Accra|Kasoa
SCRP-00000804,SCLN-00000263,546.56,2024-02-20 12:03:13.000,Western|Tarkwa
SCRP-00000805,SCLN-00000263,254.74,2024-03-24 10:05:05.000,Western|Tarkwa
SCRP-00000806,SCLN-00000264,255.91,2025-06-18 10:03:10.000,Western|Tarkwa
SCRP-00000807,SCLN-00000264,142.99,2025-07-22 12:15:16.000,Western|Tarkwa
SCRP-00000808,SCLN-00000265,614.54,2025-09-27 12:01:58.000,Western|Tarkwa
SCRP-00000809,SCLN-00000265,349.81,2025-10-28 08:39:25.000,Western|Tarkwa
SCRP-00000810,SCLN-00000266,341.33,2025-07-25 09:31:57.000,Greater Accra|Madina
SCRP-00000811,SCLN-00000266,193.69,2025-08-01 19:47:40.000,Greater Accra|Madina
SCRP-00000812,SCLN-00000266,101.75,2025-08-08 10:28:28.000,Greater Accra|Madina
SCRP-00000813,SCLN-00000266,57.74,2025-08-15 16:06:55.000,Greater Accra|Madina
SCRP-00000814,SCLN-00000267,313.61,2023-10-30 14:55:19.000,Northern|Tamale
SCRP-00000815,SCLN-00000267,150.99,2023-12-05 12:25:00.000,Northern|Tamale
SCRP-00000816,SCLN-00000268,436.23,2025-07-26 15:03:10.000,Greater Accra|Accra
SCRP-00000817,SCLN-00000268,229.65,2025-08-13 08:54:36.000,Greater Accra|Accra
SCRP-00000818,SCLN-00000268,124.67,2025-08-30 13:30:23.000,Greater Accra|Accra
SCRP-00000819,SCLN-00000269,375.68,2025-11-04 08:33:42.000,Greater Accra|Accra
SCRP-00000820,SCLN-00000269,204.98,2025-12-16 17:59:40.000,Greater Accra|Accra
SCRP-00000821,SCLN-00000269,108.46,2025-12-12 17:13:45.000,Greater Accra|Accra
SCRP-00000822,SCLN-00000270,921.37,2025-08-17 14:47:52.000,Western|Takoradi
SCRP-00000823,SCLN-00000270,439.11,2025-09-06 15:24:17.000,Western|Takoradi
SCRP-00000824,SCLN-00000270,222.28,2025-09-25 19:36:16.000,Western|Takoradi
SCRP-00000825,SCLN-00000270,114.25,2025-10-15 18:08:34.000,Western|Takoradi
SCRP-00000826,SCLN-00000270,72.88,2025-11-03 10:16:43.000,Western|Takoradi
SCRP-00000827,SCLN-00000271,723.11,2025-01-31 08:28:17.000,Central|Cape Coast
SCRP-00000828,SCLN-00000271,457.28,2025-02-21 18:01:08.000,Central|Cape Coast
SCRP-00000829,SCLN-00000272,302.53,2024-11-23 18:34:24.000,Greater Accra|Madina
SCRP-00000830,SCLN-00000272,175.42,2024-12-08 18:35:25.000,Greater Accra|Madina
SCRP-00000831,SCLN-00000272,97.48,2024-12-24 12:34:23.000,Greater Accra|Madina
SCRP-00000832,SCLN-00000272,46.73,2025-01-08 14:14:18.000,Greater Accra|Madina
SCRP-00000833,SCLN-00000272,24.0,2025-01-23 10:32:45.000,Greater Accra|Madina
SCRP-00000834,SCLN-00000273,248.74,2025-07-20 14:25:02.000,Northern|Yendi
SCRP-00000835,SCLN-00000273,152.93,2025-08-13 09:01:57.000,Northern|Yendi
SCRP-00000836,SCLN-00000273,76.64,2025-08-22 15:41:39.000,Northern|Yendi
SCRP-00000837,SCLN-00000273,38.59,2025-09-21 19:27:05.000,Northern|Yendi
SCRP-00000838,SCLN-00000273,20.86,2025-09-17 09:47:51.000,Northern|Yendi
SCRP-00000839,SCLN-00000274,271.52,2025-11-26 19:35:23.000,Northern|Yendi
SCRP-00000840,SCLN-00000274,127.43,2025-12-05 08:20:06.000,Northern|Yendi
SCRP-00000841,SCLN-00000274,52.13,2025-12-14 17:11:39.000,Northern|Yendi
SCRP-00000842,SCLN-00000275,324.64,2024-03-17 11:39:05.000,Greater Accra|Accra
SCRP-00000843,SCLN-00000275,161.01,2024-04-05 19:53:30.000,Greater Accra|Accra
SCRP-00000844,SCLN-00000275,95.03,2024-04-24 13:29:48.000,Greater Accra|Accra
SCRP-00000845,SCLN-00000275,53.78,2024-05-13 08:37:25.000,Greater Accra|Accra
SCRP-00000846,SCLN-00000275,24.14,2024-06-01 17:16:41.000,Greater Accra|Accra
SCRP-00000847,SCLN-00000276,398.13,2025-03-16 19:14:14.000,Volta|Keta
SCRP-00000848,SCLN-00000276,212.2,2025-03-27 10:34:17.000,Volta|Keta
SCRP-00000849,SCLN-00000276,110.92,2025-04-18 13:13:05.000,Volta|Keta
SCRP-00000850,SCLN-00000276,66.53,2025-05-02 17:25:34.000,Volta|Keta
SCRP-00000851,SCLN-00000276,31.75,2025-05-19 14:42:03.000,Volta|Keta
SCRP-00000852,SCLN-00000277,314.84,2025-03-19 14:51:20.000,Eastern|Koforidua
SCRP-00000853,SCLN-00000277,199.03,2025-04-09 11:00:41.000,Eastern|Koforidua
SCRP-00000854,SCLN-00000277,104.73,2025-04-29 16:04:47.000,Eastern|Koforidua
SCRP-00000855,SCLN-00000277,52.68,2025-05-15 18:21:27.000,Eastern|Koforidua
SCRP-00000856,SCLN-00000278,1069.66,2025-12-08 09:30:10.000,Eastern|Koforidua
SCRP-00000857,SCLN-00000278,622.74,2025-12-23 18:28:37.000,Eastern|Koforidua
SCRP-00000858,SCLN-00000279,431.98,2025-09-26 18:02:00.000,Greater Accra|Accra
SCRP-00000859,SCLN-00000279,228.38,2025-10-27 11:54:03.000,Greater Accra|Accra
SCRP-00000860,SCLN-00000280,1048.98,2025-12-23 13:46:49.000,Greater Accra|Accra
SCRP-00000861,SCLN-00000281,225.06,2024-12-08 08:02:36.000,Ashanti|Ejisu
SCRP-00000862,SCLN-00000281,117.69,2024-12-15 12:36:42.000,Ashanti|Ejisu
SCRP-00000863,SCLN-00000281,52.44,2024-12-29 14:29:15.000,Ashanti|Ejisu
SCRP-00000864,SCLN-00000281,30.66,2025-01-04 16:51:28.000,Ashanti|Ejisu
SCRP-00000865,SCLN-00000282,134.36,2025-08-20 18:58:05.000,Volta|Ho
SCRP-00000866,SCLN-00000282,75.88,2025-09-10 12:45:32.000,Volta|Ho
SCRP-00000867,SCLN-00000282,35.22,2025-10-01 16:20:57.000,Volta|Ho
SCRP-00000868,SCLN-00000283,528.29,2025-11-27 15:37:38.000,Volta|Ho
SCRP-00000869,SCLN-00000283,297.29,2025-12-04 11:16:06.000,Volta|Ho
SCRP-00000870,SCLN-00000283,166.77,2025-12-11 11:16:33.000,Volta|Ho
SCRP-00000871,SCLN-00000283,100.75,2025-12-18 19:12:34.000,Volta|Ho
SCRP-00000872,SCLN-00000283,49.03,2025-12-25 08:21:41.000,Volta|Ho
SCRP-00000873,SCLN-00000284,418.09,2023-11-30 16:23:38.000,Volta|Keta
SCRP-00000874,SCLN-00000284,184.9,2024-01-06 08:37:17.000,Volta|Keta
SCRP-00000875,SCLN-00000285,700.73,2024-08-25 19:48:07.000,Northern|Yendi
SCRP-00000876,SCLN-00000285,335.17,2024-09-21 13:22:37.000,Northern|Yendi
SCRP-00000877,SCLN-00000286,896.25,2025-03-12 12:53:25.000,Central|Winneba
SCRP-00000878,SCLN-00000286,437.52,2025-03-27 16:46:20.000,Central|Winneba
SCRP-00000879,SCLN-00000286,250.1,2025-04-11 13:44:17.000,Central|Winneba
SCRP-00000880,SCLN-00000286,145.22,2025-04-26 11:25:52.000,Central|Winneba
SCRP-00000881,SCLN-00000286,79.38,2025-05-11 13:13:54.000,Central|Winneba
SCRP-00000882,SCLN-00000287,246.0,2025-11-07 08:54:52.000,Central|Winneba
SCRP-00000883,SCLN-00000287,125.93,2025-12-18 10:02:43.000,Central|Winneba
SCRP-00000884,SCLN-00000287,77.56,2025-12-22 09:05:43.000,Central|Winneba
SCRP-00000885,SCLN-00000288,167.43,2025-03-01 09:56:55.000,Northern|Savelugu
SCRP-00000886,SCLN-00000288,88.53,2025-03-20 15:38:17.000,Northern|Savelugu
SCRP-00000887,SCLN-00000289,1686.3,2025-05-25 16:22:12.000,Northern|Savelugu
SCRP-00000888,SCLN-00000289,896.25,2025-06-06 17:33:02.000,Northern|Savelugu
SCRP-00000889,SCLN-00000289,390.93,2025-06-18 13:29:55.000,Northern|Savelugu
SCRP-00000890,SCLN-00000289,246.09,2025-06-30 13:44:57.000,Northern|Savelugu
SCRP-00000891,SCLN-00000289,119.07,2025-07-12 13:54:43.000,Northern|Savelugu
SCRP-00000892,SCLN-00000290,385.3,2025-11-20 19:26:53.000,Northern|Savelugu
SCRP-00000893,SCLN-00000290,231.75,2025-12-15 13:46:20.000,Northern|Savelugu
SCRP-00000894,SCLN-00000290,135.59,2025-12-27 19:24:40.000,Northern|Savelugu
SCRP-00000895,SCLN-00000291,886.29,2023-09-23 19:05:16.000,Bono|Sunyani
SCRP-00000896,SCLN-00000291,506.33,2023-10-02 09:09:52.000,Bono|Sunyani
SCRP-00000897,SCLN-00000291,287.66,2023-10-11 10:33:01.000,Bono|Sunyani
SCRP-00000898,SCLN-00000291,190.33,2023-10-20 10:22:32.000,Bono|Sunyani
SCRP-00000899,SCLN-00000291,89.04,2023-10-29 13:03:18.000,Bono|Sunyani
SCRP-00000900,SCLN-00000293,164.17,2025-07-24 09:51:02.000,Western|Takoradi
SCRP-00000901,SCLN-00000293,91.36,2025-08-23 19:48:37.000,Western|Takoradi
SCRP-00000902,SCLN-00000294,549.36,2025-12-10 09:54:16.000,Western|Takoradi
SCRP-00000903,SCLN-00000294,333.01,2025-11-30 18:29:47.000,Western|Takoradi
SCRP-00000904,SCLN-00000294,161.88,2025-12-24 12:57:31.000,Western|Takoradi
SCRP-00000905,SCLN-00000295,267.69,2023-10-14 17:44:35.000,Greater Accra|Tema
SCRP-00000906,SCLN-00000295,160.82,2023-10-26 09:19:41.000,Greater Accra|Tema
SCRP-00000907,SCLN-00000295,75.74,2023-11-07 12:31:15.000,Greater Accra|Tema
SCRP-00000908,SCLN-00000295,40.45,2023-11-19 09:27:41.000,Greater Accra|Tema
SCRP-00000909,SCLN-00000295,19.45,2023-12-01 11:26:19.000,Greater Accra|Tema
SCRP-00000910,SCLN-00000296,663.0,2024-12-13 08:05:26.000,Greater Accra|Madina
SCRP-00000911,SCLN-00000296,376.65,2024-12-29 09:28:29.000,Greater Accra|Madina
SCRP-00000912,SCLN-00000296,212.59,2025-01-13 18:13:27.000,Greater Accra|Madina
SCRP-00000913,SCLN-00000296,118.3,2025-01-29 19:05:42.000,Greater Accra|Madina
SCRP-00000914,SCLN-00000296,68.34,2025-02-13 13:17:22.000,Greater Accra|Madina
SCRP-00000915,SCLN-00000297,1447.78,2024-06-17 11:40:34.000,Ashanti|Kumasi
SCRP-00000916,SCLN-00000297,733.18,2024-07-05 13:36:51.000,Ashanti|Kumasi
SCRP-00000917,SCLN-00000297,367.02,2024-07-19 17:43:48.000,Ashanti|Kumasi
SCRP-00000918,SCLN-00000297,187.1,2024-08-09 10:40:28.000,Ashanti|Kumasi
SCRP-00000919,SCLN-00000297,96.55,2024-08-25 11:04:51.000,Ashanti|Kumasi
SCRP-00000920,SCLN-00000299,255.39,2025-06-13 11:15:08.000,Greater Accra|Madina
SCRP-00000921,SCLN-00000299,146.16,2025-07-05 15:49:58.000,Greater Accra|Madina
SCRP-00000922,SCLN-00000299,89.07,2025-07-27 16:40:16.000,Greater Accra|Madina
SCRP-00000923,SCLN-00000300,5591.08,2025-10-07 14:19:51.000,Greater Accra|Madina
SCRP-00000924,SCLN-00000300,3425.2,2025-10-20 19:12:14.000,Greater Accra|Madina
SCRP-00000925,SCLN-00000300,1531.88,2025-10-28 11:36:51.000,Greater Accra|Madina
SCRP-00000926,SCLN-00000300,868.97,2025-11-06 19:33:25.000,Greater Accra|Madina
SCRP-00000927,SCLN-00000300,455.1,2025-11-16 13:48:41.000,Greater Accra|Madina
SCRP-00000928,SCLN-00000301,176.23,2025-07-27 13:49:46.000,Ahafo|Goaso
SCRP-00000929,SCLN-00000301,109.31,2025-08-14 09:08:00.000,Ahafo|Goaso
SCRP-00000930,SCLN-00000301,54.01,2025-08-31 18:38:55.000,Ahafo|Goaso
SCRP-00000931,SCLN-00000301,28.02,2025-09-18 18:56:05.000,Ahafo|Goaso
SCRP-00000932,SCLN-00000301,14.95,2025-10-05 10:11:27.000,Ahafo|Goaso
SCRP-00000933,SCLN-00000302,286.09,2025-11-13 17:34:49.000,Ahafo|Goaso
SCRP-00000934,SCLN-00000302,142.5,2025-11-24 09:10:33.000,Ahafo|Goaso
SCRP-00000935,SCLN-00000303,279.58,2024-10-07 12:13:06.000,Eastern|Nkawkaw
SCRP-00000936,SCLN-00000303,152.04,2024-10-26 14:30:29.000,Eastern|Nkawkaw
SCRP-00000937,SCLN-00000303,78.98,2024-11-14 18:43:22.000,Eastern|Nkawkaw
SCRP-00000938,SCLN-00000303,46.46,2024-12-03 08:56:06.000,Eastern|Nkawkaw
SCRP-00000939,SCLN-00000303,25.87,2024-12-22 09:00:48.000,Eastern|Nkawkaw
SCRP-00000940,SCLN-00000304,115.4,2025-12-21 19:59:35.000,Eastern|Nkawkaw
SCRP-00000941,SCLN-00000305,388.61,2025-08-22 15:16:23.000,Volta|Keta
SCRP-00000942,SCLN-00000305,223.4,2025-08-30 19:37:34.000,Volta|Keta
SCRP-00000943,SCLN-00000305,108.67,2025-09-07 15:17:21.000,Volta|Keta
SCRP-00000944,SCLN-00000305,56.72,2025-09-14 13:37:04.000,Volta|Keta
SCRP-00000945,SCLN-00000305,33.34,2025-09-22 15:02:01.000,Volta|Keta
SCRP-00000946,SCLN-00000306,1320.6,2025-12-26 11:03:30.000,Volta|Keta
SCRP-00000947,SCLN-00000307,534.78,2025-10-10 12:50:17.000,Volta|Ho
SCRP-00000948,SCLN-00000307,250.41,2025-10-09 11:33:10.000,Volta|Ho
SCRP-00000949,SCLN-00000307,151.92,2025-10-15 17:44:58.000,Volta|Ho
SCRP-00000950,SCLN-00000307,72.65,2025-10-21 10:15:13.000,Volta|Ho
SCRP-00000951,SCLN-00000308,423.0,2025-12-03 16:24:24.000,Volta|Ho
SCRP-00000952,SCLN-00000308,238.87,2025-12-13 15:49:39.000,Volta|Ho
SCRP-00000953,SCLN-00000308,112.96,2025-12-23 16:09:53.000,Volta|Ho
SCRP-00000954,SCLN-00000309,316.94,2025-04-15 08:48:18.000,Eastern|Akropong
SCRP-00000955,SCLN-00000309,170.48,2025-05-10 12:36:11.000,Eastern|Akropong
SCRP-00000956,SCLN-00000309,83.26,2025-06-04 15:04:44.000,Eastern|Akropong
SCRP-00000957,SCLN-00000310,692.74,2025-05-15 19:55:55.000,Eastern|Koforidua
SCRP-00000958,SCLN-00000310,406.83,2025-05-22 12:19:23.000,Eastern|Koforidua
SCRP-00000959,SCLN-00000310,223.71,2025-05-29 13:49:07.000,Eastern|Koforidua
SCRP-00000960,SCLN-00000310,109.38,2025-06-05 13:35:42.000,Eastern|Koforidua
SCRP-00000961,SCLN-00000311,438.33,2025-09-05 14:17:48.000,Eastern|Koforidua
SCRP-00000962,SCLN-00000311,258.12,2025-10-12 19:32:21.000,Eastern|Koforidua
SCRP-00000963,SCLN-00000312,504.01,2025-12-17 08:46:12.000,Eastern|Koforidua
SCRP-00000964,SCLN-00000313,308.69,2025-10-23 13:08:35.000,Ashanti|Ejisu
SCRP-00000965,SCLN-00000313,162.09,2025-11-11 10:31:14.000,Ashanti|Ejisu
SCRP-00000966,SCLN-00000314,716.47,2025-12-24 17:16:23.000,Ashanti|Ejisu
SCRP-00000967,SCLN-00000316,535.68,2025-10-02 17:18:30.000,Western|Tarkwa
SCRP-00000968,SCLN-00000316,321.61,2025-10-27 17:25:10.000,Western|Tarkwa
SCRP-00000969,SCLN-00000317,165.6,2025-12-08 18:15:17.000,Western|Tarkwa
SCRP-00000970,SCLN-00000317,93.89,2025-12-16 17:16:33.000,Western|Tarkwa
SCRP-00000971,SCLN-00000317,54.67,2025-12-24 10:22:37.000,Western|Tarkwa
SCRP-00000972,SCLN-00000318,129.55,2024-07-11 13:29:57.000,Greater Accra|Tema
SCRP-00000973,SCLN-00000318,67.47,2024-07-25 18:15:19.000,Greater Accra|Tema
SCRP-00000974,SCLN-00000318,34.76,2024-08-08 10:25:47.000,Greater Accra|Tema
SCRP-00000975,SCLN-00000319,789.41,2025-05-30 17:02:28.000,Greater Accra|Tema
SCRP-00000976,SCLN-00000319,354.19,2025-06-09 19:39:14.000,Greater Accra|Tema
SCRP-00000977,SCLN-00000319,213.92,2025-06-16 19:22:42.000,Greater Accra|Tema
SCRP-00000978,SCLN-00000319,117.59,2025-06-26 14:19:36.000,Greater Accra|Tema
SCRP-00000979,SCLN-00000319,55.08,2025-07-05 16:35:16.000,Greater Accra|Tema
SCRP-00000980,SCLN-00000320,954.52,2025-09-04 15:27:52.000,Greater Accra|Tema
SCRP-00000981,SCLN-00000320,428.01,2025-09-23 12:49:28.000,Greater Accra|Tema
SCRP-00000982,SCLN-00000320,237.39,2025-10-12 18:32:53.000,Greater Accra|Tema
SCRP-00000983,SCLN-00000321,176.39,2025-12-04 08:03:35.000,Greater Accra|Tema
SCRP-00000984,SCLN-00000321,104.13,2025-12-14 19:40:59.000,Greater Accra|Tema
SCRP-00000985,SCLN-00000321,49.19,2025-12-24 14:13:55.000,Greater Accra|Tema
SCRP-00000986,SCLN-00000322,474.7,2024-10-08 16:29:32.000,Upper East|Navrongo
SCRP-00000987,SCLN-00000322,228.67,2024-10-17 19:23:06.000,Upper East|Navrongo
SCRP-00000988,SCLN-00000322,127.14,2024-10-25 11:25:10.000,Upper East|Navrongo
SCRP-00000989,SCLN-00000322,55.85,2024-11-03 13:51:24.000,Upper East|Navrongo
SCRP-00000990,SCLN-00000322,36.38,2024-11-11 16:07:09.000,Upper East|Navrongo
SCRP-00000991,SCLN-00000323,200.52,2024-07-29 19:58:25.000,Bono|Berekum
SCRP-00000992,SCLN-00000323,105.34,2024-08-04 10:45:37.000,Bono|Berekum
SCRP-00000993,SCLN-00000323,47.61,2024-08-10 13:39:37.000,Bono|Berekum
SCRP-00000994,SCLN-00000323,28.21,2024-08-16 12:14:56.000,Bono|Berekum
SCRP-00000995,SCLN-00000323,15.42,2024-08-22 15:43:47.000,Bono|Berekum
SCRP-00000996,SCLN-00000324,163.89,2025-08-10 12:26:14.000,Bono|Berekum
SCRP-00000997,SCLN-00000324,85.19,2025-08-29 15:32:12.000,Bono|Berekum
SCRP-00000998,SCLN-00000324,46.38,2025-09-17 09:44:52.000,Bono|Berekum
SCRP-00000999,SCLN-00000324,22.13,2025-10-06 15:54:48.000,Bono|Berekum
SCRP-00001000,SCLN-00000324,10.3,2025-10-25 16:37:22.000,Bono|Berekum
SCRP-00001001,SCLN-00000325,918.94,2025-12-04 13:03:58.000,Bono|Berekum
SCRP-00001002,SCLN-00000325,512.1,2025-12-12 18:13:08.000,Bono|Berekum
SCRP-00001003,SCLN-00000325,268.16,2025-12-20 10:07:16.000,Bono|Berekum
SCRP-00001004,SCLN-00000325,135.28,2025-12-28 17:09:21.000,Bono|Berekum
SCRP-00001005,SCLN-00000326,348.5,2024-09-20 14:13:41.000,Bono|Berekum
SCRP-00001006,SCLN-00000326,202.73,2024-10-14 08:36:15.000,Bono|Berekum
SCRP-00001007,SCLN-00000326,79.66,2024-11-07 17:34:05.000,Bono|Berekum
SCRP-00001008,SCLN-00000327,393.77,2025-04-20 19:21:44.000,Northern|Tamale
SCRP-00001009,SCLN-00000327,225.59,2025-05-15 09:17:55.000,Northern|Tamale
SCRP-00001010,SCLN-00000328,844.76,2025-09-26 08:53:55.000,Northern|Tamale
SCRP-00001011,SCLN-00000328,377.38,2025-10-09 12:33:01.000,Northern|Tamale
SCRP-00001012,SCLN-00000328,239.84,2025-10-22 19:18:26.000,Northern|Tamale
SCRP-00001013,SCLN-00000328,126.67,2025-11-04 11:17:53.000,Northern|Tamale
SCRP-00001014,SCLN-00000328,64.42,2025-11-17 16:54:42.000,Northern|Tamale
SCRP-00001015,SCLN-00000329,738.09,2025-09-27 08:16:19.000,Upper West|Wa
SCRP-00001016,SCLN-00000329,358.03,2025-10-16 15:35:37.000,Upper West|Wa
SCRP-00001017,SCLN-00000329,111.58,2025-11-03 18:42:59.000,Upper West|Wa
SCRP-00001018,SCLN-00000330,124.92,2025-12-12 11:20:44.000,Upper West|Wa
SCRP-00001019,SCLN-00000330,60.44,2025-12-25 13:05:34.000,Upper West|Wa
SCRP-00001020,SCLN-00000331,526.27,2025-08-22 18:23:09.000,Greater Accra|Kasoa
SCRP-00001021,SCLN-00000331,301.32,2025-08-18 08:42:27.000,Greater Accra|Kasoa
SCRP-00001022,SCLN-00000331,181.38,2025-09-04 10:21:32.000,Greater Accra|Kasoa
SCRP-00001023,SCLN-00000332,513.7,2025-10-11 13:06:33.000,Greater Accra|Kasoa
SCRP-00001024,SCLN-00000332,148.6,2025-10-27 09:44:15.000,Greater Accra|Kasoa
SCRP-00001025,SCLN-00000333,473.19,2024-09-28 13:09:32.000,Northern|Savelugu
SCRP-00001026,SCLN-00000333,269.65,2024-10-30 18:55:07.000,Northern|Savelugu
SCRP-00001027,SCLN-00000333,136.88,2024-10-25 08:07:54.000,Northern|Savelugu
SCRP-00001028,SCLN-00000334,484.05,2025-11-18 10:59:15.000,Greater Accra|Accra
SCRP-00001029,SCLN-00000334,271.58,2025-12-08 16:01:36.000,Greater Accra|Accra
SCRP-00001030,SCLN-00000335,192.67,2025-06-09 19:10:45.000,Greater Accra|Madina
SCRP-00001031,SCLN-00000335,102.9,2025-06-14 16:23:53.000,Greater Accra|Madina
SCRP-00001032,SCLN-00000335,47.89,2025-06-21 18:54:36.000,Greater Accra|Madina
SCRP-00001033,SCLN-00000335,26.88,2025-06-24 17:34:44.000,Greater Accra|Madina
SCRP-00001034,SCLN-00000335,12.87,2025-07-03 19:42:23.000,Greater Accra|Madina
SCRP-00001035,SCLN-00000336,250.05,2025-11-28 12:35:45.000,Greater Accra|Madina
SCRP-00001036,SCLN-00000337,1289.38,2023-06-16 19:10:30.000,Northern|Tamale
SCRP-00001037,SCLN-00000337,760.18,2023-07-01 15:37:15.000,Northern|Tamale
SCRP-00001038,SCLN-00000337,430.43,2023-07-16 10:13:15.000,Northern|Tamale
SCRP-00001039,SCLN-00000338,277.16,2024-06-01 15:34:37.000,Northern|Tamale
SCRP-00001040,SCLN-00000338,126.25,2024-07-05 11:36:53.000,Northern|Tamale
SCRP-00001041,SCLN-00000339,632.36,2024-01-27 19:29:38.000,Eastern|Nkawkaw
SCRP-00001042,SCLN-00000339,374.18,2024-02-07 11:04:17.000,Eastern|Nkawkaw
SCRP-00001043,SCLN-00000339,189.35,2024-02-18 08:56:26.000,Eastern|Nkawkaw
SCRP-00001044,SCLN-00000339,99.53,2024-02-29 16:55:51.000,Eastern|Nkawkaw
SCRP-00001045,SCLN-00000340,181.53,2024-08-16 16:37:42.000,Eastern|Nkawkaw
SCRP-00001046,SCLN-00000340,94.02,2024-08-26 15:25:02.000,Eastern|Nkawkaw
SCRP-00001047,SCLN-00000341,2366.18,2025-04-06 12:53:03.000,Greater Accra|Madina
SCRP-00001048,SCLN-00000341,1240.25,2025-05-03 10:11:35.000,Greater Accra|Madina
SCRP-00001049,SCLN-00000342,940.83,2025-11-17 17:51:04.000,Greater Accra|Madina
SCRP-00001050,SCLN-00000342,464.65,2025-12-05 09:44:06.000,Greater Accra|Madina
SCRP-00001051,SCLN-00000342,234.85,2025-12-22 16:12:22.000,Greater Accra|Madina
SCRP-00001052,SCLN-00000343,689.87,2025-09-22 15:18:52.000,Volta|Hohoe
SCRP-00001053,SCLN-00000343,311.22,2025-10-03 09:35:27.000,Volta|Hohoe
SCRP-00001054,SCLN-00000343,184.55,2025-10-14 18:24:08.000,Volta|Hohoe
SCRP-00001055,SCLN-00000343,100.38,2025-10-25 10:36:41.000,Volta|Hohoe
SCRP-00001056,SCLN-00000343,49.38,2025-11-05 14:42:32.000,Volta|Hohoe
SCRP-00001057,SCLN-00000344,477.96,2025-12-07 12:28:26.000,Volta|Hohoe
SCRP-00001058,SCLN-00000344,223.43,2025-12-23 13:04:16.000,Volta|Hohoe
SCRP-00001059,SCLN-00000345,545.81,2025-08-11 16:10:01.000,Western|Takoradi
SCRP-00001060,SCLN-00000345,290.86,2025-09-16 11:58:22.000,Western|Takoradi
SCRP-00001061,SCLN-00000346,1069.43,2025-10-19 09:11:03.000,Western|Takoradi
SCRP-00001062,SCLN-00000346,524.49,2025-11-11 17:36:35.000,Western|Takoradi
SCRP-00001063,SCLN-00000346,289.1,2025-12-05 18:34:04.000,Western|Takoradi
SCRP-00001064,SCLN-00000346,184.0,2025-12-28 08:13:44.000,Western|Takoradi
SCRP-00001065,SCLN-00000347,225.59,2025-11-10 08:50:54.000,Greater Accra|Accra
SCRP-00001066,SCLN-00000347,105.5,2025-11-19 09:42:24.000,Greater Accra|Accra
SCRP-00001067,SCLN-00000347,40.14,2025-11-28 18:20:17.000,Greater Accra|Accra
SCRP-00001068,SCLN-00000348,470.13,2024-10-24 19:07:57.000,Greater Accra|Tema
SCRP-00001069,SCLN-00000348,251.84,2024-10-29 15:44:14.000,Greater Accra|Tema
SCRP-00001070,SCLN-00000348,139.67,2024-11-13 08:44:05.000,Greater Accra|Tema
SCRP-00001071,SCLN-00000348,86.33,2024-11-18 17:50:48.000,Greater Accra|Tema
SCRP-00001072,SCLN-00000349,184.39,2025-08-04 17:39:00.000,Ashanti|Ejisu
SCRP-00001073,SCLN-00000349,110.4,2025-08-15 12:19:21.000,Ashanti|Ejisu
SCRP-00001074,SCLN-00000349,58.3,2025-08-27 09:25:06.000,Ashanti|Ejisu
SCRP-00001075,SCLN-00000349,33.76,2025-09-07 14:22:13.000,Ashanti|Ejisu
SCRP-00001076,SCLN-00000350,302.9,2025-04-05 17:58:15.000,Volta|Keta
SCRP-00001077,SCLN-00000350,148.66,2025-05-04 19:36:37.000,Volta|Keta
SCRP-00001078,SCLN-00000350,75.83,2025-05-08 09:19:49.000,Volta|Keta
SCRP-00001079,SCLN-00000350,36.65,2025-06-01 16:18:41.000,Volta|Keta
SCRP-00001080,SCLN-00000351,137.98,2025-12-24 16:36:25.000,Volta|Keta
SCRP-00001081,SCLN-00000352,753.44,2024-02-28 08:39:37.000,Ashanti|Kumasi
SCRP-00001082,SCLN-00000352,449.57,2024-03-13 08:50:42.000,Ashanti|Kumasi
SCRP-00001083,SCLN-00000352,239.01,2024-03-26 11:26:45.000,Ashanti|Kumasi
SCRP-00001084,SCLN-00000353,153.17,2024-09-26 18:18:56.000,Western|Axim
SCRP-00001085,SCLN-00000353,69.68,2024-10-06 09:13:12.000,Western|Axim
SCRP-00001086,SCLN-00000353,42.38,2024-10-15 10:44:51.000,Western|Axim
SCRP-00001087,SCLN-00000353,19.9,2024-10-25 14:27:13.000,Western|Axim
SCRP-00001088,SCLN-00000354,214.13,2025-03-23 16:40:02.000,Western|Axim
SCRP-00001089,SCLN-00000354,140.36,2025-04-14 18:44:46.000,Western|Axim
SCRP-00001090,SCLN-00000354,66.55,2025-05-06 17:49:16.000,Western|Axim
SCRP-00001091,SCLN-00000355,887.63,2024-03-21 14:32:51.000,Greater Accra|Tema
SCRP-00001092,SCLN-00000355,457.86,2024-04-01 11:56:40.000,Greater Accra|Tema
SCRP-00001093,SCLN-00000356,149.88,2024-11-07 08:55:10.000,Bono|Sunyani
SCRP-00001094,SCLN-00000356,92.71,2024-11-25 11:57:29.000,Bono|Sunyani
SCRP-00001095,SCLN-00000356,44.33,2024-12-05 10:41:59.000,Bono|Sunyani
SCRP-00001096,SCLN-00000356,26.8,2024-12-20 18:40:35.000,Bono|Sunyani
SCRP-00001097,SCLN-00000356,12.98,2025-01-05 08:11:10.000,Bono|Sunyani
SCRP-00001098,SCLN-00000357,266.72,2025-09-02 16:40:33.000,Bono|Sunyani
SCRP-00001099,SCLN-00000357,146.73,2025-09-21 19:02:11.000,Bono|Sunyani
SCRP-00001100,SCLN-00000357,75.88,2025-10-10 18:36:50.000,Bono|Sunyani
SCRP-00001101,SCLN-00000359,613.0,2025-06-26 10:29:09.000,Greater Accra|Tema
SCRP-00001102,SCLN-00000359,340.94,2025-07-09 17:47:24.000,Greater Accra|Tema
SCRP-00001103,SCLN-00000360,889.24,2025-06-17 15:04:46.000,Western|Axim
SCRP-00001104,SCLN-00000360,414.67,2025-07-01 18:04:37.000,Western|Axim
SCRP-00001105,SCLN-00000360,221.92,2025-07-15 08:36:34.000,Western|Axim
SCRP-00001106,SCLN-00000361,318.65,2025-04-15 14:43:47.000,Northern|Tamale
SCRP-00001107,SCLN-00000361,171.68,2025-04-26 11:15:39.000,Northern|Tamale
SCRP-00001108,SCLN-00000361,91.47,2025-05-07 12:01:20.000,Northern|Tamale
SCRP-00001109,SCLN-00000361,41.85,2025-05-18 11:26:27.000,Northern|Tamale
SCRP-00001110,SCLN-00000361,21.43,2025-05-29 15:39:59.000,Northern|Tamale
SCRP-00001111,SCLN-00000362,241.42,2025-01-23 19:12:50.000,Greater Accra|Madina
SCRP-00001112,SCLN-00000362,129.15,2025-02-04 18:34:04.000,Greater Accra|Madina
SCRP-00001113,SCLN-00000362,69.79,2025-02-05 08:22:32.000,Greater Accra|Madina
SCRP-00001114,SCLN-00000362,34.58,2025-02-15 13:50:11.000,Greater Accra|Madina
SCRP-00001115,SCLN-00000362,19.37,2025-02-22 16:21:32.000,Greater Accra|Madina
SCRP-00001116,SCLN-00000363,1385.91,2025-12-09 13:25:54.000,Greater Accra|Madina
SCRP-00001117,SCLN-00000363,677.88,2025-12-18 17:05:04.000,Greater Accra|Madina
SCRP-00001118,SCLN-00000364,529.73,2025-07-08 09:22:03.000,Greater Accra|Madina
SCRP-00001119,SCLN-00000364,287.13,2025-08-08 19:40:44.000,Greater Accra|Madina
SCRP-00001120,SCLN-00000365,1409.41,2025-09-24 12:41:05.000,Greater Accra|Madina
SCRP-00001121,SCLN-00000365,776.41,2025-10-01 13:48:54.000,Greater Accra|Madina
SCRP-00001122,SCLN-00000365,361.49,2025-10-09 15:58:29.000,Greater Accra|Madina
SCRP-00001123,SCLN-00000365,209.22,2025-10-16 14:47:27.000,Greater Accra|Madina
SCRP-00001124,SCLN-00000366,1033.03,2025-06-07 16:02:54.000,Greater Accra|Madina
SCRP-00001125,SCLN-00000366,619.88,2025-07-16 15:07:42.000,Greater Accra|Madina
SCRP-00001126,SCLN-00000367,635.13,2025-01-11 17:12:03.000,Greater Accra|Accra
SCRP-00001127,SCLN-00000367,290.57,2025-01-19 10:58:08.000,Greater Accra|Accra
SCRP-00001128,SCLN-00000367,158.04,2025-01-27 08:01:28.000,Greater Accra|Accra
SCRP-00001129,SCLN-00000367,95.71,2025-02-04 12:43:08.000,Greater Accra|Accra
SCRP-00001130,SCLN-00000368,2095.84,2025-08-06 16:58:48.000,Western|Tarkwa
SCRP-00001131,SCLN-00000368,1021.84,2025-08-22 11:21:32.000,Western|Tarkwa
SCRP-00001132,SCLN-00000368,528.79,2025-09-07 10:19:04.000,Western|Tarkwa
SCRP-00001133,SCLN-00000368,262.61,2025-09-23 15:45:10.000,Western|Tarkwa
SCRP-00001134,SCLN-00000368,136.41,2025-10-09 19:26:11.000,Western|Tarkwa
SCRP-00001135,SCLN-00000369,1609.33,2025-12-12 17:17:40.000,Western|Tarkwa
SCRP-00001136,SCLN-00000369,797.96,2025-12-30 10:18:13.000,Western|Tarkwa
SCRP-00001137,SCLN-00000370,208.29,2025-05-16 12:31:23.000,Greater Accra|Accra
SCRP-00001138,SCLN-00000370,122.59,2025-05-27 17:44:54.000,Greater Accra|Accra
SCRP-00001139,SCLN-00000370,58.73,2025-06-06 10:52:02.000,Greater Accra|Accra
SCRP-00001140,SCLN-00000370,28.35,2025-06-17 11:43:43.000,Greater Accra|Accra
SCRP-00001141,SCLN-00000371,1309.71,2025-11-24 12:29:25.000,Greater Accra|Madina
SCRP-00001142,SCLN-00000371,708.38,2025-12-09 12:38:08.000,Greater Accra|Madina
SCRP-00001143,SCLN-00000371,382.58,2025-12-24 10:24:45.000,Greater Accra|Madina
SCRP-00001144,SCLN-00000372,456.11,2023-09-05 08:34:02.000,Greater Accra|Kasoa
SCRP-00001145,SCLN-00000372,262.34,2023-10-03 18:56:23.000,Greater Accra|Kasoa
SCRP-00001146,SCLN-00000373,840.33,2025-12-07 15:07:39.000,Greater Accra|Kasoa
SCRP-00001147,SCLN-00000374,1256.48,2024-01-12 10:34:57.000,Central|Cape Coast
SCRP-00001148,SCLN-00000374,614.8,2024-02-21 10:15:48.000,Central|Cape Coast
SCRP-00001149,SCLN-00000375,105.46,2024-04-06 15:34:22.000,Bono East|Kintampo
SCRP-00001150,SCLN-00000375,55.82,2024-04-29 18:27:46.000,Bono East|Kintampo
SCRP-00001151,SCLN-00000377,607.1,2025-04-10 08:11:21.000,Ahafo|Duayaw Nkwanta
SCRP-00001152,SCLN-00000377,294.39,2025-04-16 08:36:25.000,Ahafo|Duayaw Nkwanta
SCRP-00001153,SCLN-00000377,178.09,2025-04-21 16:56:33.000,Ahafo|Duayaw Nkwanta
SCRP-00001154,SCLN-00000377,92.13,2025-04-27 14:50:42.000,Ahafo|Duayaw Nkwanta
SCRP-00001155,SCLN-00000377,47.62,2025-05-02 13:04:59.000,Ahafo|Duayaw Nkwanta
SCRP-00001156,SCLN-00000380,138.77,2025-08-26 10:22:23.000,Central|Winneba
SCRP-00001157,SCLN-00000380,67.63,2025-10-15 19:00:38.000,Central|Winneba
SCRP-00001158,SCLN-00000381,280.85,2025-11-27 10:56:38.000,Central|Winneba
SCRP-00001159,SCLN-00000381,135.07,2025-12-06 19:52:51.000,Central|Winneba
SCRP-00001160,SCLN-00000381,70.26,2025-12-15 09:06:56.000,Central|Winneba
SCRP-00001161,SCLN-00000382,393.56,2024-12-10 17:36:07.000,Ahafo|Duayaw Nkwanta
SCRP-00001162,SCLN-00000382,191.67,2025-01-18 11:46:27.000,Ahafo|Duayaw Nkwanta
SCRP-00001163,SCLN-00000383,405.64,2025-08-15 19:42:13.000,Ahafo|Duayaw Nkwanta
SCRP-00001164,SCLN-00000383,253.02,2025-09-03 16:36:53.000,Ahafo|Duayaw Nkwanta
SCRP-00001165,SCLN-00000383,127.6,2025-09-23 15:38:17.000,Ahafo|Duayaw Nkwanta
SCRP-00001166,SCLN-00000383,65.73,2025-10-12 09:32:35.000,Ahafo|Duayaw Nkwanta
SCRP-00001167,SCLN-00000383,40.01,2025-10-31 18:23:22.000,Ahafo|Duayaw Nkwanta
SCRP-00001168,SCLN-00000384,2281.69,2025-12-27 15:51:28.000,Ahafo|Duayaw Nkwanta
SCRP-00001169,SCLN-00000385,871.32,2025-11-20 10:33:51.000,Central|Elmina
SCRP-00001170,SCLN-00000385,501.86,2025-12-02 16:51:22.000,Central|Elmina
SCRP-00001171,SCLN-00000385,268.8,2025-12-14 10:40:57.000,Central|Elmina
SCRP-00001172,SCLN-00000386,665.82,2024-09-24 16:12:35.000,Central|Elmina
SCRP-00001173,SCLN-00000386,345.71,2024-10-19 14:06:13.000,Central|Elmina
SCRP-00001174,SCLN-00000386,207.24,2024-11-13 11:57:38.000,Central|Elmina
SCRP-00001175,SCLN-00000387,252.48,2025-08-05 18:13:38.000,Central|Elmina
SCRP-00001176,SCLN-00000387,140.56,2025-08-22 09:08:00.000,Central|Elmina
SCRP-00001177,SCLN-00000388,179.45,2025-10-21 18:02:55.000,Central|Elmina
SCRP-00001178,SCLN-00000388,85.45,2025-10-31 10:27:58.000,Central|Elmina
SCRP-00001179,SCLN-00000388,45.38,2025-11-10 13:23:10.000,Central|Elmina
SCRP-00001180,SCLN-00000388,26.0,2025-11-20 16:04:56.000,Central|Elmina
SCRP-00001181,SCLN-00000389,392.85,2025-12-12 13:36:44.000,Central|Elmina
SCRP-00001182,SCLN-00000389,211.31,2025-12-24 16:34:31.000,Central|Elmina
SCRP-00001183,SCLN-00000390,680.81,2024-12-11 12:11:07.000,Eastern|Nkawkaw
SCRP-00001184,SCLN-00000390,445.47,2024-12-24 19:26:07.000,Eastern|Nkawkaw
SCRP-00001185,SCLN-00000390,209.48,2025-01-06 14:20:03.000,Eastern|Nkawkaw
SCRP-00001186,SCLN-00000390,59.08,2025-01-19 11:51:28.000,Eastern|Nkawkaw
SCRP-00001187,SCLN-00000391,210.76,2024-06-03 12:44:03.000,Greater Accra|Kasoa
SCRP-00001188,SCLN-00000391,116.44,2024-06-08 12:44:02.000,Greater Accra|Kasoa
SCRP-00001189,SCLN-00000391,53.41,2024-06-14 11:27:30.000,Greater Accra|Kasoa
SCRP-00001190,SCLN-00000391,34.22,2024-06-19 17:17:42.000,Greater Accra|Kasoa
SCRP-00001191,SCLN-00000391,17.43,2024-06-24 13:16:46.000,Greater Accra|Kasoa
SCRP-00001192,SCLN-00000392,974.34,2024-12-26 15:47:02.000,Greater Accra|Kasoa
SCRP-00001193,SCLN-00000392,570.68,2025-01-12 12:11:43.000,Greater Accra|Kasoa
SCRP-00001194,SCLN-00000392,312.78,2025-01-18 10:08:27.000,Greater Accra|Kasoa
SCRP-00001195,SCLN-00000392,172.5,2025-01-06 08:44:46.000,Greater Accra|Kasoa
SCRP-00001196,SCLN-00000392,97.08,2025-01-24 19:05:15.000,Greater Accra|Kasoa
SCRP-00001197,SCLN-00000393,588.91,2025-02-02 15:51:16.000,Northern|Savelugu
SCRP-00001198,SCLN-00000393,339.96,2025-03-10 15:50:58.000,Northern|Savelugu
SCRP-00001199,SCLN-00000394,1081.01,2025-09-20 14:23:00.000,Northern|Savelugu
SCRP-00001200,SCLN-00000394,551.27,2025-09-26 15:48:21.000,Northern|Savelugu
SCRP-00001201,SCLN-00000394,249.52,2025-10-01 15:57:50.000,Northern|Savelugu
SCRP-00001202,SCLN-00000394,143.64,2025-10-07 08:09:36.000,Northern|Savelugu
SCRP-00001203,SCLN-00000394,76.27,2025-10-12 19:33:31.000,Northern|Savelugu
SCRP-00001204,SCLN-00000395,285.86,2023-10-05 17:58:49.000,Greater Accra|Accra
SCRP-00001205,SCLN-00000395,177.32,2023-10-20 18:19:00.000,Greater Accra|Accra
SCRP-00001206,SCLN-00000395,82.26,2023-10-17 12:16:48.000,Greater Accra|Accra
SCRP-00001207,SCLN-00000395,43.62,2023-11-11 15:27:53.000,Greater Accra|Accra
SCRP-00001208,SCLN-00000395,25.21,2023-11-19 13:29:04.000,Greater Accra|Accra
SCRP-00001209,SCLN-00000396,503.24,2024-01-11 10:28:56.000,Greater Accra|Accra
SCRP-00001210,SCLN-00000396,318.3,2024-02-15 13:24:10.000,Greater Accra|Accra
SCRP-00001211,SCLN-00000397,399.79,2025-09-29 09:37:09.000,Greater Accra|Accra
SCRP-00001212,SCLN-00000397,209.67,2025-10-09 18:29:07.000,Greater Accra|Accra
SCRP-00001213,SCLN-00000397,103.7,2025-10-19 13:47:08.000,Greater Accra|Accra
SCRP-00001214,SCLN-00000397,63.76,2025-10-29 08:32:21.000,Greater Accra|Accra
SCRP-00001215,SCLN-00000398,532.38,2025-12-11 15:20:16.000,Greater Accra|Accra
SCRP-00001216,SCLN-00000398,308.49,2025-12-31 16:05:02.000,Greater Accra|Accra
SCRP-00001217,SCLN-00000399,2599.38,2025-09-03 18:15:20.000,Bono|Berekum
SCRP-00001218,SCLN-00000399,1486.8,2025-09-21 13:43:28.000,Bono|Berekum
SCRP-00001219,SCLN-00000399,805.16,2025-10-08 09:38:46.000,Bono|Berekum
SCRP-00001220,SCLN-00000399,516.92,2025-10-26 15:38:33.000,Bono|Berekum
SCRP-00001221,SCLN-00000399,232.67,2025-11-12 11:52:06.000,Bono|Berekum
SCRP-00001222,SCLN-00000400,351.19,2025-12-08 09:06:33.000,Bono|Berekum
SCRP-00001223,SCLN-00000400,161.56,2025-12-14 14:28:41.000,Bono|Berekum
SCRP-00001224,SCLN-00000400,87.51,2025-12-29 11:51:05.000,Bono|Berekum
SCRP-00001225,SCLN-00000402,376.41,2024-06-23 10:04:55.000,Greater Accra|Tema
SCRP-00001226,SCLN-00000402,213.56,2024-07-03 17:30:50.000,Greater Accra|Tema
SCRP-00001227,SCLN-00000403,740.48,2025-12-10 12:27:38.000,Greater Accra|Tema
SCRP-00001228,SCLN-00000403,475.36,2025-12-24 12:56:37.000,Greater Accra|Tema
SCRP-00001229,SCLN-00000404,813.67,2025-05-09 13:37:32.000,Greater Accra|Tema
SCRP-00001230,SCLN-00000404,386.78,2025-05-22 14:33:12.000,Greater Accra|Tema
SCRP-00001231,SCLN-00000404,204.16,2025-05-29 08:51:27.000,Greater Accra|Tema
SCRP-00001232,SCLN-00000404,128.26,2025-06-17 16:33:52.000,Greater Accra|Tema
SCRP-00001233,SCLN-00000405,539.95,2025-10-21 18:39:03.000,Greater Accra|Tema
SCRP-00001234,SCLN-00000405,322.43,2025-11-07 15:05:29.000,Greater Accra|Tema
SCRP-00001235,SCLN-00000405,196.01,2025-12-22 18:08:13.000,Greater Accra|Tema
SCRP-00001236,SCLN-00000406,663.47,2025-03-02 14:20:50.000,Bono|Sunyani
SCRP-00001237,SCLN-00000406,317.58,2025-03-22 16:02:21.000,Bono|Sunyani
SCRP-00001238,SCLN-00000406,191.67,2025-04-12 09:48:45.000,Bono|Sunyani
SCRP-00001239,SCLN-00000406,100.53,2025-05-02 09:50:22.000,Bono|Sunyani
SCRP-00001240,SCLN-00000407,396.47,2025-08-13 09:43:24.000,Bono|Sunyani
SCRP-00001241,SCLN-00000407,212.28,2025-08-30 10:59:05.000,Bono|Sunyani
SCRP-00001242,SCLN-00000407,106.56,2025-09-15 15:24:53.000,Bono|Sunyani
SCRP-00001243,SCLN-00000407,57.89,2025-10-02 14:15:06.000,Bono|Sunyani
SCRP-00001244,SCLN-00000407,29.8,2025-10-18 18:20:22.000,Bono|Sunyani
SCRP-00001245,SCLN-00000408,857.24,2025-08-01 15:13:50.000,Volta|Keta
SCRP-00001246,SCLN-00000408,436.05,2025-08-17 13:20:17.000,Volta|Keta
SCRP-00001247,SCLN-00000408,256.69,2025-09-02 14:22:01.000,Volta|Keta
SCRP-00001248,SCLN-00000408,135.81,2025-09-18 17:46:16.000,Volta|Keta
SCRP-00001249,SCLN-00000408,85.7,2025-10-04 10:46:00.000,Volta|Keta
SCRP-00001250,SCLN-00000409,459.61,2025-12-07 12:56:07.000,Volta|Keta
SCRP-00001251,SCLN-00000409,270.21,2025-12-17 15:19:10.000,Volta|Keta
SCRP-00001252,SCLN-00000409,136.42,2025-12-26 08:38:37.000,Volta|Keta
SCRP-00001253,SCLN-00000410,457.27,2024-11-16 10:48:17.000,Upper East|Bolgatanga
SCRP-00001254,SCLN-00000410,263.29,2024-12-05 19:34:26.000,Upper East|Bolgatanga
SCRP-00001255,SCLN-00000410,147.66,2024-12-24 19:29:12.000,Upper East|Bolgatanga
SCRP-00001256,SCLN-00000411,330.73,2025-04-28 14:05:38.000,Upper East|Bolgatanga
SCRP-00001257,SCLN-00000411,189.13,2025-05-12 16:39:33.000,Upper East|Bolgatanga
SCRP-00001258,SCLN-00000412,694.27,2025-08-02 19:53:11.000,Upper East|Bolgatanga
SCRP-00001259,SCLN-00000412,349.54,2025-08-10 14:57:28.000,Upper East|Bolgatanga
SCRP-00001260,SCLN-00000412,181.32,2025-08-19 10:42:27.000,Upper East|Bolgatanga
SCRP-00001261,SCLN-00000412,104.29,2025-08-27 17:11:30.000,Upper East|Bolgatanga
SCRP-00001262,SCLN-00000412,34.53,2025-09-04 12:05:56.000,Upper East|Bolgatanga
SCRP-00001263,SCLN-00000413,1147.83,2025-10-29 17:27:11.000,Upper East|Bolgatanga
SCRP-00001264,SCLN-00000413,518.3,2025-11-02 14:27:44.000,Upper East|Bolgatanga
SCRP-00001265,SCLN-00000413,283.95,2025-11-17 10:31:16.000,Upper East|Bolgatanga
SCRP-00001266,SCLN-00000414,224.76,2025-04-28 18:17:07.000,Ahafo|Goaso
SCRP-00001267,SCLN-00000414,117.59,2025-05-18 10:08:07.000,Ahafo|Goaso
SCRP-00001268,SCLN-00000414,69.17,2025-06-07 17:38:56.000,Ahafo|Goaso
SCRP-00001269,SCLN-00000414,39.01,2025-06-26 12:48:23.000,Ahafo|Goaso
SCRP-00001270,SCLN-00000414,22.24,2025-07-16 11:11:44.000,Ahafo|Goaso
SCRP-00001271,SCLN-00000415,139.63,2024-08-21 09:48:04.000,Upper East|Bolgatanga
SCRP-00001272,SCLN-00000415,86.13,2024-09-28 18:13:55.000,Upper East|Bolgatanga
SCRP-00001273,SCLN-00000415,46.56,2024-10-11 17:41:32.000,Upper East|Bolgatanga
SCRP-00001274,SCLN-00000415,22.31,2024-11-15 13:51:13.000,Upper East|Bolgatanga
SCRP-00001275,SCLN-00000416,1393.34,2025-12-08 15:01:31.000,Upper East|Bolgatanga
SCRP-00001276,SCLN-00000416,892.0,2025-12-30 16:11:08.000,Upper East|Bolgatanga
SCRP-00001277,SCLN-00000417,372.83,2024-02-27 13:50:46.000,Northern|Savelugu
SCRP-00001278,SCLN-00000417,187.6,2024-03-30 15:46:59.000,Northern|Savelugu
SCRP-00001279,SCLN-00000417,91.08,2024-04-17 12:09:14.000,Northern|Savelugu
SCRP-00001280,SCLN-00000418,285.85,2025-09-13 17:28:32.000,Northern|Yendi
SCRP-00001281,SCLN-00000418,137.19,2025-10-04 17:54:52.000,Northern|Yendi
SCRP-00001282,SCLN-00000418,67.56,2025-10-25 09:07:23.000,Northern|Yendi
SCRP-00001283,SCLN-00000418,38.79,2025-11-15 16:22:40.000,Northern|Yendi
SCRP-00001284,SCLN-00000419,435.23,2025-11-28 13:32:10.000,Ashanti|Kumasi
SCRP-00001285,SCLN-00000419,237.0,2025-12-21 12:37:41.000,Ashanti|Kumasi
SCRP-00001286,SCLN-00000420,462.78,2025-04-26 08:40:14.000,Eastern|Akropong
SCRP-00001287,SCLN-00000420,129.7,2025-05-25 14:09:54.000,Eastern|Akropong
SCRP-00001288,SCLN-00000421,371.87,2025-07-23 17:01:21.000,Eastern|Akropong
SCRP-00001289,SCLN-00000421,199.88,2025-08-06 10:05:47.000,Eastern|Akropong
SCRP-00001290,SCLN-00000421,94.02,2025-08-20 19:47:11.000,Eastern|Akropong
SCRP-00001291,SCLN-00000421,49.94,2025-09-03 08:26:17.000,Eastern|Akropong
SCRP-00001292,SCLN-00000421,27.47,2025-09-17 14:55:23.000,Eastern|Akropong
SCRP-00001293,SCLN-00000422,353.64,2025-12-04 08:36:40.000,Eastern|Akropong
SCRP-00001294,SCLN-00000423,478.16,2025-10-11 19:12:06.000,Western|Tarkwa
SCRP-00001295,SCLN-00000423,230.5,2025-10-25 09:19:14.000,Western|Tarkwa
SCRP-00001296,SCLN-00000423,140.48,2025-11-11 17:00:40.000,Western|Tarkwa
SCRP-00001297,SCLN-00000424,731.51,2025-03-14 19:05:13.000,Northern|Tamale
SCRP-00001298,SCLN-00000424,388.07,2025-04-10 13:32:56.000,Northern|Tamale
SCRP-00001299,SCLN-00000424,107.22,2025-05-06 18:08:18.000,Northern|Tamale
SCRP-00001300,SCLN-00000425,1959.45,2023-10-10 08:09:45.000,Bono|Berekum
SCRP-00001301,SCLN-00000425,1049.07,2023-10-26 12:05:30.000,Bono|Berekum
SCRP-00001302,SCLN-00000425,616.76,2023-11-12 13:56:17.000,Bono|Berekum
SCRP-00001303,SCLN-00000425,368.23,2023-11-28 12:07:19.000,Bono|Berekum
SCRP-00001304,SCLN-00000425,90.48,2023-12-14 14:05:46.000,Bono|Berekum
SCRP-00001305,SCLN-00000426,223.65,2025-07-24 09:44:28.000,Ashanti|Obuasi
SCRP-00001306,SCLN-00000426,104.63,2025-08-01 11:04:50.000,Ashanti|Obuasi
SCRP-00001307,SCLN-00000426,54.28,2025-08-09 12:52:55.000,Ashanti|Obuasi
SCRP-00001308,SCLN-00000426,33.68,2025-08-16 10:13:40.000,Ashanti|Obuasi
SCRP-00001309,SCLN-00000426,16.73,2025-08-24 09:20:51.000,Ashanti|Obuasi
SCRP-00001310,SCLN-00000428,895.09,2024-12-07 18:59:56.000,Ashanti|Kumasi
SCRP-00001311,SCLN-00000428,447.94,2024-12-15 19:00:16.000,Ashanti|Kumasi
SCRP-00001312,SCLN-00000428,250.07,2024-12-23 13:21:49.000,Ashanti|Kumasi
SCRP-00001313,SCLN-00000428,115.5,2024-12-30 09:18:17.000,Ashanti|Kumasi
SCRP-00001314,SCLN-00000428,70.16,2025-01-07 17:43:19.000,Ashanti|Kumasi
SCRP-00001315,SCLN-00000429,613.93,2025-08-08 12:32:04.000,Ashanti|Kumasi
SCRP-00001316,SCLN-00000429,318.84,2025-08-31 13:47:54.000,Ashanti|Kumasi
SCRP-00001317,SCLN-00000429,191.64,2025-09-23 12:52:07.000,Ashanti|Kumasi
SCRP-00001318,SCLN-00000430,159.8,2025-03-12 10:49:15.000,Western|Takoradi
SCRP-00001319,SCLN-00000430,84.51,2025-03-23 10:14:56.000,Western|Takoradi
SCRP-00001320,SCLN-00000430,45.89,2025-04-03 15:19:56.000,Western|Takoradi
SCRP-00001321,SCLN-00000431,1197.65,2025-04-29 14:03:43.000,Western|Takoradi
SCRP-00001322,SCLN-00000431,634.89,2025-05-07 14:16:43.000,Western|Takoradi
SCRP-00001323,SCLN-00000431,326.61,2025-05-15 17:16:09.000,Western|Takoradi
SCRP-00001324,SCLN-00000432,169.1,2025-07-17 16:47:24.000,Western|Takoradi
SCRP-00001325,SCLN-00000432,87.12,2025-07-31 14:42:41.000,Western|Takoradi
SCRP-00001326,SCLN-00000432,50.17,2025-08-14 17:44:34.000,Western|Takoradi
SCRP-00001327,SCLN-00000432,27.58,2025-08-28 18:07:16.000,Western|Takoradi
SCRP-00001328,SCLN-00000432,15.43,2025-09-11 08:49:33.000,Western|Takoradi
SCRP-00001329,SCLN-00000433,888.08,2023-05-14 13:16:02.000,Volta|Hohoe
SCRP-00001330,SCLN-00000433,546.28,2023-05-26 19:40:58.000,Volta|Hohoe
SCRP-00001331,SCLN-00000433,312.75,2023-06-07 17:27:46.000,Volta|Hohoe
SCRP-00001332,SCLN-00000434,103.41,2024-08-20 15:02:19.000,Volta|Hohoe
SCRP-00001333,SCLN-00000434,54.38,2024-08-27 15:48:41.000,Volta|Hohoe
SCRP-00001334,SCLN-00000434,32.55,2024-09-03 11:37:01.000,Volta|Hohoe
SCRP-00001335,SCLN-00000434,18.44,2024-09-10 18:11:02.000,Volta|Hohoe
SCRP-00001336,SCLN-00000434,8.57,2024-09-17 10:46:47.000,Volta|Hohoe
SCRP-00001337,SCLN-00000435,102.66,2025-02-20 09:30:51.000,Volta|Hohoe
SCRP-00001338,SCLN-00000435,50.51,2025-03-05 13:45:21.000,Volta|Hohoe
SCRP-00001339,SCLN-00000435,31.42,2025-03-18 17:40:48.000,Volta|Hohoe
SCRP-00001340,SCLN-00000435,15.22,2025-03-31 08:00:11.000,Volta|Hohoe
SCRP-00001341,SCLN-00000436,1821.29,2024-09-10 16:10:23.000,Greater Accra|Tema
SCRP-00001342,SCLN-00000436,1049.57,2024-09-28 18:03:33.000,Greater Accra|Tema
SCRP-00001343,SCLN-00000436,622.2,2024-10-16 13:59:26.000,Greater Accra|Tema
SCRP-00001344,SCLN-00000436,313.62,2024-11-02 10:52:52.000,Greater Accra|Tema
SCRP-00001345,SCLN-00000436,142.59,2024-11-20 13:14:31.000,Greater Accra|Tema
SCRP-00001346,SCLN-00000437,1114.07,2025-01-16 10:14:57.000,Greater Accra|Tema
SCRP-00001347,SCLN-00000437,554.18,2025-02-08 14:32:49.000,Greater Accra|Tema
SCRP-00001348,SCLN-00000437,259.02,2025-03-02 10:12:34.000,Greater Accra|Tema
SCRP-00001349,SCLN-00000437,151.66,2025-03-25 16:21:59.000,Greater Accra|Tema
SCRP-00001350,SCLN-00000438,437.93,2025-11-14 10:20:46.000,Greater Accra|Madina
SCRP-00001351,SCLN-00000438,271.62,2025-12-14 19:48:57.000,Greater Accra|Madina
SCRP-00001352,SCLN-00000439,855.56,2025-08-18 15:08:57.000,Volta|Keta
SCRP-00001353,SCLN-00000439,473.98,2025-09-09 09:31:56.000,Volta|Keta
SCRP-00001354,SCLN-00000439,243.49,2025-10-02 18:48:24.000,Volta|Keta
SCRP-00001355,SCLN-00000439,109.73,2025-10-24 15:37:06.000,Volta|Keta
SCRP-00001356,SCLN-00000440,506.25,2025-12-25 15:36:39.000,Eastern|Nkawkaw
SCRP-00001357,SCLN-00000440,250.74,2025-12-21 08:00:29.000,Eastern|Nkawkaw
SCRP-00001358,SCLN-00000440,138.87,2025-12-30 12:43:01.000,Eastern|Nkawkaw
SCRP-00001359,SCLN-00000441,826.68,2024-08-30 08:47:25.000,Bono|Sunyani
SCRP-00001360,SCLN-00000441,386.98,2024-09-24 15:43:35.000,Bono|Sunyani
SCRP-00001361,SCLN-00000442,258.28,2025-03-23 08:49:42.000,Bono|Sunyani
SCRP-00001362,SCLN-00000442,130.31,2025-03-30 08:34:53.000,Bono|Sunyani
SCRP-00001363,SCLN-00000442,67.04,2025-04-07 08:18:15.000,Bono|Sunyani
SCRP-00001364,SCLN-00000442,36.35,2025-04-14 15:46:42.000,Bono|Sunyani
SCRP-00001365,SCLN-00000442,16.32,2025-04-21 09:36:10.000,Bono|Sunyani
SCRP-00001366,SCLN-00000443,161.09,2025-07-04 15:12:56.000,Bono|Sunyani
SCRP-00001367,SCLN-00000443,93.27,2025-07-14 19:12:06.000,Bono|Sunyani
SCRP-00001368,SCLN-00000443,45.69,2025-07-24 12:15:27.000,Bono|Sunyani
SCRP-00001369,SCLN-00000443,23.54,2025-08-03 16:17:55.000,Bono|Sunyani
SCRP-00001370,SCLN-00000444,420.15,2025-11-16 17:41:15.000,Oti|Jasikan
SCRP-00001371,SCLN-00000444,139.98,2025-12-22 15:51:20.000,Oti|Jasikan
SCRP-00001372,SCLN-00000445,189.65,2025-09-05 14:06:29.000,Upper East|Navrongo
SCRP-00001373,SCLN-00000445,83.83,2025-10-09 19:00:40.000,Upper East|Navrongo
SCRP-00001374,SCLN-00000446,610.67,2023-10-20 18:28:56.000,Oti|Dambai
SCRP-00001375,SCLN-00000446,328.03,2023-11-11 09:20:10.000,Oti|Dambai
SCRP-00001376,SCLN-00000446,167.64,2023-12-04 14:41:11.000,Oti|Dambai
SCRP-00001377,SCLN-00000446,106.27,2023-12-26 11:31:18.000,Oti|Dambai
SCRP-00001378,SCLN-00000447,128.24,2024-06-23 10:10:36.000,Bono East|Techiman
SCRP-00001379,SCLN-00000447,80.13,2024-07-06 14:52:46.000,Bono East|Techiman
SCRP-00001380,SCLN-00000447,40.38,2024-07-19 14:34:25.000,Bono East|Techiman
SCRP-00001381,SCLN-00000448,1433.19,2024-07-15 19:04:58.000,Northern|Yendi
SCRP-00001382,SCLN-00000448,799.17,2024-08-12 13:59:22.000,Northern|Yendi
SCRP-00001383,SCLN-00000448,502.13,2024-09-01 17:08:36.000,Northern|Yendi
SCRP-00001384,SCLN-00000448,227.72,2024-09-22 16:18:42.000,Northern|Yendi
SCRP-00001385,SCLN-00000449,679.04,2024-12-22 13:21:14.000,Northern|Yendi
SCRP-00001386,SCLN-00000449,348.34,2025-01-05 11:10:08.000,Northern|Yendi
SCRP-00001387,SCLN-00000450,185.99,2025-08-14 14:23:56.000,Ashanti|Ejisu
SCRP-00001388,SCLN-00000450,106.31,2025-08-26 09:59:09.000,Ashanti|Ejisu
SCRP-00001389,SCLN-00000450,55.95,2025-09-06 11:28:11.000,Ashanti|Ejisu
SCRP-00001390,SCLN-00000450,28.15,2025-09-18 14:52:41.000,Ashanti|Ejisu
SCRP-00001391,SCLN-00000451,141.73,2025-12-20 15:14:50.000,Ashanti|Ejisu
SCRP-00001392,SCLN-00000453,217.08,2025-10-30 08:55:30.000,Northern|Savelugu
SCRP-00001393,SCLN-00000453,126.11,2025-11-08 13:38:45.000,Northern|Savelugu
SCRP-00001394,SCLN-00000453,60.2,2025-11-16 18:52:30.000,Northern|Savelugu
SCRP-00001395,SCLN-00000453,31.03,2025-11-25 11:50:54.000,Northern|Savelugu
SCRP-00001396,SCLN-00000454,295.39,2025-06-29 09:54:52.000,Greater Accra|Madina
SCRP-00001397,SCLN-00000454,145.97,2025-07-14 18:39:55.000,Greater Accra|Madina
SCRP-00001398,SCLN-00000454,74.44,2025-07-28 16:25:46.000,Greater Accra|Madina
SCRP-00001399,SCLN-00000455,203.64,2025-12-08 10:38:46.000,Oti|Dambai
SCRP-00001400,SCLN-00000455,96.92,2025-12-02 09:06:30.000,Oti|Dambai
SCRP-00001401,SCLN-00000455,53.82,2025-12-16 13:23:59.000,Oti|Dambai
SCRP-00001402,SCLN-00000455,24.52,2025-12-28 14:49:16.000,Oti|Dambai
SCRP-00001403,SCLN-00000456,565.12,2025-08-11 11:42:14.000,Greater Accra|Kasoa
SCRP-00001404,SCLN-00000456,297.99,2025-09-12 12:15:05.000,Greater Accra|Kasoa
SCRP-00001405,SCLN-00000457,478.53,2025-12-01 18:09:41.000,Greater Accra|Kasoa
SCRP-00001406,SCLN-00000457,253.84,2025-12-18 18:42:42.000,Greater Accra|Kasoa
SCRP-00001407,SCLN-00000457,128.26,2025-12-27 10:29:16.000,Greater Accra|Kasoa
SCRP-00001408,SCLN-00000458,256.63,2024-01-04 15:57:38.000,Ashanti|Obuasi
SCRP-00001409,SCLN-00000458,97.03,2024-02-06 09:00:32.000,Ashanti|Obuasi
SCRP-00001410,SCLN-00000459,882.38,2025-05-14 15:21:16.000,Ashanti|Obuasi
SCRP-00001411,SCLN-00000459,459.83,2025-05-24 18:06:23.000,Ashanti|Obuasi
SCRP-00001412,SCLN-00000459,236.04,2025-06-19 10:07:49.000,Ashanti|Obuasi
SCRP-00001413,SCLN-00000460,288.06,2025-05-19 08:00:09.000,Greater Accra|Accra
SCRP-00001414,SCLN-00000460,163.44,2025-06-01 09:36:49.000,Greater Accra|Accra
SCRP-00001415,SCLN-00000461,388.21,2025-09-16 18:09:42.000,Volta|Keta
SCRP-00001416,SCLN-00000461,187.83,2025-09-27 16:02:04.000,Volta|Keta
SCRP-00001417,SCLN-00000461,107.63,2025-10-01 13:48:42.000,Volta|Keta
SCRP-00001418,SCLN-00000461,54.5,2025-10-17 12:15:13.000,Volta|Keta
SCRP-00001419,SCLN-00000463,214.49,2025-08-01 19:46:49.000,Ashanti|Kumasi
SCRP-00001420,SCLN-00000463,104.73,2025-08-18 08:57:18.000,Ashanti|Kumasi
SCRP-00001421,SCLN-00000464,942.65,2025-10-15 17:43:29.000,Ashanti|Kumasi
SCRP-00001422,SCLN-00000464,219.51,2025-10-31 16:10:58.000,Ashanti|Kumasi
SCRP-00001423,SCLN-00000465,1305.76,2025-12-04 17:41:47.000,Ashanti|Kumasi
SCRP-00001424,SCLN-00000465,580.13,2025-12-17 15:42:11.000,Ashanti|Kumasi
SCRP-00001425,SCLN-00000465,354.17,2025-12-30 10:20:35.000,Ashanti|Kumasi
SCRP-00001426,SCLN-00000466,680.01,2025-04-15 14:12:11.000,Western|Tarkwa
SCRP-00001427,SCLN-00000466,346.48,2025-05-05 15:21:17.000,Western|Tarkwa
SCRP-00001428,SCLN-00000466,171.63,2025-05-25 17:49:18.000,Western|Tarkwa
SCRP-00001429,SCLN-00000467,469.56,2025-10-24 11:55:04.000,Western|Tarkwa
SCRP-00001430,SCLN-00000467,278.32,2025-11-06 19:45:46.000,Western|Tarkwa
SCRP-00001431,SCLN-00000467,147.87,2025-11-08 17:49:23.000,Western|Tarkwa
SCRP-00001432,SCLN-00000467,70.41,2025-11-19 08:43:26.000,Western|Tarkwa
SCRP-00001433,SCLN-00000467,40.13,2025-11-25 19:59:24.000,Western|Tarkwa
SCRP-00001434,SCLN-00000468,2241.86,2025-08-23 13:15:19.000,Ashanti|Obuasi
SCRP-00001435,SCLN-00000468,1119.97,2025-08-30 19:20:12.000,Ashanti|Obuasi
SCRP-00001436,SCLN-00000468,550.3,2025-09-07 19:50:18.000,Ashanti|Obuasi
SCRP-00001437,SCLN-00000468,302.21,2025-09-14 08:33:00.000,Ashanti|Obuasi
SCRP-00001438,SCLN-00000469,223.22,2025-12-07 13:13:04.000,Greater Accra|Tema
SCRP-00001439,SCLN-00000469,115.49,2025-12-21 19:37:43.000,Greater Accra|Tema
SCRP-00001440,SCLN-00000470,1669.29,2023-11-30 08:35:14.000,Ashanti|Obuasi
SCRP-00001441,SCLN-00000470,797.69,2023-12-15 10:53:45.000,Ashanti|Obuasi
SCRP-00001442,SCLN-00000470,435.58,2023-12-30 12:10:40.000,Ashanti|Obuasi
SCRP-00001443,SCLN-00000470,231.72,2024-01-14 13:19:20.000,Ashanti|Obuasi
SCRP-00001444,SCLN-00000470,86.77,2024-01-29 15:58:53.000,Ashanti|Obuasi
SCRP-00001445,SCLN-00000471,264.97,2025-01-30 15:22:04.000,Ashanti|Obuasi
SCRP-00001446,SCLN-00000471,136.88,2025-02-17 18:44:05.000,Ashanti|Obuasi
SCRP-00001447,SCLN-00000471,78.63,2025-03-07 09:04:19.000,Ashanti|Obuasi
SCRP-00001448,SCLN-00000471,39.58,2025-03-25 13:41:33.000,Ashanti|Obuasi
SCRP-00001449,SCLN-00000472,861.93,2025-09-22 11:25:11.000,Ashanti|Obuasi
SCRP-00001450,SCLN-00000472,509.79,2025-10-25 10:51:42.000,Ashanti|Obuasi
SCRP-00001451,SCLN-00000473,421.4,2025-11-16 18:35:09.000,Ashanti|Obuasi
SCRP-00001452,SCLN-00000473,224.5,2025-12-02 19:28:30.000,Ashanti|Obuasi
SCRP-00001453,SCLN-00000474,222.36,2024-01-15 14:48:26.000,Upper West|Wa
SCRP-00001454,SCLN-00000474,132.39,2024-01-26 15:11:34.000,Upper West|Wa
SCRP-00001455,SCLN-00000474,65.6,2024-02-05 13:07:53.000,Upper West|Wa
SCRP-00001456,SCLN-00000475,143.18,2025-05-15 15:36:53.000,Northern|Savelugu
SCRP-00001457,SCLN-00000475,87.49,2025-05-23 10:08:38.000,Northern|Savelugu
SCRP-00001458,SCLN-00000475,48.11,2025-06-01 16:00:43.000,Northern|Savelugu
SCRP-00001459,SCLN-00000475,24.22,2025-06-09 18:01:37.000,Northern|Savelugu
SCRP-00001460,SCLN-00000476,263.68,2025-01-10 18:23:18.000,Greater Accra|Kasoa
SCRP-00001461,SCLN-00000476,128.47,2025-01-02 14:45:55.000,Greater Accra|Kasoa
SCRP-00001462,SCLN-00000476,72.01,2025-01-16 18:55:01.000,Greater Accra|Kasoa
SCRP-00001463,SCLN-00000476,38.67,2025-02-03 08:40:05.000,Greater Accra|Kasoa
SCRP-00001464,SCLN-00000476,19.95,2025-02-08 10:33:47.000,Greater Accra|Kasoa
SCRP-00001465,SCLN-00000477,248.52,2024-12-18 19:13:44.000,Greater Accra|Kasoa
SCRP-00001466,SCLN-00000477,160.92,2025-01-26 12:32:53.000,Greater Accra|Kasoa
SCRP-00001467,SCLN-00000478,602.41,2025-07-16 09:47:29.000,Volta|Hohoe
SCRP-00001468,SCLN-00000478,258.47,2025-08-03 09:19:04.000,Volta|Hohoe
SCRP-00001469,SCLN-00000478,157.38,2025-08-20 12:59:21.000,Volta|Hohoe
SCRP-00001470,SCLN-00000478,86.03,2025-09-07 11:35:07.000,Volta|Hohoe
SCRP-00001471,SCLN-00000478,48.77,2025-09-24 18:20:59.000,Volta|Hohoe
SCRP-00001472,SCLN-00000479,156.57,2025-11-06 09:12:15.000,Volta|Hohoe
SCRP-00001473,SCLN-00000479,87.91,2025-11-25 16:25:04.000,Volta|Hohoe
SCRP-00001474,SCLN-00000479,25.26,2025-12-14 17:40:31.000,Volta|Hohoe
SCRP-00001475,SCLN-00000480,641.84,2025-05-12 19:23:22.000,Eastern|Akropong
SCRP-00001476,SCLN-00000480,357.61,2025-06-07 08:18:28.000,Eastern|Akropong
SCRP-00001477,SCLN-00000480,205.84,2025-06-23 18:17:55.000,Eastern|Akropong
SCRP-00001478,SCLN-00000481,1196.59,2025-10-29 17:00:07.000,Eastern|Akropong
SCRP-00001479,SCLN-00000481,702.03,2025-11-11 10:24:55.000,Eastern|Akropong
SCRP-00001480,SCLN-00000481,397.61,2025-11-23 08:37:03.000,Eastern|Akropong
SCRP-00001481,SCLN-00000481,200.48,2025-12-06 09:04:02.000,Eastern|Akropong
SCRP-00001482,SCLN-00000481,110.75,2025-12-18 14:38:14.000,Eastern|Akropong
SCRP-00001483,SCLN-00000482,304.86,2025-10-20 17:37:35.000,Bono|Sunyani
SCRP-00001484,SCLN-00000482,164.5,2025-11-09 19:42:32.000,Bono|Sunyani
SCRP-00001485,SCLN-00000482,91.94,2025-11-20 18:47:07.000,Bono|Sunyani
SCRP-00001486,SCLN-00000482,54.29,2025-12-10 18:47:14.000,Bono|Sunyani
SCRP-00001487,SCLN-00000483,101.31,2025-09-17 11:08:29.000,Eastern|Nkawkaw
SCRP-00001488,SCLN-00000483,64.86,2025-09-24 13:05:09.000,Eastern|Nkawkaw
SCRP-00001489,SCLN-00000483,32.32,2025-10-06 12:03:56.000,Eastern|Nkawkaw
SCRP-00001490,SCLN-00000483,19.17,2025-10-18 15:43:37.000,Eastern|Nkawkaw
SCRP-00001491,SCLN-00000483,9.81,2025-11-03 13:18:32.000,Eastern|Nkawkaw
SCRP-00001492,SCLN-00000484,900.93,2025-12-14 12:25:01.000,Eastern|Nkawkaw
SCRP-00001493,SCLN-00000484,453.81,2025-12-28 13:51:41.000,Eastern|Nkawkaw
SCRP-00001494,SCLN-00000485,281.07,2025-08-20 11:26:03.000,Eastern|Akropong
SCRP-00001495,SCLN-00000485,123.85,2025-09-09 08:52:18.000,Eastern|Akropong
SCRP-00001496,SCLN-00000485,55.87,2025-09-29 12:57:14.000,Eastern|Akropong
SCRP-00001497,SCLN-00000486,344.76,2025-11-09 08:58:15.000,Eastern|Akropong
SCRP-00001498,SCLN-00000486,204.5,2025-11-30 19:47:11.000,Eastern|Akropong
SCRP-00001499,SCLN-00000486,109.44,2025-12-21 11:02:19.000,Eastern|Akropong
SCRP-00001500,SCLN-00000487,456.11,2024-06-07 13:54:31.000,Greater Accra|Madina
SCRP-00001501,SCLN-00000487,224.64,2024-06-18 12:31:05.000,Greater Accra|Madina
SCRP-00001502,SCLN-00000487,133.79,2024-06-29 19:37:59.000,Greater Accra|Madina
SCRP-00001503,SCLN-00000487,63.13,2024-07-10 14:24:38.000,Greater Accra|Madina
SCRP-00001504,SCLN-00000487,39.07,2024-07-21 08:38:02.000,Greater Accra|Madina
SCRP-00001505,SCLN-00000488,485.67,2025-09-25 14:32:36.000,Greater Accra|Madina
SCRP-00001506,SCLN-00000488,288.24,2025-10-12 11:45:50.000,Greater Accra|Madina
SCRP-00001507,SCLN-00000488,120.15,2025-10-29 09:29:18.000,Greater Accra|Madina
SCRP-00001508,SCLN-00000490,711.57,2025-09-10 08:48:23.000,Greater Accra|Kasoa
SCRP-00001509,SCLN-00000490,378.3,2025-10-04 11:03:13.000,Greater Accra|Kasoa
SCRP-00001510,SCLN-00000490,165.67,2025-10-21 16:54:58.000,Greater Accra|Kasoa
SCRP-00001511,SCLN-00000490,92.71,2025-11-12 11:59:25.000,Greater Accra|Kasoa
SCRP-00001512,SCLN-00000491,351.98,2025-03-22 10:22:27.000,Ahafo|Goaso
SCRP-00001513,SCLN-00000491,213.17,2025-04-11 09:33:15.000,Ahafo|Goaso
SCRP-00001514,SCLN-00000491,62.69,2025-05-01 12:52:41.000,Ahafo|Goaso
SCRP-00001515,SCLN-00000492,602.25,2025-08-29 15:29:25.000,Ahafo|Goaso
SCRP-00001516,SCLN-00000492,286.54,2025-09-26 19:21:11.000,Ahafo|Goaso
SCRP-00001517,SCLN-00000492,187.63,2025-10-24 18:24:32.000,Ahafo|Goaso
SCRP-00001518,SCLN-00000493,87.85,2025-09-19 09:14:37.000,Upper East|Bolgatanga
SCRP-00001519,SCLN-00000493,54.53,2025-10-09 12:12:49.000,Upper East|Bolgatanga
SCRP-00001520,SCLN-00000493,25.73,2025-10-30 18:58:19.000,Upper East|Bolgatanga
SCRP-00001521,SCLN-00000493,14.7,2025-11-19 10:25:26.000,Upper East|Bolgatanga
SCRP-00001522,SCLN-00000495,425.31,2025-06-20 11:33:36.000,Eastern|Akropong
SCRP-00001523,SCLN-00000495,248.31,2025-07-12 10:38:34.000,Eastern|Akropong
SCRP-00001524,SCLN-00000495,136.02,2025-08-02 14:56:32.000,Eastern|Akropong
SCRP-00001525,SCLN-00000495,66.75,2025-08-24 16:43:20.000,Eastern|Akropong
SCRP-00001526,SCLN-00000496,722.05,2024-01-04 17:31:35.000,Greater Accra|Kasoa
SCRP-00001527,SCLN-00000496,330.24,2024-01-20 11:16:37.000,Greater Accra|Kasoa
SCRP-00001528,SCLN-00000496,207.94,2024-02-04 16:12:41.000,Greater Accra|Kasoa
SCRP-00001529,SCLN-00000496,97.23,2024-02-20 19:41:49.000,Greater Accra|Kasoa
SCRP-00001530,SCLN-00000496,31.84,2024-03-06 15:24:33.000,Greater Accra|Kasoa
SCRP-00001531,SCLN-00000497,1473.32,2024-08-05 17:26:53.000,Greater Accra|Kasoa
SCRP-00001532,SCLN-00000497,733.9,2024-08-14 12:53:48.000,Greater Accra|Kasoa
SCRP-00001533,SCLN-00000497,332.82,2024-08-22 16:40:38.000,Greater Accra|Kasoa
SCRP-00001534,SCLN-00000497,198.82,2024-08-31 18:25:13.000,Greater Accra|Kasoa
SCRP-00001535,SCLN-00000498,1202.06,2025-04-18 11:56:56.000,Greater Accra|Kasoa
SCRP-00001536,SCLN-00000498,676.99,2025-04-26 08:19:18.000,Greater Accra|Kasoa
SCRP-00001537,SCLN-00000498,317.75,2025-05-04 16:41:26.000,Greater Accra|Kasoa
SCRP-00001538,SCLN-00000499,228.81,2025-02-09 13:38:43.000,Ahafo|Goaso
SCRP-00001539,SCLN-00000499,140.79,2025-03-06 14:49:08.000,Ahafo|Goaso
SCRP-00001540,SCLN-00000499,71.29,2025-03-21 16:55:11.000,Ahafo|Goaso
SCRP-00001541,SCLN-00000500,284.69,2024-11-13 19:36:07.000,Greater Accra|Kasoa
SCRP-00001542,SCLN-00000500,125.62,2024-11-25 18:29:24.000,Greater Accra|Kasoa
SCRP-00001543,SCLN-00000500,36.72,2024-12-07 08:51:12.000,Greater Accra|Kasoa
SCRP-00001544,SCLN-00000501,135.96,2024-03-14 14:39:53.000,Greater Accra|Accra
SCRP-00001545,SCLN-00000501,50.23,2024-03-30 13:27:40.000,Greater Accra|Accra
SCRP-00001546,SCLN-00000502,1534.23,2025-02-05 16:11:59.000,Greater Accra|Accra
SCRP-00001547,SCLN-00000502,743.07,2025-02-23 09:08:13.000,Greater Accra|Accra
SCRP-00001548,SCLN-00000502,411.14,2025-03-05 08:00:24.000,Greater Accra|Accra
SCRP-00001549,SCLN-00000503,270.49,2025-07-19 13:12:21.000,Greater Accra|Accra
SCRP-00001550,SCLN-00000503,136.26,2025-08-18 12:43:08.000,Greater Accra|Accra
SCRP-00001551,SCLN-00000504,237.8,2023-08-04 16:51:46.000,Bono|Berekum
SCRP-00001552,SCLN-00000504,118.41,2023-09-03 17:40:20.000,Bono|Berekum
SCRP-00001553,SCLN-00000505,727.1,2025-08-28 19:50:37.000,Bono|Berekum
SCRP-00001554,SCLN-00000505,333.1,2025-09-13 17:50:13.000,Bono|Berekum
SCRP-00001555,SCLN-00000505,188.95,2025-09-29 13:19:06.000,Bono|Berekum
SCRP-00001556,SCLN-00000505,110.71,2025-10-15 14:16:09.000,Bono|Berekum
SCRP-00001557,SCLN-00000505,59.82,2025-10-31 10:46:49.000,Bono|Berekum
SCRP-00001558,SCLN-00000506,398.74,2025-12-27 17:40:38.000,Bono|Berekum
SCRP-00001559,SCLN-00000507,142.18,2024-11-06 16:57:13.000,Greater Accra|Kasoa
SCRP-00001560,SCLN-00000507,68.75,2024-11-07 13:52:06.000,Greater Accra|Kasoa
SCRP-00001561,SCLN-00000507,35.0,2024-11-06 09:16:57.000,Greater Accra|Kasoa
SCRP-00001562,SCLN-00000508,76.99,2025-03-12 11:04:32.000,Greater Accra|Kasoa
SCRP-00001563,SCLN-00000508,42.08,2025-04-08 09:10:25.000,Greater Accra|Kasoa
SCRP-00001564,SCLN-00000509,1025.89,2025-12-07 15:15:20.000,Greater Accra|Kasoa
SCRP-00001565,SCLN-00000509,565.64,2025-12-30 11:09:27.000,Greater Accra|Kasoa
SCRP-00001566,SCLN-00000510,404.53,2025-11-14 12:15:33.000,Ashanti|Ejisu
SCRP-00001567,SCLN-00000510,190.77,2025-11-22 17:16:57.000,Ashanti|Ejisu
SCRP-00001568,SCLN-00000510,108.96,2025-11-30 13:02:10.000,Ashanti|Ejisu
SCRP-00001569,SCLN-00000510,50.3,2025-12-08 12:01:33.000,Ashanti|Ejisu
SCRP-00001570,SCLN-00000510,31.54,2025-12-16 19:23:06.000,Ashanti|Ejisu
SCRP-00001571,SCLN-00000511,168.66,2024-03-12 10:49:33.000,Greater Accra|Madina
SCRP-00001572,SCLN-00000511,83.85,2024-04-03 14:51:34.000,Greater Accra|Madina
SCRP-00001573,SCLN-00000511,46.59,2024-04-25 10:50:54.000,Greater Accra|Madina
SCRP-00001574,SCLN-00000512,2389.79,2025-07-16 15:08:41.000,Greater Accra|Madina
SCRP-00001575,SCLN-00000512,1473.89,2025-08-01 19:14:21.000,Greater Accra|Madina
SCRP-00001576,SCLN-00000512,766.28,2025-08-17 12:50:36.000,Greater Accra|Madina
SCRP-00001577,SCLN-00000513,276.67,2024-08-23 16:00:51.000,Eastern|Koforidua
SCRP-00001578,SCLN-00000513,129.5,2024-09-08 18:13:39.000,Eastern|Koforidua
SCRP-00001579,SCLN-00000514,442.03,2025-01-15 09:20:57.000,Oti|Dambai
SCRP-00001580,SCLN-00000514,271.41,2025-02-03 08:00:58.000,Oti|Dambai
SCRP-00001581,SCLN-00000515,679.56,2025-08-08 08:16:40.000,Oti|Dambai
SCRP-00001582,SCLN-00000515,403.84,2025-08-30 17:25:45.000,Oti|Dambai
SCRP-00001583,SCLN-00000515,195.91,2025-09-20 08:25:18.000,Oti|Dambai
SCRP-00001584,SCLN-00000516,124.27,2025-12-22 13:50:04.000,Oti|Dambai
SCRP-00001585,SCLN-00000516,71.55,2025-12-24 12:03:24.000,Oti|Dambai
SCRP-00001586,SCLN-00000517,732.93,2024-11-13 08:19:11.000,Greater Accra|Accra
SCRP-00001587,SCLN-00000517,342.3,2024-11-25 09:36:09.000,Greater Accra|Accra
SCRP-00001588,SCLN-00000518,217.47,2025-06-29 11:27:47.000,Greater Accra|Accra
SCRP-00001589,SCLN-00000518,127.24,2025-07-06 16:40:41.000,Greater Accra|Accra
SCRP-00001590,SCLN-00000518,72.95,2025-07-14 08:18:47.000,Greater Accra|Accra
SCRP-00001591,SCLN-00000518,27.86,2025-07-21 14:50:37.000,Greater Accra|Accra
SCRP-00001592,SCLN-00000519,378.99,2025-09-27 12:10:28.000,Greater Accra|Accra
SCRP-00001593,SCLN-00000519,252.71,2025-10-12 15:15:22.000,Greater Accra|Accra
SCRP-00001594,SCLN-00000520,787.78,2025-12-01 17:02:23.000,Greater Accra|Accra
SCRP-00001595,SCLN-00000521,279.64,2025-02-03 09:37:21.000,Ashanti|Obuasi
SCRP-00001596,SCLN-00000521,181.71,2025-02-06 18:08:12.000,Ashanti|Obuasi
SCRP-00001597,SCLN-00000521,88.19,2025-03-03 19:54:34.000,Ashanti|Obuasi
SCRP-00001598,SCLN-00000521,47.26,2025-03-05 09:14:49.000,Ashanti|Obuasi
SCRP-00001599,SCLN-00000521,23.94,2025-04-06 16:43:47.000,Ashanti|Obuasi
SCRP-00001600,SCLN-00000522,164.24,2025-11-05 15:46:13.000,Ashanti|Obuasi
SCRP-00001601,SCLN-00000522,82.3,2025-11-19 15:45:46.000,Ashanti|Obuasi
SCRP-00001602,SCLN-00000522,43.27,2025-12-03 15:45:13.000,Ashanti|Obuasi
SCRP-00001603,SCLN-00000523,326.28,2025-12-14 16:19:23.000,Bono East|Techiman
SCRP-00001604,SCLN-00000524,443.09,2025-08-09 13:14:06.000,Bono East|Techiman
SCRP-00001605,SCLN-00000524,235.9,2025-08-17 08:40:43.000,Bono East|Techiman
SCRP-00001606,SCLN-00000524,130.21,2025-08-26 08:23:47.000,Bono East|Techiman
SCRP-00001607,SCLN-00000524,67.37,2025-09-03 15:28:37.000,Bono East|Techiman
SCRP-00001608,SCLN-00000524,40.37,2025-09-11 15:44:30.000,Bono East|Techiman
SCRP-00001609,SCLN-00000525,449.82,2025-11-01 12:35:04.000,Bono East|Techiman
SCRP-00001610,SCLN-00000525,267.62,2025-11-19 18:24:13.000,Bono East|Techiman
SCRP-00001611,SCLN-00000525,154.71,2025-12-05 18:07:09.000,Bono East|Techiman
SCRP-00001612,SCLN-00000525,72.5,2025-12-12 09:21:56.000,Bono East|Techiman
SCRP-00001613,SCLN-00000526,715.15,2025-02-15 16:01:57.000,Bono East|Kintampo
SCRP-00001614,SCLN-00000526,361.66,2025-03-02 13:13:13.000,Bono East|Kintampo
SCRP-00001615,SCLN-00000526,196.95,2025-03-17 19:56:51.000,Bono East|Kintampo
SCRP-00001616,SCLN-00000526,115.32,2025-04-01 14:39:27.000,Bono East|Kintampo
SCRP-00001617,SCLN-00000527,173.78,2025-10-27 16:18:37.000,Central|Elmina
SCRP-00001618,SCLN-00000527,101.75,2025-11-17 12:48:14.000,Central|Elmina
SCRP-00001619,SCLN-00000527,63.17,2025-12-09 17:17:41.000,Central|Elmina
SCRP-00001620,SCLN-00000527,32.21,2025-12-30 16:27:03.000,Central|Elmina
SCRP-00001621,SCLN-00000528,323.3,2025-09-20 15:27:51.000,Northern|Tamale
SCRP-00001622,SCLN-00000528,186.72,2025-10-26 17:09:50.000,Northern|Tamale
SCRP-00001623,SCLN-00000529,189.41,2025-11-29 17:39:54.000,Greater Accra|Kasoa
SCRP-00001624,SCLN-00000529,96.13,2025-12-10 08:39:03.000,Greater Accra|Kasoa
SCRP-00001625,SCLN-00000529,47.57,2025-12-09 13:33:43.000,Greater Accra|Kasoa
SCRP-00001626,SCLN-00000529,23.19,2025-12-16 18:03:10.000,Greater Accra|Kasoa
SCRP-00001627,SCLN-00000530,1196.55,2025-01-02 11:45:33.000,Bono|Sunyani
SCRP-00001628,SCLN-00000530,546.77,2025-01-15 18:00:20.000,Bono|Sunyani
SCRP-00001629,SCLN-00000530,315.74,2025-01-28 12:19:22.000,Bono|Sunyani
SCRP-00001630,SCLN-00000530,167.99,2025-02-10 12:23:19.000,Bono|Sunyani
SCRP-00001631,SCLN-00000530,55.1,2025-02-23 19:11:35.000,Bono|Sunyani
SCRP-00001632,SCLN-00000531,789.04,2025-06-19 16:39:16.000,Bono|Sunyani
SCRP-00001633,SCLN-00000531,401.05,2025-07-17 16:44:59.000,Bono|Sunyani
SCRP-00001634,SCLN-00000532,453.29,2024-12-17 12:12:00.000,Eastern|Nkawkaw
SCRP-00001635,SCLN-00000532,251.62,2025-01-02 11:41:56.000,Eastern|Nkawkaw
SCRP-00001636,SCLN-00000532,120.18,2025-01-17 12:22:51.000,Eastern|Nkawkaw
SCRP-00001637,SCLN-00000532,68.09,2025-02-02 09:46:21.000,Eastern|Nkawkaw
SCRP-00001638,SCLN-00000532,37.63,2025-02-17 16:37:47.000,Eastern|Nkawkaw
SCRP-00001639,SCLN-00000533,816.86,2025-11-25 09:58:17.000,Eastern|Nkawkaw
SCRP-00001640,SCLN-00000533,455.05,2025-12-14 14:56:24.000,Eastern|Nkawkaw
SCRP-00001641,SCLN-00000534,151.82,2024-12-10 14:20:46.000,Greater Accra|Accra
SCRP-00001642,SCLN-00000534,90.92,2024-12-20 09:23:57.000,Greater Accra|Accra
SCRP-00001643,SCLN-00000534,53.24,2024-12-30 16:33:48.000,Greater Accra|Accra
SCRP-00001644,SCLN-00000534,26.94,2025-01-09 14:42:23.000,Greater Accra|Accra
SCRP-00001645,SCLN-00000535,246.04,2024-04-13 16:46:15.000,Bono|Sunyani
SCRP-00001646,SCLN-00000535,117.34,2024-04-24 10:50:16.000,Bono|Sunyani
SCRP-00001647,SCLN-00000535,59.31,2024-05-05 17:32:44.000,Bono|Sunyani
SCRP-00001648,SCLN-00000535,35.46,2024-05-16 19:20:40.000,Bono|Sunyani
SCRP-00001649,SCLN-00000535,18.72,2024-05-27 12:09:51.000,Bono|Sunyani
SCRP-00001650,SCLN-00000536,199.49,2025-07-21 14:44:58.000,Bono|Sunyani
SCRP-00001651,SCLN-00000536,96.18,2025-07-11 15:53:57.000,Bono|Sunyani
SCRP-00001652,SCLN-00000536,61.63,2025-08-07 10:24:22.000,Bono|Sunyani
SCRP-00001653,SCLN-00000536,31.2,2025-08-21 14:35:35.000,Bono|Sunyani
SCRP-00001654,SCLN-00000537,176.32,2025-12-08 19:01:01.000,Greater Accra|Madina
SCRP-00001655,SCLN-00000537,103.05,2025-12-24 12:26:16.000,Greater Accra|Madina
SCRP-00001656,SCLN-00000538,1355.85,2023-10-23 14:09:55.000,Greater Accra|Accra
SCRP-00001657,SCLN-00000538,670.08,2023-11-07 13:00:25.000,Greater Accra|Accra
SCRP-00001658,SCLN-00000538,386.37,2023-11-22 16:53:39.000,Greater Accra|Accra
SCRP-00001659,SCLN-00000538,242.73,2023-12-07 13:33:10.000,Greater Accra|Accra
SCRP-00001660,SCLN-00000538,117.85,2023-12-22 16:16:39.000,Greater Accra|Accra
SCRP-00001661,SCLN-00000539,254.0,2024-11-18 17:58:47.000,Greater Accra|Accra
SCRP-00001662,SCLN-00000539,134.77,2024-12-04 12:56:56.000,Greater Accra|Accra
SCRP-00001663,SCLN-00000539,76.03,2024-12-21 13:08:46.000,Greater Accra|Accra
SCRP-00001664,SCLN-00000539,36.24,2025-01-06 08:47:42.000,Greater Accra|Accra
SCRP-00001665,SCLN-00000539,21.94,2025-01-22 19:29:39.000,Greater Accra|Accra
SCRP-00001666,SCLN-00000540,1719.94,2025-06-01 11:44:27.000,Greater Accra|Accra
SCRP-00001667,SCLN-00000540,1095.54,2025-07-04 09:51:42.000,Greater Accra|Accra
SCRP-00001668,SCLN-00000541,75.03,2025-10-18 17:59:29.000,Greater Accra|Accra
SCRP-00001669,SCLN-00000541,47.2,2025-10-25 14:42:56.000,Greater Accra|Accra
SCRP-00001670,SCLN-00000541,20.74,2025-11-02 19:05:09.000,Greater Accra|Accra
SCRP-00001671,SCLN-00000541,12.42,2025-11-09 09:28:49.000,Greater Accra|Accra
SCRP-00001672,SCLN-00000541,6.63,2025-11-16 15:28:27.000,Greater Accra|Accra
SCRP-00001673,SCLN-00000542,306.3,2025-12-06 10:05:16.000,Greater Accra|Accra
SCRP-00001674,SCLN-00000542,157.41,2025-12-12 10:29:51.000,Greater Accra|Accra
SCRP-00001675,SCLN-00000542,92.77,2025-12-18 12:31:29.000,Greater Accra|Accra
SCRP-00001676,SCLN-00000542,54.52,2025-12-24 10:34:38.000,Greater Accra|Accra
SCRP-00001677,SCLN-00000542,24.41,2025-12-30 19:46:41.000,Greater Accra|Accra
SCRP-00001678,SCLN-00000543,1278.84,2025-01-03 10:21:32.000,Western|Tarkwa
SCRP-00001679,SCLN-00000543,782.58,2025-01-21 15:29:34.000,Western|Tarkwa
SCRP-00001680,SCLN-00000543,417.09,2025-01-31 10:03:12.000,Western|Tarkwa
SCRP-00001681,SCLN-00000544,281.41,2025-06-14 19:11:29.000,Western|Tarkwa
SCRP-00001682,SCLN-00000544,142.27,2025-06-29 15:03:01.000,Western|Tarkwa
SCRP-00001683,SCLN-00000544,76.15,2025-07-15 19:18:31.000,Western|Tarkwa
SCRP-00001684,SCLN-00000544,39.99,2025-07-30 15:40:03.000,Western|Tarkwa
SCRP-00001685,SCLN-00000544,20.13,2025-08-14 19:38:56.000,Western|Tarkwa
SCRP-00001686,SCLN-00000545,932.47,2025-10-08 19:31:56.000,Western|Tarkwa
SCRP-00001687,SCLN-00000545,511.19,2025-10-16 16:41:26.000,Western|Tarkwa
SCRP-00001688,SCLN-00000545,210.43,2025-10-24 18:07:56.000,Western|Tarkwa
SCRP-00001689,SCLN-00000546,536.51,2025-11-29 15:34:03.000,Western|Tarkwa
SCRP-00001690,SCLN-00000546,292.99,2025-12-15 08:24:47.000,Western|Tarkwa
SCRP-00001691,SCLN-00000546,137.93,2025-12-31 19:47:44.000,Western|Tarkwa
SCRP-00001692,SCLN-00000547,1969.36,2025-08-18 13:51:19.000,Greater Accra|Accra
SCRP-00001693,SCLN-00000547,918.16,2025-09-26 12:22:16.000,Greater Accra|Accra
SCRP-00001694,SCLN-00000548,433.23,2025-11-20 08:48:03.000,Greater Accra|Accra
SCRP-00001695,SCLN-00000548,253.96,2025-12-02 08:54:27.000,Greater Accra|Accra
SCRP-00001696,SCLN-00000548,142.49,2025-12-14 14:48:02.000,Greater Accra|Accra
SCRP-00001697,SCLN-00000548,82.78,2025-12-26 14:46:23.000,Greater Accra|Accra
SCRP-00001698,SCLN-00000549,2816.41,2023-10-06 14:11:24.000,Ashanti|Kumasi
SCRP-00001699,SCLN-00000549,1463.54,2023-10-22 14:55:28.000,Ashanti|Kumasi
SCRP-00001700,SCLN-00000549,900.35,2023-11-07 15:16:18.000,Ashanti|Kumasi
SCRP-00001701,SCLN-00000549,437.82,2023-11-23 19:21:29.000,Ashanti|Kumasi
SCRP-00001702,SCLN-00000550,205.85,2025-06-16 16:52:18.000,Ashanti|Kumasi
SCRP-00001703,SCLN-00000550,109.06,2025-06-25 13:24:05.000,Ashanti|Kumasi
SCRP-00001704,SCLN-00000550,62.27,2025-07-04 18:14:32.000,Ashanti|Kumasi
SCRP-00001705,SCLN-00000551,496.55,2025-11-04 13:03:18.000,Ashanti|Kumasi
SCRP-00001706,SCLN-00000551,264.23,2025-11-16 10:16:02.000,Ashanti|Kumasi
SCRP-00001707,SCLN-00000551,138.99,2025-11-28 14:44:09.000,Ashanti|Kumasi
SCRP-00001708,SCLN-00000551,81.08,2025-12-10 18:04:37.000,Ashanti|Kumasi
SCRP-00001709,SCLN-00000551,34.91,2025-12-22 15:37:48.000,Ashanti|Kumasi
SCRP-00001710,SCLN-00000552,218.17,2025-05-23 18:05:23.000,Ashanti|Obuasi
SCRP-00001711,SCLN-00000552,104.72,2025-06-09 16:41:17.000,Ashanti|Obuasi
SCRP-00001712,SCLN-00000552,51.99,2025-06-26 16:29:45.000,Ashanti|Obuasi
SCRP-00001713,SCLN-00000552,32.51,2025-07-13 18:49:22.000,Ashanti|Obuasi
SCRP-00001714,SCLN-00000552,17.92,2025-07-30 17:01:20.000,Ashanti|Obuasi
SCRP-00001715,SCLN-00000553,546.44,2025-08-25 17:25:42.000,Ashanti|Obuasi
SCRP-00001716,SCLN-00000553,305.33,2025-08-27 18:15:24.000,Ashanti|Obuasi
SCRP-00001717,SCLN-00000553,159.0,2025-09-03 19:16:25.000,Ashanti|Obuasi
SCRP-00001718,SCLN-00000553,100.94,2025-09-11 09:03:31.000,Ashanti|Obuasi
SCRP-00001719,SCLN-00000554,310.67,2025-11-07 16:23:14.000,Ashanti|Obuasi
SCRP-00001720,SCLN-00000554,154.37,2025-12-03 16:58:45.000,Ashanti|Obuasi
SCRP-00001721,SCLN-00000554,75.15,2025-11-20 14:44:53.000,Ashanti|Obuasi
SCRP-00001722,SCLN-00000555,826.56,2025-07-16 19:00:17.000,Ashanti|Obuasi
SCRP-00001723,SCLN-00000555,374.88,2025-08-03 12:05:39.000,Ashanti|Obuasi
SCRP-00001724,SCLN-00000555,227.03,2025-08-20 18:56:18.000,Ashanti|Obuasi
SCRP-00001725,SCLN-00000555,54.96,2025-09-07 09:54:33.000,Ashanti|Obuasi
SCRP-00001726,SCLN-00000557,134.26,2025-01-06 19:39:53.000,Northern|Yendi
SCRP-00001727,SCLN-00000557,64.69,2025-01-30 17:01:21.000,Northern|Yendi
SCRP-00001728,SCLN-00000557,33.8,2025-02-22 11:24:24.000,Northern|Yendi
SCRP-00001729,SCLN-00000557,20.56,2025-03-19 12:05:50.000,Northern|Yendi
SCRP-00001730,SCLN-00000558,348.91,2025-11-22 19:28:14.000,Northern|Yendi
SCRP-00001731,SCLN-00000558,164.39,2025-12-09 14:53:37.000,Northern|Yendi
SCRP-00001732,SCLN-00000559,369.79,2025-01-24 17:13:13.000,Ashanti|Kumasi
SCRP-00001733,SCLN-00000559,197.89,2025-02-12 11:03:49.000,Ashanti|Kumasi
SCRP-00001734,SCLN-00000559,113.37,2025-03-03 10:24:46.000,Ashanti|Kumasi
SCRP-00001735,SCLN-00000559,67.63,2025-03-22 10:26:35.000,Ashanti|Kumasi
SCRP-00001736,SCLN-00000559,35.47,2025-04-10 11:00:01.000,Ashanti|Kumasi
SCRP-00001737,SCLN-00000560,1434.05,2025-09-09 08:14:40.000,Ashanti|Kumasi
SCRP-00001738,SCLN-00000560,797.71,2025-10-08 19:23:46.000,Ashanti|Kumasi
SCRP-00001739,SCLN-00000560,398.42,2025-11-06 16:49:15.000,Ashanti|Kumasi
SCRP-00001740,SCLN-00000561,414.8,2025-06-21 18:25:54.000,Bono East|Kintampo
SCRP-00001741,SCLN-00000561,189.19,2025-07-02 17:09:21.000,Bono East|Kintampo
SCRP-00001742,SCLN-00000562,950.25,2025-09-13 17:02:02.000,Bono East|Kintampo
SCRP-00001743,SCLN-00000562,495.66,2025-10-06 17:27:34.000,Bono East|Kintampo
SCRP-00001744,SCLN-00000562,283.87,2025-10-29 17:04:59.000,Bono East|Kintampo
SCRP-00001745,SCLN-00000562,167.23,2025-11-21 10:19:53.000,Bono East|Kintampo
SCRP-00001746,SCLN-00000563,297.88,2025-12-12 11:19:44.000,Upper East|Navrongo
SCRP-00001747,SCLN-00000563,175.09,2025-12-10 14:11:03.000,Upper East|Navrongo
SCRP-00001748,SCLN-00000563,108.23,2025-12-22 17:05:59.000,Upper East|Navrongo
SCRP-00001749,SCLN-00000564,290.58,2024-05-13 09:01:05.000,Western|Axim
SCRP-00001750,SCLN-00000564,155.3,2024-06-02 18:57:52.000,Western|Axim
SCRP-00001751,SCLN-00000564,76.39,2024-06-21 16:05:37.000,Western|Axim
SCRP-00001752,SCLN-00000564,38.72,2024-07-11 15:06:20.000,Western|Axim
SCRP-00001753,SCLN-00000564,21.7,2024-07-30 08:59:34.000,Western|Axim
SCRP-00001754,SCLN-00000565,798.48,2025-09-05 13:14:36.000,Western|Axim
SCRP-00001755,SCLN-00000565,490.67,2025-09-15 08:15:20.000,Western|Axim
SCRP-00001756,SCLN-00000565,233.84,2025-09-25 11:09:53.000,Western|Axim
SCRP-00001757,SCLN-00000565,142.71,2025-10-05 15:39:52.000,Western|Axim
SCRP-00001758,SCLN-00000566,522.08,2025-11-06 10:27:26.000,Western|Axim
SCRP-00001759,SCLN-00000566,293.71,2025-11-20 13:19:55.000,Western|Axim
SCRP-00001760,SCLN-00000566,157.63,2025-12-03 19:46:23.000,Western|Axim
SCRP-00001761,SCLN-00000566,50.91,2025-12-17 08:31:24.000,Western|Axim
SCRP-00001762,SCLN-00000567,466.44,2025-03-12 18:25:22.000,Bono|Berekum
SCRP-00001763,SCLN-00000567,265.81,2025-04-02 08:27:18.000,Bono|Berekum
SCRP-00001764,SCLN-00000567,118.7,2025-04-24 18:13:28.000,Bono|Berekum
SCRP-00001765,SCLN-00000567,72.36,2025-05-15 10:16:20.000,Bono|Berekum
SCRP-00001766,SCLN-00000568,464.64,2025-11-03 12:08:31.000,Bono|Berekum
SCRP-00001767,SCLN-00000568,244.57,2025-11-27 18:33:15.000,Bono|Berekum
SCRP-00001768,SCLN-00000569,606.97,2024-09-11 14:09:57.000,Ashanti|Obuasi
SCRP-00001769,SCLN-00000569,348.58,2024-10-20 15:32:30.000,Ashanti|Obuasi
SCRP-00001770,SCLN-00000570,223.06,2025-09-29 14:32:19.000,Ashanti|Obuasi
SCRP-00001771,SCLN-00000570,120.12,2025-10-25 12:22:32.000,Ashanti|Obuasi
SCRP-00001772,SCLN-00000570,56.65,2025-10-19 11:30:10.000,Ashanti|Obuasi
SCRP-00001773,SCLN-00000570,28.48,2025-10-24 13:54:04.000,Ashanti|Obuasi
SCRP-00001774,SCLN-00000571,1004.47,2025-09-09 13:17:30.000,Greater Accra|Madina
SCRP-00001775,SCLN-00000571,577.32,2025-09-10 08:24:54.000,Greater Accra|Madina
SCRP-00001776,SCLN-00000571,283.58,2025-10-01 12:55:51.000,Greater Accra|Madina
SCRP-00001777,SCLN-00000571,137.62,2025-09-30 13:02:46.000,Greater Accra|Madina
SCRP-00001778,SCLN-00000571,84.17,2025-10-01 11:41:53.000,Greater Accra|Madina
SCRP-00001779,SCLN-00000572,560.4,2025-11-11 08:42:23.000,Greater Accra|Madina
SCRP-00001780,SCLN-00000572,338.0,2025-11-15 17:55:24.000,Greater Accra|Madina
SCRP-00001781,SCLN-00000572,175.99,2025-12-01 12:50:48.000,Greater Accra|Madina
SCRP-00001782,SCLN-00000572,92.31,2025-11-30 08:27:38.000,Greater Accra|Madina
SCRP-00001783,SCLN-00000573,1300.0,2025-05-14 16:19:23.000,Northern|Savelugu
SCRP-00001784,SCLN-00000573,637.31,2025-06-13 16:20:00.000,Northern|Savelugu
SCRP-00001785,SCLN-00000573,380.99,2025-07-01 17:44:27.000,Northern|Savelugu
SCRP-00001786,SCLN-00000574,442.38,2025-08-10 09:26:18.000,Northern|Savelugu
SCRP-00001787,SCLN-00000574,267.13,2025-08-22 19:57:34.000,Northern|Savelugu
SCRP-00001788,SCLN-00000574,145.49,2025-09-02 16:40:36.000,Northern|Savelugu
SCRP-00001789,SCLN-00000574,76.11,2025-09-14 10:13:58.000,Northern|Savelugu
SCRP-00001790,SCLN-00000574,29.05,2025-09-25 18:10:09.000,Northern|Savelugu
SCRP-00001791,SCLN-00000575,753.18,2025-11-25 15:48:14.000,Northern|Savelugu
SCRP-00001792,SCLN-00000575,358.04,2025-12-12 13:39:58.000,Northern|Savelugu
SCRP-00001793,SCLN-00000575,188.69,2025-12-23 11:58:16.000,Northern|Savelugu
SCRP-00001794,SCLN-00000576,553.92,2025-12-12 10:49:04.000,Greater Accra|Accra
SCRP-00001795,SCLN-00000576,298.46,2025-12-29 19:08:19.000,Greater Accra|Accra
SCRP-00001796,SCLN-00000577,1623.43,2024-10-02 12:55:44.000,Ashanti|Obuasi
SCRP-00001797,SCLN-00000577,956.28,2024-10-12 09:28:29.000,Ashanti|Obuasi
SCRP-00001798,SCLN-00000577,520.85,2024-10-17 15:22:29.000,Ashanti|Obuasi
SCRP-00001799,SCLN-00000577,265.71,2024-10-29 17:11:42.000,Ashanti|Obuasi
SCRP-00001800,SCLN-00000578,289.25,2025-09-04 11:37:37.000,Ashanti|Obuasi
SCRP-00001801,SCLN-00000578,155.65,2025-10-08 09:59:01.000,Ashanti|Obuasi
SCRP-00001802,SCLN-00000579,1168.08,2025-12-18 12:19:03.000,Ashanti|Obuasi
SCRP-00001803,SCLN-00000580,441.62,2024-11-17 10:48:49.000,Greater Accra|Tema
SCRP-00001804,SCLN-00000580,261.71,2024-11-26 09:24:35.000,Greater Accra|Tema
SCRP-00001805,SCLN-00000580,131.91,2024-12-09 15:02:28.000,Greater Accra|Tema
SCRP-00001806,SCLN-00000580,66.28,2024-12-05 10:03:51.000,Greater Accra|Tema
SCRP-00001807,SCLN-00000581,2635.78,2025-06-25 13:46:51.000,Greater Accra|Tema
SCRP-00001808,SCLN-00000581,1399.55,2025-07-15 15:22:06.000,Greater Accra|Tema
SCRP-00001809,SCLN-00000581,898.35,2025-08-04 11:55:09.000,Greater Accra|Tema
SCRP-00001810,SCLN-00000582,216.6,2025-06-29 14:19:58.000,Ashanti|Obuasi
SCRP-00001811,SCLN-00000582,107.2,2025-07-15 16:39:11.000,Ashanti|Obuasi
SCRP-00001812,SCLN-00000582,48.74,2025-07-30 08:36:24.000,Ashanti|Obuasi
SCRP-00001813,SCLN-00000583,400.95,2025-12-08 11:20:38.000,Ashanti|Obuasi
SCRP-00001814,SCLN-00000583,261.31,2025-12-28 16:35:25.000,Ashanti|Obuasi
SCRP-00001815,SCLN-00000584,179.67,2024-07-10 09:17:40.000,Ashanti|Ejisu
SCRP-00001816,SCLN-00000584,89.38,2024-07-19 14:33:27.000,Ashanti|Ejisu
SCRP-00001817,SCLN-00000584,46.02,2024-07-28 08:57:30.000,Ashanti|Ejisu
SCRP-00001818,SCLN-00000585,489.2,2025-03-15 10:39:06.000,Ashanti|Ejisu
SCRP-00001819,SCLN-00000585,285.72,2025-03-08 11:44:52.000,Ashanti|Ejisu
SCRP-00001820,SCLN-00000585,161.81,2025-03-31 18:37:01.000,Ashanti|Ejisu
SCRP-00001821,SCLN-00000585,93.68,2025-04-25 09:05:52.000,Ashanti|Ejisu
SCRP-00001822,SCLN-00000585,47.72,2025-05-04 19:25:16.000,Ashanti|Ejisu
SCRP-00001823,SCLN-00000587,858.1,2025-06-25 12:06:30.000,Volta|Hohoe
SCRP-00001824,SCLN-00000587,453.6,2025-07-03 15:46:24.000,Volta|Hohoe
SCRP-00001825,SCLN-00000587,261.83,2025-07-19 16:25:45.000,Volta|Hohoe
SCRP-00001826,SCLN-00000588,694.02,2025-11-07 15:49:03.000,Volta|Hohoe
SCRP-00001827,SCLN-00000588,407.33,2025-11-09 13:32:42.000,Volta|Hohoe
SCRP-00001828,SCLN-00000588,193.56,2025-11-24 10:54:29.000,Volta|Hohoe
SCRP-00001829,SCLN-00000588,111.79,2025-11-29 16:53:23.000,Volta|Hohoe
SCRP-00001830,SCLN-00000588,59.19,2025-12-07 13:39:12.000,Volta|Hohoe
SCRP-00001831,SCLN-00000589,195.92,2024-07-10 12:01:19.000,Central|Winneba
SCRP-00001832,SCLN-00000589,121.33,2024-08-05 18:27:17.000,Central|Winneba
SCRP-00001833,SCLN-00000589,56.47,2024-08-31 14:56:43.000,Central|Winneba
SCRP-00001834,SCLN-00000590,298.12,2025-02-22 08:30:46.000,Ahafo|Goaso
SCRP-00001835,SCLN-00000590,147.84,2025-03-14 13:24:00.000,Ahafo|Goaso
SCRP-00001836,SCLN-00000590,73.57,2025-04-03 08:57:16.000,Ahafo|Goaso
SCRP-00001837,SCLN-00000590,41.47,2025-04-23 17:58:24.000,Ahafo|Goaso
SCRP-00001838,SCLN-00000591,865.47,2025-05-20 18:48:35.000,Greater Accra|Tema
SCRP-00001839,SCLN-00000591,540.26,2025-06-05 16:06:03.000,Greater Accra|Tema
SCRP-00001840,SCLN-00000592,286.8,2025-10-18 09:54:38.000,Greater Accra|Tema
SCRP-00001841,SCLN-00000592,141.3,2025-11-16 09:43:05.000,Greater Accra|Tema
SCRP-00001842,SCLN-00000592,83.19,2025-12-15 19:30:44.000,Greater Accra|Tema
SCRP-00001843,SCLN-00000593,639.36,2024-09-05 13:13:36.000,Ashanti|Obuasi
SCRP-00001844,SCLN-00000593,347.16,2024-09-21 16:24:00.000,Ashanti|Obuasi
SCRP-00001845,SCLN-00000594,768.25,2024-03-28 18:15:13.000,Bono East|Techiman
SCRP-00001846,SCLN-00000594,357.28,2024-03-24 16:14:29.000,Bono East|Techiman
SCRP-00001847,SCLN-00000595,1134.7,2024-12-14 16:30:38.000,Bono East|Techiman
SCRP-00001848,SCLN-00000595,663.5,2024-12-27 17:42:10.000,Bono East|Techiman
SCRP-00001849,SCLN-00000595,315.39,2025-01-09 10:02:09.000,Bono East|Techiman
SCRP-00001850,SCLN-00000595,179.42,2025-01-22 13:29:28.000,Bono East|Techiman
SCRP-00001851,SCLN-00000596,1335.79,2025-07-09 19:01:51.000,Bono East|Techiman
SCRP-00001852,SCLN-00000596,595.65,2025-07-30 11:57:45.000,Bono East|Techiman
SCRP-00001853,SCLN-00000597,241.93,2025-05-11 13:41:05.000,Greater Accra|Kasoa
SCRP-00001854,SCLN-00000597,118.37,2025-06-14 15:59:21.000,Greater Accra|Kasoa
SCRP-00001855,SCLN-00000598,344.14,2025-09-08 18:41:25.000,Greater Accra|Kasoa
SCRP-00001856,SCLN-00000598,192.0,2025-09-19 16:07:36.000,Greater Accra|Kasoa
SCRP-00001857,SCLN-00000598,94.52,2025-09-30 18:32:11.000,Greater Accra|Kasoa
SCRP-00001858,SCLN-00000598,57.22,2025-10-11 11:59:22.000,Greater Accra|Kasoa
SCRP-00001859,SCLN-00000599,802.25,2025-11-15 11:46:50.000,Greater Accra|Kasoa
SCRP-00001860,SCLN-00000599,368.7,2025-12-04 08:55:13.000,Greater Accra|Kasoa
SCRP-00001861,SCLN-00000600,271.82,2024-07-04 08:18:51.000,Greater Accra|Accra
SCRP-00001862,SCLN-00000600,166.22,2024-07-12 15:35:08.000,Greater Accra|Accra
SCRP-00001863,SCLN-00000600,80.1,2024-07-21 16:35:21.000,Greater Accra|Accra
SCRP-00001864,SCLN-00000600,44.38,2024-07-29 17:24:34.000,Greater Accra|Accra
SCRP-00001865,SCLN-00000600,17.23,2024-08-06 15:15:25.000,Greater Accra|Accra
SCRP-00001866,SCLN-00000601,675.62,2025-07-03 11:57:45.000,Greater Accra|Accra
SCRP-00001867,SCLN-00000601,255.39,2025-07-31 13:55:38.000,Greater Accra|Accra
SCRP-00001868,SCLN-00000602,932.31,2025-10-12 13:39:00.000,Greater Accra|Accra
SCRP-00001869,SCLN-00000602,474.96,2025-10-19 08:59:20.000,Greater Accra|Accra
SCRP-00001870,SCLN-00000602,274.58,2025-10-26 12:03:30.000,Greater Accra|Accra
SCRP-00001871,SCLN-00000602,168.9,2025-11-02 09:34:10.000,Greater Accra|Accra
SCRP-00001872,SCLN-00000603,232.23,2025-02-27 19:18:34.000,Bono|Sunyani
SCRP-00001873,SCLN-00000603,130.97,2025-03-12 12:14:49.000,Bono|Sunyani
SCRP-00001874,SCLN-00000603,78.42,2025-03-25 12:43:04.000,Bono|Sunyani
SCRP-00001875,SCLN-00000604,950.26,2025-09-24 11:15:33.000,Bono|Sunyani
SCRP-00001876,SCLN-00000604,490.83,2025-10-06 18:19:26.000,Bono|Sunyani
SCRP-00001877,SCLN-00000605,1268.98,2025-11-09 13:43:29.000,Upper West|Lawra
SCRP-00001878,SCLN-00000605,626.82,2025-12-07 09:14:38.000,Upper West|Lawra
SCRP-00001879,SCLN-00000608,185.74,2025-04-08 17:44:57.000,Bono East|Techiman
SCRP-00001880,SCLN-00000608,83.39,2025-04-15 09:51:29.000,Bono East|Techiman
SCRP-00001881,SCLN-00000608,46.68,2025-04-22 08:19:02.000,Bono East|Techiman
SCRP-00001882,SCLN-00000608,29.02,2025-04-29 16:38:03.000,Bono East|Techiman
SCRP-00001883,SCLN-00000609,314.05,2025-11-03 12:13:50.000,Bono East|Techiman
SCRP-00001884,SCLN-00000609,157.03,2025-11-02 19:37:08.000,Bono East|Techiman
SCRP-00001885,SCLN-00000609,89.31,2025-11-21 19:05:09.000,Bono East|Techiman
SCRP-00001886,SCLN-00000610,260.68,2025-11-20 11:43:36.000,Bono East|Techiman
SCRP-00001887,SCLN-00000610,159.31,2025-12-07 14:08:51.000,Bono East|Techiman
SCRP-00001888,SCLN-00000611,824.93,2024-04-01 12:48:06.000,Central|Winneba
SCRP-00001889,SCLN-00000611,529.46,2024-05-02 08:24:06.000,Central|Winneba
SCRP-00001890,SCLN-00000612,272.64,2023-08-21 16:53:36.000,Central|Elmina
SCRP-00001891,SCLN-00000612,155.14,2023-08-29 15:46:03.000,Central|Elmina
SCRP-00001892,SCLN-00000612,72.65,2023-09-05 13:09:22.000,Central|Elmina
SCRP-00001893,SCLN-00000612,40.37,2023-09-13 08:41:31.000,Central|Elmina
SCRP-00001894,SCLN-00000613,588.23,2025-02-25 09:35:07.000,Central|Elmina
SCRP-00001895,SCLN-00000613,295.33,2025-03-14 16:21:22.000,Central|Elmina
SCRP-00001896,SCLN-00000613,166.83,2025-03-31 19:50:42.000,Central|Elmina
SCRP-00001897,SCLN-00000613,79.92,2025-04-17 11:32:03.000,Central|Elmina
SCRP-00001898,SCLN-00000614,658.65,2025-08-13 08:37:11.000,Central|Elmina
SCRP-00001899,SCLN-00000614,306.86,2025-08-25 15:08:15.000,Central|Elmina
SCRP-00001900,SCLN-00000614,200.78,2025-09-05 13:28:03.000,Central|Elmina
SCRP-00001901,SCLN-00000614,87.24,2025-09-17 09:10:59.000,Central|Elmina
SCRP-00001902,SCLN-00000615,695.0,2025-10-20 17:18:24.000,Central|Elmina
SCRP-00001903,SCLN-00000615,339.5,2025-11-04 10:57:57.000,Central|Elmina
SCRP-00001904,SCLN-00000616,338.68,2025-11-26 18:37:44.000,Central|Elmina
SCRP-00001905,SCLN-00000616,171.39,2025-12-03 19:29:27.000,Central|Elmina
SCRP-00001906,SCLN-00000616,80.32,2025-12-10 19:09:23.000,Central|Elmina
SCRP-00001907,SCLN-00000616,46.1,2025-12-17 18:48:46.000,Central|Elmina
SCRP-00001908,SCLN-00000616,22.35,2025-12-24 15:02:51.000,Central|Elmina
SCRP-00001909,SCLN-00000617,210.5,2025-10-23 09:28:59.000,Greater Accra|Madina
SCRP-00001910,SCLN-00000617,123.09,2025-11-05 16:20:44.000,Greater Accra|Madina
SCRP-00001911,SCLN-00000617,77.49,2025-11-17 10:15:04.000,Greater Accra|Madina
SCRP-00001912,SCLN-00000617,35.49,2025-11-30 08:47:00.000,Greater Accra|Madina
SCRP-00001913,SCLN-00000618,673.56,2024-10-12 15:36:54.000,Greater Accra|Accra
SCRP-00001914,SCLN-00000618,360.59,2024-10-21 09:22:40.000,Greater Accra|Accra
SCRP-00001915,SCLN-00000618,198.6,2024-10-30 08:50:21.000,Greater Accra|Accra
SCRP-00001916,SCLN-00000618,118.79,2024-11-07 11:52:28.000,Greater Accra|Accra
SCRP-00001917,SCLN-00000618,45.86,2024-11-16 14:07:18.000,Greater Accra|Accra
SCRP-00001918,SCLN-00000619,369.31,2025-11-30 10:48:18.000,Greater Accra|Accra
SCRP-00001919,SCLN-00000619,201.61,2025-12-30 09:23:33.000,Greater Accra|Accra
SCRP-00001920,SCLN-00000619,111.34,2025-12-31 13:35:27.000,Greater Accra|Accra
SCRP-00001921,SCLN-00000620,160.46,2024-08-11 17:26:11.000,Eastern|Koforidua
SCRP-00001922,SCLN-00000620,82.7,2024-08-23 13:18:15.000,Eastern|Koforidua
SCRP-00001923,SCLN-00000620,39.61,2024-09-03 19:45:06.000,Eastern|Koforidua
SCRP-00001924,SCLN-00000621,604.56,2025-07-28 16:27:53.000,Eastern|Koforidua
SCRP-00001925,SCLN-00000621,319.34,2025-08-26 17:47:17.000,Eastern|Koforidua
SCRP-00001926,SCLN-00000621,151.92,2025-09-24 08:10:38.000,Eastern|Koforidua
SCRP-00001927,SCLN-00000622,796.25,2025-11-07 17:57:14.000,Eastern|Koforidua
SCRP-00001928,SCLN-00000622,384.43,2025-11-17 17:50:11.000,Eastern|Koforidua
SCRP-00001929,SCLN-00000622,191.97,2025-11-28 15:46:54.000,Eastern|Koforidua
SCRP-00001930,SCLN-00000622,78.16,2025-12-08 08:24:00.000,Eastern|Koforidua
SCRP-00001931,SCLN-00000623,616.44,2024-09-10 11:31:25.000,Central|Elmina
SCRP-00001932,SCLN-00000623,330.58,2024-09-30 11:26:30.000,Central|Elmina
SCRP-00001933,SCLN-00000623,171.69,2024-10-19 15:22:12.000,Central|Elmina
SCRP-00001934,SCLN-00000623,64.64,2024-11-08 13:39:27.000,Central|Elmina
SCRP-00001935,SCLN-00000624,292.81,2024-08-10 12:58:02.000,Northern|Yendi
SCRP-00001936,SCLN-00000624,168.11,2024-08-19 10:15:34.000,Northern|Yendi
SCRP-00001937,SCLN-00000624,80.75,2024-08-28 16:41:09.000,Northern|Yendi
SCRP-00001938,SCLN-00000625,565.84,2025-03-29 19:45:23.000,Northern|Yendi
SCRP-00001939,SCLN-00000625,328.51,2025-04-28 17:09:06.000,Northern|Yendi
SCRP-00001940,SCLN-00000626,438.95,2025-08-31 10:17:22.000,Greater Accra|Madina
SCRP-00001941,SCLN-00000626,226.43,2025-09-08 15:40:52.000,Greater Accra|Madina
SCRP-00001942,SCLN-00000626,99.29,2025-09-16 08:54:17.000,Greater Accra|Madina
SCRP-00001943,SCLN-00000627,229.45,2025-09-25 10:09:23.000,Bono East|Techiman
SCRP-00001944,SCLN-00000627,117.15,2025-10-13 08:31:31.000,Bono East|Techiman
SCRP-00001945,SCLN-00000627,66.74,2025-10-31 15:20:04.000,Bono East|Techiman
SCRP-00001946,SCLN-00000627,31.22,2025-11-18 15:11:51.000,Bono East|Techiman
SCRP-00001947,SCLN-00000627,17.01,2025-12-06 13:29:52.000,Bono East|Techiman
SCRP-00001948,SCLN-00000628,698.48,2025-03-15 15:45:11.000,Ashanti|Ejisu
SCRP-00001949,SCLN-00000628,451.36,2025-03-31 14:06:53.000,Ashanti|Ejisu
SCRP-00001950,SCLN-00000628,210.38,2025-04-16 13:37:41.000,Ashanti|Ejisu
SCRP-00001951,SCLN-00000628,127.01,2025-05-02 12:04:02.000,Ashanti|Ejisu
SCRP-00001952,SCLN-00000629,263.18,2024-02-22 08:40:22.000,Ashanti|Ejisu
SCRP-00001953,SCLN-00000629,117.98,2024-02-11 11:04:44.000,Ashanti|Ejisu
SCRP-00001954,SCLN-00000629,74.51,2024-03-13 12:51:53.000,Ashanti|Ejisu
SCRP-00001955,SCLN-00000630,393.32,2025-05-07 09:20:39.000,Ashanti|Ejisu
SCRP-00001956,SCLN-00000630,195.84,2025-05-26 10:44:29.000,Ashanti|Ejisu
SCRP-00001957,SCLN-00000630,107.7,2025-06-15 10:28:12.000,Ashanti|Ejisu
SCRP-00001958,SCLN-00000630,52.7,2025-07-04 16:41:12.000,Ashanti|Ejisu
SCRP-00001959,SCLN-00000631,954.48,2025-05-15 09:09:32.000,Upper East|Navrongo
SCRP-00001960,SCLN-00000631,475.83,2025-06-04 12:00:59.000,Upper East|Navrongo
SCRP-00001961,SCLN-00000631,236.95,2025-06-25 16:08:52.000,Upper East|Navrongo
SCRP-00001962,SCLN-00000631,152.32,2025-07-15 16:55:34.000,Upper East|Navrongo
SCRP-00001963,SCLN-00000632,485.09,2025-09-04 12:24:59.000,Upper East|Navrongo
SCRP-00001964,SCLN-00000632,259.25,2025-09-09 10:29:25.000,Upper East|Navrongo
SCRP-00001965,SCLN-00000632,127.24,2025-09-15 12:18:29.000,Upper East|Navrongo
SCRP-00001966,SCLN-00000632,59.65,2025-09-19 17:01:03.000,Upper East|Navrongo
SCRP-00001967,SCLN-00000632,31.57,2025-10-01 12:52:58.000,Upper East|Navrongo
SCRP-00001968,SCLN-00000633,690.67,2025-11-29 13:26:54.000,Upper East|Navrongo
SCRP-00001969,SCLN-00000633,331.6,2025-12-14 14:15:42.000,Upper East|Navrongo
SCRP-00001970,SCLN-00000633,185.42,2025-12-29 16:14:41.000,Upper East|Navrongo
SCRP-00001971,SCLN-00000634,430.52,2025-08-26 08:50:49.000,Greater Accra|Tema
SCRP-00001972,SCLN-00000634,267.5,2025-09-23 15:04:49.000,Greater Accra|Tema
SCRP-00001973,SCLN-00000634,128.09,2025-10-21 13:02:00.000,Greater Accra|Tema
SCRP-00001974,SCLN-00000635,1683.96,2025-12-17 17:09:20.000,Greater Accra|Tema
SCRP-00001975,SCLN-00000636,256.5,2025-05-10 18:28:22.000,Western|Tarkwa
SCRP-00001976,SCLN-00000636,154.62,2025-05-30 15:25:53.000,Western|Tarkwa
SCRP-00001977,SCLN-00000636,81.65,2025-06-19 13:01:07.000,Western|Tarkwa
SCRP-00001978,SCLN-00000637,381.09,2025-10-24 12:23:06.000,Western|Tarkwa
SCRP-00001979,SCLN-00000637,200.29,2025-11-19 18:11:49.000,Western|Tarkwa
SCRP-00001980,SCLN-00000637,114.99,2025-12-14 08:50:48.000,Western|Tarkwa
SCRP-00001981,SCLN-00000638,1758.0,2025-08-28 13:39:20.000,Northern|Savelugu
SCRP-00001982,SCLN-00000638,936.0,2025-09-21 12:20:03.000,Northern|Savelugu
SCRP-00001983,SCLN-00000638,539.65,2025-10-15 12:38:35.000,Northern|Savelugu
SCRP-00001984,SCLN-00000639,252.58,2025-12-12 18:34:52.000,Northern|Savelugu
SCRP-00001985,SCLN-00000639,113.92,2025-12-25 13:46:28.000,Northern|Savelugu
SCRP-00001986,SCLN-00000640,1075.56,2025-02-25 12:37:16.000,Eastern|Akropong
SCRP-00001987,SCLN-00000640,568.97,2025-03-10 15:02:18.000,Eastern|Akropong
SCRP-00001988,SCLN-00000640,331.0,2025-03-23 18:21:30.000,Eastern|Akropong
SCRP-00001989,SCLN-00000640,206.37,2025-04-05 16:28:17.000,Eastern|Akropong
SCRP-00001990,SCLN-00000640,108.92,2025-04-18 19:37:13.000,Eastern|Akropong
SCRP-00001991,SCLN-00000641,229.88,2025-12-07 19:13:25.000,Eastern|Akropong
SCRP-00001992,SCLN-00000641,118.2,2025-12-17 14:08:46.000,Eastern|Akropong
SCRP-00001993,SCLN-00000641,70.07,2025-12-27 11:37:09.000,Eastern|Akropong
SCRP-00001994,SCLN-00000642,351.85,2024-12-09 14:52:03.000,Greater Accra|Tema
SCRP-00001995,SCLN-00000642,183.86,2024-12-31 14:22:18.000,Greater Accra|Tema
SCRP-00001996,SCLN-00000642,104.93,2025-01-22 09:35:32.000,Greater Accra|Tema
SCRP-00001997,SCLN-00000642,51.58,2025-02-13 16:14:49.000,Greater Accra|Tema
SCRP-00001998,SCLN-00000643,361.41,2025-03-03 12:03:56.000,Volta|Hohoe
SCRP-00001999,SCLN-00000643,187.77,2025-04-04 11:11:10.000,Volta|Hohoe
SCRP-00002000,SCLN-00000643,97.19,2025-04-06 18:58:59.000,Volta|Hohoe
SCRP-00002001,SCLN-00000643,55.13,2025-05-06 19:34:27.000,Volta|Hohoe
SCRP-00002002,SCLN-00000643,29.44,2025-06-04 13:23:40.000,Volta|Hohoe
SCRP-00002003,SCLN-00000644,186.57,2025-08-17 09:57:01.000,Volta|Hohoe
SCRP-00002004,SCLN-00000644,85.15,2025-09-06 14:17:23.000,Volta|Hohoe
SCRP-00002005,SCLN-00000644,52.93,2025-09-26 09:07:59.000,Volta|Hohoe
SCRP-00002006,SCLN-00000644,24.81,2025-10-15 15:46:58.000,Volta|Hohoe
SCRP-00002007,SCLN-00000644,15.14,2025-11-04 11:30:34.000,Volta|Hohoe
SCRP-00002008,SCLN-00000646,742.73,2025-12-04 13:41:44.000,Central|Elmina
SCRP-00002009,SCLN-00000646,402.42,2025-12-14 12:37:41.000,Central|Elmina
SCRP-00002010,SCLN-00000646,203.21,2025-12-24 12:14:10.000,Central|Elmina
SCRP-00002011,SCLN-00000647,687.13,2024-01-08 19:31:57.000,Eastern|Akropong
SCRP-00002012,SCLN-00000647,304.72,2024-01-16 19:44:26.000,Eastern|Akropong
SCRP-00002013,SCLN-00000647,179.85,2024-01-24 16:31:00.000,Eastern|Akropong
SCRP-00002014,SCLN-00000648,226.41,2024-11-19 18:21:23.000,Eastern|Akropong
SCRP-00002015,SCLN-00000648,111.57,2024-12-17 16:41:11.000,Eastern|Akropong
SCRP-00002016,SCLN-00000649,692.15,2025-05-18 17:01:09.000,Eastern|Akropong
SCRP-00002017,SCLN-00000649,341.51,2025-06-19 13:52:48.000,Eastern|Akropong
SCRP-00002018,SCLN-00000650,285.87,2025-10-03 10:21:42.000,Eastern|Akropong
SCRP-00002019,SCLN-00000650,140.61,2025-10-24 15:07:11.000,Eastern|Akropong
SCRP-00002020,SCLN-00000650,65.05,2025-11-14 18:19:45.000,Eastern|Akropong
SCRP-00002021,SCLN-00000651,755.07,2023-10-21 17:16:15.000,Bono East|Kintampo
SCRP-00002022,SCLN-00000651,426.08,2023-11-02 15:16:35.000,Bono East|Kintampo
SCRP-00002023,SCLN-00000651,223.96,2023-11-14 15:39:56.000,Bono East|Kintampo
SCRP-00002024,SCLN-00000651,103.9,2023-11-26 09:47:08.000,Bono East|Kintampo
SCRP-00002025,SCLN-00000652,262.47,2024-10-22 18:30:30.000,Bono East|Kintampo
SCRP-00002026,SCLN-00000652,125.21,2024-11-11 09:43:08.000,Bono East|Kintampo
SCRP-00002027,SCLN-00000652,63.69,2024-12-01 15:40:31.000,Bono East|Kintampo
SCRP-00002028,SCLN-00000652,37.49,2024-12-21 17:03:04.000,Bono East|Kintampo
SCRP-00002029,SCLN-00000652,20.2,2025-01-10 18:05:48.000,Bono East|Kintampo
SCRP-00002030,SCLN-00000653,434.47,2025-04-28 13:35:24.000,Bono East|Kintampo
SCRP-00002031,SCLN-00000653,256.59,2025-05-09 15:10:56.000,Bono East|Kintampo
SCRP-00002032,SCLN-00000653,122.73,2025-06-05 10:49:54.000,Bono East|Kintampo
SCRP-00002033,SCLN-00000654,651.47,2025-10-08 18:39:47.000,Bono East|Kintampo
SCRP-00002034,SCLN-00000654,372.09,2025-11-05 13:58:38.000,Bono East|Kintampo
SCRP-00002035,SCLN-00000655,1055.75,2025-11-28 08:23:45.000,Greater Accra|Tema
SCRP-00002036,SCLN-00000655,626.29,2025-12-29 19:27:26.000,Greater Accra|Tema
SCRP-00002037,SCLN-00000656,185.38,2025-06-23 14:10:22.000,Bono|Berekum
SCRP-00002038,SCLN-00000656,98.65,2025-07-14 13:16:36.000,Bono|Berekum
SCRP-00002039,SCLN-00000656,63.6,2025-08-04 19:06:26.000,Bono|Berekum
SCRP-00002040,SCLN-00000656,30.03,2025-08-25 13:29:44.000,Bono|Berekum
SCRP-00002041,SCLN-00000657,329.42,2025-08-11 17:19:15.000,Ashanti|Ejisu
SCRP-00002042,SCLN-00000657,180.3,2025-09-02 19:15:20.000,Ashanti|Ejisu
SCRP-00002043,SCLN-00000657,95.27,2025-09-24 09:47:43.000,Ashanti|Ejisu
SCRP-00002044,SCLN-00000657,49.44,2025-10-16 09:52:15.000,Ashanti|Ejisu
SCRP-00002045,SCLN-00000658,293.68,2025-09-08 16:05:48.000,Eastern|Akropong
SCRP-00002046,SCLN-00000658,145.37,2025-10-01 13:35:07.000,Eastern|Akropong
SCRP-00002047,SCLN-00000658,87.07,2025-10-25 19:24:16.000,Eastern|Akropong
SCRP-00002048,SCLN-00000658,45.74,2025-11-17 09:03:50.000,Eastern|Akropong
SCRP-00002049,SCLN-00000659,335.51,2024-10-17 19:58:34.000,Greater Accra|Madina
SCRP-00002050,SCLN-00000659,196.16,2024-11-21 13:41:25.000,Greater Accra|Madina
SCRP-00002051,SCLN-00000660,291.78,2023-12-02 15:02:56.000,Northern|Savelugu
SCRP-00002052,SCLN-00000660,178.66,2023-12-30 12:23:31.000,Northern|Savelugu
SCRP-00002053,SCLN-00000660,49.12,2024-01-27 19:04:04.000,Northern|Savelugu
SCRP-00002054,SCLN-00000661,546.82,2024-05-25 16:37:03.000,Northern|Savelugu
SCRP-00002055,SCLN-00000661,240.69,2024-06-02 17:45:40.000,Northern|Savelugu
SCRP-00002056,SCLN-00000661,138.12,2024-06-10 18:12:29.000,Northern|Savelugu
SCRP-00002057,SCLN-00000662,359.7,2024-12-15 19:41:40.000,Northern|Savelugu
SCRP-00002058,SCLN-00000662,166.96,2024-12-22 09:40:48.000,Northern|Savelugu
SCRP-00002059,SCLN-00000662,95.89,2024-12-29 18:31:18.000,Northern|Savelugu
SCRP-00002060,SCLN-00000662,43.52,2025-01-05 08:36:01.000,Northern|Savelugu
SCRP-00002061,SCLN-00000662,25.13,2025-01-12 14:45:39.000,Northern|Savelugu
SCRP-00002062,SCLN-00000663,268.46,2024-11-19 09:55:34.000,Central|Winneba
SCRP-00002063,SCLN-00000663,143.36,2024-12-01 09:36:29.000,Central|Winneba
SCRP-00002064,SCLN-00000663,83.55,2024-12-14 16:16:43.000,Central|Winneba
SCRP-00002065,SCLN-00000665,374.18,2025-06-10 19:32:44.000,Central|Winneba
SCRP-00002066,SCLN-00000665,185.93,2025-06-18 18:35:29.000,Central|Winneba
SCRP-00002067,SCLN-00000665,93.84,2025-06-26 18:04:01.000,Central|Winneba
SCRP-00002068,SCLN-00000665,49.15,2025-07-04 09:29:42.000,Central|Winneba
SCRP-00002069,SCLN-00000667,903.22,2024-05-27 18:52:07.000,Greater Accra|Accra
SCRP-00002070,SCLN-00000667,519.85,2024-06-19 15:45:38.000,Greater Accra|Accra
SCRP-00002071,SCLN-00000667,308.33,2024-07-13 18:59:15.000,Greater Accra|Accra
SCRP-00002072,SCLN-00000667,160.39,2024-08-05 13:07:08.000,Greater Accra|Accra
SCRP-00002073,SCLN-00000668,1132.82,2025-12-10 17:25:24.000,Greater Accra|Accra
SCRP-00002074,SCLN-00000669,206.22,2025-09-17 10:23:43.000,Ashanti|Kumasi
SCRP-00002075,SCLN-00000669,131.18,2025-10-10 10:53:08.000,Ashanti|Kumasi
SCRP-00002076,SCLN-00000670,144.72,2024-03-27 12:20:41.000,Greater Accra|Kasoa
SCRP-00002077,SCLN-00000670,82.13,2024-04-28 11:11:17.000,Greater Accra|Kasoa
SCRP-00002078,SCLN-00000671,141.39,2025-02-10 09:22:06.000,Greater Accra|Kasoa
SCRP-00002079,SCLN-00000671,74.39,2025-03-03 13:33:17.000,Greater Accra|Kasoa
SCRP-00002080,SCLN-00000671,34.85,2025-03-25 11:52:12.000,Greater Accra|Kasoa
SCRP-00002081,SCLN-00000671,18.46,2025-04-15 12:35:53.000,Greater Accra|Kasoa
SCRP-00002082,SCLN-00000672,4351.28,2024-10-10 12:59:57.000,Upper West|Lawra
SCRP-00002083,SCLN-00000672,2749.51,2024-10-26 19:55:06.000,Upper West|Lawra
SCRP-00002084,SCLN-00000672,1250.91,2024-11-21 08:20:49.000,Upper West|Lawra
SCRP-00002085,SCLN-00000672,712.78,2024-12-15 18:35:24.000,Upper West|Lawra
SCRP-00002086,SCLN-00000673,1049.78,2025-09-17 17:49:54.000,Upper West|Lawra
SCRP-00002087,SCLN-00000673,604.31,2025-09-09 17:28:03.000,Upper West|Lawra
SCRP-00002088,SCLN-00000673,288.25,2025-10-13 13:22:46.000,Upper West|Lawra
SCRP-00002089,SCLN-00000673,164.67,2025-10-01 14:46:28.000,Upper West|Lawra
SCRP-00002090,SCLN-00000674,216.22,2025-08-27 08:13:39.000,Ashanti|Kumasi
SCRP-00002091,SCLN-00000674,110.67,2025-10-04 19:12:35.000,Ashanti|Kumasi
SCRP-00002092,SCLN-00000674,55.52,2025-10-04 13:58:40.000,Ashanti|Kumasi
SCRP-00002093,SCLN-00000675,546.83,2025-11-24 10:49:51.000,Ashanti|Kumasi
SCRP-00002094,SCLN-00000675,292.38,2025-12-09 14:40:01.000,Ashanti|Kumasi
SCRP-00002095,SCLN-00000675,163.22,2025-12-24 11:35:48.000,Ashanti|Kumasi
SCRP-00002096,SCLN-00000676,927.0,2025-02-08 17:33:06.000,Western|Takoradi
SCRP-00002097,SCLN-00000676,495.18,2025-03-03 17:14:25.000,Western|Takoradi
SCRP-00002098,SCLN-00000676,251.1,2025-03-26 16:04:37.000,Western|Takoradi
SCRP-00002099,SCLN-00000676,162.12,2025-04-18 08:23:10.000,Western|Takoradi
SCRP-00002100,SCLN-00000677,588.93,2025-07-06 17:54:20.000,Western|Takoradi
SCRP-00002101,SCLN-00000677,288.08,2025-07-18 18:20:46.000,Western|Takoradi
SCRP-00002102,SCLN-00000677,162.31,2025-07-31 11:45:35.000,Western|Takoradi
SCRP-00002103,SCLN-00000677,97.91,2025-08-12 12:49:31.000,Western|Takoradi
SCRP-00002104,SCLN-00000679,243.88,2025-06-11 08:05:50.000,Greater Accra|Madina
SCRP-00002105,SCLN-00000679,112.93,2025-07-05 14:10:23.000,Greater Accra|Madina
SCRP-00002106,SCLN-00000679,68.15,2025-08-03 15:33:19.000,Greater Accra|Madina
SCRP-00002107,SCLN-00000680,258.24,2025-11-20 15:18:42.000,Greater Accra|Madina
SCRP-00002108,SCLN-00000680,101.27,2025-12-09 08:18:30.000,Greater Accra|Madina
SCRP-00002109,SCLN-00000681,246.83,2024-10-01 15:45:11.000,Central|Cape Coast
SCRP-00002110,SCLN-00000681,133.64,2024-11-01 15:58:44.000,Central|Cape Coast
SCRP-00002111,SCLN-00000683,491.68,2025-11-25 15:15:53.000,Northern|Savelugu
SCRP-00002112,SCLN-00000683,267.51,2025-12-14 13:07:17.000,Northern|Savelugu
SCRP-00002113,SCLN-00000684,338.07,2025-08-21 13:10:10.000,Oti|Dambai
SCRP-00002114,SCLN-00000684,137.13,2025-09-09 11:12:08.000,Oti|Dambai
SCRP-00002115,SCLN-00000685,418.74,2025-10-16 13:38:26.000,Oti|Dambai
SCRP-00002116,SCLN-00000685,210.28,2025-10-30 18:11:04.000,Oti|Dambai
SCRP-00002117,SCLN-00000685,109.69,2025-11-14 10:00:14.000,Oti|Dambai
SCRP-00002118,SCLN-00000686,179.47,2024-02-02 19:53:38.000,Greater Accra|Madina
SCRP-00002119,SCLN-00000686,79.99,2024-02-10 14:09:26.000,Greater Accra|Madina
SCRP-00002120,SCLN-00000686,52.23,2024-02-18 11:33:16.000,Greater Accra|Madina
SCRP-00002121,SCLN-00000686,26.66,2024-02-26 18:44:46.000,Greater Accra|Madina
SCRP-00002122,SCLN-00000687,571.77,2024-07-30 09:54:18.000,Greater Accra|Madina
SCRP-00002123,SCLN-00000687,282.95,2024-08-16 09:12:07.000,Greater Accra|Madina
SCRP-00002124,SCLN-00000688,489.79,2025-01-13 16:55:51.000,Greater Accra|Madina
SCRP-00002125,SCLN-00000688,238.16,2025-01-30 16:21:32.000,Greater Accra|Madina
SCRP-00002126,SCLN-00000688,128.53,2025-02-17 11:07:09.000,Greater Accra|Madina
SCRP-00002127,SCLN-00000688,56.96,2025-03-06 09:07:33.000,Greater Accra|Madina
SCRP-00002128,SCLN-00000689,238.82,2025-05-09 15:39:52.000,Greater Accra|Madina
SCRP-00002129,SCLN-00000689,137.1,2025-05-24 10:58:13.000,Greater Accra|Madina
SCRP-00002130,SCLN-00000689,71.05,2025-06-08 08:32:30.000,Greater Accra|Madina
SCRP-00002131,SCLN-00000689,38.42,2025-06-22 11:51:51.000,Greater Accra|Madina
SCRP-00002132,SCLN-00000689,18.81,2025-07-07 13:31:29.000,Greater Accra|Madina
SCRP-00002133,SCLN-00000690,2046.55,2025-08-13 19:26:42.000,Greater Accra|Madina
SCRP-00002134,SCLN-00000690,913.94,2025-08-27 17:49:44.000,Greater Accra|Madina
SCRP-00002135,SCLN-00000690,575.05,2025-09-10 16:50:54.000,Greater Accra|Madina
SCRP-00002136,SCLN-00000690,275.54,2025-09-24 09:13:32.000,Greater Accra|Madina
SCRP-00002137,SCLN-00000691,797.13,2025-10-26 16:58:24.000,Greater Accra|Madina
SCRP-00002138,SCLN-00000691,438.05,2025-11-16 09:33:23.000,Greater Accra|Madina
SCRP-00002139,SCLN-00000691,271.3,2025-12-07 17:17:01.000,Greater Accra|Madina
SCRP-00002140,SCLN-00000692,1460.83,2025-01-09 09:38:30.000,Ashanti|Ejisu
SCRP-00002141,SCLN-00000692,769.47,2025-01-17 13:45:34.000,Ashanti|Ejisu
SCRP-00002142,SCLN-00000692,403.65,2025-01-31 19:31:48.000,Ashanti|Ejisu
SCRP-00002143,SCLN-00000693,296.59,2025-12-11 14:52:40.000,Ashanti|Ejisu
SCRP-00002144,SCLN-00000693,172.99,2025-12-24 17:10:46.000,Ashanti|Ejisu
SCRP-00002145,SCLN-00000694,432.39,2025-02-01 13:47:18.000,Bono East|Techiman
SCRP-00002146,SCLN-00000694,222.16,2025-02-25 15:26:29.000,Bono East|Techiman
SCRP-00002147,SCLN-00000695,308.11,2025-02-06 16:15:30.000,Greater Accra|Madina
SCRP-00002148,SCLN-00000695,186.85,2025-02-22 14:08:39.000,Greater Accra|Madina
SCRP-00002149,SCLN-00000695,96.24,2025-03-10 09:58:00.000,Greater Accra|Madina
SCRP-00002150,SCLN-00000696,536.11,2025-09-04 12:37:43.000,Ashanti|Ejisu
SCRP-00002151,SCLN-00000696,260.0,2025-09-28 10:26:15.000,Ashanti|Ejisu
SCRP-00002152,SCLN-00000696,157.6,2025-10-21 16:13:54.000,Ashanti|Ejisu
SCRP-00002153,SCLN-00000696,76.86,2025-11-14 12:12:05.000,Ashanti|Ejisu
SCRP-00002154,SCLN-00000697,1048.91,2025-12-15 10:57:17.000,Eastern|Akropong
SCRP-00002155,SCLN-00000698,1265.78,2024-10-24 12:26:45.000,Ashanti|Ejisu
SCRP-00002156,SCLN-00000698,776.28,2024-10-31 13:25:03.000,Ashanti|Ejisu
SCRP-00002157,SCLN-00000698,392.6,2024-12-01 19:45:04.000,Ashanti|Ejisu
SCRP-00002158,SCLN-00000698,224.47,2024-11-25 09:27:33.000,Ashanti|Ejisu
SCRP-00002159,SCLN-00000699,226.8,2025-06-12 10:38:23.000,Ashanti|Ejisu
SCRP-00002160,SCLN-00000699,117.81,2025-07-09 18:07:53.000,Ashanti|Ejisu
SCRP-00002161,SCLN-00000700,229.65,2025-08-22 14:19:51.000,Northern|Savelugu
SCRP-00002162,SCLN-00000700,106.49,2025-08-28 11:18:56.000,Northern|Savelugu
SCRP-00002163,SCLN-00000700,60.86,2025-09-03 18:25:43.000,Northern|Savelugu
SCRP-00002164,SCLN-00000700,20.53,2025-09-09 10:35:33.000,Northern|Savelugu
SCRP-00002165,SCLN-00000701,317.98,2024-11-11 15:05:04.000,Eastern|Koforidua
SCRP-00002166,SCLN-00000701,183.6,2024-11-26 15:35:28.000,Eastern|Koforidua
SCRP-00002167,SCLN-00000701,83.87,2024-12-21 09:37:42.000,Eastern|Koforidua
SCRP-00002168,SCLN-00000701,43.64,2025-01-15 14:16:40.000,Eastern|Koforidua
SCRP-00002169,SCLN-00000702,714.63,2025-11-11 19:33:04.000,Eastern|Koforidua
SCRP-00002170,SCLN-00000702,319.82,2025-12-04 14:41:26.000,Eastern|Koforidua
SCRP-00002171,SCLN-00000703,279.83,2025-05-23 13:52:43.000,Ahafo|Goaso
SCRP-00002172,SCLN-00000703,130.16,2025-06-01 15:00:52.000,Ahafo|Goaso
SCRP-00002173,SCLN-00000703,73.49,2025-06-10 09:14:01.000,Ahafo|Goaso
SCRP-00002174,SCLN-00000703,35.51,2025-06-19 12:46:13.000,Ahafo|Goaso
SCRP-00002175,SCLN-00000703,20.16,2025-06-28 12:46:22.000,Ahafo|Goaso
SCRP-00002176,SCLN-00000704,523.32,2025-12-04 13:14:55.000,Ahafo|Goaso
SCRP-00002177,SCLN-00000704,258.95,2025-12-26 17:38:37.000,Ahafo|Goaso
SCRP-00002178,SCLN-00000705,1119.15,2025-08-08 10:05:24.000,Volta|Hohoe
SCRP-00002179,SCLN-00000705,602.4,2025-08-30 09:23:06.000,Volta|Hohoe
SCRP-00002180,SCLN-00000705,363.98,2025-09-26 10:50:10.000,Volta|Hohoe
SCRP-00002181,SCLN-00000705,187.47,2025-10-11 11:05:53.000,Volta|Hohoe
SCRP-00002182,SCLN-00000705,82.91,2025-10-22 18:59:56.000,Volta|Hohoe
SCRP-00002183,SCLN-00000706,194.9,2025-11-29 19:48:31.000,Volta|Hohoe
SCRP-00002184,SCLN-00000706,86.23,2025-12-21 12:46:36.000,Volta|Hohoe
SCRP-00002185,SCLN-00000707,804.51,2024-10-24 10:44:06.000,Western|Axim
SCRP-00002186,SCLN-00000707,379.46,2024-11-20 17:24:06.000,Western|Axim
SCRP-00002187,SCLN-00000708,309.9,2025-12-25 10:09:08.000,Western|Axim
SCRP-00002188,SCLN-00000708,159.16,2025-12-30 14:44:58.000,Western|Axim
SCRP-00002189,SCLN-00000709,129.28,2025-07-16 15:11:16.000,Northern|Savelugu
SCRP-00002190,SCLN-00000709,66.26,2025-08-08 16:12:21.000,Northern|Savelugu
SCRP-00002191,SCLN-00000709,35.86,2025-08-31 12:20:33.000,Northern|Savelugu
SCRP-00002192,SCLN-00000709,17.92,2025-09-23 09:16:57.000,Northern|Savelugu
SCRP-00002193,SCLN-00000710,105.38,2025-11-05 11:50:20.000,Northern|Savelugu
SCRP-00002194,SCLN-00000710,51.03,2025-11-24 11:14:19.000,Northern|Savelugu
SCRP-00002195,SCLN-00000710,12.44,2025-12-13 08:29:13.000,Northern|Savelugu
SCRP-00002196,SCLN-00000711,1465.32,2024-12-10 17:46:09.000,Ahafo|Goaso
SCRP-00002197,SCLN-00000711,794.17,2025-01-10 11:55:19.000,Ahafo|Goaso
SCRP-00002198,SCLN-00000711,447.89,2025-01-22 12:56:22.000,Ahafo|Goaso
SCRP-00002199,SCLN-00000712,137.34,2025-07-09 10:23:53.000,Ahafo|Goaso
SCRP-00002200,SCLN-00000712,70.63,2025-08-10 17:58:12.000,Ahafo|Goaso
SCRP-00002201,SCLN-00000713,317.53,2025-12-04 08:52:38.000,Greater Accra|Accra
SCRP-00002202,SCLN-00000713,197.96,2025-12-18 15:48:13.000,Greater Accra|Accra
SCRP-00002203,SCLN-00000714,714.07,2025-11-30 15:26:16.000,Greater Accra|Accra
SCRP-00002204,SCLN-00000714,403.84,2025-12-09 16:21:29.000,Greater Accra|Accra
SCRP-00002205,SCLN-00000714,246.96,2025-12-19 16:04:09.000,Greater Accra|Accra
SCRP-00002206,SCLN-00000714,106.7,2025-12-28 17:53:20.000,Greater Accra|Accra
SCRP-00002207,SCLN-00000715,99.37,2025-04-09 17:45:07.000,Northern|Yendi
SCRP-00002208,SCLN-00000715,43.79,2025-05-05 12:27:13.000,Northern|Yendi
SCRP-00002209,SCLN-00000716,124.01,2025-10-25 14:21:16.000,Northern|Yendi
SCRP-00002210,SCLN-00000716,66.03,2025-11-01 09:52:16.000,Northern|Yendi
SCRP-00002211,SCLN-00000716,32.42,2025-11-09 17:06:46.000,Northern|Yendi
SCRP-00002212,SCLN-00000716,16.54,2025-11-16 14:26:26.000,Northern|Yendi
SCRP-00002213,SCLN-00000717,374.28,2025-01-02 14:23:09.000,Upper West|Lawra
SCRP-00002214,SCLN-00000717,220.62,2025-01-25 16:57:22.000,Upper West|Lawra
SCRP-00002215,SCLN-00000717,130.3,2025-02-17 09:44:52.000,Upper West|Lawra
SCRP-00002216,SCLN-00000717,62.74,2025-03-12 19:02:05.000,Upper West|Lawra
SCRP-00002217,SCLN-00000718,560.3,2025-12-23 15:51:50.000,Upper West|Lawra
SCRP-00002218,SCLN-00000719,809.06,2024-10-01 10:08:31.000,Greater Accra|Tema
SCRP-00002219,SCLN-00000719,375.16,2024-11-01 18:30:11.000,Greater Accra|Tema
SCRP-00002220,SCLN-00000720,233.42,2025-03-23 11:08:37.000,Greater Accra|Tema
SCRP-00002221,SCLN-00000720,126.64,2025-03-25 18:10:51.000,Greater Accra|Tema
SCRP-00002222,SCLN-00000721,375.22,2025-09-27 13:46:44.000,Greater Accra|Tema
SCRP-00002223,SCLN-00000721,190.75,2025-10-11 11:17:17.000,Greater Accra|Tema
SCRP-00002224,SCLN-00000721,85.41,2025-10-24 14:24:54.000,Greater Accra|Tema
SCRP-00002225,SCLN-00000721,51.79,2025-11-07 09:15:51.000,Greater Accra|Tema
SCRP-00002226,SCLN-00000721,25.18,2025-11-20 17:09:24.000,Greater Accra|Tema
SCRP-00002227,SCLN-00000722,801.17,2024-07-12 18:05:49.000,Eastern|Nkawkaw
SCRP-00002228,SCLN-00000722,441.51,2024-07-26 16:30:49.000,Eastern|Nkawkaw
SCRP-00002229,SCLN-00000722,207.67,2024-08-08 12:40:31.000,Eastern|Nkawkaw
SCRP-00002230,SCLN-00000722,120.43,2024-08-22 11:53:36.000,Eastern|Nkawkaw
SCRP-00002231,SCLN-00000722,66.46,2024-09-04 15:53:45.000,Eastern|Nkawkaw
SCRP-00002232,SCLN-00000723,1734.77,2025-06-14 18:08:58.000,Eastern|Nkawkaw
SCRP-00002233,SCLN-00000723,882.56,2025-06-23 12:06:35.000,Eastern|Nkawkaw
SCRP-00002234,SCLN-00000723,526.56,2025-07-02 09:19:36.000,Eastern|Nkawkaw
SCRP-00002235,SCLN-00000724,1679.3,2025-12-07 10:12:47.000,Eastern|Nkawkaw
SCRP-00002236,SCLN-00000724,1011.52,2025-12-24 08:20:05.000,Eastern|Nkawkaw
SCRP-00002237,SCLN-00000725,341.46,2025-11-13 11:24:56.000,Ashanti|Obuasi
SCRP-00002238,SCLN-00000725,201.85,2025-11-26 14:05:01.000,Ashanti|Obuasi
SCRP-00002239,SCLN-00000725,104.68,2025-12-08 16:25:11.000,Ashanti|Obuasi
SCRP-00002240,SCLN-00000726,333.73,2025-04-17 08:15:44.000,Greater Accra|Kasoa
SCRP-00002241,SCLN-00000726,210.76,2025-05-02 18:06:19.000,Greater Accra|Kasoa
SCRP-00002242,SCLN-00000726,104.73,2025-05-17 16:08:28.000,Greater Accra|Kasoa
SCRP-00002243,SCLN-00000726,58.15,2025-06-01 11:15:03.000,Greater Accra|Kasoa
SCRP-00002244,SCLN-00000726,27.4,2025-06-16 13:10:58.000,Greater Accra|Kasoa
SCRP-00002245,SCLN-00000727,712.27,2025-12-02 09:41:29.000,Greater Accra|Kasoa
SCRP-00002246,SCLN-00000727,367.68,2025-12-19 08:42:19.000,Greater Accra|Kasoa
SCRP-00002247,SCLN-00000728,2146.63,2025-09-16 17:28:35.000,Greater Accra|Kasoa
SCRP-00002248,SCLN-00000728,954.5,2025-10-09 15:26:43.000,Greater Accra|Kasoa
SCRP-00002249,SCLN-00000728,574.13,2025-11-02 11:26:34.000,Greater Accra|Kasoa
SCRP-00002250,SCLN-00000729,696.5,2023-04-15 17:45:42.000,Ashanti|Obuasi
SCRP-00002251,SCLN-00000729,382.39,2023-04-26 18:42:11.000,Ashanti|Obuasi
SCRP-00002252,SCLN-00000729,197.75,2023-05-07 10:14:16.000,Ashanti|Obuasi
SCRP-00002253,SCLN-00000729,104.76,2023-05-18 08:42:52.000,Ashanti|Obuasi
SCRP-00002254,SCLN-00000729,53.97,2023-05-29 14:55:56.000,Ashanti|Obuasi
SCRP-00002255,SCLN-00000730,338.17,2024-02-02 10:20:35.000,Greater Accra|Accra
SCRP-00002256,SCLN-00000730,188.47,2024-03-07 12:42:29.000,Greater Accra|Accra
SCRP-00002257,SCLN-00000731,139.14,2024-07-06 15:05:20.000,Greater Accra|Accra
SCRP-00002258,SCLN-00000731,83.17,2024-07-22 18:23:44.000,Greater Accra|Accra
SCRP-00002259,SCLN-00000731,34.95,2024-08-07 12:36:08.000,Greater Accra|Accra
SCRP-00002260,SCLN-00000732,545.66,2025-06-11 08:18:34.000,Northern|Yendi
SCRP-00002261,SCLN-00000732,348.17,2025-06-30 09:14:28.000,Northern|Yendi
SCRP-00002262,SCLN-00000732,166.55,2025-07-11 16:40:08.000,Northern|Yendi
SCRP-00002263,SCLN-00000733,252.16,2024-06-23 18:54:18.000,Ashanti|Kumasi
SCRP-00002264,SCLN-00000733,135.23,2024-07-23 16:48:05.000,Ashanti|Kumasi
SCRP-00002265,SCLN-00000733,76.94,2024-08-21 12:35:42.000,Ashanti|Kumasi
SCRP-00002266,SCLN-00000734,440.04,2024-10-23 09:48:29.000,Ashanti|Kumasi
SCRP-00002267,SCLN-00000734,241.34,2024-10-30 10:41:31.000,Ashanti|Kumasi
SCRP-00002268,SCLN-00000734,138.78,2024-11-06 11:20:55.000,Ashanti|Kumasi
SCRP-00002269,SCLN-00000734,33.76,2024-11-13 08:43:30.000,Ashanti|Kumasi
SCRP-00002270,SCLN-00000735,861.64,2025-09-15 19:04:52.000,Ashanti|Kumasi
SCRP-00002271,SCLN-00000735,529.9,2025-09-23 12:50:35.000,Ashanti|Kumasi
SCRP-00002272,SCLN-00000735,274.61,2025-10-02 19:37:27.000,Ashanti|Kumasi
SCRP-00002273,SCLN-00000736,321.05,2024-09-19 14:00:39.000,Bono|Berekum
SCRP-00002274,SCLN-00000736,158.22,2024-10-05 10:24:15.000,Bono|Berekum
SCRP-00002275,SCLN-00000736,90.25,2024-10-21 11:25:07.000,Bono|Berekum
SCRP-00002276,SCLN-00000736,51.59,2024-11-06 17:01:13.000,Bono|Berekum
SCRP-00002277,SCLN-00000737,481.08,2024-07-01 11:26:43.000,Central|Elmina
SCRP-00002278,SCLN-00000737,227.33,2024-07-10 18:01:58.000,Central|Elmina
SCRP-00002279,SCLN-00000737,99.01,2024-07-19 09:39:51.000,Central|Elmina
SCRP-00002280,SCLN-00000738,322.98,2025-08-24 09:08:29.000,Volta|Keta
SCRP-00002281,SCLN-00000738,197.34,2025-09-27 13:03:31.000,Volta|Keta
SCRP-00002282,SCLN-00000739,247.74,2025-01-29 09:37:01.000,Western|Takoradi
SCRP-00002283,SCLN-00000739,143.43,2025-02-12 16:36:38.000,Western|Takoradi
SCRP-00002284,SCLN-00000739,64.7,2025-02-26 19:14:25.000,Western|Takoradi
SCRP-00002285,SCLN-00000740,816.01,2025-05-04 09:28:45.000,Western|Takoradi
SCRP-00002286,SCLN-00000740,493.95,2025-05-10 18:30:42.000,Western|Takoradi
SCRP-00002287,SCLN-00000740,277.03,2025-06-11 14:04:45.000,Western|Takoradi
SCRP-00002288,SCLN-00000740,122.24,2025-06-11 14:21:28.000,Western|Takoradi
SCRP-00002289,SCLN-00000740,80.1,2025-06-09 12:29:23.000,Western|Takoradi
SCRP-00002290,SCLN-00000741,820.61,2025-10-06 08:16:52.000,Western|Takoradi
SCRP-00002291,SCLN-00000741,441.43,2025-10-23 19:06:49.000,Western|Takoradi
SCRP-00002292,SCLN-00000742,570.6,2025-12-04 10:06:02.000,Western|Takoradi
SCRP-00002293,SCLN-00000742,262.59,2025-12-18 19:33:59.000,Western|Takoradi
SCRP-00002294,SCLN-00000743,889.19,2024-01-22 15:46:18.000,Bono|Sunyani
SCRP-00002295,SCLN-00000743,408.77,2024-02-03 08:45:55.000,Bono|Sunyani
SCRP-00002296,SCLN-00000743,237.16,2024-02-22 16:51:47.000,Bono|Sunyani
SCRP-00002297,SCLN-00000743,128.8,2024-03-08 12:04:32.000,Bono|Sunyani
SCRP-00002298,SCLN-00000744,958.9,2024-10-20 11:38:45.000,Bono|Sunyani
SCRP-00002299,SCLN-00000744,530.66,2024-10-17 18:00:49.000,Bono|Sunyani
SCRP-00002300,SCLN-00000744,310.31,2024-10-29 13:32:03.000,Bono|Sunyani
SCRP-00002301,SCLN-00000744,168.63,2024-11-19 08:27:15.000,Bono|Sunyani
SCRP-00002302,SCLN-00000744,95.19,2024-11-18 18:01:27.000,Bono|Sunyani
SCRP-00002303,SCLN-00000745,126.28,2024-12-29 16:31:42.000,Bono|Sunyani
SCRP-00002304,SCLN-00000745,80.18,2025-01-18 11:19:15.000,Bono|Sunyani
SCRP-00002305,SCLN-00000745,41.34,2025-02-07 19:05:21.000,Bono|Sunyani
SCRP-00002306,SCLN-00000746,387.41,2025-08-19 12:00:04.000,Bono|Sunyani
SCRP-00002307,SCLN-00000746,172.7,2025-09-09 16:10:49.000,Bono|Sunyani
SCRP-00002308,SCLN-00000746,99.92,2025-09-30 17:56:19.000,Bono|Sunyani
SCRP-00002309,SCLN-00000747,297.27,2024-03-05 09:57:31.000,Greater Accra|Accra
SCRP-00002310,SCLN-00000747,167.42,2024-03-30 14:15:41.000,Greater Accra|Accra
SCRP-00002311,SCLN-00000747,88.05,2024-04-24 17:05:08.000,Greater Accra|Accra
SCRP-00002312,SCLN-00000748,1053.49,2024-11-01 08:39:00.000,Greater Accra|Accra
SCRP-00002313,SCLN-00000748,603.25,2024-12-21 10:26:43.000,Greater Accra|Accra
SCRP-00002314,SCLN-00000750,455.4,2025-09-14 14:46:40.000,Eastern|Koforidua
SCRP-00002315,SCLN-00000750,218.94,2025-10-04 08:59:32.000,Eastern|Koforidua
SCRP-00002316,SCLN-00000750,136.41,2025-10-24 15:53:44.000,Eastern|Koforidua
SCRP-00002317,SCLN-00000750,62.2,2025-11-13 08:53:12.000,Eastern|Koforidua
SCRP-00002318,SCLN-00000751,589.28,2025-05-14 09:05:26.000,Eastern|Koforidua
SCRP-00002319,SCLN-00000751,305.79,2025-05-27 18:16:00.000,Eastern|Koforidua
SCRP-00002320,SCLN-00000751,160.87,2025-06-08 08:05:16.000,Eastern|Koforidua
SCRP-00002321,SCLN-00000751,81.81,2025-06-21 13:17:01.000,Eastern|Koforidua
SCRP-00002322,SCLN-00000752,267.98,2025-08-08 16:05:04.000,Upper East|Bolgatanga
SCRP-00002323,SCLN-00000752,152.78,2025-08-21 19:48:46.000,Upper East|Bolgatanga
SCRP-00002324,SCLN-00000752,92.63,2025-09-03 19:51:45.000,Upper East|Bolgatanga
SCRP-00002325,SCLN-00000752,50.86,2025-09-16 13:41:41.000,Upper East|Bolgatanga
SCRP-00002326,SCLN-00000752,25.39,2025-09-29 17:46:38.000,Upper East|Bolgatanga
SCRP-00002327,SCLN-00000753,869.14,2025-11-11 14:01:52.000,Upper East|Bolgatanga
SCRP-00002328,SCLN-00000753,535.34,2025-11-20 17:02:32.000,Upper East|Bolgatanga
SCRP-00002329,SCLN-00000753,241.17,2025-11-28 18:06:37.000,Upper East|Bolgatanga
SCRP-00002330,SCLN-00000753,151.45,2025-12-07 19:51:13.000,Upper East|Bolgatanga
SCRP-00002331,SCLN-00000753,81.86,2025-12-15 13:46:44.000,Upper East|Bolgatanga
SCRP-00002332,SCLN-00000754,793.71,2025-10-13 16:30:30.000,Greater Accra|Tema
SCRP-00002333,SCLN-00000754,463.02,2025-10-05 18:24:50.000,Greater Accra|Tema
SCRP-00002334,SCLN-00000754,234.54,2025-10-28 11:19:15.000,Greater Accra|Tema
SCRP-00002335,SCLN-00000754,115.35,2025-12-11 12:17:09.000,Greater Accra|Tema
SCRP-00002336,SCLN-00000755,412.6,2025-12-29 14:48:51.000,Greater Accra|Tema
SCRP-00002337,SCLN-00000756,546.21,2023-10-24 16:33:40.000,Northern|Savelugu
SCRP-00002338,SCLN-00000756,245.12,2023-11-01 14:17:23.000,Northern|Savelugu
SCRP-00002339,SCLN-00000756,131.81,2023-11-08 13:18:59.000,Northern|Savelugu
SCRP-00002340,SCLN-00000756,81.86,2023-11-16 11:57:32.000,Northern|Savelugu
SCRP-00002341,SCLN-00000756,39.68,2023-11-23 08:54:12.000,Northern|Savelugu
SCRP-00002342,SCLN-00000757,168.41,2025-07-30 11:13:20.000,Northern|Savelugu
SCRP-00002343,SCLN-00000757,85.07,2025-08-05 16:10:44.000,Northern|Savelugu
SCRP-00002344,SCLN-00000757,48.37,2025-08-11 13:12:41.000,Northern|Savelugu
SCRP-00002345,SCLN-00000757,24.0,2025-08-17 17:50:27.000,Northern|Savelugu
SCRP-00002346,SCLN-00000758,371.99,2025-09-06 18:47:33.000,Northern|Savelugu
SCRP-00002347,SCLN-00000758,172.4,2025-09-15 08:17:11.000,Northern|Savelugu
SCRP-00002348,SCLN-00000758,96.49,2025-09-24 19:23:52.000,Northern|Savelugu
SCRP-00002349,SCLN-00000758,34.62,2025-10-03 14:38:14.000,Northern|Savelugu
SCRP-00002350,SCLN-00000759,1196.89,2025-12-07 09:10:39.000,Northern|Savelugu
SCRP-00002351,SCLN-00000759,729.96,2025-12-28 19:02:13.000,Northern|Savelugu
SCRP-00002352,SCLN-00000760,300.03,2024-02-02 10:25:52.000,Northern|Tamale
SCRP-00002353,SCLN-00000760,164.85,2024-03-01 18:24:17.000,Northern|Tamale
SCRP-00002354,SCLN-00000760,94.61,2024-03-29 14:55:48.000,Northern|Tamale
SCRP-00002355,SCLN-00000761,91.01,2025-04-30 17:10:31.000,Greater Accra|Kasoa
SCRP-00002356,SCLN-00000761,47.46,2025-05-19 19:41:20.000,Greater Accra|Kasoa
SCRP-00002357,SCLN-00000761,26.74,2025-06-08 14:16:03.000,Greater Accra|Kasoa
SCRP-00002358,SCLN-00000761,17.29,2025-06-27 17:39:52.000,Greater Accra|Kasoa
SCRP-00002359,SCLN-00000762,1108.98,2025-12-04 18:54:25.000,Greater Accra|Kasoa
SCRP-00002360,SCLN-00000762,715.16,2025-12-22 19:18:57.000,Greater Accra|Kasoa
SCRP-00002361,SCLN-00000763,513.53,2025-11-17 16:20:27.000,Greater Accra|Tema
SCRP-00002362,SCLN-00000763,322.26,2025-11-11 08:00:59.000,Greater Accra|Tema
SCRP-00002363,SCLN-00000763,155.16,2025-11-30 13:08:09.000,Greater Accra|Tema
SCRP-00002364,SCLN-00000764,1527.35,2025-11-30 11:47:22.000,Greater Accra|Tema
SCRP-00002365,SCLN-00000764,964.03,2025-12-09 17:15:25.000,Greater Accra|Tema
SCRP-00002366,SCLN-00000764,482.79,2025-12-18 09:56:18.000,Greater Accra|Tema
SCRP-00002367,SCLN-00000764,264.41,2025-12-27 12:26:18.000,Greater Accra|Tema
SCRP-00002368,SCLN-00000765,2321.36,2025-03-17 16:03:19.000,Eastern|Akropong
SCRP-00002369,SCLN-00000765,1233.59,2025-04-04 17:59:56.000,Eastern|Akropong
SCRP-00002370,SCLN-00000766,573.67,2025-08-29 13:07:49.000,Eastern|Akropong
SCRP-00002371,SCLN-00000766,346.53,2025-09-28 14:11:50.000,Eastern|Akropong
SCRP-00002372,SCLN-00000766,158.06,2025-10-26 12:32:02.000,Eastern|Akropong
SCRP-00002373,SCLN-00000767,323.91,2025-11-04 19:05:02.000,Eastern|Akropong
SCRP-00002374,SCLN-00000767,179.27,2025-11-15 10:39:53.000,Eastern|Akropong
SCRP-00002375,SCLN-00000767,81.98,2025-11-25 10:40:50.000,Eastern|Akropong
SCRP-00002376,SCLN-00000767,51.46,2025-12-06 13:38:18.000,Eastern|Akropong
SCRP-00002377,SCLN-00000767,25.48,2025-12-16 08:34:10.000,Eastern|Akropong
SCRP-00002378,SCLN-00000768,1025.88,2025-02-01 18:40:40.000,Bono|Sunyani
SCRP-00002379,SCLN-00000768,548.96,2025-02-20 17:49:29.000,Bono|Sunyani
SCRP-00002380,SCLN-00000768,288.93,2025-03-11 15:48:01.000,Bono|Sunyani
SCRP-00002381,SCLN-00000769,443.93,2025-01-03 17:50:01.000,Greater Accra|Madina
SCRP-00002382,SCLN-00000769,226.85,2025-02-07 08:14:49.000,Greater Accra|Madina
SCRP-00002383,SCLN-00000769,108.34,2025-02-28 13:57:53.000,Greater Accra|Madina
SCRP-00002384,SCLN-00000770,357.3,2025-07-27 12:55:46.000,Ashanti|Kumasi
SCRP-00002385,SCLN-00000770,178.13,2025-08-16 13:11:37.000,Ashanti|Kumasi
SCRP-00002386,SCLN-00000770,84.84,2025-09-04 19:18:38.000,Ashanti|Kumasi
SCRP-00002387,SCLN-00000770,49.03,2025-09-24 10:21:20.000,Ashanti|Kumasi
SCRP-00002388,SCLN-00000770,28.55,2025-10-13 17:12:21.000,Ashanti|Kumasi
SCRP-00002389,SCLN-00000771,277.72,2025-12-01 09:40:10.000,Ashanti|Kumasi
SCRP-00002390,SCLN-00000771,139.6,2025-12-12 11:50:28.000,Ashanti|Kumasi
SCRP-00002391,SCLN-00000772,542.19,2024-09-07 13:16:46.000,Oti|Jasikan
SCRP-00002392,SCLN-00000772,293.15,2024-10-05 08:51:21.000,Oti|Jasikan
SCRP-00002393,SCLN-00000772,135.19,2024-11-01 10:15:01.000,Oti|Jasikan
SCRP-00002394,SCLN-00000773,644.73,2025-04-29 11:55:08.000,Oti|Jasikan
SCRP-00002395,SCLN-00000773,321.03,2025-05-07 09:27:34.000,Oti|Jasikan
SCRP-00002396,SCLN-00000773,163.15,2025-05-15 14:04:27.000,Oti|Jasikan
SCRP-00002397,SCLN-00000773,71.73,2025-05-23 13:11:27.000,Oti|Jasikan
SCRP-00002398,SCLN-00000773,19.91,2025-05-31 16:07:31.000,Oti|Jasikan
SCRP-00002399,SCLN-00000774,2020.17,2025-10-20 10:50:29.000,Greater Accra|Tema
SCRP-00002400,SCLN-00000774,1192.52,2025-11-19 17:55:58.000,Greater Accra|Tema
SCRP-00002401,SCLN-00000776,287.46,2025-05-21 19:38:59.000,Bono|Sunyani
SCRP-00002402,SCLN-00000776,181.56,2025-06-05 13:17:26.000,Bono|Sunyani
SCRP-00002403,SCLN-00000777,788.68,2024-03-10 09:51:22.000,Volta|Ho
SCRP-00002404,SCLN-00000777,438.97,2024-03-04 19:22:21.000,Volta|Ho
SCRP-00002405,SCLN-00000777,224.9,2024-03-13 11:45:05.000,Volta|Ho
SCRP-00002406,SCLN-00000777,121.06,2024-04-05 14:55:12.000,Volta|Ho
SCRP-00002407,SCLN-00000777,70.85,2024-03-17 10:11:40.000,Volta|Ho
SCRP-00002408,SCLN-00000778,162.21,2025-05-23 09:37:45.000,Volta|Ho
SCRP-00002409,SCLN-00000778,86.89,2025-05-29 14:02:17.000,Volta|Ho
SCRP-00002410,SCLN-00000778,43.41,2025-06-04 09:58:27.000,Volta|Ho
SCRP-00002411,SCLN-00000778,27.64,2025-06-10 14:59:32.000,Volta|Ho
SCRP-00002412,SCLN-00000778,12.54,2025-06-16 10:12:22.000,Volta|Ho
SCRP-00002413,SCLN-00000780,2443.14,2025-12-06 19:53:04.000,Bono East|Techiman
SCRP-00002414,SCLN-00000780,1552.47,2025-12-15 13:30:23.000,Bono East|Techiman
SCRP-00002415,SCLN-00000780,729.31,2025-12-23 19:46:34.000,Bono East|Techiman
SCRP-00002416,SCLN-00000781,524.41,2025-05-05 08:41:49.000,Upper West|Wa
SCRP-00002417,SCLN-00000781,314.91,2025-05-20 12:01:31.000,Upper West|Wa
SCRP-00002418,SCLN-00000781,168.4,2025-06-04 15:48:36.000,Upper West|Wa
SCRP-00002419,SCLN-00000782,2935.34,2025-10-23 14:20:21.000,Upper West|Wa
SCRP-00002420,SCLN-00000782,1446.21,2025-11-04 18:14:26.000,Upper West|Wa
SCRP-00002421,SCLN-00000782,797.05,2025-11-15 12:20:27.000,Upper West|Wa
SCRP-00002422,SCLN-00000783,444.62,2025-12-22 11:15:51.000,Upper West|Wa
SCRP-00002423,SCLN-00000784,358.57,2024-12-01 19:06:49.000,Greater Accra|Kasoa
SCRP-00002424,SCLN-00000784,202.81,2024-12-15 16:55:33.000,Greater Accra|Kasoa
SCRP-00002425,SCLN-00000784,110.1,2025-01-07 10:22:46.000,Greater Accra|Kasoa
SCRP-00002426,SCLN-00000784,65.53,2025-01-18 12:16:54.000,Greater Accra|Kasoa
SCRP-00002427,SCLN-00000784,32.2,2025-02-02 10:16:33.000,Greater Accra|Kasoa
SCRP-00002428,SCLN-00000785,833.1,2023-07-16 10:27:17.000,Northern|Yendi
SCRP-00002429,SCLN-00000785,483.71,2023-07-26 18:17:26.000,Northern|Yendi
SCRP-00002430,SCLN-00000785,256.57,2023-08-05 10:49:56.000,Northern|Yendi
SCRP-00002431,SCLN-00000785,153.9,2023-08-15 12:56:24.000,Northern|Yendi
SCRP-00002432,SCLN-00000785,73.18,2023-08-25 10:49:57.000,Northern|Yendi
SCRP-00002433,SCLN-00000786,245.93,2023-11-15 13:23:00.000,Northern|Yendi
SCRP-00002434,SCLN-00000786,101.06,2023-11-27 17:31:58.000,Northern|Yendi
SCRP-00002435,SCLN-00000787,89.75,2024-05-24 18:18:17.000,Northern|Yendi
SCRP-00002436,SCLN-00000787,51.48,2024-06-13 12:38:47.000,Northern|Yendi
SCRP-00002437,SCLN-00000787,26.24,2024-07-03 15:00:07.000,Northern|Yendi
SCRP-00002438,SCLN-00000788,583.16,2025-04-04 08:25:07.000,Northern|Yendi
SCRP-00002439,SCLN-00000788,302.92,2025-04-20 12:32:20.000,Northern|Yendi
SCRP-00002440,SCLN-00000788,147.6,2025-05-19 18:08:10.000,Northern|Yendi
SCRP-00002441,SCLN-00000788,87.39,2025-06-13 15:22:08.000,Northern|Yendi
SCRP-00002442,SCLN-00000788,48.18,2025-06-27 10:09:33.000,Northern|Yendi
SCRP-00002443,SCLN-00000790,717.98,2025-11-21 10:30:51.000,Upper West|Lawra
SCRP-00002444,SCLN-00000790,394.01,2025-12-07 09:38:01.000,Upper West|Lawra
SCRP-00002445,SCLN-00000790,199.51,2025-12-22 16:34:37.000,Upper West|Lawra
SCRP-00002446,SCLN-00000791,365.71,2025-07-16 12:20:42.000,Ashanti|Obuasi
SCRP-00002447,SCLN-00000791,181.56,2025-07-11 11:40:00.000,Ashanti|Obuasi
SCRP-00002448,SCLN-00000791,100.93,2025-07-27 12:42:55.000,Ashanti|Obuasi
SCRP-00002449,SCLN-00000791,50.19,2025-07-22 13:57:08.000,Ashanti|Obuasi
SCRP-00002450,SCLN-00000792,290.47,2025-11-25 19:19:23.000,Ashanti|Obuasi
SCRP-00002451,SCLN-00000792,162.62,2025-12-23 11:22:28.000,Ashanti|Obuasi
SCRP-00002452,SCLN-00000793,200.98,2024-12-05 13:40:49.000,Upper East|Bolgatanga
SCRP-00002453,SCLN-00000793,99.56,2024-12-15 11:49:19.000,Upper East|Bolgatanga
SCRP-00002454,SCLN-00000794,403.7,2025-03-06 14:17:24.000,Upper East|Bolgatanga
SCRP-00002455,SCLN-00000794,187.44,2025-03-27 19:22:29.000,Upper East|Bolgatanga
SCRP-00002456,SCLN-00000794,105.09,2025-04-06 16:17:42.000,Upper East|Bolgatanga
SCRP-00002457,SCLN-00000794,58.83,2025-04-30 12:47:19.000,Upper East|Bolgatanga
SCRP-00002458,SCLN-00000794,26.77,2025-05-02 19:06:57.000,Upper East|Bolgatanga
SCRP-00002459,SCLN-00000795,718.44,2024-10-14 11:35:30.000,Upper West|Wa
SCRP-00002460,SCLN-00000795,184.21,2024-11-04 18:46:40.000,Upper West|Wa
SCRP-00002461,SCLN-00000796,295.91,2025-09-08 16:20:12.000,Ashanti|Kumasi
SCRP-00002462,SCLN-00000796,153.27,2025-10-02 10:09:41.000,Ashanti|Kumasi
SCRP-00002463,SCLN-00000796,85.64,2025-10-26 11:11:47.000,Ashanti|Kumasi
SCRP-00002464,SCLN-00000797,175.08,2025-12-20 13:28:19.000,Ashanti|Kumasi
SCRP-00002465,SCLN-00000798,822.7,2025-10-28 16:17:19.000,Greater Accra|Tema
SCRP-00002466,SCLN-00000798,512.44,2025-11-16 09:49:58.000,Greater Accra|Tema
SCRP-00002467,SCLN-00000798,249.04,2025-12-05 17:15:35.000,Greater Accra|Tema
SCRP-00002468,SCLN-00000799,291.5,2024-11-17 16:53:14.000,Western|Takoradi
SCRP-00002469,SCLN-00000799,172.65,2024-11-27 14:24:01.000,Western|Takoradi
SCRP-00002470,SCLN-00000799,93.52,2024-12-22 12:29:09.000,Western|Takoradi
SCRP-00002471,SCLN-00000799,52.11,2025-02-01 11:10:46.000,Western|Takoradi
SCRP-00002472,SCLN-00000800,293.36,2025-12-05 15:44:07.000,Western|Takoradi
SCRP-00002473,SCLN-00000800,158.1,2025-12-14 16:15:08.000,Western|Takoradi
SCRP-00002474,SCLN-00000800,92.41,2025-12-22 15:34:11.000,Western|Takoradi
SCRP-00002475,SCLN-00000801,944.64,2025-09-22 10:44:30.000,Central|Winneba
SCRP-00002476,SCLN-00000801,626.66,2025-10-23 14:31:08.000,Central|Winneba
SCRP-00002477,SCLN-00000802,754.8,2024-09-14 17:48:54.000,Ashanti|Kumasi
SCRP-00002478,SCLN-00000802,423.59,2024-10-19 17:40:12.000,Ashanti|Kumasi
SCRP-00002479,SCLN-00000803,1208.91,2025-01-21 08:09:10.000,Ashanti|Kumasi
SCRP-00002480,SCLN-00000803,748.44,2025-02-06 16:20:36.000,Ashanti|Kumasi
SCRP-00002481,SCLN-00000803,382.1,2025-02-01 19:39:07.000,Ashanti|Kumasi
SCRP-00002482,SCLN-00000803,209.23,2025-02-05 10:34:02.000,Ashanti|Kumasi
SCRP-00002483,SCLN-00000803,130.03,2025-02-22 09:36:05.000,Ashanti|Kumasi
SCRP-00002484,SCLN-00000804,157.69,2025-05-07 19:56:38.000,Greater Accra|Tema
SCRP-00002485,SCLN-00000804,73.74,2025-06-13 18:54:29.000,Greater Accra|Tema
SCRP-00002486,SCLN-00000805,530.69,2025-09-12 16:38:12.000,Greater Accra|Tema
SCRP-00002487,SCLN-00000805,327.6,2025-09-24 19:39:37.000,Greater Accra|Tema
SCRP-00002488,SCLN-00000806,249.24,2025-08-13 16:25:48.000,Greater Accra|Madina
SCRP-00002489,SCLN-00000806,140.33,2025-08-22 11:56:58.000,Greater Accra|Madina
SCRP-00002490,SCLN-00000806,67.89,2025-08-31 11:08:05.000,Greater Accra|Madina
SCRP-00002491,SCLN-00000806,34.87,2025-09-09 09:10:01.000,Greater Accra|Madina
SCRP-00002492,SCLN-00000806,21.94,2025-09-18 18:37:47.000,Greater Accra|Madina
SCRP-00002493,SCLN-00000807,236.51,2024-12-08 13:47:43.000,Greater Accra|Madina
SCRP-00002494,SCLN-00000807,106.9,2024-12-17 14:48:46.000,Greater Accra|Madina
SCRP-00002495,SCLN-00000807,67.34,2024-12-26 14:36:46.000,Greater Accra|Madina
SCRP-00002496,SCLN-00000807,38.0,2025-01-04 18:57:54.000,Greater Accra|Madina
SCRP-00002497,SCLN-00000807,15.38,2025-01-13 13:43:43.000,Greater Accra|Madina
SCRP-00002498,SCLN-00000808,560.15,2025-06-30 16:04:39.000,Greater Accra|Madina
SCRP-00002499,SCLN-00000808,301.3,2025-06-26 14:02:06.000,Greater Accra|Madina
SCRP-00002500,SCLN-00000808,136.34,2025-07-31 19:29:07.000,Greater Accra|Madina
SCRP-00002501,SCLN-00000809,645.15,2025-11-30 11:24:22.000,Greater Accra|Madina
SCRP-00002502,SCLN-00000809,424.37,2025-12-08 11:35:26.000,Greater Accra|Madina
SCRP-00002503,SCLN-00000809,212.33,2025-12-15 16:41:57.000,Greater Accra|Madina
SCRP-00002504,SCLN-00000809,105.56,2025-12-23 15:52:59.000,Greater Accra|Madina
SCRP-00002505,SCLN-00000810,237.15,2024-08-28 13:10:20.000,Bono|Berekum
SCRP-00002506,SCLN-00000810,131.22,2024-09-14 16:23:40.000,Bono|Berekum
SCRP-00002507,SCLN-00000811,131.03,2025-04-11 15:02:22.000,Bono|Berekum
SCRP-00002508,SCLN-00000811,76.91,2025-04-29 09:18:23.000,Bono|Berekum
SCRP-00002509,SCLN-00000812,2104.89,2025-07-30 09:56:10.000,Bono|Berekum
SCRP-00002510,SCLN-00000812,1115.61,2025-08-20 12:32:32.000,Bono|Berekum
SCRP-00002511,SCLN-00000812,603.84,2025-08-06 18:02:52.000,Bono|Berekum
SCRP-00002512,SCLN-00000812,291.29,2025-08-30 18:25:20.000,Bono|Berekum
SCRP-00002513,SCLN-00000813,187.98,2025-07-27 08:43:18.000,Western|Takoradi
SCRP-00002514,SCLN-00000813,57.06,2025-09-04 13:06:37.000,Western|Takoradi
SCRP-00002515,SCLN-00000814,314.03,2025-10-21 10:30:57.000,Western|Takoradi
SCRP-00002516,SCLN-00000814,178.61,2025-10-30 16:08:09.000,Western|Takoradi
SCRP-00002517,SCLN-00000814,105.72,2025-11-09 12:07:19.000,Western|Takoradi
SCRP-00002518,SCLN-00000814,48.91,2025-11-19 19:14:45.000,Western|Takoradi
SCRP-00002519,SCLN-00000814,26.56,2025-12-10 15:08:42.000,Western|Takoradi
SCRP-00002520,SCLN-00000815,266.23,2025-11-08 15:13:13.000,Greater Accra|Kasoa
SCRP-00002521,SCLN-00000815,152.74,2025-11-18 12:16:33.000,Greater Accra|Kasoa
SCRP-00002522,SCLN-00000815,80.51,2025-11-27 08:27:02.000,Greater Accra|Kasoa
SCRP-00002523,SCLN-00000815,45.68,2025-12-07 10:58:56.000,Greater Accra|Kasoa
SCRP-00002524,SCLN-00000815,11.87,2025-12-16 14:02:35.000,Greater Accra|Kasoa
SCRP-00002525,SCLN-00000816,127.07,2024-05-13 08:48:23.000,Bono East|Kintampo
SCRP-00002526,SCLN-00000816,62.13,2024-06-07 17:09:05.000,Bono East|Kintampo
SCRP-00002527,SCLN-00000816,35.77,2024-06-20 08:18:50.000,Bono East|Kintampo
SCRP-00002528,SCLN-00000817,231.71,2024-06-10 16:55:21.000,Greater Accra|Kasoa
SCRP-00002529,SCLN-00000817,148.13,2024-06-26 08:08:23.000,Greater Accra|Kasoa
SCRP-00002530,SCLN-00000817,66.98,2024-07-12 16:36:04.000,Greater Accra|Kasoa
SCRP-00002531,SCLN-00000818,659.01,2025-04-23 14:28:26.000,Greater Accra|Kasoa
SCRP-00002532,SCLN-00000818,392.99,2025-04-18 16:11:31.000,Greater Accra|Kasoa
SCRP-00002533,SCLN-00000818,228.26,2025-05-09 18:55:24.000,Greater Accra|Kasoa
SCRP-00002534,SCLN-00000818,131.83,2025-05-15 18:06:07.000,Greater Accra|Kasoa
SCRP-00002535,SCLN-00000818,57.96,2025-05-23 12:06:39.000,Greater Accra|Kasoa
SCRP-00002536,SCLN-00000819,223.56,2025-05-17 08:31:38.000,Bono|Berekum
SCRP-00002537,SCLN-00000819,122.29,2025-05-28 18:30:21.000,Bono|Berekum
SCRP-00002538,SCLN-00000819,58.92,2025-06-08 12:40:30.000,Bono|Berekum
SCRP-00002539,SCLN-00000819,31.32,2025-06-19 09:52:05.000,Bono|Berekum
SCRP-00002540,SCLN-00000820,564.1,2025-09-03 17:40:54.000,Bono|Berekum
SCRP-00002541,SCLN-00000820,359.32,2025-09-09 15:10:53.000,Bono|Berekum
SCRP-00002542,SCLN-00000820,177.33,2025-09-15 08:41:47.000,Bono|Berekum
SCRP-00002543,SCLN-00000820,92.81,2025-09-20 18:58:05.000,Bono|Berekum
SCRP-00002544,SCLN-00000820,22.35,2025-09-26 19:37:49.000,Bono|Berekum
SCRP-00002545,SCLN-00000821,1081.87,2025-12-02 14:06:33.000,Bono|Berekum
SCRP-00002546,SCLN-00000821,512.2,2025-12-18 15:57:31.000,Bono|Berekum
SCRP-00002547,SCLN-00000822,351.17,2025-10-27 12:16:36.000,Ashanti|Kumasi
SCRP-00002548,SCLN-00000822,179.53,2025-11-03 19:37:10.000,Ashanti|Kumasi
SCRP-00002549,SCLN-00000822,90.56,2025-11-10 14:54:06.000,Ashanti|Kumasi
SCRP-00002550,SCLN-00000822,53.04,2025-11-17 12:21:57.000,Ashanti|Kumasi
SCRP-00002551,SCLN-00000823,1304.08,2025-12-26 08:21:08.000,Ashanti|Kumasi
SCRP-00002552,SCLN-00000824,210.98,2025-08-17 19:48:07.000,Oti|Dambai
SCRP-00002553,SCLN-00000824,124.12,2025-09-04 19:42:05.000,Oti|Dambai
SCRP-00002554,SCLN-00000824,71.89,2025-09-22 14:06:50.000,Oti|Dambai
SCRP-00002555,SCLN-00000825,880.87,2025-11-06 17:37:28.000,Oti|Dambai
SCRP-00002556,SCLN-00000825,427.95,2025-11-14 09:21:51.000,Oti|Dambai
SCRP-00002557,SCLN-00000825,233.05,2025-11-22 19:27:56.000,Oti|Dambai
SCRP-00002558,SCLN-00000825,109.87,2025-11-30 15:37:13.000,Oti|Dambai
SCRP-00002559,SCLN-00000827,170.16,2023-11-01 09:56:33.000,Northern|Savelugu
SCRP-00002560,SCLN-00000827,96.01,2023-11-18 18:45:17.000,Northern|Savelugu
SCRP-00002561,SCLN-00000827,58.81,2023-12-06 08:00:55.000,Northern|Savelugu
SCRP-00002562,SCLN-00000827,30.77,2023-12-23 13:11:20.000,Northern|Savelugu
SCRP-00002563,SCLN-00000828,478.55,2024-12-20 08:22:34.000,Northern|Savelugu
SCRP-00002564,SCLN-00000828,147.65,2024-12-30 09:20:01.000,Northern|Savelugu
SCRP-00002565,SCLN-00000829,247.18,2025-09-24 11:30:22.000,Northern|Savelugu
SCRP-00002566,SCLN-00000829,143.72,2025-10-10 14:54:03.000,Northern|Savelugu
SCRP-00002567,SCLN-00000829,82.88,2025-10-26 15:57:35.000,Northern|Savelugu
SCRP-00002568,SCLN-00000830,485.18,2025-12-31 14:03:25.000,Northern|Savelugu
SCRP-00002569,SCLN-00000831,317.02,2024-04-14 12:26:55.000,Upper East|Navrongo
SCRP-00002570,SCLN-00000831,162.4,2024-05-01 17:50:33.000,Upper East|Navrongo
SCRP-00002571,SCLN-00000831,79.71,2024-05-17 11:47:14.000,Upper East|Navrongo
SCRP-00002572,SCLN-00000831,52.76,2024-06-03 19:19:24.000,Upper East|Navrongo
SCRP-00002573,SCLN-00000831,23.73,2024-06-19 13:29:03.000,Upper East|Navrongo
SCRP-00002574,SCLN-00000832,579.74,2024-09-10 14:37:59.000,Upper East|Navrongo
SCRP-00002575,SCLN-00000832,304.01,2024-09-24 16:33:21.000,Upper East|Navrongo
SCRP-00002576,SCLN-00000832,146.16,2024-10-08 12:09:36.000,Upper East|Navrongo
SCRP-00002577,SCLN-00000832,80.06,2024-10-22 19:36:07.000,Upper East|Navrongo
SCRP-00002578,SCLN-00000833,929.73,2025-08-31 15:23:54.000,Upper East|Navrongo
SCRP-00002579,SCLN-00000833,478.47,2025-09-13 16:47:36.000,Upper East|Navrongo
SCRP-00002580,SCLN-00000833,224.84,2025-09-26 18:13:10.000,Upper East|Navrongo
SCRP-00002581,SCLN-00000833,112.22,2025-10-09 12:16:09.000,Upper East|Navrongo
SCRP-00002582,SCLN-00000834,88.17,2025-04-04 12:04:31.000,Bono East|Techiman
SCRP-00002583,SCLN-00000834,37.79,2025-04-29 08:50:50.000,Bono East|Techiman
SCRP-00002584,SCLN-00000836,435.03,2025-12-21 12:07:41.000,Bono East|Techiman
SCRP-00002585,SCLN-00000837,489.67,2025-03-31 14:58:38.000,Northern|Tamale
SCRP-00002586,SCLN-00000837,286.78,2025-04-10 15:12:01.000,Northern|Tamale
SCRP-00002587,SCLN-00000837,166.39,2025-04-20 16:33:24.000,Northern|Tamale
SCRP-00002588,SCLN-00000838,195.27,2025-07-25 18:23:25.000,Northern|Tamale
SCRP-00002589,SCLN-00000838,110.5,2025-08-17 11:51:32.000,Northern|Tamale
SCRP-00002590,SCLN-00000838,30.99,2025-09-09 13:27:09.000,Northern|Tamale
SCRP-00002591,SCLN-00000839,263.45,2025-11-09 12:46:35.000,Northern|Tamale
SCRP-00002592,SCLN-00000839,142.98,2025-11-17 15:09:30.000,Northern|Tamale
SCRP-00002593,SCLN-00000839,70.45,2025-11-25 08:37:16.000,Northern|Tamale
SCRP-00002594,SCLN-00000839,37.92,2025-12-02 14:21:31.000,Northern|Tamale
SCRP-00002595,SCLN-00000839,21.18,2025-12-10 18:17:33.000,Northern|Tamale
SCRP-00002596,SCLN-00000840,473.72,2025-05-10 18:08:19.000,Oti|Jasikan
SCRP-00002597,SCLN-00000840,306.92,2025-06-17 10:53:31.000,Oti|Jasikan
SCRP-00002598,SCLN-00000842,236.67,2025-11-21 19:35:55.000,Oti|Jasikan
SCRP-00002599,SCLN-00000842,113.08,2025-12-08 19:33:26.000,Oti|Jasikan
SCRP-00002600,SCLN-00000842,65.22,2025-12-25 13:22:47.000,Oti|Jasikan
SCRP-00002601,SCLN-00000843,598.72,2024-04-12 13:53:20.000,Greater Accra|Tema
SCRP-00002602,SCLN-00000843,363.27,2024-04-28 18:18:56.000,Greater Accra|Tema
SCRP-00002603,SCLN-00000843,201.42,2024-05-14 17:07:26.000,Greater Accra|Tema
SCRP-00002604,SCLN-00000843,114.05,2024-05-30 13:35:48.000,Greater Accra|Tema
SCRP-00002605,SCLN-00000844,414.33,2025-09-22 15:29:10.000,Greater Accra|Tema
SCRP-00002606,SCLN-00000844,221.53,2025-10-04 11:17:36.000,Greater Accra|Tema
SCRP-00002607,SCLN-00000844,117.64,2025-10-16 10:34:51.000,Greater Accra|Tema
SCRP-00002608,SCLN-00000845,260.27,2025-11-10 19:41:55.000,Greater Accra|Tema
SCRP-00002609,SCLN-00000845,126.1,2025-11-22 14:54:06.000,Greater Accra|Tema
SCRP-00002610,SCLN-00000845,72.08,2025-12-04 09:31:06.000,Greater Accra|Tema
SCRP-00002611,SCLN-00000845,41.69,2025-12-16 08:16:45.000,Greater Accra|Tema
SCRP-00002612,SCLN-00000845,21.25,2025-12-28 14:25:25.000,Greater Accra|Tema
SCRP-00002613,SCLN-00000846,507.56,2024-12-04 10:31:11.000,Greater Accra|Accra
SCRP-00002614,SCLN-00000846,264.19,2024-12-19 12:11:42.000,Greater Accra|Accra
SCRP-00002615,SCLN-00000846,147.61,2025-01-02 09:04:22.000,Greater Accra|Accra
SCRP-00002616,SCLN-00000846,75.1,2025-01-17 13:39:33.000,Greater Accra|Accra
SCRP-00002617,SCLN-00000846,42.98,2025-01-31 13:36:15.000,Greater Accra|Accra
SCRP-00002618,SCLN-00000847,748.29,2025-08-14 10:16:13.000,Greater Accra|Accra
SCRP-00002619,SCLN-00000847,458.77,2025-08-27 10:28:35.000,Greater Accra|Accra
SCRP-00002620,SCLN-00000847,254.58,2025-09-14 18:23:37.000,Greater Accra|Accra
SCRP-00002621,SCLN-00000847,133.79,2025-10-08 15:15:31.000,Greater Accra|Accra
SCRP-00002622,SCLN-00000848,726.02,2025-12-19 14:54:44.000,Greater Accra|Accra
SCRP-00002623,SCLN-00000849,346.8,2024-08-25 08:21:28.000,Greater Accra|Accra
SCRP-00002624,SCLN-00000849,201.94,2024-09-06 10:04:10.000,Greater Accra|Accra
SCRP-00002625,SCLN-00000849,96.13,2024-09-17 13:55:53.000,Greater Accra|Accra
SCRP-00002626,SCLN-00000850,853.68,2025-05-04 15:58:40.000,Upper West|Lawra
SCRP-00002627,SCLN-00000850,404.89,2025-05-19 12:51:42.000,Upper West|Lawra
SCRP-00002628,SCLN-00000850,219.13,2025-06-03 08:23:04.000,Upper West|Lawra
SCRP-00002629,SCLN-00000850,127.45,2025-06-17 08:16:00.000,Upper West|Lawra
SCRP-00002630,SCLN-00000850,81.36,2025-07-02 17:10:23.000,Upper West|Lawra
SCRP-00002631,SCLN-00000851,240.48,2025-11-13 10:36:05.000,Upper West|Lawra
SCRP-00002632,SCLN-00000851,129.54,2025-11-22 15:21:11.000,Upper West|Lawra
SCRP-00002633,SCLN-00000851,63.08,2025-11-30 09:44:31.000,Upper West|Lawra
SCRP-00002634,SCLN-00000851,39.65,2025-12-09 19:47:46.000,Upper West|Lawra
SCRP-00002635,SCLN-00000851,8.59,2025-12-17 12:13:17.000,Upper West|Lawra
SCRP-00002636,SCLN-00000852,721.97,2025-05-13 11:19:26.000,Greater Accra|Accra
SCRP-00002637,SCLN-00000852,432.22,2025-06-06 08:54:34.000,Greater Accra|Accra
SCRP-00002638,SCLN-00000852,221.54,2025-06-29 17:31:54.000,Greater Accra|Accra
SCRP-00002639,SCLN-00000853,307.88,2025-08-30 13:03:33.000,Greater Accra|Tema
SCRP-00002640,SCLN-00000853,177.48,2025-09-19 18:34:46.000,Greater Accra|Tema
SCRP-00002641,SCLN-00000853,95.78,2025-10-09 14:28:08.000,Greater Accra|Tema
SCRP-00002642,SCLN-00000853,58.45,2025-10-29 14:49:14.000,Greater Accra|Tema
SCRP-00002643,SCLN-00000854,253.21,2025-12-17 10:21:44.000,Greater Accra|Tema
SCRP-00002644,SCLN-00000856,1556.01,2025-07-02 12:17:38.000,Central|Cape Coast
SCRP-00002645,SCLN-00000856,855.87,2025-07-28 17:57:48.000,Central|Cape Coast
SCRP-00002646,SCLN-00000856,385.55,2025-08-15 13:52:59.000,Central|Cape Coast
SCRP-00002647,SCLN-00000857,583.88,2025-05-21 08:20:35.000,Western|Axim
SCRP-00002648,SCLN-00000857,309.61,2025-05-31 09:39:21.000,Western|Axim
SCRP-00002649,SCLN-00000857,193.27,2025-06-09 11:04:23.000,Western|Axim
SCRP-00002650,SCLN-00000857,102.3,2025-06-19 09:03:47.000,Western|Axim
SCRP-00002651,SCLN-00000857,50.28,2025-06-28 09:29:30.000,Western|Axim
SCRP-00002652,SCLN-00000858,195.75,2025-09-18 14:09:59.000,Western|Axim
SCRP-00002653,SCLN-00000858,88.01,2025-09-30 12:59:07.000,Western|Axim
SCRP-00002654,SCLN-00000858,55.58,2025-10-12 16:18:53.000,Western|Axim
SCRP-00002655,SCLN-00000858,24.0,2025-10-24 16:52:24.000,Western|Axim
SCRP-00002656,SCLN-00000859,1966.66,2025-11-26 13:02:44.000,Western|Axim
SCRP-00002657,SCLN-00000859,907.02,2025-12-15 14:05:15.000,Western|Axim
SCRP-00002658,SCLN-00000860,563.51,2025-04-24 09:22:38.000,Bono|Sunyani
SCRP-00002659,SCLN-00000860,263.39,2025-05-16 16:44:10.000,Bono|Sunyani
SCRP-00002660,SCLN-00000860,141.28,2025-06-07 18:52:29.000,Bono|Sunyani
SCRP-00002661,SCLN-00000861,303.05,2025-10-11 11:12:24.000,Bono|Sunyani
SCRP-00002662,SCLN-00000861,169.36,2025-10-28 17:27:29.000,Bono|Sunyani
SCRP-00002663,SCLN-00000861,78.27,2025-11-14 19:23:10.000,Bono|Sunyani
SCRP-00002664,SCLN-00000861,45.6,2025-12-01 08:15:16.000,Bono|Sunyani
SCRP-00002665,SCLN-00000862,685.14,2025-01-11 19:59:18.000,Western|Tarkwa
SCRP-00002666,SCLN-00000862,408.42,2025-01-21 16:17:51.000,Western|Tarkwa
SCRP-00002667,SCLN-00000862,207.08,2025-01-31 08:17:57.000,Western|Tarkwa
SCRP-00002668,SCLN-00000863,223.97,2025-12-06 13:56:16.000,Western|Tarkwa
SCRP-00002669,SCLN-00000863,121.44,2025-12-17 18:38:26.000,Western|Tarkwa
SCRP-00002670,SCLN-00000863,65.1,2025-12-27 17:13:45.000,Western|Tarkwa
SCRP-00002671,SCLN-00000864,993.85,2025-08-08 09:32:51.000,Volta|Hohoe
SCRP-00002672,SCLN-00000864,580.0,2025-08-19 16:52:50.000,Volta|Hohoe
SCRP-00002673,SCLN-00000864,331.89,2025-08-30 08:29:30.000,Volta|Hohoe
SCRP-00002674,SCLN-00000864,201.52,2025-09-10 09:25:04.000,Volta|Hohoe
SCRP-00002675,SCLN-00000864,93.47,2025-09-21 13:37:14.000,Volta|Hohoe
SCRP-00002676,SCLN-00000865,202.89,2025-10-24 11:42:36.000,Volta|Hohoe
SCRP-00002677,SCLN-00000865,111.79,2025-11-15 16:03:27.000,Volta|Hohoe
SCRP-00002678,SCLN-00000866,246.02,2023-07-06 17:28:33.000,Northern|Tamale
SCRP-00002679,SCLN-00000866,123.29,2023-08-07 18:14:38.000,Northern|Tamale
SCRP-00002680,SCLN-00000867,1551.22,2023-09-08 17:02:13.000,Northern|Tamale
SCRP-00002681,SCLN-00000867,799.51,2023-09-19 17:41:53.000,Northern|Tamale
SCRP-00002682,SCLN-00000867,372.95,2023-10-08 19:04:50.000,Northern|Tamale
SCRP-00002683,SCLN-00000867,239.97,2023-10-20 10:17:40.000,Northern|Tamale
