customer_id,first_name,last_name,date_of_birth,nationality,occupation,phone_number,email,created_at
AN-C000001,Samuel,Quaye,1975-08-10,Ghanaian,Professional,+233325056271,samuel.quaye680@example.test,2023-06-16 14:45:28.000
AN-C000002,Abena,Quaye,1975-01-01,Ghanaian,Artisan,+233253850929,abena.quaye9747@example.test,2023-10-18 17:30:14.000
AN-C000003,Adwoa,Arthur,2004-11-03,Ghanaian,Professional,+233472137215,adwoa.arthur4629@example.test,2024-12-27 09:29:28.000
AN-C000004,Akosua,Adjei,1993-05-24,Ghanaian,Professional,+233265396952,akosua.adjei197@example.test,2023-02-19 13:55:04.000
AN-C000005,Esi,Osei,1983-11-18,Ghanaian,Public Servant,+233357277165,esi.osei2990@example.test,2024-03-19 13:19:28.000
AN-C000006,Efua,Osei,1968-12-20,Ghanaian,Farmer,+233476854431,efua.osei2693@example.test,2024-06-27 08:43:12.000
AN-C000007,Mary,Boateng,2001-12-20,Ghanaian,Farmer,+233288236028,mary.boateng5346@example.test,2025-05-24 14:30:21.000
AN-C000008,Ama,Appiah,1972-06-20,Ghanaian,Trader,+233271711575,ama.appiah7591@example.test,2023-09-16 09:38:46.000
AN-C000009,Ama,Quaye,1966-04-03,Ghanaian,Public Servant,+233338056577,ama.quaye4881@example.test,2024-10-19 09:26:29.000
AN-C000010,Kojo,Owusu,2000-01-18,Ghanaian,Farmer,+233313509297,kojo.owusu2343@example.test,2023-03-11 08:39:10.000
AN-C000011,Fiifi,Quaye,1967-01-05,Ghanaian,Farmer,+233310455855,fiifi.quaye9304@example.test,2023-01-01 12:10:14.000
AN-C000012,Kojo,Agyeman,1974-12-03,Ghanaian,Teacher,+233492255704,kojo.agyeman6238@example.test,2024-08-04 11:17:43.000
AN-C000013,Akosua,Adjei,1977-04-14,Ghanaian,Driver,+233518559964,akosua.adjei4619@example.test,2024-08-08 09:38:22.000
AN-C000014,Daniel,Boateng,1962-08-10,Ghanaian,Self Employed,+233382160229,daniel.boateng2287@example.test,2023-11-08 11:29:32.000
AN-C000015,Angela,Arthur,2000-11-21,Ghanaian,Professional,+233500721936,angela.arthur2509@example.test,2025-05-31 16:21:52.000
AN-C000016,Daniel,Arthur,1976-06-01,Ghanaian,Teacher,+233507492172,daniel.arthur4377@example.test,2024-04-08 08:06:58.000
AN-C000017,Daniel,Boateng,1970-03-24,Ghanaian,Teacher,+233241023562,daniel.boateng86@example.test,2025-02-07 09:26:10.000
AN-C000018,Angela,Mensah,1998-04-09,Ghanaian,Farmer,+233362802630,angela.mensah8744@example.test,2024-04-26 11:17:34.000
AN-C000019,Mavis,Asare,1987-03-11,Ghanaian,Trader,+233561700484,mavis.asare2476@example.test,2023-07-07 12:13:45.000
AN-C000020,Adwoa,Appiah,1961-02-18,Ghanaian,Self Employed,+233469963732,adwoa.appiah1748@example.test,2025-02-26 13:13:49.000
AN-C000021,Yaa,Amoah,1995-04-05,Ghanaian,Health Worker,+233265668771,yaa.amoah2275@example.test,2024-03-06 18:52:34.000
AN-C000022,Akosua,Darko,1972-11-02,Ghanaian,Self Employed,+233539103694,akosua.darko6252@example.test,2023-03-08 12:52:16.000
AN-C000023,Michael,Boateng,1983-01-09,Ghanaian,Public Servant,+233411400829,michael.boateng8506@example.test,2024-09-19 11:35:43.000
AN-C000024,Grace,Appiah,1980-10-28,Ghanaian,Artisan,+233284415717,grace.appiah4104@example.test,2023-07-29 16:43:59.000
AN-C000025,Yaa,Adjei,2002-06-01,Ghanaian,Public Servant,+233367647679,yaa.adjei9937@example.test,2023-02-05 17:00:42.000
AN-C000026,Angela,Osei,1991-06-17,Ghanaian,Driver,+233581552360,angela.osei1131@example.test,2023-09-11 13:42:44.000
AN-C000027,Afia,Osei,1984-05-13,Ghanaian,Student,+233564494117,afia.osei6940@example.test,2025-03-08 12:07:26.000
AN-C000028,Mavis,Quaye,1977-08-26,Ghanaian,Health Worker,+233369131650,mavis.quaye9522@example.test,2023-03-27 12:29:09.000
AN-C000029,Mavis,Adjei,1997-11-13,Ghanaian,Trader,+233478082187,mavis.adjei8345@example.test,2023-10-14 17:53:06.000
AN-C000030,Ama,Agyeman,1960-11-20,Ghanaian,Public Servant,+233434366570,ama.agyeman5779@example.test,2025-05-21 10:24:04.000
AN-C000031,Emmanuel,Adjei,1963-05-22,Ghanaian,Professional,+233374904772,emmanuel.adjei675@example.test,2025-04-24 18:53:07.000
AN-C000032,Mary,Owusu,1974-11-22,Ghanaian,Student,+233330916881,mary.owusu7454@example.test,2023-09-10 09:10:35.000
AN-C000033,Angela,Agyeman,2004-10-04,Ghanaian,Other,+233583994930,angela.agyeman2907@example.test,2025-01-30 09:26:02.000
AN-C000034,Kojo,Owusu,1993-09-09,Ghanaian,Trader,+233426218584,kojo.owusu5307@example.test,2024-11-16 16:14:34.000
AN-C000035,Yaw,Mensah,2004-04-06,Ghanaian,Driver,+233561965443,yaw.mensah2604@example.test,2023-06-19 13:20:39.000
AN-C000036,Kwame,Arthur,1998-09-25,Ghanaian,Farmer,+233417636659,kwame.arthur2345@example.test,2025-04-29 16:28:17.000
AN-C000037,Afia,Boateng,1987-12-03,Ghanaian,Artisan,+233582109402,afia.boateng6425@example.test,2023-06-29 13:52:08.000
AN-C000038,Michael,Agyeman,1971-04-16,Ghanaian,Driver,+233534734830,michael.agyeman6191@example.test,2023-11-22 09:00:12.000
AN-C000039,Afia,Amoah,1966-02-09,Ghanaian,Health Worker,+233329315605,afia.amoah6753@example.test,2024-12-24 16:43:35.000
AN-C000040,Abena,Amoah,1989-01-11,Ghanaian,Professional,+233401023477,abena.amoah5174@example.test,2024-06-05 09:03:10.000
AN-C000041,Efua,Arthur,1989-01-13,Ghanaian,Professional,+233316558789,efua.arthur1708@example.test,2024-01-02 10:41:51.000
AN-C000042,Kwame,Quaye,1998-08-04,Ghanaian,Artisan,+233449776117,kwame.quaye4972@example.test,2024-10-22 10:31:55.000
AN-C000043,Akosua,Quaye,1984-11-03,Ghanaian,Driver,+233566422119,akosua.quaye1149@example.test,2024-03-20 13:42:33.000
AN-C000044,Mavis,Osei,1992-09-24,Ghanaian,Trader,+233331686168,mavis.osei3334@example.test,2024-09-05 14:52:54.000
AN-C000045,Mary,Quaye,1971-10-10,Ghanaian,Trader,+233307526622,mary.quaye5724@example.test,2023-05-10 10:20:33.000
AN-C000046,Akosua,Mensah,1993-02-08,Ghanaian,Farmer,+233407786593,akosua.mensah6743@example.test,2023-07-30 12:15:30.000
AN-C000047,Michael,Darko,2001-02-01,Ghanaian,Self Employed,+233436762130,michael.darko2850@example.test,2023-11-23 13:44:53.000
AN-C000048,Kwadwo,Amoah,1967-11-03,Ghanaian,Self Employed,+233484621688,kwadwo.amoah4663@example.test,2025-02-10 14:54:16.000
AN-C000049,Angela,Appiah,1981-04-02,Ghanaian,Artisan,+233223512475,angela.appiah6183@example.test,2024-09-22 17:49:46.000
AN-C000050,Emmanuel,Adjei,1964-05-27,Ghanaian,Health Worker,+233524045910,emmanuel.adjei7081@example.test,2024-12-12 16:06:38.000
AN-C000051,Michael,Boateng,1978-04-17,Ghanaian,Artisan,+233302215837,michael.boateng4019@example.test,2023-03-28 16:00:07.000
AN-C000052,Yaa,Amoah,2001-02-12,Ghanaian,Artisan,+233467360897,yaa.amoah1055@example.test,2023-10-03 09:51:09.000
AN-C000053,Efua,Quaye,1965-11-23,Ghanaian,Trader,+233288665626,efua.quaye863@example.test,2024-09-27 18:03:45.000
AN-C000054,Kwadwo,Owusu,1966-10-14,Ghanaian,Driver,+233502498190,kwadwo.owusu9207@example.test,2024-01-27 13:46:14.000
AN-C000055,Emmanuel,Osei,1998-08-04,Ghanaian,Other,+233330257630,emmanuel.osei4731@example.test,2023-07-19 18:38:12.000
AN-C000056,Akosua,Boateng,1997-09-17,Ghanaian,Other,+233351776649,akosua.boateng8819@example.test,2023-12-16 08:39:46.000
AN-C000057,Esi,Darko,1982-12-18,Ghanaian,Professional,+233499064768,esi.darko4598@example.test,2023-06-17 14:26:25.000
AN-C000058,Kojo,Arthur,1991-02-02,Ghanaian,Driver,+233531809767,kojo.arthur2040@example.test,2024-09-11 10:10:09.000
AN-C000059,Michael,Asare,1965-06-01,Ghanaian,Driver,+233575406336,michael.asare9517@example.test,2024-03-22 16:16:10.000
AN-C000060,Mary,Asare,1969-07-12,Ghanaian,Professional,+233302618011,mary.asare3485@example.test,2025-05-01 10:09:38.000
AN-C000061,Nana,Agyeman,1978-08-17,Ghanaian,Trader,+233506724573,nana.agyeman1930@example.test,2024-05-20 14:04:02.000
AN-C000062,Akosua,Darko,1972-09-01,Ghanaian,Professional,+233316027211,akosua.darko2750@example.test,2023-02-10 18:25:20.000
AN-C000063,Nana,Agyeman,1985-03-15,Ghanaian,Artisan,+233319735721,nana.agyeman3723@example.test,2024-06-16 09:04:44.000
AN-C000064,Samuel,Boateng,1992-02-19,Ghanaian,Other,+233558932997,samuel.boateng9404@example.test,2024-12-24 10:31:39.000
AN-C000065,Kwadwo,Mensah,1975-03-12,Ghanaian,Teacher,+233269297026,kwadwo.mensah5754@example.test,2023-07-03 18:37:35.000
AN-C000066,Nana,Adjei,1988-10-06,Ghanaian,Public Servant,+233218880965,nana.adjei3385@example.test,2024-11-19 15:14:08.000
AN-C000067,Afia,Boateng,1996-10-09,Ghanaian,Public Servant,+233304503333,afia.boateng9149@example.test,2025-06-16 10:29:00.000
AN-C000068,Ama,Adjei,1961-04-28,Ghanaian,Teacher,+233489100838,ama.adjei3157@example.test,2023-07-25 11:34:34.000
AN-C000069,Emmanuel,Appiah,2002-05-13,Ghanaian,Trader,+233495191458,emmanuel.appiah893@example.test,2023-04-20 17:05:32.000
AN-C000070,Angela,Mensah,1971-08-04,Ghanaian,Driver,+233532729672,angela.mensah4796@example.test,2024-04-21 15:52:21.000
AN-C000071,Angela,Osei,1972-05-03,Ghanaian,Driver,+233383349841,angela.osei8071@example.test,2024-09-27 13:08:48.000
AN-C000072,Mavis,Asare,1965-03-09,Ghanaian,Farmer,+233324232605,mavis.asare2542@example.test,2024-05-13 13:33:17.000
AN-C000073,Mary,Mensah,1992-08-12,Ghanaian,Teacher,+233478780325,mary.mensah8488@example.test,2024-12-20 10:55:52.000
AN-C000074,Adwoa,Agyeman,1992-01-08,Ghanaian,Public Servant,+233402676258,adwoa.agyeman8356@example.test,2024-07-03 12:36:24.000
AN-C000075,Yaw,Owusu,1992-02-18,Ghanaian,Public Servant,+233411412043,yaw.owusu3413@example.test,2023-05-28 12:03:41.000
AN-C000076,Afia,Darko,1999-02-23,Ghanaian,Other,+233590956250,afia.darko6732@example.test,2023-10-06 17:11:02.000
AN-C000077,Kwabena,Amoah,1972-07-17,Ghanaian,Farmer,+233356997433,kwabena.amoah6339@example.test,2025-05-10 08:36:14.000
AN-C000078,Adwoa,Asare,1980-04-03,Ghanaian,Self Employed,+233278733772,adwoa.asare849@example.test,2023-05-20 11:38:17.000
AN-C000079,Yaa,Osei,1983-01-13,Ghanaian,Self Employed,+233578022649,yaa.osei4218@example.test,2025-01-14 15:29:26.000
AN-C000080,Kwame,Quaye,1975-07-10,Ghanaian,Self Employed,+233341702197,kwame.quaye9240@example.test,2024-08-27 08:16:34.000
AN-C000081,Angela,Quaye,1980-06-10,Ghanaian,Artisan,+233304886422,angela.quaye4425@example.test,2024-03-28 12:48:54.000
AN-C000082,Efua,Osei,1997-10-27,Ghanaian,Artisan,+233216870841,efua.osei2872@example.test,2023-11-27 11:47:33.000
AN-C000083,Mavis,Asare,1975-07-12,Ghanaian,Public Servant,+233369875125,mavis.asare2671@example.test,2025-02-28 18:24:57.000
AN-C000084,Mary,Arthur,1993-06-06,Ghanaian,Trader,+233287279121,mary.arthur6782@example.test,2024-03-17 13:11:36.000
AN-C000085,Kwadwo,Arthur,1983-07-26,Ghanaian,Driver,+233578237204,kwadwo.arthur1209@example.test,2024-02-18 12:26:56.000
AN-C000086,Efua,Arthur,2000-07-16,Ghanaian,Trader,+233530210078,efua.arthur2603@example.test,2024-05-31 10:48:36.000
AN-C000087,Yaa,Quaye,2002-04-21,Ghanaian,Other,+233289333884,yaa.quaye4516@example.test,2024-05-19 10:07:23.000
AN-C000088,Kojo,Osei,1964-05-20,Ghanaian,Farmer,+233242498759,kojo.osei1522@example.test,2023-03-05 13:27:23.000
AN-C000089,Yaa,Appiah,1980-10-22,Ghanaian,Student,+233439691784,yaa.appiah5645@example.test,2024-03-12 09:39:38.000
AN-C000090,Kofi,Agyeman,1996-02-23,Ghanaian,Other,+233282950874,kofi.agyeman1600@example.test,2025-06-14 11:02:32.000
AN-C000091,Samuel,Darko,1966-01-19,Ghanaian,Public Servant,+233234530542,samuel.darko8072@example.test,2025-05-28 18:10:40.000
AN-C000092,Yaa,Amoah,2003-05-26,Ghanaian,Driver,+233526745970,yaa.amoah9592@example.test,2023-11-01 15:13:04.000
AN-C000093,Akosua,Darko,1996-11-13,Ghanaian,Artisan,+233242118073,akosua.darko9209@example.test,2025-01-04 10:07:49.000
AN-C000094,Grace,Arthur,1984-03-19,Ghanaian,Professional,+233274285396,grace.arthur7841@example.test,2023-02-10 15:36:16.000
AN-C000095,Angela,Agyeman,1991-08-07,Ghanaian,Driver,+233469776457,angela.agyeman346@example.test,2023-04-11 17:16:52.000
AN-C000096,Abena,Agyeman,1992-01-07,Ghanaian,Professional,+233280350509,abena.agyeman7397@example.test,2024-06-29 17:34:24.000
AN-C000097,Afia,Appiah,1981-03-23,Ghanaian,Professional,+233380134814,afia.appiah9606@example.test,2025-02-06 16:01:15.000
AN-C000098,Yaa,Asare,1974-10-10,Ghanaian,Self Employed,+233365558441,yaa.asare6895@example.test,2023-06-15 12:41:16.000
AN-C000099,Mary,Appiah,1974-12-15,Ghanaian,Teacher,+233263845142,mary.appiah6586@example.test,2023-05-23 17:20:39.000
AN-C000100,Kwabena,Mensah,1969-05-02,Ghanaian,Student,+233243542704,kwabena.mensah4893@example.test,2024-04-22 17:03:49.000
AN-C000101,Samuel,Owusu,1971-11-06,Ghanaian,Self Employed,+233263725058,samuel.owusu7219@example.test,2024-06-02 12:05:44.000
AN-C000102,Kwadwo,Quaye,1998-05-17,Ghanaian,Public Servant,+233249670621,kwadwo.quaye7662@example.test,2024-04-13 11:12:59.000
AN-C000103,Fiifi,Appiah,1968-02-15,Ghanaian,Student,+233353509355,fiifi.appiah7514@example.test,2023-05-15 14:12:40.000
AN-C000104,Michael,Arthur,1984-12-13,Ghanaian,Teacher,+233465970503,michael.arthur1850@example.test,2024-11-14 12:08:23.000
AN-C000105,Angela,Osei,1961-12-05,Ghanaian,Professional,+233205329777,angela.osei3818@example.test,2024-03-29 08:40:23.000
AN-C000106,Fiifi,Amoah,2003-03-28,Ghanaian,Farmer,+233337239993,fiifi.amoah9954@example.test,2024-02-13 15:12:37.000
AN-C000107,Ama,Arthur,1981-11-22,Ghanaian,Public Servant,+233524475899,ama.arthur2133@example.test,2025-04-15 09:17:04.000
AN-C000108,Grace,Agyeman,1983-05-22,Ghanaian,Professional,+233475712390,grace.agyeman8382@example.test,2025-03-04 09:10:39.000
AN-C000109,Akosua,Appiah,1976-08-22,Ghanaian,Other,+233505979987,akosua.appiah1511@example.test,2024-02-18 11:30:06.000
AN-C000110,Kofi,Asare,1961-07-06,Ghanaian,Farmer,+233573155885,kofi.asare7265@example.test,2023-04-30 14:11:51.000
AN-C000111,Grace,Adjei,1984-12-17,Ghanaian,Public Servant,+233202926224,grace.adjei4843@example.test,2023-11-16 16:55:08.000
AN-C000112,Kojo,Quaye,1987-07-03,Ghanaian,Other,+233300017487,kojo.quaye9341@example.test,2024-12-07 16:57:20.000
AN-C000113,Abena,Quaye,1992-07-20,Ghanaian,Other,+233358443933,abena.quaye4722@example.test,2024-01-02 14:04:40.000
AN-C000114,Afia,Adjei,1990-08-09,Ghanaian,Professional,+233533827454,afia.adjei7884@example.test,2024-06-06 18:57:20.000
AN-C000115,Kwame,Boateng,1962-11-01,Ghanaian,Artisan,+233394777726,kwame.boateng2185@example.test,2024-04-29 10:59:50.000
AN-C000116,Yaa,Mensah,1992-09-03,Ghanaian,Artisan,+233526696555,yaa.mensah1830@example.test,2023-01-25 09:39:37.000
AN-C000117,Kofi,Owusu,1981-01-05,Ghanaian,Driver,+233512012220,kofi.owusu3886@example.test,2023-11-22 09:18:08.000
AN-C000118,Yaw,Arthur,2002-11-02,Ghanaian,Student,+233507988534,yaw.arthur398@example.test,2025-06-15 11:31:11.000
AN-C000119,Angela,Arthur,1964-03-24,Ghanaian,Teacher,+233411420696,angela.arthur6875@example.test,2023-05-18 10:29:08.000
AN-C000120,Grace,Agyeman,1965-07-08,Ghanaian,Artisan,+233554388583,grace.agyeman6864@example.test,2024-06-13 15:22:46.000
AN-C000121,Akosua,Osei,1967-10-14,Ghanaian,Student,+233276990879,akosua.osei4710@example.test,2024-07-31 08:18:13.000
AN-C000122,Angela,Appiah,1996-10-14,Ghanaian,Trader,+233522096768,angela.appiah6578@example.test,2023-01-04 10:43:41.000
AN-C000123,Abena,Agyeman,1988-06-11,Ghanaian,Self Employed,+233549707645,abena.agyeman680@example.test,2024-08-17 18:56:41.000
AN-C000124,Michael,Amoah,1982-06-18,Ghanaian,Farmer,+233202915065,michael.amoah9449@example.test,2025-05-15 15:03:10.000
AN-C000125,Emmanuel,Arthur,1970-08-14,Ghanaian,Teacher,+233212156645,emmanuel.arthur7334@example.test,2024-12-30 09:45:25.000
AN-C000126,Daniel,Mensah,1978-01-17,Ghanaian,Teacher,+233393686511,daniel.mensah1335@example.test,2025-02-09 17:33:10.000
AN-C000127,Yaw,Owusu,1964-05-06,Ghanaian,Professional,+233522948568,yaw.owusu5912@example.test,2023-05-31 10:20:08.000
AN-C000128,Kwame,Arthur,1995-01-04,Ghanaian,Health Worker,+233307328652,kwame.arthur4781@example.test,2024-03-14 09:25:01.000
AN-C000129,Esi,Asare,1997-01-17,Ghanaian,Other,+233439206744,esi.asare5309@example.test,2024-09-21 12:06:44.000
AN-C000130,Nana,Appiah,2002-05-19,Ghanaian,Teacher,+233333185153,nana.appiah6677@example.test,2025-01-14 12:44:46.000
AN-C000131,Abena,Mensah,1962-10-05,Ghanaian,Student,+233567244739,abena.mensah8064@example.test,2024-07-05 14:05:36.000
AN-C000132,Esi,Osei,1970-01-09,Ghanaian,Teacher,+233397101917,esi.osei2134@example.test,2023-05-21 09:05:35.000
AN-C000133,Angela,Boateng,1992-04-26,Ghanaian,Professional,+233562409986,angela.boateng3293@example.test,2024-10-20 17:10:58.000
AN-C000134,Efua,Arthur,1996-04-05,Ghanaian,Self Employed,+233249232331,efua.arthur5437@example.test,2023-08-04 10:28:51.000
AN-C000135,Adwoa,Amoah,1973-05-25,Ghanaian,Health Worker,+233452238475,adwoa.amoah6690@example.test,2024-07-12 09:35:17.000
AN-C000136,Grace,Adjei,1986-02-28,Ghanaian,Driver,+233470573199,grace.adjei4218@example.test,2023-03-05 18:15:39.000
AN-C000137,Kojo,Amoah,1963-01-08,Ghanaian,Student,+233357583420,kojo.amoah5908@example.test,2024-10-29 11:31:51.000
AN-C000138,Esi,Appiah,1977-01-01,Ghanaian,Artisan,+233546328070,esi.appiah3918@example.test,2023-05-25 09:31:33.000
AN-C000139,Fiifi,Quaye,1962-09-02,Ghanaian,Public Servant,+233499111865,fiifi.quaye3103@example.test,2024-02-10 16:39:21.000
AN-C000140,Grace,Owusu,1992-12-05,Ghanaian,Trader,+233389672791,grace.owusu9483@example.test,2023-11-30 10:06:52.000
AN-C000141,Akosua,Osei,2003-12-12,Ghanaian,Student,+233243852726,akosua.osei2175@example.test,2024-02-08 17:37:10.000
AN-C000142,Esi,Amoah,1964-05-04,Ghanaian,Artisan,+233205581029,esi.amoah8731@example.test,2024-06-15 09:32:35.000
AN-C000143,Samuel,Osei,1992-10-13,Ghanaian,Artisan,+233490064825,samuel.osei771@example.test,2025-02-21 14:49:37.000
AN-C000144,Akosua,Agyeman,1983-08-13,Ghanaian,Trader,+233450443488,akosua.agyeman2654@example.test,2024-04-03 09:46:58.000
AN-C000145,Angela,Mensah,1972-10-02,Ghanaian,Self Employed,+233205277375,angela.mensah9406@example.test,2023-12-28 18:26:12.000
AN-C000146,Afia,Owusu,1963-03-22,Ghanaian,Farmer,+233202515700,afia.owusu658@example.test,2025-05-23 12:07:15.000
AN-C000147,Fiifi,Adjei,1967-05-21,Ghanaian,Health Worker,+233389231222,fiifi.adjei3327@example.test,2023-01-26 18:47:22.000
AN-C000148,Fiifi,Appiah,1992-10-10,Ghanaian,Artisan,+233386449003,fiifi.appiah529@example.test,2024-05-15 14:40:32.000
AN-C000149,Daniel,Osei,1996-02-12,Ghanaian,Trader,+233384558391,daniel.osei401@example.test,2023-07-14 15:26:28.000
AN-C000150,Esi,Mensah,2004-02-02,Ghanaian,Artisan,+233488045065,esi.mensah6614@example.test,2023-05-27 11:24:43.000
AN-C000151,Abena,Asare,2001-02-01,Ghanaian,Trader,+233463221221,abena.asare2916@example.test,2024-04-10 10:42:43.000
AN-C000152,Emmanuel,Boateng,1967-09-24,Ghanaian,Artisan,+233333734217,emmanuel.boateng4857@example.test,2024-02-29 09:48:00.000
AN-C000153,Esi,Agyeman,1998-06-13,Ghanaian,Health Worker,+233265033524,esi.agyeman4043@example.test,2023-08-10 13:19:36.000
AN-C000154,Emmanuel,Osei,1983-12-20,Ghanaian,Teacher,+233439027529,emmanuel.osei3798@example.test,2023-01-26 16:50:45.000
AN-C000155,Angela,Arthur,1984-10-24,Ghanaian,Professional,+233237465616,angela.arthur1630@example.test,2023-09-17 13:45:18.000
AN-C000156,Abena,Mensah,1962-07-18,Ghanaian,Health Worker,+233425459394,abena.mensah2456@example.test,2025-05-01 08:51:20.000
AN-C000157,Kwame,Osei,1996-03-14,Ghanaian,Self Employed,+233504376520,kwame.osei1714@example.test,2024-08-30 18:00:16.000
AN-C000158,Yaw,Owusu,1970-08-26,Ghanaian,Self Employed,+233422767067,yaw.owusu1924@example.test,2023-08-06 15:06:01.000
AN-C000159,Ama,Mensah,1970-08-05,Ghanaian,Driver,+233555373261,ama.mensah9860@example.test,2024-02-01 09:17:27.000
AN-C000160,Kofi,Agyeman,1991-07-11,Ghanaian,Driver,+233240659673,kofi.agyeman9185@example.test,2023-01-26 18:23:08.000
AN-C000161,Daniel,Mensah,1972-04-09,Ghanaian,Professional,+233586165759,daniel.mensah8136@example.test,2024-09-26 18:17:23.000
AN-C000162,Ama,Boateng,1980-07-01,Ghanaian,Artisan,+233359682589,ama.boateng3808@example.test,2023-03-23 08:47:34.000
AN-C000163,Emmanuel,Agyeman,1971-07-25,Ghanaian,Student,+233405882381,emmanuel.agyeman4307@example.test,2024-01-13 16:02:12.000
AN-C000164,Mavis,Amoah,2002-04-26,Ghanaian,Farmer,+233518343270,mavis.amoah1234@example.test,2024-02-07 14:45:38.000
AN-C000165,Adwoa,Osei,1989-01-16,Ghanaian,Health Worker,+233318740503,adwoa.osei4470@example.test,2023-10-31 15:26:19.000
AN-C000166,Kwame,Quaye,1984-01-24,Ghanaian,Trader,+233463006010,kwame.quaye5241@example.test,2023-11-14 11:10:37.000
AN-C000167,Samuel,Adjei,1986-10-23,Ghanaian,Health Worker,+233376475150,samuel.adjei1984@example.test,2023-09-28 13:36:06.000
AN-C000168,Ama,Quaye,2000-06-03,Ghanaian,Driver,+233203629840,ama.quaye9783@example.test,2024-05-24 18:10:45.000
AN-C000169,Adwoa,Adjei,1976-05-11,Ghanaian,Public Servant,+233583071512,adwoa.adjei3372@example.test,2023-09-21 12:17:54.000
AN-C000170,Daniel,Arthur,1978-10-08,Ghanaian,Public Servant,+233296683518,daniel.arthur288@example.test,2025-04-17 15:14:29.000
AN-C000171,Abena,Mensah,1985-08-11,Ghanaian,Professional,+233315274463,abena.mensah2415@example.test,2024-05-14 17:50:39.000
AN-C000172,Kofi,Appiah,1992-03-13,Ghanaian,Teacher,+233212099917,kofi.appiah2458@example.test,2024-11-08 10:09:31.000
AN-C000173,Daniel,Agyeman,1975-11-25,Ghanaian,Health Worker,+233363719993,daniel.agyeman4257@example.test,2023-08-08 10:20:56.000
AN-C000174,Mary,Darko,1977-04-05,Ghanaian,Other,+233293071531,mary.darko4574@example.test,2023-08-15 12:58:21.000
AN-C000175,Afia,Agyeman,1990-10-12,Ghanaian,Professional,+233441474821,afia.agyeman8683@example.test,2024-12-24 15:50:53.000
AN-C000176,Yaa,Osei,1963-09-23,Ghanaian,Driver,+233540260771,yaa.osei3689@example.test,2025-03-09 14:29:03.000
AN-C000177,Efua,Osei,1974-07-21,Ghanaian,Health Worker,+233248178590,efua.osei9837@example.test,2023-11-13 14:14:30.000
AN-C000178,Ama,Asare,1993-09-26,Ghanaian,Student,+233581723085,ama.asare9238@example.test,2025-02-22 08:06:02.000
AN-C000179,Michael,Osei,1966-07-10,Ghanaian,Farmer,+233511741809,michael.osei8530@example.test,2023-12-06 17:44:02.000
AN-C000180,Afia,Owusu,1982-08-13,Ghanaian,Teacher,+233480877364,afia.owusu7430@example.test,2025-02-19 16:43:48.000
AN-C000181,Kwame,Darko,1979-04-17,Ghanaian,Artisan,+233403927067,kwame.darko3770@example.test,2024-02-22 18:02:01.000
AN-C000182,Nana,Arthur,1976-03-24,Ghanaian,Student,+233478589355,nana.arthur5792@example.test,2025-01-14 10:04:28.000
AN-C000183,Ama,Agyeman,1974-07-02,Ghanaian,Student,+233592178407,ama.agyeman6012@example.test,2023-11-10 15:22:14.000
AN-C000184,Kwadwo,Arthur,1984-04-26,Ghanaian,Student,+233354059532,kwadwo.arthur4852@example.test,2024-02-15 14:40:20.000
AN-C000185,Abena,Quaye,1973-02-20,Ghanaian,Professional,+233401514878,abena.quaye8749@example.test,2024-07-05 12:08:36.000
AN-C000186,Daniel,Adjei,1964-04-01,Ghanaian,Health Worker,+233366779333,daniel.adjei6652@example.test,2024-07-22 09:55:25.000
AN-C000187,Mavis,Mensah,1997-07-05,Ghanaian,Teacher,+233524922527,mavis.mensah2876@example.test,2024-05-25 12:58:51.000
AN-C000188,Kwadwo,Osei,1962-11-10,Ghanaian,Artisan,+233593045293,kwadwo.osei6119@example.test,2024-05-11 10:29:22.000
AN-C000189,Mavis,Adjei,1974-06-15,Ghanaian,Driver,+233428647048,mavis.adjei6104@example.test,2024-07-31 13:45:16.000
AN-C000190,Ama,Quaye,1991-06-21,Ghanaian,Other,+233403683912,ama.quaye4418@example.test,2024-05-28 13:38:00.000
AN-C000191,Nana,Osei,1991-01-08,Ghanaian,Teacher,+233550303740,nana.osei7155@example.test,2023-10-09 15:24:27.000
AN-C000192,Ama,Asare,1981-09-26,Ghanaian,Teacher,+233480508784,ama.asare2187@example.test,2023-07-19 10:05:58.000
AN-C000193,Yaa,Arthur,1975-06-10,Ghanaian,Health Worker,+233406981297,yaa.arthur6208@example.test,2023-02-18 15:19:30.000
AN-C000194,Afia,Boateng,1975-01-11,Ghanaian,Driver,+233209874403,afia.boateng3884@example.test,2023-06-09 13:43:35.000
AN-C000195,Yaw,Mensah,1999-10-23,Ghanaian,Other,+233510173262,yaw.mensah7891@example.test,2023-07-15 08:06:56.000
AN-C000196,Kofi,Agyeman,1995-11-27,Ghanaian,Student,+233397942108,kofi.agyeman7989@example.test,2024-02-03 10:02:16.000
AN-C000197,Ama,Amoah,2000-06-13,Ghanaian,Health Worker,+233337458070,ama.amoah7651@example.test,2024-04-07 12:17:54.000
AN-C000198,Michael,Owusu,1999-02-23,Ghanaian,Driver,+233404378608,michael.owusu2728@example.test,2023-10-21 08:44:48.000
AN-C000199,Yaw,Agyeman,1968-11-27,Ghanaian,Other,+233537795617,yaw.agyeman1850@example.test,2025-01-24 12:33:44.000
AN-C000200,Yaw,Osei,1977-10-03,Ghanaian,Professional,+233285312848,yaw.osei1153@example.test,2024-02-19 14:59:44.000
AN-C000201,Grace,Asare,1973-07-11,Ghanaian,Teacher,+233427043945,grace.asare8288@example.test,2024-01-28 15:26:08.000
AN-C000202,Yaw,Amoah,1964-03-12,Ghanaian,Professional,+233426048561,yaw.amoah5040@example.test,2023-08-13 14:41:28.000
AN-C000203,Michael,Quaye,1960-09-25,Ghanaian,Artisan,+233514692524,michael.quaye8534@example.test,2025-05-10 12:57:35.000
AN-C000204,Afia,Osei,1976-04-03,Ghanaian,Public Servant,+233206900165,afia.osei2083@example.test,2023-10-11 09:50:50.000
AN-C000205,Afia,Appiah,1985-08-17,Ghanaian,Trader,+233201343277,afia.appiah1010@example.test,2024-06-12 12:54:55.000
AN-C000206,Kofi,Agyeman,1991-11-01,Ghanaian,Trader,+233207711762,kofi.agyeman8260@example.test,2024-12-29 17:25:40.000
AN-C000207,Mary,Adjei,1997-01-23,Ghanaian,Public Servant,+233345800333,mary.adjei9540@example.test,2024-10-14 13:35:44.000
AN-C000208,Efua,Adjei,1997-11-23,Ghanaian,Artisan,+233226780551,efua.adjei804@example.test,2024-07-04 11:07:41.000
AN-C000209,Abena,Osei,1985-03-09,Ghanaian,Professional,+233258848559,abena.osei4468@example.test,2024-01-31 11:50:46.000
AN-C000210,Yaw,Osei,1985-02-21,Ghanaian,Farmer,+233273869363,yaw.osei9575@example.test,2023-09-01 10:08:44.000
AN-C000211,Nana,Arthur,1990-11-07,Ghanaian,Artisan,+233287099198,nana.arthur9031@example.test,2023-08-19 18:36:56.000
AN-C000212,Fiifi,Mensah,1991-10-03,Ghanaian,Teacher,+233587630783,fiifi.mensah5574@example.test,2024-11-02 08:22:31.000
AN-C000213,Abena,Appiah,1996-03-14,Ghanaian,Professional,+233444588035,abena.appiah3578@example.test,2023-07-05 09:14:08.000
AN-C000214,Mary,Asare,1973-12-03,Ghanaian,Trader,+233597009682,mary.asare7549@example.test,2023-06-13 10:31:50.000
AN-C000215,Emmanuel,Darko,2002-01-26,Ghanaian,Self Employed,+233537271408,emmanuel.darko1481@example.test,2024-08-04 14:55:41.000
AN-C000216,Efua,Owusu,1964-08-23,Ghanaian,Teacher,+233510203584,efua.owusu7439@example.test,2023-10-26 17:51:45.000
AN-C000217,Daniel,Amoah,1985-02-19,Ghanaian,Teacher,+233251764855,daniel.amoah8798@example.test,2025-02-03 09:27:12.000
AN-C000218,Nana,Boateng,2001-12-10,Ghanaian,Artisan,+233222827797,nana.boateng4169@example.test,2024-10-14 15:05:21.000
AN-C000219,Kojo,Owusu,1972-03-28,Ghanaian,Artisan,+233279225400,kojo.owusu6487@example.test,2025-05-15 15:39:44.000
AN-C000220,Mavis,Appiah,1969-09-04,Ghanaian,Farmer,+233347613201,mavis.appiah297@example.test,2023-02-22 10:47:02.000
AN-C000221,Fiifi,Adjei,1960-10-24,Ghanaian,Other,+233317455122,fiifi.adjei9837@example.test,2023-10-22 12:26:00.000
AN-C000222,Grace,Appiah,1987-08-28,Ghanaian,Other,+233531185473,grace.appiah9018@example.test,2025-04-29 17:04:46.000
AN-C000223,Daniel,Boateng,1980-05-10,Ghanaian,Health Worker,+233305789156,daniel.boateng2686@example.test,2023-10-01 12:59:52.000
AN-C000224,Angela,Asare,1991-06-09,Ghanaian,Trader,+233599332367,angela.asare9130@example.test,2024-05-21 13:11:24.000
AN-C000225,Mary,Arthur,1994-12-16,Ghanaian,Self Employed,+233350523552,mary.arthur9399@example.test,2024-03-11 17:31:09.000
AN-C000226,Samuel,Darko,2002-11-14,Ghanaian,Artisan,+233259057848,samuel.darko9674@example.test,2024-04-12 15:12:06.000
AN-C000227,Kwame,Osei,2004-07-07,Ghanaian,Other,+233548735024,kwame.osei8778@example.test,2023-06-04 12:48:15.000
AN-C000228,Ama,Osei,1986-01-07,Ghanaian,Artisan,+233372452858,ama.osei7188@example.test,2023-12-27 13:30:19.000
AN-C000229,Yaw,Osei,1965-11-28,Ghanaian,Self Employed,+233271139756,yaw.osei1112@example.test,2024-06-17 17:14:57.000
AN-C000230,Afia,Appiah,2004-09-23,Ghanaian,Artisan,+233462997647,afia.appiah3239@example.test,2023-06-01 15:05:55.000
AN-C000231,Abena,Darko,1976-07-24,Ghanaian,Driver,+233441788299,abena.darko3867@example.test,2024-08-03 08:13:51.000
AN-C000232,Yaa,Amoah,1989-04-20,Ghanaian,Artisan,+233297676591,yaa.amoah4690@example.test,2024-07-24 14:36:56.000
AN-C000233,Ama,Quaye,1969-01-19,Ghanaian,Farmer,+233591266660,ama.quaye4901@example.test,2023-08-28 17:40:56.000
AN-C000234,Yaw,Arthur,1995-04-22,Ghanaian,Public Servant,+233494571792,yaw.arthur8040@example.test,2023-12-22 11:19:55.000
AN-C000235,Samuel,Arthur,1966-02-26,Ghanaian,Public Servant,+233393473221,samuel.arthur924@example.test,2024-08-16 10:06:59.000
AN-C000236,Mavis,Amoah,1987-07-16,Ghanaian,Self Employed,+233493521750,mavis.amoah4774@example.test,2024-12-01 12:46:59.000
AN-C000237,Kojo,Adjei,1976-05-26,Ghanaian,Professional,+233201863905,kojo.adjei1568@example.test,2024-06-19 13:32:37.000
AN-C000238,Angela,Quaye,1998-01-15,Ghanaian,Artisan,+233238079770,angela.quaye6226@example.test,2024-08-31 14:36:01.000
AN-C000239,Afia,Darko,1976-11-22,Ghanaian,Artisan,+233502028450,afia.darko3989@example.test,2024-05-03 15:45:34.000
AN-C000240,Angela,Osei,1965-08-12,Ghanaian,Trader,+233478607934,angela.osei4901@example.test,2023-12-13 10:15:54.000
AN-C000241,Daniel,Osei,1999-05-05,Ghanaian,Health Worker,+233429306073,daniel.osei1758@example.test,2024-04-21 17:15:27.000
AN-C000242,Kwadwo,Asare,1965-10-23,Ghanaian,Health Worker,+233285692653,kwadwo.asare7821@example.test,2023-02-07 09:36:24.000
AN-C000243,Kwame,Darko,1973-06-20,Ghanaian,Professional,+233427468574,kwame.darko1288@example.test,2024-11-01 14:58:11.000
AN-C000244,Daniel,Boateng,1969-01-05,Ghanaian,Public Servant,+233432561573,daniel.boateng1468@example.test,2025-05-14 14:33:24.000
AN-C000245,Fiifi,Owusu,2003-01-07,Ghanaian,Self Employed,+233588154749,fiifi.owusu6568@example.test,2024-01-02 17:46:47.000
AN-C000246,Mavis,Osei,1991-08-02,Ghanaian,Driver,+233591786757,mavis.osei1267@example.test,2023-10-26 13:07:24.000
AN-C000247,Michael,Adjei,1962-06-16,Ghanaian,Self Employed,+233414878822,michael.adjei3861@example.test,2025-01-02 12:36:01.000
AN-C000248,Kwadwo,Adjei,1963-08-09,Ghanaian,Teacher,+233395561600,kwadwo.adjei4067@example.test,2025-01-19 12:49:46.000
AN-C000249,Adwoa,Boateng,1992-11-01,Ghanaian,Trader,+233403278918,adwoa.boateng6268@example.test,2023-02-11 10:25:25.000
AN-C000250,Esi,Mensah,1965-10-15,Ghanaian,Artisan,+233279908633,esi.mensah2241@example.test,2024-09-05 17:34:13.000
AN-C000251,Adwoa,Agyeman,1973-03-26,Ghanaian,Driver,+233507142237,adwoa.agyeman750@example.test,2023-10-06 16:41:29.000
AN-C000252,Mary,Arthur,1978-02-26,Ghanaian,Other,+233205550570,mary.arthur8495@example.test,2025-04-04 08:14:09.000
AN-C000253,Adwoa,Adjei,1964-11-14,Ghanaian,Professional,+233372793216,adwoa.adjei3740@example.test,2023-11-12 11:52:21.000
AN-C000254,Emmanuel,Quaye,1994-09-27,Ghanaian,Trader,+233529701514,emmanuel.quaye4729@example.test,2025-06-08 16:55:29.000
AN-C000255,Nana,Arthur,2003-11-17,Ghanaian,Trader,+233274755785,nana.arthur7573@example.test,2024-03-31 15:52:43.000
AN-C000256,Kwadwo,Darko,1968-05-01,Ghanaian,Teacher,+233371505432,kwadwo.darko2170@example.test,2024-01-10 14:35:58.000
AN-C000257,Angela,Boateng,1992-03-22,Ghanaian,Artisan,+233372367861,angela.boateng8999@example.test,2023-07-26 15:08:20.000
AN-C000258,Kwadwo,Mensah,1989-10-21,Ghanaian,Trader,+233307305926,kwadwo.mensah854@example.test,2025-04-01 13:03:40.000
AN-C000259,Abena,Agyeman,1975-06-15,Ghanaian,Self Employed,+233304709594,abena.agyeman6232@example.test,2025-05-10 17:52:55.000
AN-C000260,Grace,Amoah,1977-06-06,Ghanaian,Self Employed,+233562834166,grace.amoah5219@example.test,2025-04-10 18:56:24.000
AN-C000261,Daniel,Mensah,1977-01-21,Ghanaian,Professional,+233458589057,daniel.mensah2231@example.test,2023-10-15 18:32:18.000
AN-C000262,Michael,Darko,1995-11-15,Ghanaian,Teacher,+233562113549,michael.darko9994@example.test,2024-01-12 10:39:13.000
AN-C000263,Emmanuel,Boateng,1966-11-02,Ghanaian,Self Employed,+233424953209,emmanuel.boateng4493@example.test,2024-06-17 15:13:53.000
AN-C000264,Ama,Owusu,1992-08-05,Ghanaian,Other,+233378234132,ama.owusu3319@example.test,2024-02-20 15:02:26.000
AN-C000265,Fiifi,Owusu,2001-03-23,Ghanaian,Farmer,+233463288272,fiifi.owusu3806@example.test,2023-01-26 08:34:02.000
AN-C000266,Michael,Quaye,2001-09-22,Ghanaian,Trader,+233407757716,michael.quaye7040@example.test,2023-10-15 15:34:44.000
AN-C000267,Adwoa,Adjei,1995-07-11,Ghanaian,Public Servant,+233538567502,adwoa.adjei8427@example.test,2023-08-12 08:14:19.000
AN-C000268,Mavis,Owusu,1975-10-28,Ghanaian,Health Worker,+233311576438,mavis.owusu3839@example.test,2024-11-17 15:02:37.000
AN-C000269,Abena,Amoah,1960-10-15,Ghanaian,Other,+233500765009,abena.amoah6675@example.test,2024-05-19 16:22:45.000
AN-C000270,Kwame,Agyeman,1961-05-26,Ghanaian,Health Worker,+233251120586,kwame.agyeman832@example.test,2024-12-20 18:57:34.000
AN-C000271,Kwadwo,Darko,1991-03-05,Ghanaian,Public Servant,+233573592809,kwadwo.darko2798@example.test,2024-12-05 15:41:37.000
AN-C000272,Ama,Boateng,1964-08-13,Ghanaian,Public Servant,+233380647626,ama.boateng9693@example.test,2024-10-21 16:29:31.000
AN-C000273,Efua,Owusu,1994-08-08,Ghanaian,Farmer,+233324285296,efua.owusu8501@example.test,2024-11-16 18:15:28.000
AN-C000274,Samuel,Amoah,2004-05-05,Ghanaian,Driver,+233243173033,samuel.amoah5112@example.test,2023-07-07 12:26:52.000
AN-C000275,Samuel,Darko,1988-03-18,Ghanaian,Driver,+233309135437,samuel.darko5046@example.test,2023-09-20 16:21:49.000
AN-C000276,Grace,Adjei,1976-04-09,Ghanaian,Student,+233317388074,grace.adjei8944@example.test,2025-06-05 14:06:37.000
AN-C000277,Adwoa,Owusu,1975-06-22,Ghanaian,Student,+233481042945,adwoa.owusu6456@example.test,2023-03-19 10:07:30.000
AN-C000278,Afia,Agyeman,1978-04-27,Ghanaian,Public Servant,+233344218048,afia.agyeman8256@example.test,2025-06-06 10:39:12.000
AN-C000279,Mavis,Amoah,1993-04-12,Ghanaian,Self Employed,+233361379439,mavis.amoah3080@example.test,2024-10-22 15:20:24.000
AN-C000280,Yaw,Arthur,1963-02-25,Ghanaian,Student,+233210768014,yaw.arthur8462@example.test,2023-11-25 13:18:05.000
AN-C000281,Abena,Asare,1985-05-16,Ghanaian,Farmer,+233411660250,abena.asare3416@example.test,2024-08-07 16:05:01.000
AN-C000282,Kwabena,Asare,1993-12-01,Ghanaian,Trader,+233594862300,kwabena.asare1867@example.test,2024-09-24 13:26:34.000
AN-C000283,Yaw,Osei,1970-02-17,Ghanaian,Farmer,+233481188551,yaw.osei8912@example.test,2023-03-02 16:50:01.000
AN-C000284,Nana,Mensah,1992-11-20,Ghanaian,Trader,+233511074290,nana.mensah4558@example.test,2023-11-27 13:37:49.000
AN-C000285,Nana,Amoah,1975-06-18,Ghanaian,Health Worker,+233389562705,nana.amoah9229@example.test,2023-01-10 12:44:36.000
AN-C000286,Yaw,Osei,1970-01-26,Ghanaian,Student,+233296331061,yaw.osei9536@example.test,2023-02-10 18:16:10.000
AN-C000287,Kofi,Mensah,1982-09-17,Ghanaian,Professional,+233226970840,kofi.mensah5680@example.test,2024-10-03 14:57:22.000
AN-C000288,Esi,Osei,1962-02-02,Ghanaian,Other,+233470973660,esi.osei1870@example.test,2023-05-17 14:16:35.000
AN-C000289,Emmanuel,Asare,1972-07-03,Ghanaian,Self Employed,+233364474232,emmanuel.asare333@example.test,2023-09-08 12:37:51.000
AN-C000290,Mavis,Boateng,1999-06-21,Ghanaian,Farmer,+233315209506,mavis.boateng5013@example.test,2025-06-08 12:46:50.000
AN-C000291,Afia,Arthur,1979-06-16,Ghanaian,Driver,+233343752126,afia.arthur8418@example.test,2023-10-15 12:14:35.000
AN-C000292,Kwabena,Owusu,1994-10-26,Ghanaian,Health Worker,+233580299279,kwabena.owusu4503@example.test,2024-02-10 09:26:37.000
AN-C000293,Angela,Adjei,1987-12-07,Ghanaian,Student,+233229408627,angela.adjei1876@example.test,2025-03-15 15:12:11.000
AN-C000294,Kwabena,Agyeman,1997-06-17,Ghanaian,Public Servant,+233249413548,kwabena.agyeman3851@example.test,2024-10-03 10:47:40.000
AN-C000295,Efua,Amoah,1985-01-05,Ghanaian,Other,+233383912541,efua.amoah9732@example.test,2024-01-19 13:58:25.000
AN-C000296,Afia,Darko,1967-02-28,Ghanaian,Other,+233224268682,afia.darko8532@example.test,2025-04-19 13:15:22.000
AN-C000297,Mary,Boateng,1989-02-09,Ghanaian,Health Worker,+233334852166,mary.boateng8826@example.test,2025-05-30 11:37:28.000
AN-C000298,Emmanuel,Mensah,1993-04-22,Ghanaian,Teacher,+233210581117,emmanuel.mensah6611@example.test,2024-05-31 12:47:36.000
AN-C000299,Kwame,Amoah,1968-09-10,Ghanaian,Other,+233450315952,kwame.amoah9566@example.test,2023-08-08 16:47:13.000
AN-C000300,Grace,Darko,1966-01-08,Ghanaian,Other,+233233832762,grace.darko5290@example.test,2023-05-22 15:05:00.000
AN-C000301,Angela,Darko,1989-08-11,Ghanaian,Health Worker,+233368037007,angela.darko6766@example.test,2025-04-25 16:12:59.000
AN-C000302,Grace,Adjei,1977-04-27,Ghanaian,Self Employed,+233289466465,grace.adjei6874@example.test,2025-05-02 15:38:49.000
AN-C000303,Esi,Asare,1997-02-09,Ghanaian,Teacher,+233312520612,esi.asare7668@example.test,2025-06-14 09:04:10.000
AN-C000304,Yaw,Amoah,1966-12-04,Ghanaian,Health Worker,+233469824523,yaw.amoah1506@example.test,2023-03-07 17:35:19.000
AN-C000305,Angela,Darko,2002-02-10,Ghanaian,Driver,+233216476912,angela.darko33@example.test,2023-06-12 15:49:11.000
AN-C000306,Afia,Osei,1987-05-27,Ghanaian,Student,+233277353956,afia.osei9803@example.test,2024-06-28 15:20:02.000
AN-C000307,Akosua,Darko,1982-03-15,Ghanaian,Artisan,+233204351046,akosua.darko9975@example.test,2024-05-03 11:04:15.000
AN-C000308,Ama,Adjei,1993-09-19,Ghanaian,Self Employed,+233551065589,ama.adjei6495@example.test,2023-10-04 16:11:45.000
AN-C000309,Esi,Adjei,1985-09-11,Ghanaian,Health Worker,+233249314060,esi.adjei6414@example.test,2023-02-19 15:02:23.000
AN-C000310,Grace,Arthur,1974-05-14,Ghanaian,Teacher,+233309294735,grace.arthur1567@example.test,2024-12-10 08:38:17.000
AN-C000311,Daniel,Darko,1968-06-18,Ghanaian,Trader,+233511403403,daniel.darko9410@example.test,2024-07-23 09:36:34.000
AN-C000312,Esi,Darko,1971-12-21,Ghanaian,Artisan,+233386990868,esi.darko9485@example.test,2024-05-30 10:44:08.000
AN-C000313,Angela,Amoah,2002-04-10,Ghanaian,Student,+233428204388,angela.amoah5542@example.test,2025-05-02 09:22:54.000
AN-C000314,Akosua,Amoah,1987-08-15,Ghanaian,Driver,+233378616668,akosua.amoah9286@example.test,2023-12-21 09:53:36.000
AN-C000315,Yaa,Darko,1966-12-04,Ghanaian,Other,+233516320671,yaa.darko1628@example.test,2024-09-24 16:57:03.000
AN-C000316,Mavis,Boateng,1976-03-13,Ghanaian,Trader,+233568031861,mavis.boateng5257@example.test,2024-04-02 09:08:28.000
AN-C000317,Samuel,Mensah,1964-07-22,Ghanaian,Professional,+233205194336,samuel.mensah4337@example.test,2023-02-24 10:30:45.000
AN-C000318,Mavis,Amoah,2004-07-20,Ghanaian,Artisan,+233365138122,mavis.amoah1128@example.test,2023-11-14 18:48:02.000
AN-C000319,Abena,Asare,1960-09-05,Ghanaian,Artisan,+233230912178,abena.asare7640@example.test,2023-02-10 16:39:35.000
AN-C000320,Mavis,Quaye,1964-08-22,Ghanaian,Student,+233464417557,mavis.quaye3197@example.test,2023-06-09 08:40:01.000
AN-C000321,Kojo,Arthur,1997-08-08,Ghanaian,Health Worker,+233300976534,kojo.arthur9900@example.test,2023-11-09 16:50:23.000
AN-C000322,Grace,Quaye,1978-09-03,Ghanaian,Artisan,+233554008657,grace.quaye1683@example.test,2025-02-22 17:47:55.000
AN-C000323,Efua,Amoah,2001-11-03,Ghanaian,Artisan,+233216841544,efua.amoah2150@example.test,2025-02-16 12:59:40.000
AN-C000324,Abena,Boateng,1964-09-15,Ghanaian,Other,+233516854502,abena.boateng980@example.test,2023-06-13 17:19:06.000
AN-C000325,Samuel,Boateng,1997-12-14,Ghanaian,Student,+233356626554,samuel.boateng2608@example.test,2024-02-29 11:19:28.000
AN-C000326,Yaw,Quaye,1971-04-10,Ghanaian,Student,+233472204307,yaw.quaye2538@example.test,2023-12-21 11:05:56.000
AN-C000327,Emmanuel,Arthur,1963-08-26,Ghanaian,Public Servant,+233202886140,emmanuel.arthur2654@example.test,2024-02-25 14:38:39.000
AN-C000328,Mavis,Appiah,1988-02-01,Ghanaian,Artisan,+233425607916,mavis.appiah9747@example.test,2023-03-29 11:26:13.000
AN-C000329,Esi,Appiah,2003-05-18,Ghanaian,Other,+233247795001,esi.appiah797@example.test,2023-01-31 14:44:39.000
AN-C000330,Kwadwo,Adjei,1975-09-07,Ghanaian,Public Servant,+233285124616,kwadwo.adjei1438@example.test,2024-12-12 09:48:04.000
AN-C000331,Kofi,Appiah,1968-01-16,Ghanaian,Farmer,+233351599278,kofi.appiah2542@example.test,2023-09-18 11:28:45.000
AN-C000332,Efua,Quaye,1997-07-05,Ghanaian,Driver,+233536460601,efua.quaye5711@example.test,2023-11-15 10:23:11.000
AN-C000333,Angela,Appiah,1980-07-20,Ghanaian,Health Worker,+233222942466,angela.appiah6584@example.test,2023-03-07 13:37:50.000
AN-C000334,Yaa,Osei,1969-05-09,Ghanaian,Teacher,+233318503603,yaa.osei3252@example.test,2023-09-18 12:57:02.000
AN-C000335,Kwabena,Osei,1973-04-01,Ghanaian,Student,+233289925774,kwabena.osei6549@example.test,2023-08-12 12:27:40.000
AN-C000336,Grace,Adjei,1994-12-26,Ghanaian,Artisan,+233323174197,grace.adjei5464@example.test,2023-10-15 08:54:33.000
AN-C000337,Akosua,Adjei,1994-12-01,Ghanaian,Professional,+233214176774,akosua.adjei2655@example.test,2024-12-13 13:35:26.000
AN-C000338,Ama,Quaye,1970-01-06,Ghanaian,Health Worker,+233223337595,ama.quaye8045@example.test,2023-10-14 16:20:17.000
AN-C000339,Michael,Adjei,1990-04-26,Ghanaian,Professional,+233593636427,michael.adjei1788@example.test,2024-02-24 16:48:36.000
AN-C000340,Adwoa,Mensah,2001-06-27,Ghanaian,Teacher,+233360594686,adwoa.mensah7951@example.test,2025-06-19 13:30:56.000
AN-C000341,Akosua,Adjei,1989-11-04,Ghanaian,Other,+233509420648,akosua.adjei13@example.test,2024-02-16 17:25:55.000
AN-C000342,Samuel,Osei,2004-05-12,Ghanaian,Student,+233393183459,samuel.osei1276@example.test,2023-08-23 11:56:10.000
AN-C000343,Michael,Asare,1977-01-06,Ghanaian,Trader,+233486924346,michael.asare436@example.test,2023-04-19 15:36:34.000
AN-C000344,Kwame,Asare,2000-03-03,Ghanaian,Student,+233564647090,kwame.asare68@example.test,2023-02-02 17:33:49.000
AN-C000345,Daniel,Owusu,1965-01-17,Ghanaian,Trader,+233502202137,daniel.owusu3529@example.test,2024-02-11 12:55:47.000
AN-C000346,Kwadwo,Osei,1985-04-13,Ghanaian,Trader,+233329826033,kwadwo.osei6077@example.test,2024-02-27 14:15:40.000
AN-C000347,Abena,Quaye,1991-12-18,Ghanaian,Teacher,+233370440175,abena.quaye4710@example.test,2024-12-29 14:03:43.000
AN-C000348,Kofi,Agyeman,1961-12-08,Ghanaian,Other,+233339895542,kofi.agyeman8166@example.test,2023-05-22 18:19:10.000
AN-C000349,Mary,Osei,1994-07-17,Ghanaian,Self Employed,+233592770475,mary.osei4987@example.test,2024-02-17 12:17:49.000
AN-C000350,Afia,Agyeman,1991-03-28,Ghanaian,Student,+233229380734,afia.agyeman4352@example.test,2023-02-22 18:29:58.000
AN-C000351,Michael,Amoah,1982-03-21,Ghanaian,Artisan,+233564333818,michael.amoah80@example.test,2024-04-26 14:14:37.000
AN-C000352,Akosua,Mensah,1966-05-12,Ghanaian,Driver,+233474842215,akosua.mensah7210@example.test,2023-08-11 09:37:59.000
AN-C000353,Kojo,Amoah,2001-01-05,Ghanaian,Public Servant,+233384944208,kojo.amoah7332@example.test,2023-03-17 08:46:10.000
AN-C000354,Kofi,Quaye,1963-12-20,Ghanaian,Trader,+233246582520,kofi.quaye1090@example.test,2025-03-17 13:05:28.000
AN-C000355,Kofi,Asare,1960-04-23,Ghanaian,Student,+233398253616,kofi.asare7407@example.test,2023-05-29 09:50:14.000
AN-C000356,Kojo,Amoah,1998-06-22,Ghanaian,Teacher,+233574363767,kojo.amoah1129@example.test,2024-02-14 08:02:04.000
AN-C000357,Kojo,Asare,1987-10-17,Ghanaian,Teacher,+233543714967,kojo.asare4921@example.test,2024-05-27 11:31:29.000
AN-C000358,Efua,Quaye,1974-03-01,Ghanaian,Health Worker,+233514072431,efua.quaye3974@example.test,2023-10-01 14:07:48.000
AN-C000359,Efua,Asare,1971-10-06,Ghanaian,Trader,+233253344118,efua.asare4083@example.test,2025-03-30 12:14:10.000
AN-C000360,Grace,Darko,1989-03-05,Ghanaian,Self Employed,+233570520778,grace.darko7081@example.test,2023-10-22 13:40:44.000
AN-C000361,Mary,Adjei,1964-01-07,Ghanaian,Health Worker,+233453902367,mary.adjei2667@example.test,2024-01-09 17:19:52.000
AN-C000362,Yaw,Owusu,1968-02-10,Ghanaian,Student,+233576735714,yaw.owusu2641@example.test,2024-07-30 18:12:51.000
AN-C000363,Esi,Amoah,1977-01-25,Ghanaian,Professional,+233436488589,esi.amoah5549@example.test,2025-04-25 13:09:16.000
AN-C000364,Daniel,Appiah,1986-09-01,Ghanaian,Other,+233432604062,daniel.appiah7943@example.test,2024-03-28 18:05:16.000
AN-C000365,Abena,Adjei,1963-07-27,Ghanaian,Self Employed,+233284811343,abena.adjei9916@example.test,2023-02-03 12:33:43.000
AN-C000366,Ama,Osei,1981-09-05,Ghanaian,Farmer,+233497241141,ama.osei3626@example.test,2024-07-10 12:11:22.000
AN-C000367,Ama,Adjei,1990-04-20,Ghanaian,Professional,+233318697218,ama.adjei6525@example.test,2023-06-07 15:03:36.000
AN-C000368,Fiifi,Mensah,1997-10-14,Ghanaian,Artisan,+233297877859,fiifi.mensah3984@example.test,2023-04-16 12:32:38.000
AN-C000369,Samuel,Boateng,2004-01-23,Ghanaian,Teacher,+233513655278,samuel.boateng3941@example.test,2024-05-21 14:27:24.000
AN-C000370,Ama,Asare,1998-06-01,Ghanaian,Trader,+233531468252,ama.asare8596@example.test,2023-09-24 15:42:43.000
AN-C000371,Emmanuel,Amoah,1986-11-13,Ghanaian,Health Worker,+233235520420,emmanuel.amoah9728@example.test,2025-05-23 18:49:33.000
AN-C000372,Yaw,Mensah,1987-12-10,Ghanaian,Other,+233397911121,yaw.mensah880@example.test,2023-10-19 12:38:58.000
AN-C000373,Adwoa,Agyeman,1981-04-09,Ghanaian,Self Employed,+233213116166,adwoa.agyeman4997@example.test,2024-05-01 10:01:53.000
AN-C000374,Kojo,Mensah,1975-01-03,Ghanaian,Other,+233551679740,kojo.mensah4037@example.test,2023-06-23 13:20:20.000
AN-C000375,Kofi,Arthur,1993-01-21,Ghanaian,Professional,+233298209528,kofi.arthur8137@example.test,2024-02-24 11:29:27.000
AN-C000376,Daniel,Asare,1983-10-06,Ghanaian,Student,+233561353422,daniel.asare2543@example.test,2023-02-10 17:06:08.000
AN-C000377,Angela,Mensah,1991-11-16,Ghanaian,Driver,+233535248722,angela.mensah2030@example.test,2025-04-07 13:18:00.000
AN-C000378,Michael,Owusu,1971-02-09,Ghanaian,Artisan,+233521784690,michael.owusu1352@example.test,2023-02-18 16:15:56.000
AN-C000379,Daniel,Quaye,1978-05-18,Ghanaian,Artisan,+233488004632,daniel.quaye8969@example.test,2024-12-23 15:00:54.000
AN-C000380,Afia,Mensah,1979-02-01,Ghanaian,Teacher,+233364108739,afia.mensah6213@example.test,2024-08-27 15:47:48.000
AN-C000381,Daniel,Appiah,2001-09-15,Ghanaian,Teacher,+233528637031,daniel.appiah3763@example.test,2024-09-09 13:03:27.000
AN-C000382,Afia,Appiah,1972-05-05,Ghanaian,Farmer,+233499482051,afia.appiah7932@example.test,2025-01-27 16:56:29.000
AN-C000383,Ama,Osei,2003-06-27,Ghanaian,Professional,+233423935362,ama.osei590@example.test,2025-01-02 15:44:18.000
AN-C000384,Abena,Osei,1994-01-13,Ghanaian,Trader,+233329400273,abena.osei6464@example.test,2024-10-02 16:04:52.000
AN-C000385,Esi,Darko,1994-03-04,Ghanaian,Teacher,+233436565287,esi.darko9310@example.test,2023-08-10 13:06:27.000
AN-C000386,Yaa,Owusu,1991-11-12,Ghanaian,Public Servant,+233268109871,yaa.owusu25@example.test,2024-11-24 17:38:07.000
AN-C000387,Afia,Appiah,1963-07-20,Ghanaian,Teacher,+233368799930,afia.appiah2984@example.test,2023-05-09 13:58:19.000
AN-C000388,Afia,Darko,1995-11-03,Ghanaian,Public Servant,+233246404783,afia.darko1041@example.test,2024-05-01 17:33:06.000
AN-C000389,Adwoa,Agyeman,1992-05-09,Ghanaian,Student,+233350497139,adwoa.agyeman4004@example.test,2024-10-13 12:01:33.000
AN-C000390,Mavis,Asare,1987-05-21,Ghanaian,Driver,+233453192355,mavis.asare7739@example.test,2023-03-29 11:44:59.000
AN-C000391,Yaw,Appiah,1976-09-24,Ghanaian,Other,+233360854448,yaw.appiah2873@example.test,2024-06-20 18:57:48.000
AN-C000392,Emmanuel,Adjei,1972-04-18,Ghanaian,Teacher,+233330626722,emmanuel.adjei1411@example.test,2023-08-16 15:54:13.000
AN-C000393,Grace,Owusu,1980-11-11,Ghanaian,Teacher,+233396800967,grace.owusu7145@example.test,2024-11-24 12:06:45.000
AN-C000394,Grace,Agyeman,1986-11-28,Ghanaian,Other,+233412779110,grace.agyeman6177@example.test,2023-07-04 10:03:52.000
AN-C000395,Fiifi,Adjei,2003-02-21,Ghanaian,Health Worker,+233579088804,fiifi.adjei3538@example.test,2024-02-17 11:24:45.000
AN-C000396,Abena,Asare,1968-01-11,Ghanaian,Driver,+233305629921,abena.asare6709@example.test,2025-03-05 15:47:40.000
AN-C000397,Ama,Agyeman,1979-08-02,Ghanaian,Student,+233579915954,ama.agyeman9063@example.test,2025-04-17 10:10:49.000
AN-C000398,Samuel,Mensah,1971-10-28,Ghanaian,Other,+233321465863,samuel.mensah3240@example.test,2023-04-13 15:16:03.000
AN-C000399,Ama,Arthur,1976-02-12,Ghanaian,Farmer,+233224261933,ama.arthur649@example.test,2025-02-13 18:00:43.000
AN-C000400,Kofi,Mensah,1969-12-16,Ghanaian,Driver,+233363692408,kofi.mensah5357@example.test,2023-01-03 09:44:31.000
AN-C000401,Yaw,Appiah,1960-04-21,Ghanaian,Artisan,+233338848294,yaw.appiah6897@example.test,2024-11-24 12:26:06.000
AN-C000402,Abena,Mensah,1979-09-28,Ghanaian,Professional,+233291305111,abena.mensah1740@example.test,2023-10-01 08:47:48.000
AN-C000403,Angela,Osei,1996-06-19,Ghanaian,Other,+233218679680,angela.osei945@example.test,2025-01-22 16:45:50.000
AN-C000404,Grace,Arthur,1963-06-10,Ghanaian,Other,+233463919804,grace.arthur7557@example.test,2025-05-11 18:18:50.000
AN-C000405,Yaw,Arthur,1987-04-04,Ghanaian,Self Employed,+233256794475,yaw.arthur8973@example.test,2025-05-25 17:36:38.000
AN-C000406,Kwame,Osei,1994-03-02,Ghanaian,Driver,+233436271210,kwame.osei4000@example.test,2025-03-26 13:21:05.000
AN-C000407,Yaa,Boateng,1972-05-16,Ghanaian,Self Employed,+233496893992,yaa.boateng7576@example.test,2024-08-08 15:05:24.000
AN-C000408,Grace,Mensah,1999-04-16,Ghanaian,Teacher,+233435068871,grace.mensah977@example.test,2024-09-05 14:41:45.000
AN-C000409,Esi,Adjei,1999-09-27,Ghanaian,Teacher,+233400323073,esi.adjei9857@example.test,2023-09-19 08:55:37.000
AN-C000410,Angela,Owusu,1996-09-15,Ghanaian,Health Worker,+233539899489,angela.owusu8267@example.test,2023-02-11 12:58:27.000
AN-C000411,Kojo,Boateng,1990-01-14,Ghanaian,Health Worker,+233265183505,kojo.boateng2895@example.test,2024-03-27 16:50:41.000
AN-C000412,Kofi,Darko,1966-04-08,Ghanaian,Other,+233512249070,kofi.darko6566@example.test,2023-04-14 12:10:39.000
AN-C000413,Grace,Osei,1960-04-03,Ghanaian,Teacher,+233218037054,grace.osei4560@example.test,2024-05-31 11:31:47.000
AN-C000414,Kofi,Boateng,1961-09-04,Ghanaian,Artisan,+233549636361,kofi.boateng6433@example.test,2024-03-28 10:48:35.000
AN-C000415,Kojo,Amoah,1968-03-02,Ghanaian,Driver,+233269658434,kojo.amoah2119@example.test,2024-02-08 14:27:16.000
AN-C000416,Kwame,Arthur,2002-07-03,Ghanaian,Public Servant,+233577219096,kwame.arthur5893@example.test,2023-07-07 16:09:23.000
AN-C000417,Daniel,Quaye,2003-11-14,Ghanaian,Farmer,+233229570121,daniel.quaye2979@example.test,2023-03-13 10:14:17.000
AN-C000418,Samuel,Quaye,1962-09-07,Ghanaian,Artisan,+233445293845,samuel.quaye8377@example.test,2024-09-26 12:47:52.000
AN-C000419,Kojo,Quaye,1995-11-12,Ghanaian,Student,+233254492146,kojo.quaye7977@example.test,2023-12-03 17:58:57.000
AN-C000420,Daniel,Arthur,1986-10-28,Ghanaian,Public Servant,+233234720781,daniel.arthur3170@example.test,2023-03-20 08:28:55.000
AN-C000421,Adwoa,Osei,1989-03-15,Ghanaian,Trader,+233314617490,adwoa.osei3975@example.test,2025-05-20 12:52:48.000
AN-C000422,Abena,Owusu,1982-09-06,Ghanaian,Health Worker,+233522249299,abena.owusu1246@example.test,2024-11-15 13:10:46.000
AN-C000423,Kofi,Arthur,1974-05-23,Ghanaian,Other,+233419477503,kofi.arthur2332@example.test,2024-05-29 17:54:48.000
AN-C000424,Efua,Darko,1967-09-01,Ghanaian,Artisan,+233241395588,efua.darko9878@example.test,2023-12-17 12:15:58.000
AN-C000425,Adwoa,Asare,1964-05-16,Ghanaian,Public Servant,+233433117884,adwoa.asare7805@example.test,2023-11-06 14:54:29.000
AN-C000426,Emmanuel,Asare,2000-02-19,Ghanaian,Health Worker,+233556316094,emmanuel.asare5375@example.test,2024-07-30 18:25:23.000
AN-C000427,Kwabena,Quaye,1968-10-13,Ghanaian,Driver,+233232672940,kwabena.quaye3759@example.test,2023-08-02 14:53:00.000
AN-C000428,Samuel,Darko,1992-09-18,Ghanaian,Student,+233494993645,samuel.darko2056@example.test,2024-03-24 10:08:26.000
AN-C000429,Kwame,Owusu,1973-07-08,Ghanaian,Public Servant,+233286369765,kwame.owusu5122@example.test,2023-07-19 18:03:34.000
AN-C000430,Akosua,Amoah,1989-03-01,Ghanaian,Other,+233291513860,akosua.amoah7802@example.test,2024-10-09 09:05:20.000
AN-C000431,Grace,Appiah,2002-05-16,Ghanaian,Driver,+233500153095,grace.appiah9604@example.test,2024-10-09 10:50:48.000
AN-C000432,Mary,Amoah,2001-05-12,Ghanaian,Artisan,+233283332948,mary.amoah2946@example.test,2024-08-22 09:36:54.000
AN-C000433,Emmanuel,Appiah,1976-05-01,Ghanaian,Farmer,+233367433473,emmanuel.appiah7998@example.test,2023-11-06 09:36:11.000
AN-C000434,Adwoa,Quaye,2004-12-26,Ghanaian,Trader,+233388385537,adwoa.quaye6551@example.test,2024-03-31 10:57:05.000
AN-C000435,Kwame,Darko,1980-05-10,Ghanaian,Public Servant,+233293484499,kwame.darko647@example.test,2023-08-07 10:05:29.000
AN-C000436,Daniel,Darko,1988-04-12,Ghanaian,Public Servant,+233411341692,daniel.darko5886@example.test,2025-06-09 13:08:40.000
AN-C000437,Akosua,Adjei,2004-10-13,Ghanaian,Self Employed,+233228401140,akosua.adjei5375@example.test,2024-09-13 12:53:09.000
AN-C000438,Ama,Quaye,1997-11-15,Ghanaian,Farmer,+233454714519,ama.quaye6750@example.test,2024-10-11 18:33:03.000
AN-C000439,Mary,Agyeman,1994-02-10,Ghanaian,Health Worker,+233396615102,mary.agyeman9205@example.test,2023-07-15 10:58:53.000
AN-C000440,Akosua,Owusu,1960-06-07,Ghanaian,Driver,+233494091963,akosua.owusu1399@example.test,2023-11-09 12:12:46.000
AN-C000441,Samuel,Darko,2000-10-16,Ghanaian,Teacher,+233296623650,samuel.darko4500@example.test,2023-07-03 13:25:31.000
AN-C000442,Kofi,Boateng,1962-09-28,Ghanaian,Student,+233595074618,kofi.boateng2107@example.test,2023-12-14 13:04:24.000
AN-C000443,Afia,Mensah,1975-02-09,Ghanaian,Self Employed,+233556566784,afia.mensah7021@example.test,2024-10-27 14:55:30.000
AN-C000444,Esi,Asare,1977-06-05,Ghanaian,Health Worker,+233240571400,esi.asare2263@example.test,2024-08-14 18:01:01.000
AN-C000445,Kwadwo,Arthur,1992-04-24,Ghanaian,Public Servant,+233211772533,kwadwo.arthur9411@example.test,2023-07-25 10:38:41.000
AN-C000446,Mary,Mensah,1974-02-14,Ghanaian,Driver,+233485564752,mary.mensah7401@example.test,2024-01-02 18:33:03.000
AN-C000447,Kwame,Boateng,1987-12-27,Ghanaian,Self Employed,+233531256452,kwame.boateng1070@example.test,2023-03-29 10:34:05.000
AN-C000448,Yaa,Owusu,1986-06-12,Ghanaian,Artisan,+233585660500,yaa.owusu5419@example.test,2023-02-10 11:05:09.000
AN-C000449,Kofi,Arthur,1963-03-23,Ghanaian,Farmer,+233386595755,kofi.arthur364@example.test,2024-05-12 12:35:43.000
AN-C000450,Kwame,Quaye,1973-05-07,Ghanaian,Farmer,+233555911741,kwame.quaye5239@example.test,2024-05-07 09:14:17.000
AN-C000451,Adwoa,Owusu,1989-12-22,Ghanaian,Teacher,+233242913938,adwoa.owusu4082@example.test,2025-05-24 14:27:38.000
AN-C000452,Emmanuel,Boateng,2003-11-11,Ghanaian,Other,+233334713004,emmanuel.boateng2917@example.test,2023-03-26 14:53:28.000
AN-C000453,Mavis,Appiah,1989-12-16,Ghanaian,Health Worker,+233555916352,mavis.appiah8006@example.test,2024-06-23 11:04:05.000
AN-C000454,Esi,Owusu,1968-10-11,Ghanaian,Other,+233346110013,esi.owusu8003@example.test,2024-11-03 09:05:06.000
AN-C000455,Emmanuel,Appiah,1991-02-20,Ghanaian,Professional,+233493352963,emmanuel.appiah5240@example.test,2024-07-20 08:37:54.000
AN-C000456,Kwadwo,Adjei,1988-11-15,Ghanaian,Self Employed,+233593152836,kwadwo.adjei5811@example.test,2024-05-10 09:43:02.000
AN-C000457,Daniel,Mensah,1974-07-23,Ghanaian,Health Worker,+233229376905,daniel.mensah340@example.test,2023-02-24 15:04:40.000
AN-C000458,Kojo,Mensah,1988-06-19,Ghanaian,Artisan,+233296517307,kojo.mensah3842@example.test,2024-05-18 17:40:15.000
AN-C000459,Abena,Adjei,1997-10-26,Ghanaian,Farmer,+233577665415,abena.adjei2574@example.test,2024-11-26 09:15:22.000
AN-C000460,Adwoa,Adjei,1960-08-10,Ghanaian,Artisan,+233396655171,adwoa.adjei6317@example.test,2023-12-24 12:26:39.000
AN-C000461,Fiifi,Owusu,1995-04-02,Ghanaian,Trader,+233201206028,fiifi.owusu4248@example.test,2023-02-17 15:50:09.000
AN-C000462,Kwame,Adjei,1976-05-25,Ghanaian,Professional,+233485117428,kwame.adjei9223@example.test,2023-06-06 16:08:52.000
AN-C000463,Samuel,Mensah,1976-08-03,Ghanaian,Student,+233550339805,samuel.mensah2599@example.test,2023-10-12 15:05:08.000
AN-C000464,Akosua,Asare,1989-11-05,Ghanaian,Student,+233294613728,akosua.asare4751@example.test,2023-05-07 10:19:47.000
AN-C000465,Daniel,Appiah,1990-11-19,Ghanaian,Public Servant,+233240607520,daniel.appiah3104@example.test,2024-05-29 09:55:09.000
AN-C000466,Kofi,Mensah,1982-01-27,Ghanaian,Health Worker,+233424672466,kofi.mensah6981@example.test,2024-04-02 14:48:58.000
AN-C000467,Yaa,Boateng,1977-04-05,Ghanaian,Trader,+233294048115,yaa.boateng726@example.test,2023-08-30 09:18:02.000
AN-C000468,Adwoa,Agyeman,1976-08-02,Ghanaian,Driver,+233434757807,adwoa.agyeman2042@example.test,2024-05-14 16:59:45.000
AN-C000469,Abena,Amoah,1985-03-28,Ghanaian,Farmer,+233536919930,abena.amoah1842@example.test,2023-12-22 16:16:14.000
AN-C000470,Afia,Appiah,1972-08-26,Ghanaian,Public Servant,+233455802946,afia.appiah2662@example.test,2025-04-23 13:18:31.000
AN-C000471,Kofi,Mensah,1981-06-08,Ghanaian,Farmer,+233433260666,kofi.mensah7349@example.test,2023-06-05 08:25:56.000
AN-C000472,Ama,Boateng,1975-11-03,Ghanaian,Health Worker,+233595209416,ama.boateng1277@example.test,2023-12-28 11:38:29.000
AN-C000473,Fiifi,Asare,1962-06-11,Ghanaian,Driver,+233501442430,fiifi.asare2868@example.test,2023-09-06 14:17:35.000
AN-C000474,Ama,Amoah,1995-11-18,Ghanaian,Trader,+233582303322,ama.amoah1250@example.test,2025-01-28 11:40:06.000
AN-C000475,Nana,Adjei,1997-09-01,Ghanaian,Health Worker,+233258566733,nana.adjei3337@example.test,2023-03-17 09:02:59.000
AN-C000476,Afia,Agyeman,1981-05-07,Ghanaian,Other,+233248436412,afia.agyeman5468@example.test,2024-03-31 14:03:14.000
AN-C000477,Angela,Agyeman,1979-10-24,Ghanaian,Driver,+233543743774,angela.agyeman1069@example.test,2023-06-10 16:14:30.000
AN-C000478,Daniel,Asare,1991-07-25,Ghanaian,Other,+233510272694,daniel.asare2151@example.test,2024-06-25 09:42:12.000
AN-C000479,Grace,Adjei,1994-10-16,Ghanaian,Trader,+233515150602,grace.adjei6588@example.test,2025-01-09 10:00:00.000
AN-C000480,Efua,Osei,1965-06-09,Ghanaian,Student,+233463135589,efua.osei8415@example.test,2024-07-30 11:27:47.000
AN-C000481,Efua,Adjei,1974-01-22,Ghanaian,Public Servant,+233435592019,efua.adjei2702@example.test,2023-09-11 14:44:38.000
AN-C000482,Angela,Quaye,1998-02-18,Ghanaian,Health Worker,+233256405153,angela.quaye6501@example.test,2024-06-04 17:29:39.000
AN-C000483,Kwabena,Owusu,1997-02-27,Ghanaian,Other,+233467012104,kwabena.owusu7495@example.test,2025-03-04 09:05:58.000
AN-C000484,Angela,Appiah,1965-02-18,Ghanaian,Farmer,+233351235037,angela.appiah4498@example.test,2023-09-23 13:26:49.000
AN-C000485,Angela,Asare,1985-01-21,Ghanaian,Self Employed,+233488373921,angela.asare9242@example.test,2024-10-24 16:30:14.000
AN-C000486,Ama,Owusu,1986-07-28,Ghanaian,Health Worker,+233268388176,ama.owusu975@example.test,2023-04-10 17:18:20.000
AN-C000487,Nana,Asare,1963-07-18,Ghanaian,Teacher,+233570443164,nana.asare5073@example.test,2023-01-29 14:18:25.000
AN-C000488,Grace,Owusu,1960-03-21,Ghanaian,Self Employed,+233383092538,grace.owusu5307@example.test,2024-05-11 14:17:40.000
AN-C000489,Abena,Appiah,1977-11-26,Ghanaian,Artisan,+233409583613,abena.appiah5949@example.test,2024-02-28 17:49:18.000
AN-C000490,Nana,Owusu,1981-05-16,Ghanaian,Public Servant,+233302991549,nana.owusu9238@example.test,2024-06-03 13:23:45.000
AN-C000491,Kwadwo,Amoah,1995-08-12,Ghanaian,Trader,+233264621670,kwadwo.amoah8040@example.test,2025-06-03 11:33:07.000
AN-C000492,Nana,Boateng,1961-01-05,Ghanaian,Teacher,+233431667920,nana.boateng4085@example.test,2023-07-17 12:39:02.000
AN-C000493,Kwabena,Agyeman,2002-02-25,Ghanaian,Professional,+233396182403,kwabena.agyeman3605@example.test,2023-12-25 10:19:21.000
AN-C000494,Kofi,Arthur,1976-04-15,Ghanaian,Self Employed,+233560048303,kofi.arthur2639@example.test,2024-12-29 11:05:36.000
AN-C000495,Akosua,Quaye,1977-11-18,Ghanaian,Trader,+233343543316,akosua.quaye9474@example.test,2023-06-04 11:42:33.000
AN-C000496,Ama,Arthur,1992-02-12,Ghanaian,Trader,+233558193781,ama.arthur5341@example.test,2024-11-25 08:52:19.000
AN-C000497,Akosua,Arthur,1969-07-19,Ghanaian,Driver,+233273921569,akosua.arthur5012@example.test,2024-03-10 15:12:10.000
AN-C000498,Samuel,Osei,2003-11-10,Ghanaian,Driver,+233582046555,samuel.osei6275@example.test,2024-02-02 14:27:46.000
AN-C000499,Mavis,Quaye,1963-05-20,Ghanaian,Driver,+233286556352,mavis.quaye1129@example.test,2025-04-04 15:47:07.000
AN-C000500,Yaw,Appiah,1982-02-08,Ghanaian,Other,+233340713474,yaw.appiah7225@example.test,2023-05-28 13:43:20.000
AN-C000501,Samuel,Quaye,1973-07-27,Ghanaian,Trader,+233202805096,samuel.quaye6321@example.test,2023-06-18 08:57:39.000
AN-C000502,Kwabena,Owusu,1981-03-09,Ghanaian,Trader,+233419479514,kwabena.owusu1585@example.test,2024-04-13 08:07:52.000
AN-C000503,Esi,Asare,1997-11-06,Ghanaian,Student,+233218318419,esi.asare3339@example.test,2023-05-27 14:32:14.000
AN-C000504,Ama,Boateng,1991-02-17,Ghanaian,Professional,+233344740748,ama.boateng6456@example.test,2024-04-19 14:48:48.000
AN-C000505,Ama,Osei,1982-08-25,Ghanaian,Public Servant,+233336693081,ama.osei8959@example.test,2024-04-19 15:22:13.000
AN-C000506,Fiifi,Quaye,1966-09-09,Ghanaian,Professional,+233493164093,fiifi.quaye3198@example.test,2023-04-22 11:06:56.000
AN-C000507,Nana,Quaye,1967-11-11,Ghanaian,Other,+233371114965,nana.quaye847@example.test,2024-04-27 10:35:56.000
AN-C000508,Angela,Boateng,1960-05-05,Ghanaian,Professional,+233342803007,angela.boateng919@example.test,2023-09-05 10:14:17.000
AN-C000509,Ama,Osei,1996-12-17,Ghanaian,Driver,+233469831538,ama.osei1895@example.test,2025-03-11 16:51:23.000
AN-C000510,Yaa,Mensah,2002-07-09,Ghanaian,Health Worker,+233207610731,yaa.mensah4816@example.test,2023-08-30 08:13:59.000
AN-C000511,Nana,Adjei,1981-01-11,Ghanaian,Trader,+233317292181,nana.adjei9963@example.test,2023-04-23 10:30:35.000
AN-C000512,Michael,Darko,1967-04-23,Ghanaian,Driver,+233360297661,michael.darko4422@example.test,2024-12-12 18:10:42.000
AN-C000513,Nana,Osei,1990-11-21,Ghanaian,Trader,+233395865241,nana.osei9511@example.test,2023-05-28 09:31:52.000
AN-C000514,Kwame,Mensah,1979-04-17,Ghanaian,Artisan,+233500816231,kwame.mensah7366@example.test,2023-07-31 12:42:37.000
AN-C000515,Samuel,Owusu,1966-05-12,Ghanaian,Professional,+233353300857,samuel.owusu460@example.test,2023-08-25 18:15:37.000
AN-C000516,Kojo,Darko,1970-03-03,Ghanaian,Driver,+233308990000,kojo.darko4018@example.test,2024-05-11 08:13:38.000
AN-C000517,Grace,Amoah,1984-11-02,Ghanaian,Health Worker,+233244449151,grace.amoah5673@example.test,2025-04-23 10:04:35.000
AN-C000518,Kojo,Boateng,1975-07-14,Ghanaian,Driver,+233300305464,kojo.boateng9858@example.test,2024-06-18 10:07:49.000
AN-C000519,Adwoa,Agyeman,1996-07-25,Ghanaian,Professional,+233532845110,adwoa.agyeman8235@example.test,2023-01-14 18:51:12.000
AN-C000520,Adwoa,Quaye,1972-09-05,Ghanaian,Driver,+233347500016,adwoa.quaye243@example.test,2024-11-28 14:33:01.000
AN-C000521,Grace,Osei,1963-05-04,Ghanaian,Self Employed,+233509994984,grace.osei9699@example.test,2023-07-18 16:30:09.000
AN-C000522,Abena,Agyeman,1979-03-28,Ghanaian,Other,+233345252553,abena.agyeman701@example.test,2024-03-25 18:25:24.000
AN-C000523,Esi,Owusu,2004-12-02,Ghanaian,Public Servant,+233555810589,esi.owusu4023@example.test,2023-06-26 09:33:43.000
AN-C000524,Emmanuel,Appiah,1970-04-11,Ghanaian,Driver,+233430700504,emmanuel.appiah830@example.test,2025-05-11 14:44:34.000
AN-C000525,Fiifi,Adjei,1971-10-27,Ghanaian,Trader,+233254423006,fiifi.adjei8646@example.test,2025-01-13 13:32:05.000
AN-C000526,Kwabena,Owusu,1983-05-05,Ghanaian,Student,+233278938101,kwabena.owusu9304@example.test,2024-01-20 16:33:52.000
AN-C000527,Adwoa,Amoah,1983-10-16,Ghanaian,Farmer,+233582072238,adwoa.amoah5260@example.test,2023-11-05 16:03:13.000
AN-C000528,Samuel,Osei,1993-04-26,Ghanaian,Driver,+233291021849,samuel.osei5075@example.test,2024-03-05 08:47:58.000
AN-C000529,Esi,Asare,1981-02-28,Ghanaian,Professional,+233477377687,esi.asare5258@example.test,2024-01-28 18:13:20.000
AN-C000530,Grace,Arthur,1979-12-22,Ghanaian,Student,+233394834004,grace.arthur1491@example.test,2023-07-18 11:25:29.000
AN-C000531,Akosua,Asare,2002-04-05,Ghanaian,Teacher,+233475030970,akosua.asare603@example.test,2023-06-21 10:44:58.000
AN-C000532,Afia,Osei,2001-09-21,Ghanaian,Self Employed,+233556700341,afia.osei2336@example.test,2023-02-14 09:54:10.000
AN-C000533,Kojo,Owusu,1996-10-04,Ghanaian,Trader,+233414217552,kojo.owusu3017@example.test,2025-04-17 14:50:23.000
AN-C000534,Akosua,Adjei,1989-10-14,Ghanaian,Health Worker,+233470772109,akosua.adjei5544@example.test,2025-01-01 16:41:20.000
AN-C000535,Fiifi,Appiah,2000-12-24,Ghanaian,Farmer,+233406252249,fiifi.appiah6732@example.test,2024-11-16 16:27:41.000
AN-C000536,Yaa,Agyeman,1989-02-28,Ghanaian,Driver,+233282631000,yaa.agyeman8056@example.test,2023-09-28 09:12:55.000
AN-C000537,Kwame,Adjei,1981-06-26,Ghanaian,Self Employed,+233482941573,kwame.adjei2097@example.test,2024-10-19 17:00:34.000
AN-C000538,Kwadwo,Appiah,1995-05-05,Ghanaian,Professional,+233201332200,kwadwo.appiah4638@example.test,2023-10-18 14:36:43.000
AN-C000539,Kofi,Darko,1972-02-13,Ghanaian,Student,+233480986503,kofi.darko6262@example.test,2023-04-25 12:49:45.000
AN-C000540,Mary,Appiah,1992-12-18,Ghanaian,Teacher,+233444422624,mary.appiah9360@example.test,2024-06-22 11:01:39.000
AN-C000541,Kofi,Osei,1970-12-21,Ghanaian,Trader,+233497634213,kofi.osei2715@example.test,2024-07-06 15:05:08.000
AN-C000542,Yaa,Osei,1961-09-20,Ghanaian,Teacher,+233441122933,yaa.osei47@example.test,2023-12-27 11:59:26.000
AN-C000543,Yaw,Osei,1973-04-23,Ghanaian,Self Employed,+233396849207,yaw.osei5130@example.test,2024-04-09 18:43:43.000
AN-C000544,Abena,Agyeman,1987-06-16,Ghanaian,Student,+233451514658,abena.agyeman95@example.test,2025-01-24 18:07:18.000
AN-C000545,Afia,Osei,1963-08-21,Ghanaian,Driver,+233590152806,afia.osei6748@example.test,2025-05-11 14:23:33.000
AN-C000546,Kwadwo,Darko,1983-07-20,Ghanaian,Professional,+233323693902,kwadwo.darko4589@example.test,2025-03-08 11:11:07.000
AN-C000547,Akosua,Adjei,1994-12-01,Ghanaian,Farmer,+233579239702,akosua.adjei8005@example.test,2023-01-28 17:05:46.000
AN-C000548,Esi,Amoah,1969-11-23,Ghanaian,Public Servant,+233387731870,esi.amoah5783@example.test,2023-05-25 09:07:29.000
AN-C000549,Efua,Mensah,1975-06-10,Ghanaian,Student,+233286262758,efua.mensah3806@example.test,2024-10-15 08:34:00.000
AN-C000550,Yaw,Appiah,1993-04-19,Ghanaian,Public Servant,+233336866948,yaw.appiah8168@example.test,2023-04-21 17:11:12.000
AN-C000551,Nana,Adjei,1981-09-11,Ghanaian,Teacher,+233404658197,nana.adjei2947@example.test,2024-12-16 15:29:01.000
AN-C000552,Esi,Amoah,1960-03-23,Ghanaian,Professional,+233522694026,esi.amoah2744@example.test,2023-03-19 18:20:07.000
AN-C000553,Michael,Owusu,1967-12-13,Ghanaian,Artisan,+233431500560,michael.owusu9880@example.test,2023-01-27 17:55:50.000
AN-C000554,Kwadwo,Appiah,1985-07-19,Ghanaian,Public Servant,+233388477195,kwadwo.appiah3112@example.test,2023-07-26 14:56:17.000
AN-C000555,Daniel,Adjei,1977-01-03,Ghanaian,Public Servant,+233431400378,daniel.adjei6859@example.test,2025-05-16 14:33:05.000
AN-C000556,Efua,Owusu,1981-03-07,Ghanaian,Teacher,+233457823943,efua.owusu5748@example.test,2023-02-18 09:24:16.000
AN-C000557,Kwabena,Quaye,1981-02-10,Ghanaian,Trader,+233350763185,kwabena.quaye1810@example.test,2025-03-30 11:50:09.000
AN-C000558,Kofi,Owusu,1992-06-26,Ghanaian,Artisan,+233430067641,kofi.owusu8626@example.test,2023-07-06 13:22:26.000
AN-C000559,Esi,Mensah,1992-01-20,Ghanaian,Student,+233491709465,esi.mensah4824@example.test,2025-05-19 13:27:16.000
AN-C000560,Ama,Adjei,1995-04-27,Ghanaian,Artisan,+233316173454,ama.adjei8489@example.test,2025-06-06 13:41:15.000
AN-C000561,Efua,Amoah,1970-07-02,Ghanaian,Public Servant,+233346219948,efua.amoah6993@example.test,2025-01-17 10:19:40.000
AN-C000562,Akosua,Appiah,1968-06-06,Ghanaian,Other,+233561899609,akosua.appiah5787@example.test,2023-06-24 11:13:26.000
AN-C000563,Kofi,Quaye,1994-08-02,Ghanaian,Trader,+233348072358,kofi.quaye4491@example.test,2023-03-18 18:25:01.000
AN-C000564,Kofi,Owusu,1976-11-27,Ghanaian,Trader,+233269618277,kofi.owusu2977@example.test,2025-05-04 17:08:59.000
AN-C000565,Angela,Appiah,1981-07-26,Ghanaian,Public Servant,+233366501150,angela.appiah2279@example.test,2023-05-16 16:15:56.000
AN-C000566,Kofi,Owusu,1982-04-18,Ghanaian,Farmer,+233202984527,kofi.owusu7071@example.test,2023-06-17 13:23:03.000
AN-C000567,Yaa,Arthur,2001-12-22,Ghanaian,Public Servant,+233547196687,yaa.arthur1140@example.test,2023-09-28 16:38:58.000
AN-C000568,Afia,Asare,1964-05-10,Ghanaian,Student,+233422476991,afia.asare6843@example.test,2023-03-18 11:02:28.000
AN-C000569,Kofi,Arthur,1978-04-21,Ghanaian,Self Employed,+233456020079,kofi.arthur1641@example.test,2024-04-11 16:31:39.000
AN-C000570,Akosua,Darko,1961-02-01,Ghanaian,Farmer,+233321957837,akosua.darko2092@example.test,2025-02-21 14:22:40.000
AN-C000571,Kwabena,Adjei,1964-02-13,Ghanaian,Teacher,+233534034469,kwabena.adjei3731@example.test,2025-05-22 08:35:48.000
AN-C000572,Kojo,Darko,1966-07-25,Ghanaian,Driver,+233443345492,kojo.darko7898@example.test,2023-09-13 13:11:43.000
AN-C000573,Kwabena,Mensah,1990-02-22,Ghanaian,Other,+233532010533,kwabena.mensah1887@example.test,2024-12-26 16:54:55.000
AN-C000574,Esi,Agyeman,1978-09-20,Ghanaian,Self Employed,+233356479638,esi.agyeman432@example.test,2024-01-06 16:55:12.000
AN-C000575,Samuel,Boateng,1991-05-24,Ghanaian,Self Employed,+233592490701,samuel.boateng8149@example.test,2023-08-30 11:14:24.000
AN-C000576,Angela,Asare,1988-06-11,Ghanaian,Trader,+233532657680,angela.asare4860@example.test,2024-09-23 13:06:09.000
AN-C000577,Akosua,Boateng,1982-01-22,Ghanaian,Teacher,+233337962550,akosua.boateng180@example.test,2025-03-07 14:29:26.000
AN-C000578,Kwame,Osei,1981-08-18,Ghanaian,Student,+233379949649,kwame.osei2947@example.test,2023-11-22 14:37:27.000
AN-C000579,Mavis,Osei,1986-07-13,Ghanaian,Professional,+233488741431,mavis.osei9902@example.test,2024-02-17 16:38:42.000
AN-C000580,Kwabena,Agyeman,1982-09-19,Ghanaian,Farmer,+233267887765,kwabena.agyeman689@example.test,2025-06-11 08:58:55.000
AN-C000581,Michael,Boateng,1979-09-22,Ghanaian,Health Worker,+233375335429,michael.boateng9952@example.test,2024-04-07 16:22:28.000
AN-C000582,Ama,Boateng,1967-08-14,Ghanaian,Health Worker,+233283982898,ama.boateng3837@example.test,2025-02-26 17:19:19.000
AN-C000583,Kwabena,Darko,1988-02-14,Ghanaian,Student,+233269382957,kwabena.darko1340@example.test,2024-06-03 12:23:05.000
AN-C000584,Daniel,Amoah,1970-09-23,Ghanaian,Public Servant,+233458640697,daniel.amoah3414@example.test,2024-03-24 17:32:36.000
AN-C000585,Michael,Amoah,1980-05-03,Ghanaian,Professional,+233479562334,michael.amoah9280@example.test,2023-07-25 15:43:40.000
AN-C000586,Emmanuel,Boateng,1977-11-01,Ghanaian,Health Worker,+233263076411,emmanuel.boateng6895@example.test,2023-10-03 10:45:48.000
AN-C000587,Ama,Boateng,1966-07-28,Ghanaian,Professional,+233508367792,ama.boateng6550@example.test,2023-06-10 09:11:25.000
AN-C000588,Kojo,Asare,1967-09-21,Ghanaian,Public Servant,+233266527242,kojo.asare6579@example.test,2024-10-20 13:17:19.000
AN-C000589,Michael,Adjei,2002-01-26,Ghanaian,Trader,+233220877011,michael.adjei4925@example.test,2024-06-16 16:11:55.000
AN-C000590,Kwame,Agyeman,1982-06-09,Ghanaian,Self Employed,+233539391255,kwame.agyeman8754@example.test,2024-01-23 13:57:28.000
AN-C000591,Nana,Agyeman,1994-11-21,Ghanaian,Teacher,+233541317150,nana.agyeman7257@example.test,2025-02-20 17:44:21.000
AN-C000592,Akosua,Owusu,1962-06-16,Ghanaian,Other,+233595607640,akosua.owusu6303@example.test,2023-06-16 14:18:14.000
AN-C000593,Kwabena,Adjei,1981-10-28,Ghanaian,Farmer,+233535111867,kwabena.adjei3264@example.test,2024-09-21 09:21:52.000
AN-C000594,Grace,Adjei,1967-03-06,Ghanaian,Driver,+233384175841,grace.adjei9585@example.test,2025-02-08 08:19:45.000
AN-C000595,Esi,Boateng,1991-07-08,Ghanaian,Other,+233482981807,esi.boateng4441@example.test,2023-01-22 17:26:47.000
AN-C000596,Angela,Agyeman,1993-04-22,Ghanaian,Health Worker,+233441810227,angela.agyeman9207@example.test,2024-03-25 17:33:55.000
AN-C000597,Kwabena,Adjei,2003-09-25,Ghanaian,Driver,+233575144246,kwabena.adjei1867@example.test,2024-01-10 11:24:45.000
AN-C000598,Adwoa,Owusu,1988-04-27,Ghanaian,Health Worker,+233363629362,adwoa.owusu4202@example.test,2023-02-25 15:38:19.000
AN-C000599,Akosua,Owusu,1992-01-02,Ghanaian,Student,+233521777286,akosua.owusu5849@example.test,2024-09-11 16:05:39.000
AN-C000600,Kwabena,Appiah,1984-01-13,Ghanaian,Student,+233497153949,kwabena.appiah2700@example.test,2025-04-04 10:44:52.000
AN-C000601,Esi,Arthur,1971-01-01,Ghanaian,Student,+233304521317,esi.arthur6532@example.test,2024-08-28 08:05:57.000
AN-C000602,Yaw,Quaye,1967-04-01,Ghanaian,Artisan,+233402494435,yaw.quaye2221@example.test,2023-03-28 11:49:19.000
AN-C000603,Kwadwo,Osei,1972-05-15,Ghanaian,Self Employed,+233233957646,kwadwo.osei41@example.test,2024-05-21 14:29:16.000
AN-C000604,Nana,Mensah,1986-10-16,Ghanaian,Artisan,+233455352385,nana.mensah1346@example.test,2023-01-12 10:55:20.000
AN-C000605,Mavis,Osei,1982-07-01,Ghanaian,Self Employed,+233241022560,mavis.osei2114@example.test,2023-06-03 15:06:37.000
AN-C000606,Kwame,Osei,1992-09-19,Ghanaian,Teacher,+233426939126,kwame.osei7661@example.test,2023-01-21 10:46:09.000
AN-C000607,Nana,Adjei,1965-10-27,Ghanaian,Other,+233547940614,nana.adjei6821@example.test,2024-02-29 09:04:47.000
AN-C000608,Mary,Darko,1980-05-17,Ghanaian,Other,+233323032115,mary.darko9946@example.test,2024-01-22 12:39:21.000
AN-C000609,Akosua,Asare,1988-10-20,Ghanaian,Public Servant,+233461770795,akosua.asare5122@example.test,2023-07-24 09:52:25.000
AN-C000610,Mavis,Osei,1971-01-09,Ghanaian,Health Worker,+233349012939,mavis.osei548@example.test,2024-12-02 16:16:11.000
AN-C000611,Mary,Appiah,1974-10-18,Ghanaian,Student,+233400137721,mary.appiah8172@example.test,2024-10-09 10:57:52.000
AN-C000612,Kojo,Darko,1964-08-23,Ghanaian,Driver,+233392482689,kojo.darko216@example.test,2023-12-08 12:13:35.000
AN-C000613,Nana,Osei,1966-08-27,Ghanaian,Teacher,+233447168747,nana.osei2564@example.test,2023-05-06 12:57:58.000
AN-C000614,Esi,Asare,1996-05-07,Ghanaian,Artisan,+233453403965,esi.asare4619@example.test,2025-04-12 17:47:22.000
AN-C000615,Abena,Appiah,1983-02-05,Ghanaian,Public Servant,+233497853504,abena.appiah3474@example.test,2024-05-17 08:22:04.000
AN-C000616,Abena,Darko,1985-06-26,Ghanaian,Artisan,+233426769389,abena.darko4439@example.test,2023-11-16 14:34:20.000
AN-C000617,Angela,Arthur,1990-07-26,Ghanaian,Health Worker,+233216129126,angela.arthur4812@example.test,2025-06-10 18:06:54.000
AN-C000618,Adwoa,Mensah,1982-02-06,Ghanaian,Teacher,+233549708767,adwoa.mensah1271@example.test,2025-03-18 10:19:55.000
AN-C000619,Ama,Agyeman,2003-02-26,Ghanaian,Artisan,+233353649897,ama.agyeman7766@example.test,2023-07-04 18:46:26.000
AN-C000620,Mary,Darko,1996-06-10,Ghanaian,Trader,+233495410601,mary.darko3856@example.test,2023-09-12 14:57:45.000
AN-C000621,Michael,Owusu,1971-09-02,Ghanaian,Student,+233214999551,michael.owusu8543@example.test,2023-05-24 12:02:48.000
AN-C000622,Efua,Osei,1981-02-13,Ghanaian,Farmer,+233261989540,efua.osei524@example.test,2023-05-28 17:16:17.000
AN-C000623,Mary,Arthur,1999-04-16,Ghanaian,Farmer,+233385154013,mary.arthur1287@example.test,2024-05-24 10:02:55.000
AN-C000624,Samuel,Agyeman,1982-10-26,Ghanaian,Artisan,+233577117490,samuel.agyeman1795@example.test,2023-01-18 17:06:54.000
AN-C000625,Fiifi,Quaye,1981-04-28,Ghanaian,Artisan,+233508472036,fiifi.quaye6988@example.test,2024-11-12 08:35:20.000
AN-C000626,Nana,Agyeman,1972-09-05,Ghanaian,Student,+233339227880,nana.agyeman6037@example.test,2024-12-05 17:09:22.000
AN-C000627,Akosua,Mensah,1965-06-24,Ghanaian,Artisan,+233205778540,akosua.mensah6116@example.test,2023-06-15 17:59:41.000
AN-C000628,Efua,Quaye,2001-11-14,Ghanaian,Driver,+233559276613,efua.quaye3521@example.test,2024-08-18 12:17:29.000
AN-C000629,Kofi,Asare,2002-11-09,Ghanaian,Self Employed,+233403446852,kofi.asare8789@example.test,2024-08-28 17:13:49.000
AN-C000630,Yaw,Quaye,1971-08-19,Ghanaian,Public Servant,+233208414431,yaw.quaye2140@example.test,2024-02-20 10:40:35.000
AN-C000631,Akosua,Asare,1993-05-02,Ghanaian,Driver,+233504311748,akosua.asare5619@example.test,2023-06-18 11:54:18.000
AN-C000632,Fiifi,Quaye,1994-08-01,Ghanaian,Other,+233494793116,fiifi.quaye5507@example.test,2023-12-25 09:34:42.000
AN-C000633,Efua,Arthur,1962-10-08,Ghanaian,Self Employed,+233221368320,efua.arthur9540@example.test,2024-11-09 11:41:45.000
AN-C000634,Efua,Agyeman,1964-10-21,Ghanaian,Health Worker,+233246384168,efua.agyeman6881@example.test,2025-06-09 17:46:16.000
AN-C000635,Fiifi,Osei,1962-11-03,Ghanaian,Public Servant,+233447052092,fiifi.osei750@example.test,2023-03-21 11:17:13.000
AN-C000636,Esi,Darko,1979-04-01,Ghanaian,Driver,+233234067848,esi.darko4551@example.test,2023-01-03 11:45:50.000
AN-C000637,Efua,Boateng,1971-11-12,Ghanaian,Student,+233387730317,efua.boateng491@example.test,2023-06-04 13:15:36.000
AN-C000638,Esi,Darko,1964-11-22,Ghanaian,Farmer,+233372834965,esi.darko5533@example.test,2023-09-19 13:30:56.000
AN-C000639,Afia,Amoah,1996-06-16,Ghanaian,Artisan,+233552873116,afia.amoah1563@example.test,2023-08-12 12:34:01.000
AN-C000640,Abena,Adjei,1969-12-06,Ghanaian,Teacher,+233466635234,abena.adjei1501@example.test,2024-07-25 16:22:19.000
AN-C000641,Emmanuel,Arthur,1993-10-24,Ghanaian,Trader,+233508514804,emmanuel.arthur3166@example.test,2024-02-09 10:23:36.000
AN-C000642,Mavis,Adjei,1991-07-03,Ghanaian,Other,+233260765594,mavis.adjei2574@example.test,2023-05-11 08:58:52.000
AN-C000643,Kofi,Boateng,1982-10-19,Ghanaian,Professional,+233289203167,kofi.boateng4773@example.test,2025-03-28 12:08:18.000
AN-C000644,Esi,Arthur,1993-06-19,Ghanaian,Farmer,+233482247485,esi.arthur8192@example.test,2023-11-08 16:39:53.000
AN-C000645,Mary,Boateng,1998-04-27,Ghanaian,Teacher,+233504121838,mary.boateng8200@example.test,2024-08-05 17:32:31.000
AN-C000646,Kwame,Adjei,1961-02-18,Ghanaian,Professional,+233295030179,kwame.adjei8208@example.test,2023-07-05 17:40:34.000
AN-C000647,Nana,Mensah,1972-10-17,Ghanaian,Professional,+233215325573,nana.mensah3452@example.test,2023-07-19 12:57:34.000
AN-C000648,Kwadwo,Boateng,1982-12-09,Ghanaian,Teacher,+233586827933,kwadwo.boateng5673@example.test,2024-08-15 10:19:59.000
AN-C000649,Nana,Boateng,1995-07-07,Ghanaian,Other,+233221310067,nana.boateng9491@example.test,2024-10-25 10:44:52.000
AN-C000650,Yaw,Mensah,1998-04-02,Ghanaian,Teacher,+233371460133,yaw.mensah8486@example.test,2024-02-15 16:52:22.000
AN-C000651,Kwabena,Agyeman,1964-09-08,Ghanaian,Professional,+233265327310,kwabena.agyeman2065@example.test,2024-09-05 11:57:20.000
AN-C000652,Abena,Agyeman,1986-03-15,Ghanaian,Public Servant,+233249387936,abena.agyeman2226@example.test,2023-06-21 11:23:32.000
AN-C000653,Adwoa,Adjei,1988-08-05,Ghanaian,Teacher,+233247558666,adwoa.adjei2089@example.test,2023-04-02 09:23:11.000
AN-C000654,Afia,Darko,1987-01-18,Ghanaian,Driver,+233534214469,afia.darko7846@example.test,2023-05-16 12:51:17.000
AN-C000655,Kwame,Appiah,1965-12-05,Ghanaian,Professional,+233232728197,kwame.appiah3451@example.test,2023-09-04 10:08:17.000
AN-C000656,Adwoa,Mensah,1962-06-13,Ghanaian,Self Employed,+233372247216,adwoa.mensah7900@example.test,2025-01-03 08:20:41.000
AN-C000657,Yaw,Osei,1994-07-12,Ghanaian,Farmer,+233340355842,yaw.osei6532@example.test,2023-06-28 17:11:40.000
AN-C000658,Kwabena,Appiah,1974-10-16,Ghanaian,Self Employed,+233201066650,kwabena.appiah9311@example.test,2023-12-28 10:59:36.000
AN-C000659,Kofi,Amoah,1972-08-13,Ghanaian,Professional,+233245014911,kofi.amoah1249@example.test,2023-10-23 08:19:59.000
AN-C000660,Kwame,Mensah,1988-02-05,Ghanaian,Artisan,+233213908819,kwame.mensah2601@example.test,2025-03-04 08:51:51.000
AN-C000661,Kwame,Owusu,1990-08-21,Ghanaian,Artisan,+233215551907,kwame.owusu5675@example.test,2023-12-23 17:27:49.000
AN-C000662,Angela,Adjei,1989-10-13,Ghanaian,Other,+233506832946,angela.adjei2558@example.test,2023-09-15 10:42:29.000
AN-C000663,Kwadwo,Arthur,1985-11-21,Ghanaian,Driver,+233570642559,kwadwo.arthur340@example.test,2025-03-18 09:57:47.000
AN-C000664,Kwadwo,Quaye,1998-09-19,Ghanaian,Professional,+233459308923,kwadwo.quaye8256@example.test,2023-05-03 14:57:49.000
AN-C000665,Ama,Osei,1966-08-16,Ghanaian,Health Worker,+233453760923,ama.osei3087@example.test,2023-11-30 16:11:45.000
AN-C000666,Angela,Darko,1989-04-17,Ghanaian,Other,+233316675189,angela.darko3585@example.test,2023-11-04 12:09:14.000
AN-C000667,Kojo,Asare,2003-12-06,Ghanaian,Farmer,+233314146786,kojo.asare8545@example.test,2025-01-15 13:11:39.000
AN-C000668,Michael,Boateng,1965-05-15,Ghanaian,Professional,+233407551389,michael.boateng9154@example.test,2024-02-01 17:43:18.000
AN-C000669,Daniel,Boateng,1967-08-22,Ghanaian,Teacher,+233427336177,daniel.boateng5183@example.test,2023-01-20 11:59:16.000
AN-C000670,Kwadwo,Quaye,1963-09-01,Ghanaian,Self Employed,+233524054709,kwadwo.quaye8992@example.test,2023-08-26 13:56:49.000
AN-C000671,Ama,Mensah,1982-07-19,Ghanaian,Farmer,+233376131205,ama.mensah5091@example.test,2025-03-29 08:14:16.000
AN-C000672,Kwabena,Arthur,1982-10-09,Ghanaian,Artisan,+233312833115,kwabena.arthur3103@example.test,2024-09-22 08:04:26.000
AN-C000673,Yaa,Boateng,1996-08-17,Ghanaian,Artisan,+233246675421,yaa.boateng5020@example.test,2024-09-02 13:41:48.000
AN-C000674,Daniel,Mensah,1967-12-16,Ghanaian,Trader,+233424728139,daniel.mensah7862@example.test,2024-05-28 11:50:13.000
AN-C000675,Yaw,Boateng,1979-05-14,Ghanaian,Teacher,+233319835131,yaw.boateng3385@example.test,2024-03-26 13:39:27.000
AN-C000676,Fiifi,Adjei,1976-02-01,Ghanaian,Public Servant,+233222319769,fiifi.adjei6144@example.test,2024-08-14 16:51:21.000
AN-C000677,Efua,Adjei,1963-11-20,Ghanaian,Artisan,+233272858030,efua.adjei5611@example.test,2024-04-05 08:12:54.000
AN-C000678,Yaa,Amoah,1980-07-03,Ghanaian,Trader,+233562105532,yaa.amoah3119@example.test,2023-01-15 09:31:04.000
AN-C000679,Akosua,Arthur,1976-01-11,Ghanaian,Trader,+233498991830,akosua.arthur3762@example.test,2024-01-28 18:20:29.000
AN-C000680,Kofi,Osei,1963-07-11,Ghanaian,Self Employed,+233350238551,kofi.osei3013@example.test,2023-08-19 10:21:40.000
AN-C000681,Kojo,Amoah,2003-08-13,Ghanaian,Trader,+233258606553,kojo.amoah984@example.test,2023-10-01 12:10:21.000
AN-C000682,Esi,Arthur,1989-12-03,Ghanaian,Trader,+233342643699,esi.arthur6245@example.test,2024-02-07 14:52:26.000
AN-C000683,Daniel,Osei,2000-09-12,Ghanaian,Artisan,+233233246342,daniel.osei3424@example.test,2023-06-03 15:36:44.000
AN-C000684,Grace,Appiah,1975-06-08,Ghanaian,Farmer,+233442930702,grace.appiah6747@example.test,2023-08-26 10:53:14.000
AN-C000685,Yaa,Boateng,2000-05-04,Ghanaian,Public Servant,+233232077810,yaa.boateng8669@example.test,2024-06-13 15:55:57.000
AN-C000686,Michael,Mensah,1967-04-23,Ghanaian,Trader,+233400596574,michael.mensah8423@example.test,2024-08-03 09:52:18.000
AN-C000687,Fiifi,Agyeman,1971-06-01,Ghanaian,Trader,+233438359628,fiifi.agyeman575@example.test,2023-08-17 08:54:30.000
AN-C000688,Kojo,Arthur,1970-05-13,Ghanaian,Professional,+233595871517,kojo.arthur9270@example.test,2023-12-01 11:57:46.000
AN-C000689,Adwoa,Arthur,1976-08-28,Ghanaian,Health Worker,+233248231370,adwoa.arthur2741@example.test,2024-05-16 15:16:22.000
AN-C000690,Kwadwo,Agyeman,1995-06-03,Ghanaian,Professional,+233263047298,kwadwo.agyeman6018@example.test,2024-10-21 18:34:58.000
AN-C000691,Abena,Asare,1993-06-13,Ghanaian,Artisan,+233550473318,abena.asare4152@example.test,2023-04-11 14:16:51.000
AN-C000692,Grace,Adjei,1968-01-04,Ghanaian,Trader,+233576301395,grace.adjei6783@example.test,2024-01-11 16:58:02.000
AN-C000693,Adwoa,Adjei,1995-02-25,Ghanaian,Trader,+233513787078,adwoa.adjei9476@example.test,2024-03-11 12:51:05.000
AN-C000694,Efua,Appiah,1995-03-19,Ghanaian,Artisan,+233547115090,efua.appiah923@example.test,2025-04-01 17:30:10.000
AN-C000695,Abena,Owusu,2002-09-18,Ghanaian,Student,+233349813031,abena.owusu3213@example.test,2024-06-24 09:46:58.000
AN-C000696,Kojo,Asare,1995-08-23,Ghanaian,Public Servant,+233363908476,kojo.asare7666@example.test,2023-05-21 11:01:52.000
AN-C000697,Fiifi,Agyeman,1961-04-26,Ghanaian,Artisan,+233390862351,fiifi.agyeman8232@example.test,2024-07-28 11:41:37.000
AN-C000698,Grace,Darko,1982-06-21,Ghanaian,Teacher,+233213420931,grace.darko160@example.test,2023-10-28 09:03:25.000
AN-C000699,Akosua,Arthur,1968-01-15,Ghanaian,Public Servant,+233577809594,akosua.arthur9693@example.test,2023-12-14 12:05:41.000
AN-C000700,Ama,Boateng,1964-08-03,Ghanaian,Farmer,+233221724715,ama.boateng6735@example.test,2024-03-03 09:42:49.000
AN-C000701,Mavis,Adjei,1978-05-13,Ghanaian,Professional,+233459900171,mavis.adjei7308@example.test,2025-06-03 15:00:11.000
AN-C000702,Esi,Owusu,1975-06-13,Ghanaian,Farmer,+233278303395,esi.owusu3622@example.test,2025-04-27 17:34:40.000
AN-C000703,Daniel,Owusu,2003-04-11,Ghanaian,Driver,+233461554807,daniel.owusu6597@example.test,2024-05-11 09:41:13.000
AN-C000704,Kojo,Amoah,1983-07-21,Ghanaian,Public Servant,+233547342838,kojo.amoah3589@example.test,2023-09-05 09:30:48.000
AN-C000705,Mary,Agyeman,1996-03-14,Ghanaian,Public Servant,+233537554582,mary.agyeman9584@example.test,2024-02-21 15:27:35.000
AN-C000706,Kwabena,Asare,1993-04-23,Ghanaian,Public Servant,+233387202765,kwabena.asare4321@example.test,2024-03-30 17:38:53.000
AN-C000707,Fiifi,Quaye,1962-04-23,Ghanaian,Public Servant,+233248976000,fiifi.quaye1863@example.test,2024-06-30 17:12:17.000
AN-C000708,Ama,Adjei,1970-09-04,Ghanaian,Student,+233565845958,ama.adjei7548@example.test,2024-07-02 17:22:45.000
AN-C000709,Yaw,Osei,1976-04-17,Ghanaian,Health Worker,+233220650976,yaw.osei9201@example.test,2023-02-10 08:29:48.000
AN-C000710,Samuel,Owusu,1977-05-08,Ghanaian,Artisan,+233487489839,samuel.owusu4945@example.test,2024-11-07 09:13:07.000
AN-C000711,Samuel,Boateng,2001-11-27,Ghanaian,Health Worker,+233421970605,samuel.boateng9848@example.test,2024-02-22 17:36:41.000
AN-C000712,Samuel,Mensah,1991-03-24,Ghanaian,Student,+233484076746,samuel.mensah8444@example.test,2025-01-11 11:05:58.000
AN-C000713,Nana,Arthur,1973-05-16,Ghanaian,Farmer,+233287199750,nana.arthur6628@example.test,2023-07-21 09:55:10.000
AN-C000714,Ama,Amoah,1978-06-15,Ghanaian,Professional,+233496179406,ama.amoah5840@example.test,2025-05-30 08:20:08.000
AN-C000715,Fiifi,Arthur,1960-05-11,Ghanaian,Professional,+233489417301,fiifi.arthur3825@example.test,2024-06-06 15:52:17.000
AN-C000716,Kwabena,Amoah,1968-05-02,Ghanaian,Student,+233527220269,kwabena.amoah8333@example.test,2025-01-01 17:47:57.000
AN-C000717,Yaw,Agyeman,1998-09-13,Ghanaian,Public Servant,+233255970105,yaw.agyeman8902@example.test,2024-10-04 18:23:31.000
AN-C000718,Daniel,Adjei,1964-05-24,Ghanaian,Artisan,+233451180016,daniel.adjei9667@example.test,2024-02-24 10:05:35.000
AN-C000719,Kojo,Arthur,1995-03-16,Ghanaian,Public Servant,+233506740897,kojo.arthur3044@example.test,2023-07-30 16:44:49.000
AN-C000720,Yaa,Adjei,1966-12-16,Ghanaian,Professional,+233289092351,yaa.adjei6052@example.test,2023-05-14 17:05:38.000
AN-C000721,Kwabena,Appiah,1988-01-13,Ghanaian,Student,+233509035999,kwabena.appiah5587@example.test,2024-01-22 11:18:00.000
AN-C000722,Mary,Adjei,2002-07-24,Ghanaian,Public Servant,+233455345693,mary.adjei2400@example.test,2024-11-01 18:26:49.000
AN-C000723,Afia,Darko,1998-10-03,Ghanaian,Trader,+233597063698,afia.darko3220@example.test,2023-10-03 11:21:38.000
AN-C000724,Daniel,Osei,1977-10-28,Ghanaian,Self Employed,+233570753482,daniel.osei4333@example.test,2023-04-13 10:05:47.000
AN-C000725,Daniel,Amoah,1978-12-02,Ghanaian,Artisan,+233427630157,daniel.amoah3180@example.test,2023-02-25 09:05:48.000
AN-C000726,Emmanuel,Owusu,2001-02-05,Ghanaian,Public Servant,+233227475495,emmanuel.owusu4709@example.test,2024-06-03 15:57:11.000
AN-C000727,Yaa,Darko,1963-06-13,Ghanaian,Student,+233325563294,yaa.darko3157@example.test,2024-12-15 10:05:52.000
AN-C000728,Kwame,Agyeman,1974-09-19,Ghanaian,Driver,+233206179971,kwame.agyeman1277@example.test,2023-06-08 12:54:36.000
AN-C000729,Kofi,Asare,1960-04-22,Ghanaian,Public Servant,+233597960226,kofi.asare3410@example.test,2024-09-17 08:09:07.000
AN-C000730,Mavis,Osei,1995-08-09,Ghanaian,Teacher,+233557839801,mavis.osei6572@example.test,2023-08-04 15:30:44.000
AN-C000731,Adwoa,Owusu,1981-08-18,Ghanaian,Teacher,+233551263698,adwoa.owusu4005@example.test,2025-02-05 18:14:53.000
AN-C000732,Ama,Arthur,1992-10-24,Ghanaian,Artisan,+233530121952,ama.arthur5685@example.test,2023-02-04 14:47:12.000
AN-C000733,Esi,Owusu,1992-05-15,Ghanaian,Driver,+233291263183,esi.owusu7848@example.test,2024-06-27 10:47:42.000
AN-C000734,Abena,Osei,1975-02-04,Ghanaian,Teacher,+233457559722,abena.osei7640@example.test,2023-03-12 08:01:11.000
AN-C000735,Adwoa,Osei,1961-01-28,Ghanaian,Professional,+233352818042,adwoa.osei6950@example.test,2024-06-25 18:06:42.000
AN-C000736,Kwabena,Boateng,1967-03-11,Ghanaian,Driver,+233553676822,kwabena.boateng2280@example.test,2023-06-14 15:19:04.000
AN-C000737,Esi,Appiah,1960-08-03,Ghanaian,Other,+233580980901,esi.appiah8259@example.test,2025-02-03 13:47:59.000
AN-C000738,Adwoa,Appiah,1987-09-05,Ghanaian,Driver,+233247967623,adwoa.appiah1570@example.test,2024-03-22 10:54:55.000
AN-C000739,Mary,Darko,1982-01-24,Ghanaian,Student,+233462860783,mary.darko5235@example.test,2024-05-06 16:47:55.000
AN-C000740,Kwame,Owusu,1981-03-23,Ghanaian,Teacher,+233239875903,kwame.owusu4527@example.test,2024-04-23 09:21:21.000
AN-C000741,Mary,Mensah,1977-10-18,Ghanaian,Professional,+233250137435,mary.mensah478@example.test,2024-05-21 09:35:42.000
AN-C000742,Mavis,Quaye,1987-07-09,Ghanaian,Farmer,+233440889336,mavis.quaye3437@example.test,2023-10-15 17:29:58.000
AN-C000743,Angela,Adjei,1983-10-14,Ghanaian,Teacher,+233590889737,angela.adjei2034@example.test,2025-05-23 08:50:09.000
AN-C000744,Esi,Adjei,1985-09-27,Ghanaian,Teacher,+233307671386,esi.adjei3215@example.test,2023-02-12 13:05:00.000
AN-C000745,Kwame,Darko,1980-08-22,Ghanaian,Driver,+233593106554,kwame.darko3163@example.test,2023-11-15 14:06:00.000
AN-C000746,Afia,Boateng,1968-08-16,Ghanaian,Professional,+233555576626,afia.boateng6558@example.test,2024-09-04 17:34:47.000
AN-C000747,Samuel,Adjei,1989-08-25,Ghanaian,Public Servant,+233206339988,samuel.adjei2300@example.test,2024-05-25 18:05:16.000
AN-C000748,Angela,Darko,1989-01-11,Ghanaian,Trader,+233261024167,angela.darko17@example.test,2024-11-13 12:32:41.000
AN-C000749,Abena,Boateng,1977-03-05,Ghanaian,Public Servant,+233309518070,abena.boateng8854@example.test,2024-10-08 15:44:12.000
AN-C000750,Kwabena,Osei,1977-10-01,Ghanaian,Self Employed,+233286220811,kwabena.osei3291@example.test,2025-02-17 10:06:42.000
AN-C000751,Nana,Asare,1969-11-08,Ghanaian,Trader,+233357141209,nana.asare317@example.test,2024-03-25 18:54:44.000
AN-C000752,Daniel,Darko,1994-05-13,Ghanaian,Public Servant,+233364364855,daniel.darko7959@example.test,2024-12-19 08:53:22.000
AN-C000753,Kwame,Appiah,1981-12-18,Ghanaian,Self Employed,+233248680806,kwame.appiah9774@example.test,2023-06-09 11:38:21.000
AN-C000754,Kwabena,Amoah,1992-10-12,Ghanaian,Student,+233229759185,kwabena.amoah1315@example.test,2024-04-04 10:44:29.000
AN-C000755,Mavis,Darko,1990-12-23,Ghanaian,Trader,+233513907813,mavis.darko4080@example.test,2023-02-20 15:55:06.000
AN-C000756,Emmanuel,Owusu,1966-03-09,Ghanaian,Trader,+233563829947,emmanuel.owusu6984@example.test,2023-08-11 13:36:03.000
AN-C000757,Ama,Arthur,1984-01-13,Ghanaian,Professional,+233535361088,ama.arthur4365@example.test,2025-03-07 17:37:33.000
AN-C000758,Kwadwo,Appiah,2003-09-09,Ghanaian,Professional,+233581960717,kwadwo.appiah2347@example.test,2024-08-25 09:07:33.000
AN-C000759,Afia,Appiah,1966-05-22,Ghanaian,Trader,+233514612597,afia.appiah2102@example.test,2025-05-19 10:33:57.000
AN-C000760,Abena,Mensah,1973-11-27,Ghanaian,Driver,+233541142711,abena.mensah1666@example.test,2025-03-12 08:37:14.000
AN-C000761,Nana,Osei,2003-12-18,Ghanaian,Farmer,+233582682734,nana.osei5084@example.test,2025-01-20 15:59:17.000
AN-C000762,Emmanuel,Asare,1977-01-18,Ghanaian,Farmer,+233432899530,emmanuel.asare1224@example.test,2023-05-22 16:38:34.000
AN-C000763,Angela,Owusu,1974-04-05,Ghanaian,Public Servant,+233581499428,angela.owusu1641@example.test,2023-03-18 16:47:37.000
AN-C000764,Afia,Darko,1965-10-08,Ghanaian,Teacher,+233521973276,afia.darko1729@example.test,2023-12-08 08:49:44.000
AN-C000765,Afia,Amoah,1966-12-08,Ghanaian,Health Worker,+233230138478,afia.amoah1276@example.test,2023-11-20 18:47:44.000
AN-C000766,Angela,Mensah,1974-11-22,Ghanaian,Health Worker,+233450296572,angela.mensah9740@example.test,2023-10-12 11:02:28.000
AN-C000767,Adwoa,Agyeman,1968-05-06,Ghanaian,Public Servant,+233531081957,adwoa.agyeman982@example.test,2025-04-07 17:52:28.000
AN-C000768,Fiifi,Owusu,1970-08-23,Ghanaian,Public Servant,+233332225210,fiifi.owusu6618@example.test,2023-11-28 14:50:01.000
AN-C000769,Kwadwo,Owusu,1988-06-18,Ghanaian,Public Servant,+233584271435,kwadwo.owusu4835@example.test,2023-06-22 15:46:14.000
AN-C000770,Yaw,Darko,2001-12-18,Ghanaian,Student,+233258660203,yaw.darko2738@example.test,2023-12-30 17:51:24.000
AN-C000771,Mary,Appiah,1977-02-25,Ghanaian,Other,+233224187405,mary.appiah9549@example.test,2023-12-24 18:51:31.000
AN-C000772,Yaw,Agyeman,1978-07-25,Ghanaian,Driver,+233423377575,yaw.agyeman572@example.test,2023-06-29 09:12:43.000
AN-C000773,Kofi,Arthur,1986-10-22,Ghanaian,Artisan,+233469798633,kofi.arthur8294@example.test,2023-09-03 15:46:15.000
AN-C000774,Kojo,Mensah,2003-04-05,Ghanaian,Farmer,+233552459489,kojo.mensah6588@example.test,2023-12-04 08:52:05.000
AN-C000775,Nana,Quaye,1966-07-02,Ghanaian,Professional,+233200013321,nana.quaye2832@example.test,2025-04-02 16:02:01.000
AN-C000776,Kojo,Amoah,1993-01-16,Ghanaian,Trader,+233525095897,kojo.amoah5571@example.test,2025-02-11 12:52:33.000
AN-C000777,Yaw,Adjei,2001-09-07,Ghanaian,Professional,+233590386113,yaw.adjei6749@example.test,2024-07-02 12:26:12.000
AN-C000778,Yaw,Agyeman,1991-04-12,Ghanaian,Artisan,+233480437950,yaw.agyeman7186@example.test,2025-01-24 11:13:15.000
AN-C000779,Samuel,Osei,1976-02-07,Ghanaian,Other,+233339849675,samuel.osei5062@example.test,2023-01-21 16:13:16.000
AN-C000780,Kojo,Owusu,1970-01-19,Ghanaian,Self Employed,+233591876030,kojo.owusu1292@example.test,2023-12-29 09:35:28.000
AN-C000781,Kwabena,Amoah,1976-10-28,Ghanaian,Professional,+233535040804,kwabena.amoah1669@example.test,2024-07-13 14:12:34.000
AN-C000782,Kwabena,Agyeman,1973-02-07,Ghanaian,Artisan,+233359395797,kwabena.agyeman3309@example.test,2023-04-06 11:23:42.000
AN-C000783,Afia,Mensah,1994-04-22,Ghanaian,Artisan,+233524964956,afia.mensah5370@example.test,2024-06-19 18:21:57.000
AN-C000784,Yaw,Appiah,1980-01-15,Ghanaian,Trader,+233224741284,yaw.appiah9042@example.test,2023-08-01 13:59:17.000
AN-C000785,Kofi,Mensah,1960-04-19,Ghanaian,Public Servant,+233446501305,kofi.mensah9149@example.test,2024-06-13 08:44:13.000
AN-C000786,Fiifi,Adjei,2001-12-03,Ghanaian,Student,+233317622656,fiifi.adjei240@example.test,2024-07-26 16:59:39.000
AN-C000787,Fiifi,Boateng,1984-07-22,Ghanaian,Teacher,+233278497238,fiifi.boateng439@example.test,2023-04-10 12:39:38.000
AN-C000788,Samuel,Agyeman,1972-11-12,Ghanaian,Student,+233437229995,samuel.agyeman1713@example.test,2025-05-14 15:59:27.000
AN-C000789,Nana,Appiah,1969-02-20,Ghanaian,Public Servant,+233503386800,nana.appiah1481@example.test,2023-05-05 15:02:37.000
AN-C000790,Michael,Darko,1994-09-26,Ghanaian,Driver,+233320472055,michael.darko7999@example.test,2024-01-07 16:56:06.000
AN-C000791,Esi,Appiah,1961-11-09,Ghanaian,Self Employed,+233476730533,esi.appiah2974@example.test,2024-01-22 09:32:21.000
AN-C000792,Grace,Owusu,1978-02-08,Ghanaian,Farmer,+233308652557,grace.owusu403@example.test,2024-04-16 14:54:36.000
AN-C000793,Esi,Darko,1969-06-04,Ghanaian,Farmer,+233242543854,esi.darko315@example.test,2023-06-23 11:19:04.000
AN-C000794,Yaa,Owusu,1977-04-03,Ghanaian,Teacher,+233497127933,yaa.owusu4974@example.test,2024-06-01 11:40:52.000
AN-C000795,Samuel,Arthur,1972-07-22,Ghanaian,Teacher,+233508631443,samuel.arthur871@example.test,2024-01-04 11:33:50.000
AN-C000796,Kwame,Amoah,1964-05-03,Ghanaian,Teacher,+233213109953,kwame.amoah2062@example.test,2024-08-05 15:07:16.000
AN-C000797,Akosua,Arthur,1997-01-08,Ghanaian,Public Servant,+233300364012,akosua.arthur4278@example.test,2025-01-08 12:20:32.000
AN-C000798,Grace,Quaye,1975-11-07,Ghanaian,Artisan,+233368783668,grace.quaye8775@example.test,2024-02-09 16:16:50.000
AN-C000799,Samuel,Owusu,1994-04-20,Ghanaian,Public Servant,+233261561579,samuel.owusu9273@example.test,2023-11-27 15:17:12.000
AN-C000800,Yaa,Boateng,1972-06-18,Ghanaian,Professional,+233237137246,yaa.boateng7087@example.test,2023-06-05 11:43:37.000
AN-C000801,Ama,Darko,1975-03-10,Ghanaian,Trader,+233561088795,ama.darko158@example.test,2025-06-09 08:41:04.000
AN-C000802,Afia,Mensah,1987-06-01,Ghanaian,Self Employed,+233371222963,afia.mensah7116@example.test,2023-07-13 10:33:56.000
AN-C000803,Mary,Quaye,1993-01-11,Ghanaian,Artisan,+233549299665,mary.quaye1385@example.test,2023-04-18 16:33:23.000
AN-C000804,Mavis,Owusu,2000-03-27,Ghanaian,Trader,+233495984732,mavis.owusu6597@example.test,2024-12-05 16:26:58.000
AN-C000805,Yaw,Asare,1967-06-20,Ghanaian,Trader,+233475885604,yaw.asare1393@example.test,2024-10-30 12:58:21.000
AN-C000806,Ama,Adjei,1970-07-05,Ghanaian,Professional,+233340234863,ama.adjei5815@example.test,2024-07-10 14:45:12.000
AN-C000807,Abena,Boateng,1995-07-17,Ghanaian,Student,+233574953494,abena.boateng2621@example.test,2025-05-23 17:26:12.000
AN-C000808,Mary,Osei,1986-04-15,Ghanaian,Student,+233531068413,mary.osei4314@example.test,2023-03-25 08:31:35.000
AN-C000809,Yaa,Appiah,1992-05-02,Ghanaian,Health Worker,+233324077259,yaa.appiah393@example.test,2023-05-04 13:29:58.000
AN-C000810,Daniel,Adjei,1960-07-02,Ghanaian,Driver,+233352022524,daniel.adjei3778@example.test,2023-01-30 10:24:59.000
AN-C000811,Kwame,Asare,2002-02-11,Ghanaian,Farmer,+233387337141,kwame.asare1790@example.test,2023-10-14 16:33:23.000
AN-C000812,Daniel,Quaye,1965-05-24,Ghanaian,Professional,+233451304431,daniel.quaye6402@example.test,2023-12-28 11:36:09.000
AN-C000813,Afia,Boateng,1965-08-11,Ghanaian,Health Worker,+233208167252,afia.boateng5527@example.test,2025-03-17 16:45:31.000
AN-C000814,Michael,Appiah,2002-11-15,Ghanaian,Trader,+233522293829,michael.appiah8287@example.test,2025-04-21 16:58:37.000
AN-C000815,Adwoa,Boateng,1990-11-07,Ghanaian,Farmer,+233294673368,adwoa.boateng1122@example.test,2024-09-07 11:46:44.000
AN-C000816,Grace,Arthur,1981-04-08,Ghanaian,Professional,+233359096714,grace.arthur7523@example.test,2024-10-25 17:24:39.000
AN-C000817,Efua,Asare,1967-06-07,Ghanaian,Farmer,+233244266687,efua.asare185@example.test,2024-11-29 15:37:33.000
AN-C000818,Grace,Adjei,1975-02-01,Ghanaian,Farmer,+233470240346,grace.adjei615@example.test,2023-03-26 14:01:40.000
AN-C000819,Mavis,Arthur,2000-03-22,Ghanaian,Other,+233342524253,mavis.arthur74@example.test,2024-04-03 14:52:29.000
AN-C000820,Daniel,Asare,1996-05-28,Ghanaian,Farmer,+233254947211,daniel.asare520@example.test,2024-05-18 17:16:33.000
AN-C000821,Nana,Quaye,1966-09-28,Ghanaian,Other,+233273112719,nana.quaye4945@example.test,2023-11-13 16:03:11.000
AN-C000822,Kojo,Amoah,1989-06-24,Ghanaian,Other,+233335435846,kojo.amoah3689@example.test,2024-09-12 17:41:16.000
AN-C000823,Esi,Mensah,2003-11-25,Ghanaian,Health Worker,+233344274174,esi.mensah3347@example.test,2024-11-22 16:42:49.000
AN-C000824,Ama,Asare,1972-02-20,Ghanaian,Teacher,+233347009838,ama.asare3630@example.test,2025-04-15 10:39:28.000
AN-C000825,Akosua,Osei,2001-03-16,Ghanaian,Self Employed,+233303668105,akosua.osei5433@example.test,2024-08-18 12:26:35.000
AN-C000826,Kofi,Boateng,1972-09-25,Ghanaian,Professional,+233228522432,kofi.boateng5058@example.test,2025-01-06 10:33:28.000
AN-C000827,Kofi,Quaye,1992-12-12,Ghanaian,Health Worker,+233563408451,kofi.quaye8656@example.test,2023-08-22 11:22:58.000
AN-C000828,Samuel,Boateng,1969-06-04,Ghanaian,Professional,+233306423531,samuel.boateng2910@example.test,2023-05-14 12:01:37.000
AN-C000829,Fiifi,Asare,1978-08-18,Ghanaian,Teacher,+233558145603,fiifi.asare1156@example.test,2024-02-02 08:22:23.000
AN-C000830,Daniel,Amoah,1997-09-05,Ghanaian,Trader,+233566830380,daniel.amoah7052@example.test,2024-05-24 15:22:34.000
AN-C000831,Kwame,Darko,1981-02-22,Ghanaian,Teacher,+233434700579,kwame.darko3792@example.test,2025-05-01 09:23:39.000
AN-C000832,Afia,Adjei,1981-09-14,Ghanaian,Public Servant,+233386620612,afia.adjei5896@example.test,2024-02-07 11:27:31.000
AN-C000833,Esi,Appiah,1967-08-28,Ghanaian,Health Worker,+233595124214,esi.appiah4686@example.test,2024-01-27 11:53:16.000
AN-C000834,Yaa,Mensah,1966-06-14,Ghanaian,Teacher,+233387486055,yaa.mensah554@example.test,2023-05-28 18:49:44.000
AN-C000835,Ama,Quaye,1966-07-21,Ghanaian,Other,+233508463327,ama.quaye1366@example.test,2025-03-04 09:11:05.000
AN-C000836,Samuel,Darko,1972-10-28,Ghanaian,Professional,+233466218752,samuel.darko969@example.test,2023-05-05 13:25:43.000
AN-C000837,Emmanuel,Amoah,1970-01-19,Ghanaian,Professional,+233585715610,emmanuel.amoah5422@example.test,2023-04-21 08:19:02.000
AN-C000838,Fiifi,Quaye,1995-06-09,Ghanaian,Artisan,+233525328412,fiifi.quaye3757@example.test,2025-05-28 16:11:26.000
AN-C000839,Efua,Darko,1966-01-18,Ghanaian,Farmer,+233427476105,efua.darko1478@example.test,2024-02-27 09:41:38.000
AN-C000840,Fiifi,Agyeman,1984-09-15,Ghanaian,Student,+233429545010,fiifi.agyeman5029@example.test,2023-09-26 16:46:33.000
AN-C000841,Efua,Boateng,1966-07-21,Ghanaian,Public Servant,+233267679324,efua.boateng888@example.test,2025-06-19 16:51:09.000
AN-C000842,Esi,Mensah,1993-05-03,Ghanaian,Teacher,+233556012045,esi.mensah1819@example.test,2025-01-21 10:08:05.000
AN-C000843,Efua,Darko,1970-07-08,Ghanaian,Other,+233455251136,efua.darko1651@example.test,2023-06-13 13:18:11.000
AN-C000844,Fiifi,Boateng,1962-04-28,Ghanaian,Public Servant,+233356512542,fiifi.boateng1004@example.test,2023-08-17 13:41:26.000
AN-C000845,Abena,Owusu,1979-06-28,Ghanaian,Farmer,+233587659961,abena.owusu419@example.test,2024-02-20 15:59:03.000
AN-C000846,Afia,Arthur,1963-11-24,Ghanaian,Public Servant,+233277856700,afia.arthur6054@example.test,2023-06-26 10:06:54.000
AN-C000847,Emmanuel,Mensah,1979-05-24,Ghanaian,Self Employed,+233409723726,emmanuel.mensah8994@example.test,2024-03-13 16:43:08.000
AN-C000848,Afia,Agyeman,1988-12-15,Ghanaian,Farmer,+233503361538,afia.agyeman9235@example.test,2023-12-19 18:47:57.000
AN-C000849,Grace,Adjei,1979-02-13,Ghanaian,Artisan,+233331299668,grace.adjei9277@example.test,2024-08-08 16:31:27.000
AN-C000850,Emmanuel,Appiah,1964-01-27,Ghanaian,Artisan,+233512777181,emmanuel.appiah6471@example.test,2024-04-08 12:10:41.000
AN-C000851,Angela,Adjei,1965-07-28,Ghanaian,Trader,+233596223701,angela.adjei214@example.test,2024-09-19 17:00:25.000
AN-C000852,Kwabena,Quaye,1979-12-14,Ghanaian,Other,+233478006280,kwabena.quaye9841@example.test,2023-10-17 12:09:07.000
AN-C000853,Grace,Asare,1978-03-06,Ghanaian,Driver,+233233513172,grace.asare1219@example.test,2023-01-05 10:28:51.000
AN-C000854,Adwoa,Boateng,1994-08-25,Ghanaian,Self Employed,+233286509559,adwoa.boateng4149@example.test,2025-01-14 08:27:16.000
AN-C000855,Abena,Asare,1985-07-14,Ghanaian,Self Employed,+233512970348,abena.asare5241@example.test,2025-03-26 12:04:30.000
AN-C000856,Angela,Amoah,1961-02-12,Ghanaian,Teacher,+233486966665,angela.amoah6937@example.test,2024-02-05 17:47:54.000
AN-C000857,Nana,Owusu,2001-08-17,Ghanaian,Driver,+233556746641,nana.owusu7013@example.test,2023-02-07 18:39:53.000
AN-C000858,Ama,Agyeman,1986-04-24,Ghanaian,Student,+233492646391,ama.agyeman4055@example.test,2023-10-15 12:42:11.000
AN-C000859,Efua,Osei,1964-10-16,Ghanaian,Student,+233419610720,efua.osei6786@example.test,2023-08-15 11:03:00.000
AN-C000860,Adwoa,Adjei,1996-12-01,Ghanaian,Driver,+233451507120,adwoa.adjei3299@example.test,2025-03-20 17:10:12.000
AN-C000861,Yaw,Amoah,1990-08-19,Ghanaian,Artisan,+233316031020,yaw.amoah1364@example.test,2025-03-10 12:52:40.000
AN-C000862,Kojo,Arthur,1980-02-15,Ghanaian,Driver,+233441278627,kojo.arthur8646@example.test,2024-01-07 13:32:14.000
AN-C000863,Adwoa,Arthur,1966-11-08,Ghanaian,Artisan,+233228587716,adwoa.arthur6243@example.test,2023-07-03 11:07:51.000
AN-C000864,Emmanuel,Asare,1961-04-25,Ghanaian,Health Worker,+233563548054,emmanuel.asare20@example.test,2025-04-11 15:53:00.000
AN-C000865,Yaw,Asare,1999-04-13,Ghanaian,Health Worker,+233419562582,yaw.asare9240@example.test,2023-07-27 10:33:20.000
AN-C000866,Yaw,Darko,1975-02-17,Ghanaian,Driver,+233376431897,yaw.darko7853@example.test,2025-04-20 17:36:42.000
AN-C000867,Ama,Mensah,1976-10-07,Ghanaian,Student,+233489414287,ama.mensah2761@example.test,2023-01-16 09:21:12.000
AN-C000868,Grace,Adjei,1997-06-11,Ghanaian,Self Employed,+233311087125,grace.adjei8367@example.test,2023-05-14 12:22:03.000
AN-C000869,Kojo,Arthur,1965-06-26,Ghanaian,Driver,+233267979048,kojo.arthur3193@example.test,2025-05-10 16:36:36.000
AN-C000870,Kwadwo,Quaye,1982-11-26,Ghanaian,Artisan,+233462844703,kwadwo.quaye9441@example.test,2025-05-24 12:59:30.000
AN-C000871,Michael,Appiah,2001-10-22,Ghanaian,Self Employed,+233426203278,michael.appiah4680@example.test,2025-06-18 14:20:36.000
AN-C000872,Angela,Agyeman,1974-01-12,Ghanaian,Teacher,+233564712310,angela.agyeman8353@example.test,2024-12-01 15:49:40.000
AN-C000873,Adwoa,Arthur,2001-08-20,Ghanaian,Health Worker,+233361916351,adwoa.arthur4369@example.test,2023-12-30 11:54:44.000
AN-C000874,Mary,Osei,1991-03-23,Ghanaian,Health Worker,+233391518788,mary.osei3950@example.test,2024-02-05 13:06:59.000
AN-C000875,Samuel,Arthur,1996-05-28,Ghanaian,Artisan,+233312087669,samuel.arthur287@example.test,2025-01-10 12:55:18.000
AN-C000876,Mary,Agyeman,2004-03-21,Ghanaian,Student,+233557535361,mary.agyeman6743@example.test,2023-04-17 17:41:24.000
AN-C000877,Daniel,Asare,1970-12-02,Ghanaian,Trader,+233267019560,daniel.asare9321@example.test,2024-10-24 17:51:59.000
AN-C000878,Akosua,Arthur,1977-09-27,Ghanaian,Farmer,+233544216071,akosua.arthur3554@example.test,2023-02-23 15:44:32.000
AN-C000879,Abena,Mensah,1970-06-10,Ghanaian,Teacher,+233419355620,abena.mensah8606@example.test,2023-01-13 08:06:48.000
AN-C000880,Kwabena,Mensah,1977-04-16,Ghanaian,Trader,+233317273865,kwabena.mensah4848@example.test,2025-04-29 13:45:47.000
AN-C000881,Kojo,Darko,1975-08-16,Ghanaian,Professional,+233528263557,kojo.darko4320@example.test,2023-04-14 11:45:10.000
AN-C000882,Yaw,Agyeman,1987-04-16,Ghanaian,Health Worker,+233257566911,yaw.agyeman4892@example.test,2024-05-24 17:45:15.000
AN-C000883,Mavis,Mensah,1985-05-12,Ghanaian,Driver,+233283780385,mavis.mensah1430@example.test,2025-05-27 14:26:37.000
AN-C000884,Emmanuel,Appiah,1998-02-03,Ghanaian,Public Servant,+233543416868,emmanuel.appiah8649@example.test,2024-12-15 11:40:44.000
AN-C000885,Yaa,Appiah,2003-11-10,Ghanaian,Teacher,+233434140686,yaa.appiah8985@example.test,2023-02-04 18:36:25.000
AN-C000886,Samuel,Adjei,1983-04-13,Ghanaian,Artisan,+233446850948,samuel.adjei1864@example.test,2024-10-21 15:12:08.000
AN-C000887,Yaw,Arthur,1980-05-21,Ghanaian,Trader,+233209513997,yaw.arthur843@example.test,2024-04-03 15:04:35.000
AN-C000888,Nana,Asare,1970-03-21,Ghanaian,Teacher,+233391432238,nana.asare7493@example.test,2025-01-17 13:04:02.000
AN-C000889,Kwame,Boateng,1960-04-05,Ghanaian,Teacher,+233484524565,kwame.boateng3146@example.test,2024-07-25 09:41:45.000
AN-C000890,Mavis,Owusu,1984-11-25,Ghanaian,Health Worker,+233431194083,mavis.owusu1423@example.test,2023-03-23 15:43:01.000
AN-C000891,Ama,Adjei,1968-04-14,Ghanaian,Teacher,+233415518425,ama.adjei1747@example.test,2023-03-10 17:39:21.000
AN-C000892,Efua,Mensah,1966-07-28,Ghanaian,Public Servant,+233304473297,efua.mensah911@example.test,2023-10-16 11:03:53.000
AN-C000893,Adwoa,Agyeman,2003-05-10,Ghanaian,Other,+233525310672,adwoa.agyeman3752@example.test,2024-02-29 10:59:06.000
AN-C000894,Daniel,Mensah,1995-04-23,Ghanaian,Professional,+233282508450,daniel.mensah5292@example.test,2024-07-09 18:26:22.000
AN-C000895,Mavis,Asare,1980-04-01,Ghanaian,Teacher,+233379960631,mavis.asare945@example.test,2023-06-13 13:30:38.000
AN-C000896,Ama,Darko,1962-04-15,Ghanaian,Professional,+233361452667,ama.darko3883@example.test,2025-05-06 14:19:03.000
AN-C000897,Yaw,Adjei,1989-07-13,Ghanaian,Driver,+233319843487,yaw.adjei6360@example.test,2023-11-06 09:53:01.000
AN-C000898,Nana,Darko,2003-07-11,Ghanaian,Student,+233329058837,nana.darko2819@example.test,2025-05-12 10:34:28.000
AN-C000899,Grace,Adjei,1990-05-07,Ghanaian,Professional,+233357562506,grace.adjei4816@example.test,2023-11-16 17:42:17.000
AN-C000900,Kwadwo,Darko,2001-08-13,Ghanaian,Public Servant,+233512651154,kwadwo.darko9697@example.test,2025-05-31 10:29:35.000
AN-C000901,Samuel,Agyeman,1973-09-14,Ghanaian,Student,+233371935784,samuel.agyeman5163@example.test,2023-07-04 08:38:46.000
AN-C000902,Kojo,Agyeman,1969-10-07,Ghanaian,Professional,+233322127215,kojo.agyeman6341@example.test,2023-11-02 16:03:17.000
AN-C000903,Yaa,Arthur,1994-12-04,Ghanaian,Farmer,+233219498194,yaa.arthur3423@example.test,2023-12-25 14:58:05.000
AN-C000904,Adwoa,Quaye,1968-01-15,Ghanaian,Other,+233345991648,adwoa.quaye9688@example.test,2025-05-21 13:29:09.000
AN-C000905,Kwadwo,Quaye,1979-06-09,Ghanaian,Student,+233547494576,kwadwo.quaye5470@example.test,2025-03-18 17:15:03.000
AN-C000906,Adwoa,Arthur,1968-07-02,Ghanaian,Farmer,+233501318109,adwoa.arthur5661@example.test,2023-07-02 11:42:37.000
AN-C000907,Kwabena,Appiah,1991-07-22,Ghanaian,Trader,+233436619790,kwabena.appiah4113@example.test,2025-02-27 12:29:37.000
AN-C000908,Abena,Appiah,2004-05-03,Ghanaian,Artisan,+233584614894,abena.appiah4907@example.test,2023-09-25 12:35:38.000
AN-C000909,Nana,Amoah,1993-04-08,Ghanaian,Professional,+233486898616,nana.amoah7146@example.test,2023-03-18 10:26:46.000
AN-C000910,Angela,Osei,1988-10-25,Ghanaian,Trader,+233506701720,angela.osei3183@example.test,2024-10-29 09:04:49.000
AN-C000911,Kofi,Adjei,1983-07-17,Ghanaian,Other,+233245244017,kofi.adjei5467@example.test,2025-01-05 16:10:26.000
AN-C000912,Angela,Boateng,2002-07-20,Ghanaian,Driver,+233266040469,angela.boateng2617@example.test,2023-10-20 12:55:31.000
AN-C000913,Fiifi,Boateng,1982-03-13,Ghanaian,Self Employed,+233262803969,fiifi.boateng1501@example.test,2024-07-07 13:38:52.000
AN-C000914,Michael,Amoah,1962-04-25,Ghanaian,Artisan,+233431251779,michael.amoah6569@example.test,2023-04-17 11:41:51.000
AN-C000915,Adwoa,Agyeman,1984-02-05,Ghanaian,Self Employed,+233327303888,adwoa.agyeman5222@example.test,2024-12-25 09:09:03.000
AN-C000916,Nana,Appiah,1985-06-26,Ghanaian,Student,+233593741029,nana.appiah8574@example.test,2023-12-22 15:00:25.000
AN-C000917,Kwame,Arthur,1971-08-14,Ghanaian,Professional,+233387464504,kwame.arthur4091@example.test,2024-12-07 15:22:44.000
AN-C000918,Mary,Quaye,1993-10-05,Ghanaian,Farmer,+233379826375,mary.quaye477@example.test,2024-08-07 11:28:54.000
AN-C000919,Abena,Asare,1968-04-08,Ghanaian,Self Employed,+233284845572,abena.asare2138@example.test,2023-09-05 17:20:33.000
AN-C000920,Kofi,Amoah,2002-07-24,Ghanaian,Health Worker,+233276491300,kofi.amoah8163@example.test,2025-04-04 13:14:34.000
AN-C000921,Yaa,Quaye,1973-03-13,Ghanaian,Other,+233588828425,yaa.quaye2025@example.test,2024-01-31 10:14:53.000
AN-C000922,Kwabena,Darko,1975-09-02,Ghanaian,Student,+233494399778,kwabena.darko6934@example.test,2024-07-30 09:13:16.000
AN-C000923,Emmanuel,Quaye,1977-04-05,Ghanaian,Farmer,+233328289745,emmanuel.quaye6127@example.test,2023-07-21 18:33:04.000
AN-C000924,Mavis,Appiah,1992-03-03,Ghanaian,Driver,+233239542346,mavis.appiah4079@example.test,2024-10-28 14:06:10.000
AN-C000925,Abena,Amoah,1976-11-14,Ghanaian,Public Servant,+233210798638,abena.amoah5193@example.test,2023-12-01 08:39:28.000
AN-C000926,Yaw,Darko,1997-07-06,Ghanaian,Other,+233438903315,yaw.darko2665@example.test,2023-04-26 17:23:18.000
AN-C000927,Kwabena,Darko,1983-11-28,Ghanaian,Student,+233270614761,kwabena.darko1172@example.test,2025-04-05 15:59:59.000
AN-C000928,Mary,Quaye,2000-09-06,Ghanaian,Farmer,+233340284230,mary.quaye6108@example.test,2023-05-04 11:44:47.000
AN-C000929,Mary,Darko,1966-06-24,Ghanaian,Health Worker,+233499755298,mary.darko8518@example.test,2024-02-11 10:30:49.000
AN-C000930,Fiifi,Amoah,1960-12-04,Ghanaian,Public Servant,+233556559531,fiifi.amoah653@example.test,2024-10-20 14:35:28.000
AN-C000931,Yaa,Owusu,1981-10-08,Ghanaian,Teacher,+233301256400,yaa.owusu6536@example.test,2024-12-29 13:20:35.000
AN-C000932,Fiifi,Amoah,1967-11-16,Ghanaian,Artisan,+233558434929,fiifi.amoah2462@example.test,2024-05-31 09:15:40.000
AN-C000933,Michael,Owusu,1981-08-18,Ghanaian,Artisan,+233294745736,michael.owusu9931@example.test,2024-12-24 17:52:30.000
AN-C000934,Adwoa,Amoah,1992-11-23,Ghanaian,Teacher,+233276532580,adwoa.amoah8432@example.test,2023-03-08 16:09:42.000
AN-C000935,Grace,Arthur,1974-10-22,Ghanaian,Trader,+233406268483,grace.arthur234@example.test,2023-05-23 10:25:55.000
AN-C000936,Fiifi,Arthur,1998-04-03,Ghanaian,Student,+233306573802,fiifi.arthur6601@example.test,2023-12-02 10:49:57.000
AN-C000937,Esi,Owusu,1963-03-28,Ghanaian,Teacher,+233457824670,esi.owusu2681@example.test,2023-01-16 18:58:50.000
AN-C000938,Mavis,Boateng,1981-08-20,Ghanaian,Artisan,+233283054036,mavis.boateng1843@example.test,2024-02-11 09:35:36.000
AN-C000939,Efua,Osei,1975-11-14,Ghanaian,Public Servant,+233585456581,efua.osei1905@example.test,2024-07-19 08:59:41.000
AN-C000940,Kwame,Amoah,1960-01-11,Ghanaian,Teacher,+233402380836,kwame.amoah123@example.test,2023-11-29 08:52:37.000
AN-C000941,Yaw,Agyeman,1986-12-14,Ghanaian,Driver,+233354390779,yaw.agyeman2121@example.test,2025-03-04 16:01:28.000
AN-C000942,Nana,Owusu,1990-07-08,Ghanaian,Driver,+233564888663,nana.owusu20@example.test,2024-07-01 18:12:44.000
AN-C000943,Ama,Adjei,1966-02-16,Ghanaian,Farmer,+233226000313,ama.adjei9804@example.test,2025-05-28 08:14:47.000
AN-C000944,Esi,Quaye,1990-07-09,Ghanaian,Farmer,+233275875477,esi.quaye6235@example.test,2023-12-12 18:13:11.000
AN-C000945,Samuel,Arthur,1979-12-28,Ghanaian,Driver,+233389645848,samuel.arthur3668@example.test,2024-01-24 12:11:55.000
AN-C000946,Daniel,Agyeman,1991-10-19,Ghanaian,Student,+233287882210,daniel.agyeman4723@example.test,2023-11-01 08:31:27.000
AN-C000947,Emmanuel,Amoah,1989-07-28,Ghanaian,Artisan,+233447617559,emmanuel.amoah4472@example.test,2023-10-30 18:18:36.000
AN-C000948,Michael,Boateng,1990-08-11,Ghanaian,Driver,+233374740151,michael.boateng8496@example.test,2025-03-24 18:45:27.000
AN-C000949,Adwoa,Arthur,1991-11-24,Ghanaian,Trader,+233315916209,adwoa.arthur9874@example.test,2024-09-08 08:45:34.000
AN-C000950,Kwadwo,Osei,1973-01-28,Ghanaian,Other,+233509354096,kwadwo.osei8661@example.test,2025-03-27 14:15:03.000
AN-C000951,Kwadwo,Darko,1968-09-19,Ghanaian,Farmer,+233368193718,kwadwo.darko6686@example.test,2024-12-21 18:20:41.000
AN-C000952,Afia,Amoah,1977-03-18,Ghanaian,Other,+233438769184,afia.amoah5515@example.test,2024-04-17 18:05:56.000
AN-C000953,Yaa,Boateng,1975-05-21,Ghanaian,Professional,+233263410606,yaa.boateng3308@example.test,2024-11-07 09:31:36.000
AN-C000954,Kwabena,Boateng,2002-11-09,Ghanaian,Teacher,+233299253064,kwabena.boateng297@example.test,2023-06-15 17:47:29.000
AN-C000955,Mavis,Agyeman,1980-04-07,Ghanaian,Teacher,+233226121494,mavis.agyeman1980@example.test,2024-10-09 11:22:19.000
AN-C000956,Kofi,Darko,1973-11-27,Ghanaian,Professional,+233570644247,kofi.darko7746@example.test,2023-02-14 12:32:51.000
AN-C000957,Michael,Amoah,1999-02-28,Ghanaian,Student,+233409512495,michael.amoah1206@example.test,2025-03-07 16:27:09.000
AN-C000958,Kwadwo,Owusu,1989-07-14,Ghanaian,Professional,+233576971583,kwadwo.owusu5535@example.test,2024-01-02 12:41:04.000
AN-C000959,Kwadwo,Mensah,1995-08-16,Ghanaian,Driver,+233294575705,kwadwo.mensah9529@example.test,2024-06-15 12:09:40.000
AN-C000960,Akosua,Asare,1995-03-18,Ghanaian,Public Servant,+233320537929,akosua.asare8289@example.test,2023-02-11 16:31:57.000
AN-C000961,Kojo,Owusu,1983-10-21,Ghanaian,Artisan,+233374137524,kojo.owusu5514@example.test,2023-07-20 08:42:03.000
AN-C000962,Michael,Amoah,1963-10-06,Ghanaian,Public Servant,+233412489818,michael.amoah5689@example.test,2025-05-10 09:04:22.000
AN-C000963,Kwadwo,Owusu,1993-03-04,Ghanaian,Health Worker,+233356234141,kwadwo.owusu1034@example.test,2024-08-02 10:19:12.000
AN-C000964,Mavis,Darko,1963-11-24,Ghanaian,Farmer,+233361929682,mavis.darko1885@example.test,2025-03-22 18:54:18.000
AN-C000965,Mavis,Mensah,1968-03-14,Ghanaian,Teacher,+233338455803,mavis.mensah8025@example.test,2023-03-11 13:18:54.000
AN-C000966,Mavis,Darko,1988-07-24,Ghanaian,Artisan,+233509524588,mavis.darko6378@example.test,2025-05-26 17:11:45.000
AN-C000967,Kofi,Arthur,1977-11-11,Ghanaian,Self Employed,+233350411894,kofi.arthur8505@example.test,2023-03-15 11:00:14.000
AN-C000968,Daniel,Appiah,1996-06-15,Ghanaian,Trader,+233399324945,daniel.appiah3155@example.test,2023-01-26 12:46:21.000
AN-C000969,Kofi,Osei,1961-03-22,Ghanaian,Health Worker,+233462712523,kofi.osei1031@example.test,2023-05-10 14:53:04.000
AN-C000970,Akosua,Amoah,1990-02-06,Ghanaian,Artisan,+233513691225,akosua.amoah9269@example.test,2024-05-11 08:19:56.000
AN-C000971,Angela,Mensah,1989-03-02,Ghanaian,Teacher,+233274524767,angela.mensah7301@example.test,2024-04-13 18:58:22.000
AN-C000972,Kwame,Darko,1965-03-14,Ghanaian,Public Servant,+233254234677,kwame.darko9302@example.test,2024-01-21 10:15:32.000
AN-C000973,Emmanuel,Amoah,1983-01-17,Ghanaian,Driver,+233465946758,emmanuel.amoah8712@example.test,2023-12-13 16:56:21.000
AN-C000974,Kwadwo,Agyeman,1990-04-13,Ghanaian,Health Worker,+233366008065,kwadwo.agyeman8297@example.test,2024-07-29 16:39:05.000
AN-C000975,Michael,Boateng,1970-01-03,Ghanaian,Other,+233516694851,michael.boateng9972@example.test,2024-03-09 18:33:45.000
AN-C000976,Fiifi,Appiah,1989-06-15,Ghanaian,Public Servant,+233273794692,fiifi.appiah3370@example.test,2024-07-14 18:02:21.000
AN-C000977,Samuel,Mensah,1972-02-16,Ghanaian,Public Servant,+233328867245,samuel.mensah3240@example.test,2023-03-21 10:24:32.000
AN-C000978,Kojo,Arthur,1977-03-14,Ghanaian,Other,+233527787481,kojo.arthur1796@example.test,2023-08-20 14:09:56.000
AN-C000979,Kwabena,Amoah,1988-08-14,Ghanaian,Professional,+233406391535,kwabena.amoah4602@example.test,2024-07-14 08:47:32.000
AN-C000980,Angela,Osei,1994-04-08,Ghanaian,Health Worker,+233315705174,angela.osei1179@example.test,2024-03-01 13:11:12.000
AN-C000981,Ama,Agyeman,1967-08-14,Ghanaian,Other,+233250146305,ama.agyeman3725@example.test,2023-07-20 09:20:25.000
AN-C000982,Samuel,Mensah,2001-11-12,Ghanaian,Health Worker,+233490281673,samuel.mensah3094@example.test,2023-06-07 14:43:29.000
AN-C000983,Mavis,Osei,1991-02-15,Ghanaian,Trader,+233499267767,mavis.osei9092@example.test,2024-07-22 12:03:10.000
AN-C000984,Emmanuel,Appiah,1994-05-08,Ghanaian,Student,+233568123953,emmanuel.appiah9418@example.test,2023-07-24 11:57:23.000
AN-C000985,Mary,Asare,1997-12-13,Ghanaian,Student,+233563499139,mary.asare4314@example.test,2025-05-31 09:19:27.000
AN-C000986,Michael,Osei,1998-09-21,Ghanaian,Health Worker,+233201480617,michael.osei6128@example.test,2023-04-05 15:09:46.000
AN-C000987,Kwabena,Boateng,1989-03-13,Ghanaian,Driver,+233533696559,kwabena.boateng4287@example.test,2023-08-04 18:52:15.000
AN-C000988,Daniel,Appiah,1971-11-21,Ghanaian,Teacher,+233235884323,daniel.appiah9596@example.test,2025-06-16 08:29:20.000
AN-C000989,Grace,Mensah,1960-01-20,Ghanaian,Artisan,+233223766812,grace.mensah8329@example.test,2023-02-07 08:42:25.000
AN-C000990,Yaw,Agyeman,1970-06-24,Ghanaian,Public Servant,+233465679519,yaw.agyeman5600@example.test,2024-01-02 14:57:48.000
AN-C000991,Nana,Mensah,1980-09-22,Ghanaian,Professional,+233220002336,nana.mensah4623@example.test,2024-12-08 10:34:06.000
AN-C000992,Mary,Mensah,1997-06-01,Ghanaian,Artisan,+233221164951,mary.mensah6274@example.test,2024-03-17 14:46:05.000
AN-C000993,Afia,Owusu,1964-02-25,Ghanaian,Student,+233435252015,afia.owusu5408@example.test,2024-06-29 12:33:55.000
AN-C000994,Angela,Quaye,1987-04-19,Ghanaian,Driver,+233430771031,angela.quaye411@example.test,2023-07-19 13:36:00.000
AN-C000995,Esi,Owusu,1960-01-06,Ghanaian,Other,+233549416690,esi.owusu5795@example.test,2023-11-28 11:20:19.000
AN-C000996,Samuel,Amoah,1981-10-14,Ghanaian,Professional,+233464236632,samuel.amoah8207@example.test,2024-12-24 14:36:58.000
AN-C000997,Yaa,Owusu,1999-03-07,Ghanaian,Teacher,+233260707732,yaa.owusu6239@example.test,2023-11-22 18:20:48.000
AN-C000998,Abena,Appiah,1980-03-17,Ghanaian,Teacher,+233587094523,abena.appiah5708@example.test,2024-10-09 15:45:27.000
AN-C000999,Kojo,Agyeman,1971-11-10,Ghanaian,Public Servant,+233345665410,kojo.agyeman5524@example.test,2025-06-04 08:01:57.000
AN-C001000,Yaw,Owusu,1963-09-01,Ghanaian,Other,+233515258378,yaw.owusu1352@example.test,2023-07-04 14:37:35.000
AN-C001001,Yaw,Quaye,1973-03-08,Ghanaian,Professional,+233484782264,yaw.quaye2052@example.test,2023-12-16 13:12:41.000
AN-C001002,Adwoa,Osei,1968-12-12,Ghanaian,Student,+233230858216,adwoa.osei5239@example.test,2023-10-26 10:44:28.000
AN-C001003,Grace,Arthur,1964-10-18,Ghanaian,Trader,+233449146014,grace.arthur4145@example.test,2025-01-25 16:08:22.000
AN-C001004,Afia,Osei,1965-01-02,Ghanaian,Trader,+233322980895,afia.osei3081@example.test,2024-06-15 16:53:35.000
AN-C001005,Esi,Amoah,1984-05-25,Ghanaian,Teacher,+233339813816,esi.amoah8919@example.test,2023-04-12 11:25:40.000
AN-C001006,Nana,Adjei,1992-07-02,Ghanaian,Health Worker,+233294175774,nana.adjei3701@example.test,2024-11-17 11:38:41.000
AN-C001007,Esi,Osei,1970-04-28,Ghanaian,Teacher,+233334475562,esi.osei4959@example.test,2025-06-18 13:49:39.000
AN-C001008,Kojo,Owusu,1997-04-21,Ghanaian,Artisan,+233248723761,kojo.owusu1118@example.test,2025-04-29 12:18:14.000
AN-C001009,Kwame,Boateng,1990-12-06,Ghanaian,Student,+233308611725,kwame.boateng6640@example.test,2024-02-20 10:24:19.000
AN-C001010,Ama,Amoah,1978-08-18,Ghanaian,Self Employed,+233443021047,ama.amoah399@example.test,2023-02-10 12:32:29.000
AN-C001011,Mary,Darko,1990-05-12,Ghanaian,Trader,+233249579725,mary.darko6474@example.test,2025-02-20 12:35:32.000
AN-C001012,Michael,Mensah,1976-05-13,Ghanaian,Teacher,+233501052632,michael.mensah8844@example.test,2023-08-17 16:24:27.000
AN-C001013,Akosua,Osei,1982-06-10,Ghanaian,Teacher,+233257264755,akosua.osei3440@example.test,2025-05-21 13:28:27.000
AN-C001014,Michael,Darko,1978-07-14,Ghanaian,Driver,+233276136956,michael.darko78@example.test,2024-04-12 09:27:28.000
AN-C001015,Fiifi,Owusu,1967-05-24,Ghanaian,Student,+233425401138,fiifi.owusu966@example.test,2024-09-08 15:19:36.000
AN-C001016,Kwabena,Agyeman,1995-02-12,Ghanaian,Trader,+233462146441,kwabena.agyeman9440@example.test,2024-01-08 10:13:43.000
AN-C001017,Esi,Mensah,1976-08-05,Ghanaian,Health Worker,+233253097021,esi.mensah2323@example.test,2024-06-02 17:58:13.000
AN-C001018,Michael,Owusu,1980-10-14,Ghanaian,Teacher,+233341248029,michael.owusu1415@example.test,2025-04-03 16:11:44.000
AN-C001019,Afia,Quaye,1989-10-25,Ghanaian,Self Employed,+233416670367,afia.quaye3829@example.test,2023-03-20 12:22:33.000
AN-C001020,Ama,Agyeman,1991-05-02,Ghanaian,Other,+233361270246,ama.agyeman1906@example.test,2023-07-31 08:43:53.000
AN-C001021,Nana,Owusu,1973-11-17,Ghanaian,Public Servant,+233233276551,nana.owusu5500@example.test,2023-07-24 15:45:19.000
AN-C001022,Adwoa,Amoah,1990-10-27,Ghanaian,Trader,+233420894161,adwoa.amoah3571@example.test,2023-02-24 18:35:02.000
AN-C001023,Kwame,Boateng,1969-03-22,Ghanaian,Health Worker,+233465741454,kwame.boateng5322@example.test,2025-04-27 08:48:34.000
AN-C001024,Yaa,Owusu,1972-04-27,Ghanaian,Student,+233539780485,yaa.owusu4794@example.test,2024-07-31 13:46:13.000
AN-C001025,Nana,Mensah,1994-10-23,Ghanaian,Artisan,+233536539088,nana.mensah7072@example.test,2023-05-27 08:44:38.000
AN-C001026,Grace,Mensah,1963-06-13,Ghanaian,Driver,+233222611099,grace.mensah4963@example.test,2023-10-15 18:15:32.000
AN-C001027,Esi,Quaye,1973-07-25,Ghanaian,Student,+233495800812,esi.quaye6580@example.test,2023-07-10 10:53:40.000
AN-C001028,Esi,Boateng,1988-04-07,Ghanaian,Farmer,+233273038175,esi.boateng6052@example.test,2024-12-22 08:00:25.000
AN-C001029,Efua,Amoah,1993-03-18,Ghanaian,Farmer,+233287446336,efua.amoah3858@example.test,2025-01-14 12:22:01.000
AN-C001030,Adwoa,Mensah,1973-03-15,Ghanaian,Self Employed,+233396702584,adwoa.mensah1182@example.test,2024-04-04 14:51:37.000
AN-C001031,Kwame,Boateng,1971-02-17,Ghanaian,Trader,+233496655485,kwame.boateng9745@example.test,2024-07-14 12:59:43.000
AN-C001032,Daniel,Adjei,1965-09-10,Ghanaian,Trader,+233593076715,daniel.adjei9972@example.test,2023-10-17 10:08:46.000
AN-C001033,Efua,Mensah,1972-08-18,Ghanaian,Trader,+233592734143,efua.mensah3407@example.test,2024-08-16 18:59:49.000
AN-C001034,Kwame,Arthur,2004-10-11,Ghanaian,Other,+233587374097,kwame.arthur416@example.test,2025-02-22 13:43:18.000
AN-C001035,Kwame,Agyeman,2000-08-17,Ghanaian,Trader,+233305140210,kwame.agyeman3622@example.test,2024-10-01 14:13:33.000
AN-C001036,Grace,Amoah,1962-11-27,Ghanaian,Self Employed,+233499668093,grace.amoah4817@example.test,2023-02-09 14:33:18.000
AN-C001037,Esi,Darko,2004-02-05,Ghanaian,Driver,+233271582182,esi.darko4836@example.test,2024-03-15 14:57:53.000
AN-C001038,Angela,Boateng,1970-10-14,Ghanaian,Public Servant,+233478263567,angela.boateng664@example.test,2024-09-23 11:17:33.000
AN-C001039,Adwoa,Amoah,1977-09-28,Ghanaian,Trader,+233408529141,adwoa.amoah6279@example.test,2024-04-30 15:16:51.000
AN-C001040,Kwadwo,Owusu,1996-11-15,Ghanaian,Self Employed,+233355431889,kwadwo.owusu8227@example.test,2024-01-09 08:23:52.000
AN-C001041,Mavis,Owusu,1982-03-05,Ghanaian,Trader,+233281119988,mavis.owusu3654@example.test,2023-06-28 17:51:02.000
AN-C001042,Abena,Quaye,1974-03-26,Ghanaian,Driver,+233247466891,abena.quaye8684@example.test,2024-09-19 18:06:34.000
AN-C001043,Mavis,Darko,1991-10-07,Ghanaian,Driver,+233310623791,mavis.darko5044@example.test,2023-05-17 14:38:37.000
AN-C001044,Kwadwo,Osei,2004-08-22,Ghanaian,Public Servant,+233248455077,kwadwo.osei4772@example.test,2025-02-22 16:53:39.000
AN-C001045,Yaw,Osei,1964-01-25,Ghanaian,Driver,+233582290670,yaw.osei9046@example.test,2025-05-14 16:36:28.000
AN-C001046,Efua,Appiah,2001-05-03,Ghanaian,Health Worker,+233200378151,efua.appiah3955@example.test,2024-07-20 16:38:02.000
AN-C001047,Fiifi,Arthur,1997-03-20,Ghanaian,Teacher,+233244735338,fiifi.arthur7244@example.test,2025-01-10 14:00:06.000
AN-C001048,Esi,Appiah,1987-08-12,Ghanaian,Trader,+233410877181,esi.appiah9276@example.test,2025-01-12 17:25:26.000
AN-C001049,Adwoa,Appiah,1967-09-17,Ghanaian,Teacher,+233247495273,adwoa.appiah2123@example.test,2025-02-26 18:34:02.000
AN-C001050,Mary,Darko,1981-12-10,Ghanaian,Farmer,+233321527166,mary.darko4060@example.test,2025-01-25 15:17:40.000
AN-C001051,Kofi,Agyeman,1989-05-27,Ghanaian,Driver,+233307109651,kofi.agyeman477@example.test,2023-09-05 11:12:22.000
AN-C001052,Angela,Amoah,1978-03-06,Ghanaian,Professional,+233261256716,angela.amoah4413@example.test,2023-02-02 13:48:14.000
AN-C001053,Abena,Quaye,1974-11-27,Ghanaian,Teacher,+233357941707,abena.quaye5260@example.test,2025-04-21 12:28:13.000
AN-C001054,Mavis,Boateng,1976-11-18,Ghanaian,Artisan,+233462508856,mavis.boateng1960@example.test,2024-07-01 15:27:15.000
AN-C001055,Kofi,Asare,1974-04-03,Ghanaian,Student,+233292640256,kofi.asare5003@example.test,2025-03-30 17:03:38.000
AN-C001056,Abena,Owusu,1971-04-28,Ghanaian,Trader,+233298393205,abena.owusu153@example.test,2023-02-12 10:53:48.000
AN-C001057,Emmanuel,Quaye,1963-01-14,Ghanaian,Public Servant,+233574149441,emmanuel.quaye8217@example.test,2024-03-12 12:17:10.000
AN-C001058,Fiifi,Arthur,1969-04-18,Ghanaian,Driver,+233240728811,fiifi.arthur8110@example.test,2023-08-17 17:37:27.000
AN-C001059,Kwame,Amoah,1968-05-28,Ghanaian,Health Worker,+233372802686,kwame.amoah7128@example.test,2024-04-20 12:02:28.000
AN-C001060,Mary,Appiah,1963-02-08,Ghanaian,Driver,+233309951777,mary.appiah2855@example.test,2024-12-04 08:21:04.000
AN-C001061,Emmanuel,Amoah,2004-11-11,Ghanaian,Public Servant,+233541812834,emmanuel.amoah4155@example.test,2025-04-03 11:18:22.000
AN-C001062,Fiifi,Appiah,1968-01-22,Ghanaian,Professional,+233475132350,fiifi.appiah8479@example.test,2025-05-25 10:43:54.000
AN-C001063,Kwabena,Arthur,1999-12-08,Ghanaian,Student,+233537273269,kwabena.arthur8566@example.test,2023-04-16 09:28:58.000
AN-C001064,Kojo,Darko,1963-12-25,Ghanaian,Student,+233484029599,kojo.darko682@example.test,2023-11-26 14:04:19.000
AN-C001065,Emmanuel,Arthur,1980-03-26,Ghanaian,Self Employed,+233214458730,emmanuel.arthur9080@example.test,2023-02-09 15:34:32.000
AN-C001066,Akosua,Arthur,1981-05-10,Ghanaian,Public Servant,+233559393125,akosua.arthur2819@example.test,2023-10-18 08:34:18.000
AN-C001067,Kojo,Asare,1975-12-08,Ghanaian,Farmer,+233233180684,kojo.asare8713@example.test,2025-01-19 08:07:11.000
AN-C001068,Angela,Amoah,1972-05-15,Ghanaian,Other,+233567836577,angela.amoah6635@example.test,2023-07-19 11:19:06.000
AN-C001069,Kojo,Quaye,1966-06-16,Ghanaian,Other,+233268917053,kojo.quaye3633@example.test,2023-06-24 15:25:20.000
AN-C001070,Kwame,Darko,2002-01-02,Ghanaian,Trader,+233553650437,kwame.darko2967@example.test,2023-05-22 14:25:38.000
AN-C001071,Esi,Arthur,1989-12-16,Ghanaian,Health Worker,+233563122255,esi.arthur5644@example.test,2024-09-17 12:01:47.000
AN-C001072,Abena,Darko,1979-09-26,Ghanaian,Teacher,+233444799387,abena.darko5413@example.test,2024-04-11 10:22:41.000
AN-C001073,Kojo,Osei,1979-10-28,Ghanaian,Self Employed,+233559667269,kojo.osei1538@example.test,2023-12-16 12:21:30.000
AN-C001074,Mary,Appiah,1970-07-03,Ghanaian,Health Worker,+233471596773,mary.appiah1149@example.test,2024-07-04 14:29:09.000
AN-C001075,Kwabena,Agyeman,1986-04-10,Ghanaian,Health Worker,+233364202166,kwabena.agyeman4188@example.test,2024-10-09 17:37:54.000
AN-C001076,Kojo,Arthur,1993-04-09,Ghanaian,Professional,+233259369064,kojo.arthur9448@example.test,2024-05-12 15:34:06.000
AN-C001077,Michael,Amoah,1965-01-02,Ghanaian,Driver,+233267524240,michael.amoah7448@example.test,2024-10-04 12:18:02.000
AN-C001078,Abena,Quaye,1979-09-06,Ghanaian,Driver,+233353047902,abena.quaye4089@example.test,2023-10-22 13:53:39.000
AN-C001079,Efua,Quaye,2004-04-14,Ghanaian,Self Employed,+233526630645,efua.quaye6353@example.test,2024-03-17 12:26:59.000
AN-C001080,Kofi,Darko,1971-08-07,Ghanaian,Teacher,+233218728952,kofi.darko2913@example.test,2025-05-15 14:44:56.000
AN-C001081,Efua,Quaye,1991-11-14,Ghanaian,Trader,+233508953911,efua.quaye9344@example.test,2023-01-28 09:47:04.000
AN-C001082,Nana,Amoah,1971-06-09,Ghanaian,Trader,+233245784325,nana.amoah8679@example.test,2024-10-03 15:37:06.000
AN-C001083,Abena,Arthur,1960-05-16,Ghanaian,Other,+233466056252,abena.arthur3347@example.test,2023-08-03 08:10:37.000
AN-C001084,Kwame,Quaye,1990-11-15,Ghanaian,Self Employed,+233535575952,kwame.quaye4392@example.test,2023-02-28 14:52:11.000
AN-C001085,Kwame,Asare,1982-10-25,Ghanaian,Teacher,+233466535497,kwame.asare7190@example.test,2025-04-03 16:52:59.000
AN-C001086,Kwadwo,Mensah,1968-08-06,Ghanaian,Trader,+233318254983,kwadwo.mensah1885@example.test,2023-08-18 09:47:18.000
AN-C001087,Kwadwo,Appiah,1969-10-22,Ghanaian,Driver,+233212246698,kwadwo.appiah7283@example.test,2023-06-15 15:45:58.000
AN-C001088,Afia,Osei,1978-09-19,Ghanaian,Driver,+233441391591,afia.osei5063@example.test,2023-01-15 15:41:55.000
AN-C001089,Akosua,Appiah,1970-01-07,Ghanaian,Student,+233459075086,akosua.appiah1808@example.test,2024-05-14 16:42:07.000
AN-C001090,Efua,Mensah,1981-07-17,Ghanaian,Artisan,+233487901557,efua.mensah3285@example.test,2023-11-12 18:08:20.000
AN-C001091,Yaw,Arthur,1981-10-08,Ghanaian,Artisan,+233558447240,yaw.arthur185@example.test,2023-06-17 12:32:10.000
AN-C001092,Samuel,Boateng,1995-08-25,Ghanaian,Other,+233381649756,samuel.boateng3223@example.test,2024-08-29 12:15:00.000
AN-C001093,Akosua,Agyeman,1962-01-05,Ghanaian,Self Employed,+233383801023,akosua.agyeman8331@example.test,2023-08-20 15:51:28.000
AN-C001094,Esi,Asare,1990-03-19,Ghanaian,Self Employed,+233379164679,esi.asare8064@example.test,2024-03-25 17:35:09.000
AN-C001095,Afia,Darko,1969-02-12,Ghanaian,Other,+233559871272,afia.darko6633@example.test,2023-08-26 13:00:31.000
AN-C001096,Grace,Adjei,1979-05-18,Ghanaian,Artisan,+233342931795,grace.adjei8629@example.test,2023-07-12 11:00:35.000
AN-C001097,Kwame,Agyeman,1968-07-12,Ghanaian,Health Worker,+233270312893,kwame.agyeman8653@example.test,2023-05-07 10:10:46.000
AN-C001098,Mavis,Mensah,1994-09-26,Ghanaian,Artisan,+233443151184,mavis.mensah3812@example.test,2024-01-28 18:28:39.000
AN-C001099,Abena,Arthur,1972-02-15,Ghanaian,Driver,+233569633334,abena.arthur9966@example.test,2023-04-29 10:20:09.000
AN-C001100,Fiifi,Mensah,1997-10-22,Ghanaian,Public Servant,+233309611222,fiifi.mensah9961@example.test,2023-07-09 13:43:34.000
AN-C001101,Kwadwo,Amoah,1979-06-03,Ghanaian,Student,+233552304288,kwadwo.amoah3537@example.test,2023-08-16 11:52:44.000
AN-C001102,Kofi,Darko,1992-09-05,Ghanaian,Artisan,+233440880047,kofi.darko5653@example.test,2025-06-12 10:15:14.000
AN-C001103,Angela,Mensah,1964-04-25,Ghanaian,Public Servant,+233317367672,angela.mensah3724@example.test,2023-10-19 11:17:05.000
AN-C001104,Samuel,Arthur,1989-08-25,Ghanaian,Trader,+233241293648,samuel.arthur8164@example.test,2025-01-30 11:39:38.000
AN-C001105,Daniel,Osei,1981-08-13,Ghanaian,Farmer,+233406486894,daniel.osei6292@example.test,2024-04-01 10:13:10.000
AN-C001106,Esi,Osei,1981-11-13,Ghanaian,Student,+233336434776,esi.osei2797@example.test,2024-11-29 18:14:39.000
AN-C001107,Yaa,Boateng,2003-01-02,Ghanaian,Health Worker,+233330468329,yaa.boateng4713@example.test,2023-09-16 10:14:20.000
AN-C001108,Grace,Darko,1963-07-02,Ghanaian,Health Worker,+233352793267,grace.darko4586@example.test,2024-02-23 11:33:48.000
AN-C001109,Mavis,Asare,1963-06-12,Ghanaian,Driver,+233221118270,mavis.asare6823@example.test,2024-05-12 11:52:08.000
AN-C001110,Kwame,Osei,1989-02-25,Ghanaian,Other,+233416695147,kwame.osei136@example.test,2024-05-07 09:44:17.000
AN-C001111,Fiifi,Owusu,1982-09-17,Ghanaian,Farmer,+233201818240,fiifi.owusu5635@example.test,2024-03-31 17:15:57.000
AN-C001112,Fiifi,Arthur,2003-09-24,Ghanaian,Health Worker,+233406618931,fiifi.arthur6060@example.test,2023-03-29 09:22:26.000
AN-C001113,Efua,Boateng,1962-06-07,Ghanaian,Trader,+233409051913,efua.boateng3550@example.test,2024-09-09 08:50:20.000
AN-C001114,Kojo,Appiah,1993-12-07,Ghanaian,Other,+233295286074,kojo.appiah5241@example.test,2025-02-06 18:06:32.000
AN-C001115,Kwadwo,Adjei,2000-03-07,Ghanaian,Public Servant,+233583263327,kwadwo.adjei3484@example.test,2025-01-03 15:27:49.000
AN-C001116,Mavis,Boateng,1987-09-07,Ghanaian,Artisan,+233446911900,mavis.boateng2435@example.test,2025-01-01 11:03:09.000
AN-C001117,Adwoa,Asare,1980-01-07,Ghanaian,Teacher,+233568405900,adwoa.asare3109@example.test,2024-08-22 17:28:17.000
AN-C001118,Angela,Adjei,1963-12-11,Ghanaian,Farmer,+233346443036,angela.adjei9765@example.test,2024-06-10 18:02:57.000
AN-C001119,Kojo,Boateng,1976-09-16,Ghanaian,Artisan,+233489099498,kojo.boateng1525@example.test,2024-05-16 11:22:05.000
AN-C001120,Kwadwo,Arthur,1992-06-02,Ghanaian,Professional,+233354061960,kwadwo.arthur8012@example.test,2024-10-01 16:24:27.000
AN-C001121,Ama,Amoah,1999-06-11,Ghanaian,Professional,+233288743373,ama.amoah2410@example.test,2024-12-26 09:34:05.000
AN-C001122,Mavis,Quaye,1995-09-06,Ghanaian,Farmer,+233558423109,mavis.quaye6081@example.test,2024-04-12 11:41:28.000
AN-C001123,Daniel,Amoah,1967-01-17,Ghanaian,Self Employed,+233511553616,daniel.amoah2277@example.test,2024-11-18 15:06:22.000
AN-C001124,Abena,Quaye,1980-08-22,Ghanaian,Trader,+233408461288,abena.quaye6133@example.test,2024-03-01 14:15:39.000
AN-C001125,Nana,Asare,1987-12-21,Ghanaian,Driver,+233521762485,nana.asare9222@example.test,2023-12-22 18:47:51.000
AN-C001126,Efua,Quaye,1983-06-15,Ghanaian,Student,+233513380265,efua.quaye1896@example.test,2025-05-11 14:54:37.000
AN-C001127,Yaa,Quaye,1985-11-21,Ghanaian,Health Worker,+233435340117,yaa.quaye1797@example.test,2023-11-24 14:15:44.000
AN-C001128,Angela,Quaye,1990-10-08,Ghanaian,Trader,+233555909594,angela.quaye5150@example.test,2024-06-03 13:29:38.000
AN-C001129,Esi,Owusu,1972-04-10,Ghanaian,Teacher,+233232548873,esi.owusu2734@example.test,2024-07-02 18:17:50.000
AN-C001130,Michael,Arthur,1971-01-18,Ghanaian,Artisan,+233340558374,michael.arthur5760@example.test,2025-04-15 16:47:38.000
AN-C001131,Kwadwo,Darko,1992-09-05,Ghanaian,Professional,+233237859959,kwadwo.darko3721@example.test,2023-12-27 13:35:16.000
AN-C001132,Yaw,Quaye,2004-05-11,Ghanaian,Student,+233220963532,yaw.quaye2252@example.test,2023-12-23 18:58:33.000
AN-C001133,Kwadwo,Owusu,1986-02-20,Ghanaian,Self Employed,+233572817524,kwadwo.owusu1647@example.test,2023-08-05 14:03:19.000
AN-C001134,Esi,Agyeman,1994-06-12,Ghanaian,Driver,+233560612686,esi.agyeman5867@example.test,2023-09-09 18:00:14.000
AN-C001135,Akosua,Arthur,1966-03-06,Ghanaian,Driver,+233520217975,akosua.arthur8797@example.test,2025-04-20 16:29:19.000
AN-C001136,Adwoa,Owusu,2000-08-21,Ghanaian,Trader,+233458700748,adwoa.owusu6460@example.test,2024-04-07 18:10:16.000
AN-C001137,Abena,Mensah,2001-01-18,Ghanaian,Professional,+233353924387,abena.mensah8139@example.test,2024-01-21 11:06:14.000
AN-C001138,Kofi,Asare,1993-01-11,Ghanaian,Other,+233489931896,kofi.asare712@example.test,2023-01-04 18:12:20.000
AN-C001139,Kwame,Adjei,1998-01-24,Ghanaian,Public Servant,+233297153130,kwame.adjei1276@example.test,2024-09-15 11:09:01.000
AN-C001140,Grace,Owusu,1994-06-25,Ghanaian,Driver,+233245866746,grace.owusu5470@example.test,2025-01-10 12:58:56.000
AN-C001141,Abena,Appiah,1975-02-18,Ghanaian,Other,+233487934613,abena.appiah9623@example.test,2023-03-03 11:58:11.000
AN-C001142,Daniel,Osei,1987-07-22,Ghanaian,Trader,+233584741705,daniel.osei6105@example.test,2025-06-07 11:35:16.000
AN-C001143,Abena,Owusu,1967-05-18,Ghanaian,Health Worker,+233345911981,abena.owusu2536@example.test,2024-02-14 12:48:12.000
AN-C001144,Esi,Darko,1973-01-10,Ghanaian,Teacher,+233277089355,esi.darko5077@example.test,2024-09-26 10:12:40.000
AN-C001145,Kofi,Quaye,1988-09-05,Ghanaian,Other,+233345382916,kofi.quaye6240@example.test,2025-01-15 11:08:03.000
AN-C001146,Kofi,Boateng,1978-12-08,Ghanaian,Trader,+233276686895,kofi.boateng4055@example.test,2023-07-21 08:14:16.000
AN-C001147,Kwadwo,Quaye,1993-03-18,Ghanaian,Teacher,+233440761830,kwadwo.quaye2497@example.test,2024-04-17 11:14:14.000
AN-C001148,Kwadwo,Owusu,1972-10-08,Ghanaian,Health Worker,+233399109382,kwadwo.owusu9376@example.test,2025-05-16 15:45:15.000
AN-C001149,Yaa,Adjei,1985-09-10,Ghanaian,Student,+233401204937,yaa.adjei2547@example.test,2023-12-18 09:50:57.000
AN-C001150,Efua,Agyeman,1963-09-25,Ghanaian,Student,+233474284833,efua.agyeman5030@example.test,2024-12-25 14:13:50.000
AN-C001151,Kwadwo,Adjei,1987-02-17,Ghanaian,Health Worker,+233373956465,kwadwo.adjei7067@example.test,2023-07-15 12:09:30.000
AN-C001152,Ama,Owusu,1996-05-28,Ghanaian,Teacher,+233268628888,ama.owusu2569@example.test,2025-04-29 18:59:46.000
AN-C001153,Kwadwo,Arthur,1979-05-11,Ghanaian,Student,+233292576971,kwadwo.arthur7910@example.test,2024-02-16 15:25:14.000
AN-C001154,Mavis,Adjei,1984-11-28,Ghanaian,Health Worker,+233327586239,mavis.adjei208@example.test,2023-08-20 13:58:59.000
AN-C001155,Michael,Asare,1966-07-07,Ghanaian,Professional,+233251249171,michael.asare6726@example.test,2023-10-03 16:56:52.000
AN-C001156,Kwame,Mensah,1983-04-02,Ghanaian,Professional,+233280712806,kwame.mensah3658@example.test,2025-06-10 09:34:29.000
AN-C001157,Mary,Amoah,1965-09-20,Ghanaian,Farmer,+233274125648,mary.amoah7003@example.test,2024-08-11 13:19:51.000
AN-C001158,Kojo,Boateng,2002-05-26,Ghanaian,Student,+233485754848,kojo.boateng2241@example.test,2024-05-13 12:11:33.000
AN-C001159,Grace,Asare,1972-08-11,Ghanaian,Driver,+233396946660,grace.asare9327@example.test,2024-07-30 14:36:56.000
AN-C001160,Efua,Arthur,1980-10-19,Ghanaian,Student,+233250651183,efua.arthur55@example.test,2023-12-19 08:15:56.000
AN-C001161,Efua,Appiah,1973-04-17,Ghanaian,Teacher,+233334632422,efua.appiah9709@example.test,2025-02-04 09:02:50.000
AN-C001162,Yaw,Owusu,1993-01-22,Ghanaian,Farmer,+233295607844,yaw.owusu6645@example.test,2024-04-15 14:43:30.000
AN-C001163,Daniel,Arthur,2003-12-23,Ghanaian,Farmer,+233242310479,daniel.arthur928@example.test,2023-11-27 13:15:13.000
AN-C001164,Efua,Owusu,1978-11-06,Ghanaian,Professional,+233273022799,efua.owusu4971@example.test,2024-11-21 18:28:59.000
AN-C001165,Adwoa,Appiah,1990-04-28,Ghanaian,Professional,+233410111631,adwoa.appiah1128@example.test,2023-07-26 14:21:41.000
AN-C001166,Yaw,Asare,1971-06-02,Ghanaian,Teacher,+233292469394,yaw.asare1445@example.test,2024-04-21 14:42:29.000
AN-C001167,Yaw,Owusu,1986-09-06,Ghanaian,Self Employed,+233263262880,yaw.owusu8531@example.test,2023-11-18 15:48:43.000
AN-C001168,Kofi,Quaye,1978-03-18,Ghanaian,Trader,+233414903516,kofi.quaye5371@example.test,2024-08-01 16:36:07.000
AN-C001169,Adwoa,Owusu,1967-12-04,Ghanaian,Student,+233377417613,adwoa.owusu2853@example.test,2023-01-15 17:05:25.000
AN-C001170,Kwadwo,Owusu,2001-12-13,Ghanaian,Health Worker,+233268014144,kwadwo.owusu9373@example.test,2025-05-29 08:40:38.000
AN-C001171,Fiifi,Mensah,1987-03-23,Ghanaian,Artisan,+233346398175,fiifi.mensah7553@example.test,2025-05-19 11:26:37.000
AN-C001172,Grace,Owusu,1966-05-09,Ghanaian,Other,+233317249016,grace.owusu2540@example.test,2024-09-21 10:26:03.000
AN-C001173,Kwabena,Appiah,1983-03-16,Ghanaian,Self Employed,+233298099152,kwabena.appiah775@example.test,2025-05-23 13:41:54.000
AN-C001174,Grace,Osei,1987-06-24,Ghanaian,Other,+233359003437,grace.osei6096@example.test,2025-04-10 15:38:19.000
AN-C001175,Daniel,Quaye,1986-12-28,Ghanaian,Driver,+233343931134,daniel.quaye1394@example.test,2023-08-22 11:16:28.000
AN-C001176,Kwame,Mensah,1975-09-07,Ghanaian,Artisan,+233200530840,kwame.mensah4099@example.test,2024-11-12 17:34:00.000
AN-C001177,Kwabena,Boateng,1966-06-06,Ghanaian,Driver,+233471472613,kwabena.boateng4904@example.test,2024-07-21 14:33:57.000
AN-C001178,Adwoa,Boateng,1967-10-09,Ghanaian,Self Employed,+233573746829,adwoa.boateng7465@example.test,2024-03-01 16:00:39.000
AN-C001179,Nana,Amoah,1967-09-14,Ghanaian,Self Employed,+233297503769,nana.amoah7126@example.test,2024-04-19 17:30:18.000
AN-C001180,Abena,Appiah,1986-09-24,Ghanaian,Artisan,+233342143328,abena.appiah1369@example.test,2024-06-21 10:33:49.000
AN-C001181,Esi,Adjei,1983-05-13,Ghanaian,Farmer,+233571436989,esi.adjei4696@example.test,2023-01-17 10:07:40.000
AN-C001182,Yaw,Agyeman,1976-07-11,Ghanaian,Trader,+233372251276,yaw.agyeman1624@example.test,2024-05-21 10:59:41.000
AN-C001183,Yaa,Darko,1961-02-22,Ghanaian,Teacher,+233580890488,yaa.darko8021@example.test,2023-10-08 08:17:49.000
AN-C001184,Samuel,Darko,1971-02-06,Ghanaian,Other,+233555147944,samuel.darko7511@example.test,2024-11-05 13:03:41.000
AN-C001185,Mavis,Arthur,1987-08-07,Ghanaian,Public Servant,+233549525633,mavis.arthur405@example.test,2025-02-27 17:03:34.000
AN-C001186,Nana,Agyeman,1967-12-13,Ghanaian,Public Servant,+233249420223,nana.agyeman3626@example.test,2023-01-03 17:02:31.000
AN-C001187,Mary,Agyeman,1983-11-22,Ghanaian,Student,+233324198007,mary.agyeman2284@example.test,2024-02-07 15:25:58.000
AN-C001188,Esi,Appiah,1984-08-10,Ghanaian,Teacher,+233471081224,esi.appiah1245@example.test,2024-04-23 16:41:37.000
AN-C001189,Esi,Darko,1968-09-22,Ghanaian,Professional,+233243985092,esi.darko5174@example.test,2025-04-28 08:05:02.000
AN-C001190,Yaw,Asare,1983-09-15,Ghanaian,Public Servant,+233305357584,yaw.asare6718@example.test,2025-04-18 08:48:51.000
AN-C001191,Yaw,Darko,2000-12-10,Ghanaian,Student,+233327371042,yaw.darko2902@example.test,2023-09-03 10:11:36.000
AN-C001192,Afia,Asare,1989-12-02,Ghanaian,Other,+233370460904,afia.asare5042@example.test,2024-02-23 11:27:34.000
AN-C001193,Daniel,Boateng,1991-01-15,Ghanaian,Other,+233593712815,daniel.boateng1494@example.test,2024-10-04 12:51:25.000
AN-C001194,Michael,Amoah,1968-03-06,Ghanaian,Health Worker,+233504910619,michael.amoah6176@example.test,2024-05-10 13:12:37.000
AN-C001195,Yaa,Mensah,1989-03-05,Ghanaian,Health Worker,+233556722853,yaa.mensah8480@example.test,2023-03-05 10:12:06.000
AN-C001196,Kojo,Appiah,1974-03-28,Ghanaian,Artisan,+233509888793,kojo.appiah5472@example.test,2024-06-04 16:42:18.000
AN-C001197,Kwadwo,Boateng,1962-07-10,Ghanaian,Self Employed,+233337842254,kwadwo.boateng5231@example.test,2024-05-12 10:14:44.000
AN-C001198,Abena,Darko,1985-07-28,Ghanaian,Student,+233585896545,abena.darko2827@example.test,2023-02-18 10:11:23.000
AN-C001199,Abena,Agyeman,1977-10-08,Ghanaian,Trader,+233309974474,abena.agyeman2423@example.test,2023-06-24 17:23:12.000
AN-C001200,Kwame,Arthur,1995-06-02,Ghanaian,Other,+233225293683,kwame.arthur6705@example.test,2023-09-21 11:10:31.000
AN-C001201,Angela,Agyeman,1962-06-10,Ghanaian,Self Employed,+233307713559,angela.agyeman3090@example.test,2025-02-02 08:16:50.000
AN-C001202,Grace,Boateng,1971-07-15,Ghanaian,Professional,+233552702326,grace.boateng8592@example.test,2025-02-09 09:15:16.000
AN-C001203,Kwabena,Agyeman,1996-01-22,Ghanaian,Other,+233308072511,kwabena.agyeman4688@example.test,2023-05-11 11:50:31.000
AN-C001204,Ama,Darko,1982-04-24,Ghanaian,Driver,+233393395389,ama.darko3190@example.test,2025-01-03 11:53:00.000
AN-C001205,Nana,Osei,1965-08-07,Ghanaian,Self Employed,+233370749284,nana.osei3206@example.test,2025-06-19 17:27:46.000
AN-C001206,Emmanuel,Boateng,1988-05-15,Ghanaian,Other,+233216716118,emmanuel.boateng6459@example.test,2024-05-05 08:46:34.000
AN-C001207,Kojo,Adjei,1983-10-09,Ghanaian,Professional,+233323259824,kojo.adjei5450@example.test,2024-05-20 10:34:09.000
AN-C001208,Daniel,Agyeman,1979-07-24,Ghanaian,Public Servant,+233593817548,daniel.agyeman3620@example.test,2025-06-11 14:43:55.000
AN-C001209,Kojo,Darko,1975-03-02,Ghanaian,Farmer,+233263919007,kojo.darko8484@example.test,2025-04-06 08:36:30.000
AN-C001210,Angela,Darko,2001-09-04,Ghanaian,Health Worker,+233346956118,angela.darko8132@example.test,2024-09-01 18:03:32.000
AN-C001211,Yaa,Arthur,2004-05-22,Ghanaian,Driver,+233314800824,yaa.arthur8075@example.test,2024-10-03 09:33:13.000
AN-C001212,Emmanuel,Boateng,1968-04-08,Ghanaian,Public Servant,+233551025872,emmanuel.boateng8365@example.test,2024-08-08 17:59:52.000
AN-C001213,Ama,Amoah,1961-12-22,Ghanaian,Health Worker,+233288473515,ama.amoah7976@example.test,2023-02-07 09:20:13.000
AN-C001214,Emmanuel,Arthur,1976-07-14,Ghanaian,Public Servant,+233539328377,emmanuel.arthur4965@example.test,2023-03-02 14:10:13.000
AN-C001215,Kwame,Asare,1994-05-26,Ghanaian,Public Servant,+233236226800,kwame.asare9606@example.test,2023-05-13 10:37:18.000
AN-C001216,Fiifi,Asare,2000-07-09,Ghanaian,Self Employed,+233489616925,fiifi.asare5831@example.test,2024-07-17 12:49:24.000
AN-C001217,Emmanuel,Amoah,1961-12-20,Ghanaian,Other,+233330789802,emmanuel.amoah544@example.test,2023-02-18 18:32:06.000
AN-C001218,Kofi,Owusu,1973-10-23,Ghanaian,Public Servant,+233512470910,kofi.owusu6392@example.test,2024-09-17 12:39:42.000
AN-C001219,Fiifi,Quaye,1976-01-14,Ghanaian,Student,+233513163821,fiifi.quaye6895@example.test,2024-03-19 12:48:07.000
AN-C001220,Adwoa,Darko,1991-09-10,Ghanaian,Farmer,+233380425871,adwoa.darko2094@example.test,2024-01-09 15:58:15.000
AN-C001221,Michael,Agyeman,1995-07-12,Ghanaian,Public Servant,+233370514423,michael.agyeman3883@example.test,2024-01-12 10:13:03.000
AN-C001222,Abena,Amoah,1962-06-14,Ghanaian,Other,+233348033303,abena.amoah1076@example.test,2024-02-08 16:34:38.000
AN-C001223,Kwame,Owusu,1980-12-14,Ghanaian,Artisan,+233456359584,kwame.owusu6008@example.test,2023-06-26 14:35:16.000
AN-C001224,Abena,Osei,1999-03-12,Ghanaian,Driver,+233362229975,abena.osei3209@example.test,2025-04-28 15:52:12.000
AN-C001225,Fiifi,Asare,2003-04-19,Ghanaian,Trader,+233462074931,fiifi.asare5242@example.test,2025-01-03 14:44:45.000
AN-C001226,Yaw,Owusu,2002-12-20,Ghanaian,Other,+233306070082,yaw.owusu4317@example.test,2023-09-25 09:47:31.000
AN-C001227,Mavis,Mensah,1995-08-02,Ghanaian,Farmer,+233259266521,mavis.mensah1414@example.test,2023-01-20 14:53:32.000
AN-C001228,Afia,Darko,1961-03-18,Ghanaian,Student,+233498303301,afia.darko1196@example.test,2023-02-24 12:52:45.000
AN-C001229,Yaa,Amoah,1969-02-20,Ghanaian,Other,+233380516263,yaa.amoah996@example.test,2023-05-12 17:06:37.000
AN-C001230,Kwabena,Adjei,2000-03-14,Ghanaian,Self Employed,+233348112544,kwabena.adjei1701@example.test,2024-03-01 18:18:30.000
AN-C001231,Grace,Mensah,1978-03-07,Ghanaian,Public Servant,+233368126744,grace.mensah3953@example.test,2024-08-10 17:17:28.000
AN-C001232,Mavis,Darko,2000-02-10,Ghanaian,Professional,+233451161963,mavis.darko661@example.test,2023-03-25 11:56:14.000
AN-C001233,Abena,Boateng,1968-02-25,Ghanaian,Teacher,+233499484078,abena.boateng4391@example.test,2025-01-27 12:38:29.000
AN-C001234,Kwadwo,Appiah,1990-05-24,Ghanaian,Self Employed,+233329809946,kwadwo.appiah8264@example.test,2024-11-09 13:38:28.000
AN-C001235,Kofi,Darko,1992-06-12,Ghanaian,Student,+233289709157,kofi.darko9594@example.test,2023-05-22 18:51:26.000
AN-C001236,Akosua,Mensah,1974-05-14,Ghanaian,Driver,+233345701263,akosua.mensah6472@example.test,2024-01-07 17:39:49.000
AN-C001237,Kofi,Owusu,1990-12-05,Ghanaian,Driver,+233366867548,kofi.owusu8301@example.test,2024-05-30 08:20:24.000
AN-C001238,Yaa,Arthur,1991-09-11,Ghanaian,Professional,+233324984816,yaa.arthur6995@example.test,2025-01-14 15:21:28.000
AN-C001239,Yaw,Quaye,1986-04-18,Ghanaian,Farmer,+233507077987,yaw.quaye9440@example.test,2024-06-23 13:48:30.000
AN-C001240,Michael,Osei,1998-07-27,Ghanaian,Health Worker,+233338965915,michael.osei3427@example.test,2024-12-05 10:27:00.000
AN-C001241,Akosua,Appiah,1988-09-10,Ghanaian,Other,+233403879348,akosua.appiah2892@example.test,2023-09-23 11:10:24.000
AN-C001242,Efua,Adjei,2000-06-03,Ghanaian,Health Worker,+233253595576,efua.adjei6823@example.test,2023-12-05 11:49:33.000
AN-C001243,Fiifi,Agyeman,1969-11-02,Ghanaian,Farmer,+233259236535,fiifi.agyeman4092@example.test,2024-09-25 08:40:31.000
AN-C001244,Ama,Boateng,1986-08-25,Ghanaian,Farmer,+233354062445,ama.boateng3073@example.test,2023-04-04 09:48:55.000
AN-C001245,Abena,Asare,1965-12-08,Ghanaian,Self Employed,+233341206760,abena.asare5077@example.test,2024-04-10 14:32:21.000
AN-C001246,Kofi,Adjei,1968-12-28,Ghanaian,Driver,+233455545644,kofi.adjei6486@example.test,2024-12-05 14:49:29.000
AN-C001247,Yaw,Adjei,1973-09-12,Ghanaian,Teacher,+233438364033,yaw.adjei9914@example.test,2024-09-25 15:25:35.000
AN-C001248,Kofi,Osei,1985-03-15,Ghanaian,Student,+233524849929,kofi.osei1713@example.test,2024-02-26 10:09:17.000
AN-C001249,Kojo,Mensah,1999-01-19,Ghanaian,Professional,+233436138462,kojo.mensah1729@example.test,2025-01-21 09:49:56.000
AN-C001250,Kofi,Arthur,2004-01-28,Ghanaian,Self Employed,+233451096540,kofi.arthur617@example.test,2024-03-14 08:46:24.000
AN-C001251,Nana,Mensah,1990-09-25,Ghanaian,Farmer,+233382181626,nana.mensah3847@example.test,2024-10-11 18:15:35.000
AN-C001252,Angela,Adjei,1986-03-02,Ghanaian,Trader,+233333884757,angela.adjei2540@example.test,2025-06-17 14:36:10.000
AN-C001253,Ama,Appiah,1978-09-07,Ghanaian,Public Servant,+233458232808,ama.appiah1087@example.test,2024-08-09 11:42:50.000
AN-C001254,Emmanuel,Amoah,1972-09-17,Ghanaian,Trader,+233524986120,emmanuel.amoah1271@example.test,2025-02-20 10:52:50.000
AN-C001255,Fiifi,Owusu,1987-04-15,Ghanaian,Trader,+233266010278,fiifi.owusu5208@example.test,2025-04-08 16:00:54.000
AN-C001256,Grace,Adjei,1986-05-13,Ghanaian,Trader,+233410496935,grace.adjei7101@example.test,2024-08-31 11:16:49.000
AN-C001257,Esi,Mensah,1973-07-23,Ghanaian,Farmer,+233320219038,esi.mensah802@example.test,2024-06-26 10:07:12.000
AN-C001258,Daniel,Osei,1986-10-02,Ghanaian,Trader,+233338876054,daniel.osei1338@example.test,2024-03-26 10:04:43.000
AN-C001259,Michael,Boateng,1994-01-14,Ghanaian,Other,+233222068375,michael.boateng1650@example.test,2024-04-04 08:33:45.000
AN-C001260,Ama,Adjei,1980-12-18,Ghanaian,Self Employed,+233212628011,ama.adjei9767@example.test,2023-04-16 17:17:48.000
AN-C001261,Fiifi,Osei,1981-02-26,Ghanaian,Public Servant,+233550945301,fiifi.osei1855@example.test,2023-08-17 09:42:11.000
AN-C001262,Nana,Mensah,1984-07-09,Ghanaian,Public Servant,+233581773470,nana.mensah6412@example.test,2025-04-12 13:37:03.000
AN-C001263,Kwadwo,Mensah,1991-04-08,Ghanaian,Farmer,+233250541589,kwadwo.mensah6565@example.test,2025-05-09 16:00:40.000
AN-C001264,Yaa,Darko,1967-09-01,Ghanaian,Teacher,+233477367019,yaa.darko5967@example.test,2025-04-22 10:31:47.000
AN-C001265,Kwadwo,Osei,1962-01-28,Ghanaian,Other,+233335909689,kwadwo.osei897@example.test,2023-08-31 08:37:27.000
AN-C001266,Abena,Osei,1977-03-05,Ghanaian,Other,+233422590098,abena.osei2841@example.test,2024-01-28 09:14:16.000
AN-C001267,Adwoa,Owusu,1993-05-19,Ghanaian,Other,+233316144351,adwoa.owusu1552@example.test,2024-04-30 08:52:27.000
AN-C001268,Yaw,Quaye,1989-10-18,Ghanaian,Health Worker,+233355408849,yaw.quaye1012@example.test,2024-06-07 09:34:02.000
AN-C001269,Afia,Quaye,1988-07-10,Ghanaian,Self Employed,+233545911723,afia.quaye441@example.test,2025-05-23 18:19:20.000
AN-C001270,Efua,Agyeman,1975-01-13,Ghanaian,Public Servant,+233228210512,efua.agyeman4163@example.test,2024-11-23 09:44:03.000
AN-C001271,Emmanuel,Amoah,1993-07-04,Ghanaian,Driver,+233403241581,emmanuel.amoah3940@example.test,2023-01-29 14:26:57.000
AN-C001272,Mavis,Arthur,1960-01-27,Ghanaian,Teacher,+233347700577,mavis.arthur6298@example.test,2023-01-26 16:58:24.000
AN-C001273,Daniel,Arthur,1980-07-21,Ghanaian,Health Worker,+233446101524,daniel.arthur5015@example.test,2023-09-28 10:36:51.000
AN-C001274,Kojo,Adjei,1965-09-09,Ghanaian,Artisan,+233441909534,kojo.adjei9125@example.test,2024-01-20 09:35:45.000
AN-C001275,Afia,Asare,1974-10-09,Ghanaian,Public Servant,+233418422946,afia.asare4794@example.test,2024-12-23 11:29:34.000
AN-C001276,Kojo,Amoah,1979-09-05,Ghanaian,Public Servant,+233313692653,kojo.amoah5847@example.test,2023-12-11 14:01:58.000
AN-C001277,Kojo,Owusu,1977-09-14,Ghanaian,Public Servant,+233357479409,kojo.owusu9398@example.test,2025-02-22 12:11:23.000
AN-C001278,Emmanuel,Osei,1983-12-05,Ghanaian,Farmer,+233540036382,emmanuel.osei9278@example.test,2024-04-02 12:34:52.000
AN-C001279,Akosua,Owusu,1993-12-08,Ghanaian,Professional,+233577948096,akosua.owusu9691@example.test,2025-04-08 18:53:19.000
AN-C001280,Kwame,Boateng,2003-06-13,Ghanaian,Farmer,+233486373241,kwame.boateng1806@example.test,2024-04-01 18:46:39.000
AN-C001281,Daniel,Appiah,1995-10-20,Ghanaian,Other,+233481966856,daniel.appiah3824@example.test,2023-12-12 17:19:42.000
AN-C001282,Fiifi,Amoah,1976-04-13,Ghanaian,Self Employed,+233576359558,fiifi.amoah8692@example.test,2023-03-16 14:20:54.000
AN-C001283,Nana,Boateng,1973-02-20,Ghanaian,Public Servant,+233360842048,nana.boateng6443@example.test,2024-02-19 10:16:24.000
AN-C001284,Grace,Amoah,1981-03-17,Ghanaian,Health Worker,+233247266225,grace.amoah3369@example.test,2024-03-10 14:52:06.000
AN-C001285,Abena,Darko,1995-12-27,Ghanaian,Driver,+233394710983,abena.darko6241@example.test,2024-11-15 15:16:33.000
AN-C001286,Mary,Quaye,1993-01-19,Ghanaian,Other,+233280316494,mary.quaye7036@example.test,2023-01-07 14:57:53.000
AN-C001287,Kwabena,Agyeman,1999-12-16,Ghanaian,Artisan,+233235091997,kwabena.agyeman4906@example.test,2024-02-14 09:04:28.000
AN-C001288,Grace,Appiah,1990-01-11,Ghanaian,Farmer,+233309519611,grace.appiah5646@example.test,2023-10-11 11:37:54.000
AN-C001289,Mavis,Owusu,1994-12-23,Ghanaian,Other,+233593140994,mavis.owusu9326@example.test,2023-08-27 13:41:19.000
AN-C001290,Adwoa,Arthur,1965-05-01,Ghanaian,Public Servant,+233508954675,adwoa.arthur9284@example.test,2023-03-03 11:28:56.000
AN-C001291,Daniel,Adjei,1960-10-16,Ghanaian,Professional,+233206174630,daniel.adjei2068@example.test,2025-06-17 12:58:52.000
AN-C001292,Daniel,Agyeman,1987-01-25,Ghanaian,Health Worker,+233284446318,daniel.agyeman9141@example.test,2024-01-15 09:15:21.000
AN-C001293,Abena,Mensah,1977-09-06,Ghanaian,Trader,+233255721168,abena.mensah4068@example.test,2023-11-12 14:35:45.000
AN-C001294,Daniel,Appiah,1977-05-28,Ghanaian,Teacher,+233425595217,daniel.appiah3529@example.test,2024-04-28 12:58:05.000
AN-C001295,Kwabena,Osei,1975-02-23,Ghanaian,Professional,+233507057850,kwabena.osei2874@example.test,2023-01-05 10:30:26.000
AN-C001296,Angela,Amoah,1981-09-02,Ghanaian,Teacher,+233531977090,angela.amoah783@example.test,2023-11-28 16:56:10.000
AN-C001297,Yaw,Arthur,1972-11-28,Ghanaian,Health Worker,+233535381357,yaw.arthur7431@example.test,2023-02-02 08:10:22.000
AN-C001298,Daniel,Boateng,1977-09-19,Ghanaian,Farmer,+233341024121,daniel.boateng5216@example.test,2025-03-07 13:53:14.000
AN-C001299,Nana,Asare,1974-02-16,Ghanaian,Professional,+233258428395,nana.asare7809@example.test,2023-02-25 17:12:16.000
AN-C001300,Kwame,Boateng,2003-01-19,Ghanaian,Trader,+233489460806,kwame.boateng2402@example.test,2023-05-24 12:31:31.000
AN-C001301,Abena,Arthur,1996-10-25,Ghanaian,Teacher,+233489563787,abena.arthur1870@example.test,2023-12-21 09:14:49.000
AN-C001302,Akosua,Mensah,2004-08-25,Ghanaian,Student,+233524604796,akosua.mensah4291@example.test,2024-05-10 16:47:00.000
AN-C001303,Samuel,Amoah,1991-02-02,Ghanaian,Teacher,+233489520846,samuel.amoah2735@example.test,2023-01-20 08:15:58.000
AN-C001304,Yaa,Amoah,1993-05-12,Ghanaian,Teacher,+233405549437,yaa.amoah6850@example.test,2023-03-02 10:46:39.000
AN-C001305,Ama,Boateng,1991-05-18,Ghanaian,Trader,+233311767785,ama.boateng3611@example.test,2023-03-14 08:17:17.000
AN-C001306,Kwabena,Amoah,1970-07-11,Ghanaian,Artisan,+233305318172,kwabena.amoah1524@example.test,2023-08-20 10:50:07.000
AN-C001307,Mary,Mensah,1986-04-09,Ghanaian,Public Servant,+233274206612,mary.mensah2582@example.test,2024-01-26 17:17:53.000
AN-C001308,Yaa,Agyeman,1991-11-17,Ghanaian,Self Employed,+233311024910,yaa.agyeman9606@example.test,2023-04-05 11:26:06.000
AN-C001309,Daniel,Adjei,1996-06-23,Ghanaian,Professional,+233384610713,daniel.adjei1192@example.test,2023-09-23 16:40:39.000
AN-C001310,Kojo,Appiah,1966-12-18,Ghanaian,Artisan,+233244675033,kojo.appiah4498@example.test,2023-07-30 11:20:24.000
AN-C001311,Adwoa,Mensah,1999-05-22,Ghanaian,Trader,+233556301770,adwoa.mensah2460@example.test,2023-05-13 14:22:41.000
AN-C001312,Yaw,Amoah,1980-11-08,Ghanaian,Farmer,+233545059864,yaw.amoah2334@example.test,2024-07-05 12:12:15.000
AN-C001313,Yaa,Osei,1965-11-09,Ghanaian,Professional,+233424018638,yaa.osei5799@example.test,2023-03-24 17:42:31.000
AN-C001314,Kwabena,Agyeman,2000-03-03,Ghanaian,Professional,+233423104978,kwabena.agyeman7798@example.test,2024-10-26 15:10:39.000
AN-C001315,Efua,Boateng,1961-01-12,Ghanaian,Other,+233551136666,efua.boateng3407@example.test,2023-08-01 18:29:54.000
AN-C001316,Kwame,Darko,1981-11-07,Ghanaian,Artisan,+233316045427,kwame.darko5411@example.test,2023-01-31 18:31:03.000
AN-C001317,Esi,Boateng,1999-05-22,Ghanaian,Professional,+233469748193,esi.boateng4807@example.test,2023-09-22 14:30:40.000
AN-C001318,Kofi,Owusu,1996-11-23,Ghanaian,Artisan,+233428884862,kofi.owusu6149@example.test,2023-03-28 09:13:28.000
AN-C001319,Kwame,Quaye,2001-04-02,Ghanaian,Driver,+233485944100,kwame.quaye2285@example.test,2025-03-23 09:25:38.000
AN-C001320,Kwame,Asare,1985-04-16,Ghanaian,Teacher,+233446411721,kwame.asare2177@example.test,2023-08-05 16:11:20.000
AN-C001321,Yaa,Mensah,1987-07-23,Ghanaian,Other,+233265502004,yaa.mensah8505@example.test,2023-04-13 13:33:03.000
AN-C001322,Afia,Owusu,1996-01-19,Ghanaian,Other,+233560367725,afia.owusu3065@example.test,2023-09-04 09:23:03.000
AN-C001323,Ama,Quaye,1988-03-10,Ghanaian,Self Employed,+233438443089,ama.quaye7122@example.test,2024-03-19 14:42:15.000
AN-C001324,Yaa,Owusu,1999-11-12,Ghanaian,Public Servant,+233468871753,yaa.owusu1688@example.test,2023-04-05 12:55:27.000
AN-C001325,Kofi,Osei,2001-01-28,Ghanaian,Teacher,+233274517549,kofi.osei3105@example.test,2025-02-09 08:39:47.000
AN-C001326,Yaa,Arthur,1960-05-18,Ghanaian,Other,+233468916180,yaa.arthur7856@example.test,2023-11-19 16:48:51.000
AN-C001327,Emmanuel,Owusu,1973-11-21,Ghanaian,Farmer,+233289088455,emmanuel.owusu1747@example.test,2023-11-10 15:31:01.000
AN-C001328,Fiifi,Owusu,2003-05-05,Ghanaian,Health Worker,+233271475951,fiifi.owusu4737@example.test,2024-04-12 12:27:34.000
AN-C001329,Nana,Agyeman,1968-09-09,Ghanaian,Trader,+233228593449,nana.agyeman2717@example.test,2023-11-18 09:43:42.000
AN-C001330,Nana,Mensah,1964-06-22,Ghanaian,Student,+233214759868,nana.mensah9200@example.test,2023-04-29 13:31:04.000
AN-C001331,Kofi,Appiah,1968-03-20,Ghanaian,Trader,+233265266101,kofi.appiah988@example.test,2025-01-10 11:06:59.000
AN-C001332,Samuel,Owusu,2004-10-22,Ghanaian,Professional,+233511367958,samuel.owusu7633@example.test,2023-07-03 16:55:50.000
AN-C001333,Esi,Darko,1977-09-11,Ghanaian,Public Servant,+233376973658,esi.darko7240@example.test,2023-10-29 14:27:28.000
AN-C001334,Mary,Arthur,1983-04-24,Ghanaian,Student,+233385673547,mary.arthur3991@example.test,2025-02-03 15:25:36.000
AN-C001335,Angela,Asare,1994-01-13,Ghanaian,Student,+233543889504,angela.asare2391@example.test,2025-01-14 08:42:32.000
AN-C001336,Angela,Appiah,2000-01-09,Ghanaian,Student,+233347952628,angela.appiah7448@example.test,2025-02-06 16:23:36.000
AN-C001337,Afia,Darko,1977-12-14,Ghanaian,Other,+233530778909,afia.darko2794@example.test,2024-01-10 12:52:34.000
AN-C001338,Akosua,Agyeman,1980-05-19,Ghanaian,Driver,+233499531644,akosua.agyeman6134@example.test,2024-05-25 08:53:04.000
AN-C001339,Daniel,Mensah,1971-05-25,Ghanaian,Professional,+233234699144,daniel.mensah5446@example.test,2024-02-13 16:41:27.000
AN-C001340,Afia,Amoah,1999-11-27,Ghanaian,Professional,+233332759383,afia.amoah9062@example.test,2023-05-31 09:20:36.000
AN-C001341,Kwame,Appiah,1989-06-12,Ghanaian,Student,+233447484562,kwame.appiah2631@example.test,2024-01-21 08:14:09.000
AN-C001342,Akosua,Mensah,2001-11-22,Ghanaian,Other,+233222544348,akosua.mensah3413@example.test,2023-05-02 13:58:56.000
AN-C001343,Kwadwo,Osei,2004-09-08,Ghanaian,Other,+233493799718,kwadwo.osei5490@example.test,2024-08-22 11:02:04.000
AN-C001344,Afia,Adjei,1991-10-16,Ghanaian,Student,+233352481763,afia.adjei8793@example.test,2024-03-07 18:34:53.000
AN-C001345,Afia,Asare,1980-03-03,Ghanaian,Professional,+233504414882,afia.asare5935@example.test,2024-06-12 17:16:14.000
AN-C001346,Afia,Osei,1973-07-20,Ghanaian,Teacher,+233342720586,afia.osei7716@example.test,2024-05-01 18:16:36.000
AN-C001347,Grace,Adjei,1997-04-12,Ghanaian,Student,+233325466522,grace.adjei8478@example.test,2024-04-06 11:17:49.000
AN-C001348,Mary,Owusu,1997-04-13,Ghanaian,Student,+233487418484,mary.owusu8716@example.test,2024-03-15 09:12:51.000
AN-C001349,Akosua,Amoah,1993-10-28,Ghanaian,Farmer,+233521100801,akosua.amoah2050@example.test,2023-02-21 14:11:38.000
AN-C001350,Daniel,Osei,2004-03-04,Ghanaian,Self Employed,+233413452949,daniel.osei6856@example.test,2025-03-04 17:16:48.000
AN-C001351,Daniel,Quaye,1960-09-25,Ghanaian,Self Employed,+233467776015,daniel.quaye7826@example.test,2023-12-16 12:37:20.000
AN-C001352,Grace,Arthur,1991-01-23,Ghanaian,Artisan,+233436194173,grace.arthur3741@example.test,2023-08-19 14:20:41.000
AN-C001353,Mavis,Mensah,1988-02-18,Ghanaian,Health Worker,+233208692562,mavis.mensah5615@example.test,2023-06-03 10:28:56.000
AN-C001354,Mary,Asare,1965-08-16,Ghanaian,Health Worker,+233414754255,mary.asare1513@example.test,2024-05-20 17:45:24.000
AN-C001355,Ama,Agyeman,1961-04-05,Ghanaian,Professional,+233437866508,ama.agyeman8604@example.test,2023-08-31 13:50:11.000
AN-C001356,Daniel,Asare,1988-03-13,Ghanaian,Health Worker,+233405104109,daniel.asare6284@example.test,2023-09-21 10:23:25.000
AN-C001357,Mary,Mensah,1973-12-08,Ghanaian,Professional,+233378929225,mary.mensah2030@example.test,2024-03-03 16:50:32.000
AN-C001358,Abena,Asare,1986-12-24,Ghanaian,Student,+233566750447,abena.asare5167@example.test,2023-02-14 15:50:17.000
AN-C001359,Abena,Asare,1988-01-12,Ghanaian,Farmer,+233444756462,abena.asare8972@example.test,2024-05-26 10:59:07.000
AN-C001360,Adwoa,Adjei,1968-02-01,Ghanaian,Artisan,+233584433273,adwoa.adjei5972@example.test,2023-11-04 15:59:41.000
AN-C001361,Kwabena,Asare,1996-07-14,Ghanaian,Artisan,+233453586066,kwabena.asare8022@example.test,2024-05-09 18:55:53.000
AN-C001362,Efua,Darko,1984-10-23,Ghanaian,Student,+233482981756,efua.darko4495@example.test,2025-02-26 14:21:39.000
AN-C001363,Grace,Appiah,1966-07-21,Ghanaian,Professional,+233423517688,grace.appiah5003@example.test,2023-06-18 17:05:08.000
AN-C001364,Akosua,Osei,1968-10-26,Ghanaian,Student,+233508322931,akosua.osei1661@example.test,2024-03-29 11:48:12.000
AN-C001365,Kwame,Boateng,1964-10-15,Ghanaian,Student,+233585437609,kwame.boateng5607@example.test,2024-12-28 14:13:50.000
AN-C001366,Emmanuel,Osei,1980-05-06,Ghanaian,Public Servant,+233445477494,emmanuel.osei3469@example.test,2023-04-03 15:43:07.000
AN-C001367,Abena,Darko,1964-09-28,Ghanaian,Self Employed,+233533769282,abena.darko5390@example.test,2023-07-21 14:12:34.000
AN-C001368,Nana,Appiah,2004-11-19,Ghanaian,Student,+233334222632,nana.appiah8285@example.test,2023-07-18 16:45:41.000
AN-C001369,Adwoa,Arthur,1977-01-06,Ghanaian,Farmer,+233500706142,adwoa.arthur9260@example.test,2023-07-05 15:02:15.000
AN-C001370,Kwame,Mensah,2001-04-25,Ghanaian,Driver,+233531696828,kwame.mensah9814@example.test,2023-03-07 08:26:38.000
AN-C001371,Daniel,Quaye,1974-11-15,Ghanaian,Trader,+233326031720,daniel.quaye2418@example.test,2023-08-24 16:38:46.000
AN-C001372,Daniel,Appiah,1963-06-15,Ghanaian,Professional,+233325267044,daniel.appiah9392@example.test,2025-01-21 18:41:53.000
AN-C001373,Yaa,Mensah,1996-08-04,Ghanaian,Health Worker,+233404972237,yaa.mensah7032@example.test,2025-01-08 15:58:49.000
AN-C001374,Samuel,Asare,1964-05-13,Ghanaian,Artisan,+233564349160,samuel.asare6430@example.test,2024-03-23 11:45:00.000
AN-C001375,Adwoa,Appiah,1968-11-10,Ghanaian,Self Employed,+233325883080,adwoa.appiah2492@example.test,2025-04-25 18:37:38.000
AN-C001376,Mary,Amoah,1993-03-23,Ghanaian,Self Employed,+233280461788,mary.amoah9147@example.test,2024-08-25 14:46:47.000
AN-C001377,Nana,Osei,1991-01-15,Ghanaian,Teacher,+233527508310,nana.osei39@example.test,2023-10-28 10:28:12.000
AN-C001378,Akosua,Adjei,1997-02-06,Ghanaian,Student,+233484229780,akosua.adjei3624@example.test,2023-06-14 16:48:23.000
AN-C001379,Afia,Mensah,2001-01-17,Ghanaian,Self Employed,+233491695311,afia.mensah3949@example.test,2024-11-04 14:48:34.000
AN-C001380,Kojo,Darko,1995-01-12,Ghanaian,Artisan,+233564494462,kojo.darko4263@example.test,2024-12-26 09:03:57.000
AN-C001381,Nana,Boateng,1993-10-04,Ghanaian,Health Worker,+233427052807,nana.boateng7708@example.test,2024-11-11 13:30:14.000
AN-C001382,Kojo,Arthur,1977-08-12,Ghanaian,Trader,+233391455325,kojo.arthur1469@example.test,2025-03-27 15:10:55.000
AN-C001383,Akosua,Adjei,1962-01-27,Ghanaian,Other,+233467199434,akosua.adjei3404@example.test,2023-11-19 13:44:44.000
AN-C001384,Emmanuel,Adjei,1962-04-20,Ghanaian,Other,+233250623527,emmanuel.adjei4546@example.test,2024-05-08 11:35:23.000
AN-C001385,Grace,Darko,1969-11-25,Ghanaian,Teacher,+233252823545,grace.darko1738@example.test,2023-06-17 10:07:44.000
AN-C001386,Efua,Darko,1993-05-06,Ghanaian,Student,+233529400325,efua.darko8132@example.test,2025-06-11 14:32:03.000
AN-C001387,Samuel,Amoah,1996-03-04,Ghanaian,Health Worker,+233537219482,samuel.amoah2050@example.test,2023-03-30 16:16:00.000
AN-C001388,Kwame,Osei,1988-02-25,Ghanaian,Self Employed,+233442161033,kwame.osei9627@example.test,2023-01-14 15:08:24.000
AN-C001389,Yaa,Boateng,1960-04-23,Ghanaian,Professional,+233298683738,yaa.boateng5211@example.test,2024-05-18 18:59:35.000
AN-C001390,Afia,Osei,1989-03-07,Ghanaian,Student,+233356673697,afia.osei3737@example.test,2024-03-12 09:26:07.000
AN-C001391,Ama,Asare,1997-05-19,Ghanaian,Artisan,+233274171401,ama.asare5444@example.test,2023-12-31 14:17:52.000
AN-C001392,Mavis,Agyeman,1977-09-26,Ghanaian,Professional,+233416954093,mavis.agyeman3770@example.test,2024-12-21 13:45:19.000
AN-C001393,Daniel,Amoah,1994-07-23,Ghanaian,Health Worker,+233484810853,daniel.amoah5722@example.test,2024-10-29 08:13:06.000
AN-C001394,Samuel,Adjei,1969-09-07,Ghanaian,Teacher,+233539792126,samuel.adjei9318@example.test,2024-03-23 18:47:32.000
AN-C001395,Efua,Asare,1978-04-03,Ghanaian,Trader,+233392308856,efua.asare9722@example.test,2025-02-10 08:37:43.000
AN-C001396,Yaw,Darko,1997-07-12,Ghanaian,Health Worker,+233446240041,yaw.darko7281@example.test,2024-09-12 13:09:22.000
AN-C001397,Michael,Amoah,2003-12-28,Ghanaian,Public Servant,+233407276282,michael.amoah6409@example.test,2023-12-29 18:21:50.000
AN-C001398,Fiifi,Osei,2000-02-17,Ghanaian,Artisan,+233538350567,fiifi.osei6677@example.test,2024-04-30 16:03:18.000
AN-C001399,Kojo,Adjei,1963-08-15,Ghanaian,Driver,+233504707746,kojo.adjei760@example.test,2024-05-21 15:34:56.000
AN-C001400,Akosua,Amoah,1986-06-02,Ghanaian,Self Employed,+233488827106,akosua.amoah5833@example.test,2024-04-26 16:44:00.000
AN-C001401,Kwadwo,Osei,1979-05-08,Ghanaian,Student,+233494446452,kwadwo.osei5743@example.test,2023-07-03 17:24:04.000
AN-C001402,Samuel,Quaye,1987-06-04,Ghanaian,Other,+233233168145,samuel.quaye2678@example.test,2024-08-04 15:03:22.000
AN-C001403,Kwabena,Arthur,2001-09-15,Ghanaian,Public Servant,+233578566073,kwabena.arthur6745@example.test,2024-01-21 17:16:36.000
AN-C001404,Nana,Arthur,1964-09-19,Ghanaian,Student,+233418995176,nana.arthur9301@example.test,2024-11-02 16:17:07.000
AN-C001405,Kojo,Appiah,1991-11-22,Ghanaian,Health Worker,+233526005184,kojo.appiah5179@example.test,2023-11-04 18:11:50.000
AN-C001406,Afia,Quaye,2002-07-06,Ghanaian,Other,+233264579381,afia.quaye691@example.test,2024-03-12 12:40:20.000
AN-C001407,Samuel,Owusu,1995-07-09,Ghanaian,Farmer,+233413459652,samuel.owusu4260@example.test,2023-11-07 08:57:02.000
AN-C001408,Akosua,Appiah,1980-09-12,Ghanaian,Artisan,+233247961875,akosua.appiah3174@example.test,2023-12-30 17:58:10.000
AN-C001409,Mary,Amoah,1962-11-16,Ghanaian,Artisan,+233537973435,mary.amoah1102@example.test,2024-11-14 15:07:12.000
AN-C001410,Kojo,Boateng,1987-02-02,Ghanaian,Artisan,+233413447608,kojo.boateng306@example.test,2023-04-23 14:02:06.000
AN-C001411,Abena,Amoah,2000-03-02,Ghanaian,Other,+233486254034,abena.amoah7530@example.test,2023-10-23 13:28:48.000
AN-C001412,Adwoa,Owusu,1974-11-13,Ghanaian,Other,+233303547719,adwoa.owusu81@example.test,2024-07-08 13:49:55.000
AN-C001413,Kwame,Boateng,1979-01-22,Ghanaian,Student,+233291675084,kwame.boateng8198@example.test,2024-06-24 10:27:45.000
AN-C001414,Angela,Asare,1966-01-10,Ghanaian,Farmer,+233496676368,angela.asare2655@example.test,2023-09-25 14:20:23.000
AN-C001415,Fiifi,Asare,1973-08-21,Ghanaian,Other,+233361349539,fiifi.asare6430@example.test,2023-04-14 14:29:11.000
AN-C001416,Yaa,Owusu,2003-02-20,Ghanaian,Trader,+233265658648,yaa.owusu7341@example.test,2025-05-07 18:13:20.000
AN-C001417,Kwame,Quaye,2002-01-06,Ghanaian,Student,+233369190109,kwame.quaye7821@example.test,2023-08-02 09:30:35.000
AN-C001418,Fiifi,Owusu,1990-01-11,Ghanaian,Self Employed,+233211704474,fiifi.owusu8412@example.test,2023-02-18 17:02:46.000
AN-C001419,Michael,Appiah,1978-11-10,Ghanaian,Self Employed,+233379332648,michael.appiah961@example.test,2024-02-05 15:53:26.000
AN-C001420,Emmanuel,Mensah,2004-12-19,Ghanaian,Health Worker,+233540044792,emmanuel.mensah5001@example.test,2023-03-13 17:13:13.000
AN-C001421,Samuel,Owusu,1983-02-24,Ghanaian,Self Employed,+233362919928,samuel.owusu3562@example.test,2025-01-23 12:19:55.000
AN-C001422,Afia,Owusu,1962-06-14,Ghanaian,Public Servant,+233405687326,afia.owusu3365@example.test,2023-06-04 13:44:25.000
AN-C001423,Esi,Amoah,1984-10-19,Ghanaian,Other,+233310414513,esi.amoah7039@example.test,2023-12-02 09:03:22.000
AN-C001424,Yaw,Agyeman,1996-02-10,Ghanaian,Driver,+233214476471,yaw.agyeman9867@example.test,2024-10-11 18:43:15.000
AN-C001425,Grace,Adjei,1974-04-13,Ghanaian,Teacher,+233293195767,grace.adjei2980@example.test,2024-08-18 15:44:42.000
AN-C001426,Mavis,Owusu,1982-06-25,Ghanaian,Public Servant,+233319796580,mavis.owusu9282@example.test,2025-05-11 16:58:11.000
AN-C001427,Fiifi,Arthur,1999-12-07,Ghanaian,Other,+233436811045,fiifi.arthur4773@example.test,2024-06-29 09:31:12.000
AN-C001428,Efua,Arthur,1997-05-20,Ghanaian,Artisan,+233421995881,efua.arthur4415@example.test,2023-05-01 09:59:55.000
AN-C001429,Akosua,Appiah,1991-08-27,Ghanaian,Professional,+233421025188,akosua.appiah9093@example.test,2023-03-26 15:55:29.000
AN-C001430,Kwame,Darko,1990-12-12,Ghanaian,Artisan,+233256427166,kwame.darko6280@example.test,2025-01-21 13:39:32.000
AN-C001431,Ama,Agyeman,2004-05-13,Ghanaian,Health Worker,+233535581416,ama.agyeman911@example.test,2023-03-20 13:00:21.000
AN-C001432,Mavis,Boateng,1978-12-22,Ghanaian,Farmer,+233258943890,mavis.boateng941@example.test,2024-09-18 10:14:45.000
AN-C001433,Kofi,Boateng,1966-08-20,Ghanaian,Other,+233340714439,kofi.boateng6380@example.test,2024-11-10 15:28:18.000
AN-C001434,Grace,Darko,1974-06-22,Ghanaian,Trader,+233482255308,grace.darko7454@example.test,2025-05-14 12:34:42.000
AN-C001435,Abena,Agyeman,1964-08-15,Ghanaian,Driver,+233512484020,abena.agyeman4473@example.test,2023-11-09 08:16:34.000
AN-C001436,Emmanuel,Mensah,1971-04-27,Ghanaian,Public Servant,+233421371200,emmanuel.mensah9626@example.test,2023-05-09 10:50:25.000
AN-C001437,Adwoa,Amoah,2000-03-18,Ghanaian,Professional,+233594323092,adwoa.amoah2010@example.test,2023-08-10 16:15:21.000
AN-C001438,Kofi,Asare,1980-08-17,Ghanaian,Farmer,+233263747487,kofi.asare7251@example.test,2024-07-14 08:54:54.000
AN-C001439,Nana,Darko,1998-12-27,Ghanaian,Trader,+233312594298,nana.darko8638@example.test,2023-04-17 13:32:51.000
AN-C001440,Fiifi,Darko,1978-12-25,Ghanaian,Other,+233244816276,fiifi.darko8824@example.test,2023-11-10 13:09:03.000
AN-C001441,Ama,Darko,1987-12-21,Ghanaian,Trader,+233471483817,ama.darko7852@example.test,2024-01-25 18:24:29.000
AN-C001442,Grace,Asare,1996-02-04,Ghanaian,Student,+233247662931,grace.asare3024@example.test,2025-03-08 09:55:00.000
AN-C001443,Mavis,Amoah,1997-02-02,Ghanaian,Farmer,+233559076082,mavis.amoah2713@example.test,2024-03-03 18:38:40.000
AN-C001444,Kofi,Quaye,1997-09-15,Ghanaian,Health Worker,+233296571416,kofi.quaye8276@example.test,2025-02-10 16:51:28.000
AN-C001445,Afia,Boateng,1989-05-22,Ghanaian,Trader,+233394670219,afia.boateng4667@example.test,2024-10-02 08:35:35.000
AN-C001446,Mavis,Boateng,1961-09-07,Ghanaian,Public Servant,+233307538321,mavis.boateng9945@example.test,2024-04-26 10:07:43.000
AN-C001447,Yaa,Mensah,2000-11-06,Ghanaian,Teacher,+233349386832,yaa.mensah3154@example.test,2023-11-18 15:56:44.000
AN-C001448,Efua,Boateng,1987-01-01,Ghanaian,Self Employed,+233317563233,efua.boateng3132@example.test,2024-05-02 13:35:00.000
AN-C001449,Afia,Boateng,1961-02-15,Ghanaian,Health Worker,+233458649194,afia.boateng7080@example.test,2024-10-23 13:18:46.000
AN-C001450,Mavis,Appiah,1983-10-18,Ghanaian,Trader,+233414500338,mavis.appiah814@example.test,2023-03-08 18:28:47.000
AN-C001451,Yaw,Agyeman,1967-02-16,Ghanaian,Driver,+233314127195,yaw.agyeman3623@example.test,2024-11-22 18:42:01.000
AN-C001452,Efua,Osei,2004-01-24,Ghanaian,Other,+233545390808,efua.osei3713@example.test,2023-06-13 11:29:35.000
AN-C001453,Nana,Boateng,1973-05-24,Ghanaian,Health Worker,+233277585128,nana.boateng7920@example.test,2024-01-09 08:23:21.000
AN-C001454,Kwame,Amoah,1995-06-22,Ghanaian,Self Employed,+233239015730,kwame.amoah3623@example.test,2024-10-05 08:24:08.000
AN-C001455,Daniel,Asare,1989-12-21,Ghanaian,Self Employed,+233503411976,daniel.asare7326@example.test,2024-06-23 11:15:57.000
AN-C001456,Kofi,Asare,1965-06-25,Ghanaian,Other,+233239218334,kofi.asare6216@example.test,2025-05-01 16:48:44.000
AN-C001457,Kwabena,Arthur,1999-04-08,Ghanaian,Farmer,+233441142881,kwabena.arthur2724@example.test,2024-05-01 15:33:27.000
AN-C001458,Afia,Arthur,1969-12-25,Ghanaian,Public Servant,+233543643507,afia.arthur6083@example.test,2023-10-18 08:11:08.000
AN-C001459,Kwabena,Arthur,1967-02-06,Ghanaian,Driver,+233227266972,kwabena.arthur496@example.test,2023-04-11 17:36:18.000
AN-C001460,Kojo,Osei,2002-04-08,Ghanaian,Driver,+233491195949,kojo.osei9086@example.test,2025-06-01 15:37:21.000
AN-C001461,Ama,Osei,1976-08-11,Ghanaian,Farmer,+233244679059,ama.osei7444@example.test,2024-12-02 15:37:31.000
AN-C001462,Mary,Agyeman,1963-10-18,Ghanaian,Other,+233540533273,mary.agyeman5779@example.test,2024-07-13 12:03:21.000
AN-C001463,Mary,Osei,1975-02-03,Ghanaian,Artisan,+233348247953,mary.osei9153@example.test,2023-10-14 14:40:28.000
AN-C001464,Fiifi,Mensah,1976-03-08,Ghanaian,Professional,+233540616795,fiifi.mensah7559@example.test,2025-03-03 18:03:51.000
AN-C001465,Afia,Agyeman,2001-06-13,Ghanaian,Farmer,+233238025383,afia.agyeman6690@example.test,2025-05-19 09:11:44.000
AN-C001466,Grace,Appiah,2002-08-17,Ghanaian,Driver,+233538647157,grace.appiah4061@example.test,2024-09-30 08:29:05.000
AN-C001467,Abena,Arthur,1968-07-13,Ghanaian,Driver,+233494649969,abena.arthur636@example.test,2023-01-21 10:47:06.000
AN-C001468,Mary,Osei,1977-10-24,Ghanaian,Student,+233494926420,mary.osei2747@example.test,2023-04-19 08:50:41.000
AN-C001469,Afia,Arthur,1999-02-12,Ghanaian,Trader,+233307377617,afia.arthur8031@example.test,2023-01-16 11:33:06.000
AN-C001470,Angela,Quaye,2000-12-24,Ghanaian,Health Worker,+233244226889,angela.quaye9843@example.test,2024-10-26 09:52:22.000
AN-C001471,Yaw,Asare,1983-06-25,Ghanaian,Health Worker,+233447079471,yaw.asare3505@example.test,2023-08-12 10:59:22.000
AN-C001472,Emmanuel,Osei,1998-12-12,Ghanaian,Self Employed,+233227293789,emmanuel.osei8313@example.test,2024-08-20 12:36:02.000
AN-C001473,Angela,Agyeman,1990-09-22,Ghanaian,Public Servant,+233513077634,angela.agyeman9911@example.test,2024-05-16 12:48:43.000
AN-C001474,Michael,Appiah,1962-05-09,Ghanaian,Trader,+233526542160,michael.appiah2663@example.test,2024-06-17 08:20:10.000
AN-C001475,Adwoa,Owusu,1973-01-14,Ghanaian,Teacher,+233460523672,adwoa.owusu6182@example.test,2023-07-10 15:01:50.000
AN-C001476,Daniel,Owusu,1976-11-19,Ghanaian,Public Servant,+233292545681,daniel.owusu5314@example.test,2025-04-12 09:40:20.000
AN-C001477,Yaa,Agyeman,1999-12-27,Ghanaian,Farmer,+233396029682,yaa.agyeman8830@example.test,2023-11-30 10:08:33.000
AN-C001478,Yaa,Owusu,1968-11-12,Ghanaian,Self Employed,+233328145229,yaa.owusu6839@example.test,2023-06-11 17:42:06.000
AN-C001479,Abena,Arthur,1965-05-13,Ghanaian,Self Employed,+233409618048,abena.arthur3954@example.test,2023-04-09 16:27:02.000
AN-C001480,Mary,Asare,2003-01-21,Ghanaian,Student,+233369585571,mary.asare4700@example.test,2023-02-24 17:14:16.000
AN-C001481,Fiifi,Appiah,1993-11-19,Ghanaian,Trader,+233241734546,fiifi.appiah9916@example.test,2023-03-03 09:43:43.000
AN-C001482,Kofi,Appiah,1966-02-11,Ghanaian,Trader,+233361288731,kofi.appiah1324@example.test,2024-10-05 10:13:57.000
AN-C001483,Angela,Arthur,1993-03-11,Ghanaian,Student,+233366254841,angela.arthur6909@example.test,2024-01-18 18:41:37.000
AN-C001484,Mavis,Amoah,1989-12-27,Ghanaian,Driver,+233561835254,mavis.amoah1321@example.test,2024-09-15 18:22:19.000
AN-C001485,Grace,Adjei,1983-09-25,Ghanaian,Farmer,+233594720829,grace.adjei4107@example.test,2023-09-12 14:43:30.000
AN-C001486,Emmanuel,Agyeman,1977-08-22,Ghanaian,Trader,+233407764031,emmanuel.agyeman1452@example.test,2024-10-20 17:23:16.000
AN-C001487,Kofi,Mensah,1975-01-25,Ghanaian,Teacher,+233533641006,kofi.mensah7677@example.test,2024-12-23 17:45:09.000
AN-C001488,Nana,Darko,1990-03-21,Ghanaian,Self Employed,+233420037774,nana.darko1281@example.test,2023-04-02 10:21:50.000
AN-C001489,Michael,Amoah,1996-07-21,Ghanaian,Artisan,+233451148692,michael.amoah7458@example.test,2023-06-05 10:25:32.000
AN-C001490,Kwadwo,Amoah,1998-12-13,Ghanaian,Driver,+233426179660,kwadwo.amoah7019@example.test,2025-01-14 18:02:22.000
AN-C001491,Yaw,Owusu,1991-06-10,Ghanaian,Other,+233574657741,yaw.owusu9363@example.test,2024-05-15 16:48:59.000
AN-C001492,Mavis,Asare,1992-08-09,Ghanaian,Professional,+233540009391,mavis.asare328@example.test,2023-10-31 09:12:30.000
AN-C001493,Esi,Arthur,1992-06-14,Ghanaian,Self Employed,+233236457121,esi.arthur5387@example.test,2023-11-16 12:20:33.000
AN-C001494,Fiifi,Arthur,1980-03-13,Ghanaian,Artisan,+233492818915,fiifi.arthur7948@example.test,2025-05-27 13:31:21.000
AN-C001495,Fiifi,Osei,1978-07-10,Ghanaian,Farmer,+233374298776,fiifi.osei1239@example.test,2023-03-03 09:05:06.000
AN-C001496,Michael,Appiah,1991-10-10,Ghanaian,Health Worker,+233517386386,michael.appiah6101@example.test,2023-07-18 14:10:07.000
AN-C001497,Samuel,Appiah,1977-05-06,Ghanaian,Professional,+233361374680,samuel.appiah1113@example.test,2025-05-20 08:44:00.000
AN-C001498,Mary,Darko,1975-06-12,Ghanaian,Teacher,+233296686487,mary.darko6568@example.test,2023-09-15 10:27:19.000
AN-C001499,Emmanuel,Appiah,1974-02-18,Ghanaian,Health Worker,+233446401206,emmanuel.appiah3425@example.test,2024-07-12 10:50:54.000
AN-C001500,Afia,Amoah,1968-08-21,Ghanaian,Public Servant,+233435360638,afia.amoah9122@example.test,2024-08-13 14:20:33.000
AN-C001501,Adwoa,Adjei,1999-09-17,Ghanaian,Public Servant,+233545832910,adwoa.adjei7190@example.test,2024-07-07 16:18:54.000
AN-C001502,Michael,Adjei,1966-10-06,Ghanaian,Public Servant,+233489834729,michael.adjei9550@example.test,2023-12-07 16:42:43.000
AN-C001503,Esi,Adjei,1987-12-14,Ghanaian,Teacher,+233241299100,esi.adjei959@example.test,2023-06-25 11:10:27.000
AN-C001504,Nana,Owusu,1995-09-14,Ghanaian,Other,+233570026244,nana.owusu3774@example.test,2024-03-28 11:06:45.000
AN-C001505,Ama,Asare,1977-01-27,Ghanaian,Professional,+233329889109,ama.asare1901@example.test,2024-07-21 17:21:40.000
AN-C001506,Emmanuel,Appiah,2004-01-05,Ghanaian,Farmer,+233363455945,emmanuel.appiah9994@example.test,2024-01-07 12:24:35.000
AN-C001507,Ama,Adjei,1972-04-18,Ghanaian,Driver,+233491485705,ama.adjei2316@example.test,2023-04-10 08:29:07.000
AN-C001508,Kojo,Darko,1973-05-01,Ghanaian,Driver,+233244477100,kojo.darko1475@example.test,2025-05-02 12:50:00.000
AN-C001509,Kofi,Darko,1965-04-09,Ghanaian,Public Servant,+233499499321,kofi.darko3826@example.test,2024-11-26 16:02:56.000
AN-C001510,Adwoa,Adjei,1961-03-20,Ghanaian,Self Employed,+233468642162,adwoa.adjei8200@example.test,2023-08-24 17:13:41.000
AN-C001511,Samuel,Asare,1967-11-21,Ghanaian,Student,+233540830730,samuel.asare9010@example.test,2023-10-16 15:33:58.000
AN-C001512,Kofi,Owusu,1981-06-28,Ghanaian,Driver,+233281032256,kofi.owusu2362@example.test,2024-08-29 16:05:26.000
AN-C001513,Mary,Appiah,1966-04-16,Ghanaian,Self Employed,+233346181153,mary.appiah8933@example.test,2023-02-21 08:22:21.000
AN-C001514,Kwame,Appiah,2004-02-06,Ghanaian,Public Servant,+233519979778,kwame.appiah8112@example.test,2023-02-26 15:16:47.000
AN-C001515,Ama,Agyeman,1969-10-06,Ghanaian,Self Employed,+233383632605,ama.agyeman1775@example.test,2025-05-07 08:54:14.000
AN-C001516,Samuel,Osei,1967-02-25,Ghanaian,Professional,+233309103580,samuel.osei1989@example.test,2023-06-26 17:27:41.000
AN-C001517,Michael,Boateng,1990-07-22,Ghanaian,Public Servant,+233226993797,michael.boateng1314@example.test,2024-01-22 08:10:24.000
AN-C001518,Emmanuel,Agyeman,1960-02-22,Ghanaian,Health Worker,+233206614230,emmanuel.agyeman8438@example.test,2023-12-03 17:42:11.000
AN-C001519,Afia,Arthur,1998-03-21,Ghanaian,Health Worker,+233439120977,afia.arthur5667@example.test,2024-06-05 09:35:45.000
AN-C001520,Abena,Amoah,1989-12-21,Ghanaian,Teacher,+233595753326,abena.amoah1193@example.test,2023-12-23 15:39:10.000
AN-C001521,Efua,Appiah,1982-08-15,Ghanaian,Trader,+233529537773,efua.appiah3071@example.test,2023-07-05 14:36:29.000
AN-C001522,Abena,Darko,1981-08-17,Ghanaian,Farmer,+233470388361,abena.darko543@example.test,2025-02-27 08:17:05.000
AN-C001523,Yaw,Mensah,1964-10-19,Ghanaian,Trader,+233338826933,yaw.mensah6455@example.test,2024-10-31 14:52:52.000
AN-C001524,Michael,Adjei,1999-03-01,Ghanaian,Driver,+233442014267,michael.adjei9637@example.test,2024-02-01 14:42:36.000
AN-C001525,Abena,Boateng,1993-06-03,Ghanaian,Trader,+233381515380,abena.boateng9696@example.test,2024-09-15 08:58:15.000
AN-C001526,Nana,Darko,1960-07-24,Ghanaian,Teacher,+233366832965,nana.darko3841@example.test,2025-01-10 12:33:24.000
AN-C001527,Efua,Agyeman,1969-03-18,Ghanaian,Student,+233495400592,efua.agyeman8108@example.test,2023-08-16 09:21:37.000
AN-C001528,Angela,Osei,2000-09-17,Ghanaian,Health Worker,+233385263788,angela.osei1423@example.test,2024-12-28 09:54:20.000
AN-C001529,Yaa,Arthur,1992-12-15,Ghanaian,Health Worker,+233236735795,yaa.arthur3163@example.test,2024-03-04 12:16:00.000
AN-C001530,Ama,Darko,1989-07-11,Ghanaian,Student,+233545571882,ama.darko9036@example.test,2024-07-05 10:27:55.000
AN-C001531,Samuel,Agyeman,1986-01-28,Ghanaian,Driver,+233455043605,samuel.agyeman1703@example.test,2023-05-16 17:54:20.000
AN-C001532,Afia,Owusu,1962-08-10,Ghanaian,Student,+233434269855,afia.owusu7621@example.test,2024-06-28 10:56:48.000
AN-C001533,Esi,Mensah,1970-05-21,Ghanaian,Driver,+233224169348,esi.mensah9893@example.test,2025-06-03 13:34:18.000
AN-C001534,Mavis,Appiah,1974-01-12,Ghanaian,Other,+233536453354,mavis.appiah126@example.test,2023-02-24 08:31:29.000
AN-C001535,Efua,Darko,1987-03-17,Ghanaian,Other,+233568948516,efua.darko7185@example.test,2024-05-28 14:44:03.000
AN-C001536,Kojo,Arthur,1980-03-25,Ghanaian,Trader,+233429135610,kojo.arthur4068@example.test,2024-04-17 13:04:35.000
AN-C001537,Kwadwo,Darko,1986-10-11,Ghanaian,Self Employed,+233306716832,kwadwo.darko4441@example.test,2024-11-08 15:21:39.000
AN-C001538,Grace,Osei,1975-01-04,Ghanaian,Driver,+233428868487,grace.osei1107@example.test,2024-07-25 11:59:55.000
AN-C001539,Grace,Osei,1974-11-16,Ghanaian,Trader,+233597497022,grace.osei9310@example.test,2024-09-24 13:49:03.000
AN-C001540,Adwoa,Darko,1993-12-12,Ghanaian,Teacher,+233468809748,adwoa.darko8333@example.test,2024-11-12 11:41:39.000
AN-C001541,Fiifi,Osei,1979-08-07,Ghanaian,Public Servant,+233320118768,fiifi.osei9401@example.test,2024-05-16 14:17:20.000
AN-C001542,Angela,Agyeman,1974-12-12,Ghanaian,Health Worker,+233515067895,angela.agyeman1692@example.test,2024-10-26 13:04:33.000
AN-C001543,Samuel,Adjei,1987-12-07,Ghanaian,Artisan,+233334259170,samuel.adjei5961@example.test,2024-07-14 18:34:09.000
AN-C001544,Samuel,Arthur,1989-11-16,Ghanaian,Teacher,+233481245396,samuel.arthur5490@example.test,2023-01-30 11:09:12.000
AN-C001545,Ama,Adjei,1984-06-18,Ghanaian,Health Worker,+233575818230,ama.adjei6470@example.test,2024-06-12 11:17:57.000
AN-C001546,Daniel,Arthur,1989-12-04,Ghanaian,Self Employed,+233218733655,daniel.arthur2724@example.test,2023-12-18 10:00:35.000
AN-C001547,Fiifi,Adjei,1991-05-06,Ghanaian,Driver,+233486649252,fiifi.adjei2009@example.test,2024-02-16 08:14:32.000
AN-C001548,Kojo,Quaye,1978-06-10,Ghanaian,Teacher,+233392120693,kojo.quaye2037@example.test,2023-12-26 18:55:00.000
AN-C001549,Kojo,Owusu,1973-02-12,Ghanaian,Student,+233374729883,kojo.owusu4461@example.test,2023-02-24 10:53:53.000
AN-C001550,Grace,Agyeman,2003-07-13,Ghanaian,Trader,+233249875056,grace.agyeman5995@example.test,2024-01-18 11:54:34.000
AN-C001551,Kwadwo,Appiah,2003-03-04,Ghanaian,Trader,+233467653625,kwadwo.appiah7997@example.test,2024-04-19 11:02:16.000
AN-C001552,Yaa,Quaye,1988-03-19,Ghanaian,Student,+233576367578,yaa.quaye495@example.test,2024-08-16 11:09:26.000
AN-C001553,Esi,Adjei,1973-10-26,Ghanaian,Teacher,+233519184314,esi.adjei1252@example.test,2024-06-04 08:59:19.000
AN-C001554,Emmanuel,Adjei,1982-06-16,Ghanaian,Health Worker,+233332426288,emmanuel.adjei5385@example.test,2023-04-02 18:30:57.000
AN-C001555,Esi,Appiah,1999-08-07,Ghanaian,Public Servant,+233325562738,esi.appiah6361@example.test,2025-06-01 17:41:26.000
AN-C001556,Mary,Agyeman,1999-11-27,Ghanaian,Artisan,+233473714281,mary.agyeman7612@example.test,2024-11-25 09:13:20.000
AN-C001557,Kwabena,Owusu,1971-10-24,Ghanaian,Trader,+233440317038,kwabena.owusu1904@example.test,2024-10-01 12:17:40.000
AN-C001558,Daniel,Osei,1973-12-10,Ghanaian,Farmer,+233224861378,daniel.osei4543@example.test,2023-09-11 12:02:12.000
AN-C001559,Adwoa,Owusu,1977-05-12,Ghanaian,Teacher,+233543113893,adwoa.owusu9404@example.test,2023-02-23 16:04:53.000
AN-C001560,Esi,Asare,1975-11-24,Ghanaian,Student,+233570722530,esi.asare1674@example.test,2023-08-15 12:52:35.000
AN-C001561,Yaw,Asare,1962-03-08,Ghanaian,Health Worker,+233367197503,yaw.asare508@example.test,2024-02-01 10:26:30.000
AN-C001562,Ama,Owusu,1975-06-16,Ghanaian,Student,+233365601151,ama.owusu9234@example.test,2024-03-29 17:44:58.000
AN-C001563,Yaw,Appiah,1980-03-07,Ghanaian,Teacher,+233483852943,yaw.appiah4205@example.test,2024-04-26 12:29:31.000
AN-C001564,Mavis,Arthur,1971-11-03,Ghanaian,Artisan,+233216592906,mavis.arthur2025@example.test,2025-03-30 16:21:58.000
AN-C001565,Emmanuel,Adjei,2004-06-15,Ghanaian,Trader,+233514189549,emmanuel.adjei5619@example.test,2024-05-04 17:20:20.000
AN-C001566,Emmanuel,Owusu,1999-06-21,Ghanaian,Self Employed,+233503550075,emmanuel.owusu1198@example.test,2023-10-18 14:42:28.000
AN-C001567,Adwoa,Adjei,1976-02-10,Ghanaian,Public Servant,+233493320016,adwoa.adjei1015@example.test,2024-11-05 08:47:20.000
AN-C001568,Michael,Agyeman,2004-04-11,Ghanaian,Other,+233367462642,michael.agyeman1277@example.test,2024-03-22 08:25:55.000
AN-C001569,Kojo,Asare,1983-06-20,Ghanaian,Farmer,+233423853304,kojo.asare8363@example.test,2024-06-05 18:52:52.000
AN-C001570,Kofi,Agyeman,1981-05-02,Ghanaian,Health Worker,+233537131431,kofi.agyeman8411@example.test,2023-06-17 16:36:06.000
AN-C001571,Grace,Appiah,1992-07-06,Ghanaian,Other,+233401757188,grace.appiah7913@example.test,2023-01-14 12:46:17.000
AN-C001572,Mavis,Amoah,1969-01-20,Ghanaian,Student,+233449341308,mavis.amoah3990@example.test,2024-01-28 11:53:14.000
AN-C001573,Kojo,Adjei,1965-11-20,Ghanaian,Other,+233314772418,kojo.adjei375@example.test,2025-03-04 13:42:00.000
AN-C001574,Angela,Mensah,2002-05-26,Ghanaian,Teacher,+233597775417,angela.mensah9607@example.test,2023-05-02 09:24:58.000
AN-C001575,Kofi,Mensah,1982-05-04,Ghanaian,Self Employed,+233540568220,kofi.mensah8729@example.test,2023-06-26 15:13:24.000
AN-C001576,Kwabena,Quaye,1968-05-10,Ghanaian,Teacher,+233580174144,kwabena.quaye2379@example.test,2025-03-31 10:50:16.000
AN-C001577,Kwame,Adjei,1982-06-27,Ghanaian,Trader,+233275913569,kwame.adjei3525@example.test,2023-04-01 13:31:03.000
AN-C001578,Yaw,Osei,1966-09-08,Ghanaian,Driver,+233545872092,yaw.osei8864@example.test,2024-03-03 15:32:59.000
AN-C001579,Adwoa,Quaye,1979-09-20,Ghanaian,Teacher,+233524476136,adwoa.quaye1467@example.test,2025-01-08 12:08:12.000
AN-C001580,Mavis,Agyeman,1963-10-02,Ghanaian,Teacher,+233281700321,mavis.agyeman3745@example.test,2024-11-15 13:03:11.000
AN-C001581,Mavis,Darko,1961-07-12,Ghanaian,Artisan,+233364504788,mavis.darko3601@example.test,2023-06-11 10:22:02.000
AN-C001582,Kwadwo,Quaye,1968-12-01,Ghanaian,Trader,+233347532317,kwadwo.quaye3723@example.test,2024-10-12 08:31:55.000
AN-C001583,Angela,Boateng,1977-09-02,Ghanaian,Artisan,+233507080104,angela.boateng4261@example.test,2025-01-11 13:42:25.000
AN-C001584,Grace,Quaye,2002-10-28,Ghanaian,Professional,+233396396277,grace.quaye585@example.test,2025-06-09 18:01:53.000
AN-C001585,Samuel,Asare,1980-03-25,Ghanaian,Driver,+233501803933,samuel.asare2506@example.test,2024-12-20 11:41:25.000
AN-C001586,Angela,Arthur,1991-07-03,Ghanaian,Farmer,+233298768225,angela.arthur3218@example.test,2024-10-27 15:22:07.000
AN-C001587,Kofi,Arthur,1999-06-10,Ghanaian,Public Servant,+233579004339,kofi.arthur9445@example.test,2023-08-02 16:51:07.000
AN-C001588,Efua,Appiah,1990-02-08,Ghanaian,Artisan,+233440927133,efua.appiah7930@example.test,2023-12-15 13:38:55.000
AN-C001589,Efua,Asare,1980-12-15,Ghanaian,Public Servant,+233569045720,efua.asare7610@example.test,2023-07-25 18:09:07.000
AN-C001590,Kwame,Asare,1982-08-12,Ghanaian,Teacher,+233494710558,kwame.asare8171@example.test,2024-01-21 14:51:09.000
AN-C001591,Abena,Quaye,1975-11-12,Ghanaian,Student,+233348198958,abena.quaye9516@example.test,2024-06-23 17:05:20.000
AN-C001592,Nana,Mensah,1985-10-21,Ghanaian,Public Servant,+233466524016,nana.mensah754@example.test,2023-09-25 08:38:43.000
AN-C001593,Ama,Quaye,1966-06-20,Ghanaian,Student,+233321931068,ama.quaye4054@example.test,2024-06-20 09:14:53.000
AN-C001594,Nana,Amoah,1964-10-03,Ghanaian,Artisan,+233438081125,nana.amoah2904@example.test,2024-01-08 12:23:05.000
AN-C001595,Grace,Appiah,1963-06-17,Ghanaian,Professional,+233473087852,grace.appiah1662@example.test,2023-12-02 08:06:56.000
AN-C001596,Grace,Mensah,1974-10-26,Ghanaian,Driver,+233510292720,grace.mensah385@example.test,2024-09-19 11:07:33.000
AN-C001597,Kwabena,Osei,1962-09-23,Ghanaian,Student,+233540407428,kwabena.osei6916@example.test,2024-04-06 10:40:22.000
AN-C001598,Daniel,Darko,2003-01-11,Ghanaian,Other,+233537019647,daniel.darko3784@example.test,2024-11-08 18:58:40.000
AN-C001599,Yaw,Amoah,1970-10-03,Ghanaian,Driver,+233351027642,yaw.amoah3443@example.test,2024-05-04 16:47:24.000
AN-C001600,Mavis,Mensah,1981-06-25,Ghanaian,Professional,+233239371371,mavis.mensah1742@example.test,2024-12-16 14:19:31.000
AN-C001601,Yaw,Osei,1989-11-03,Ghanaian,Self Employed,+233428873063,yaw.osei8868@example.test,2023-06-24 16:01:41.000
AN-C001602,Kwabena,Asare,2003-03-09,Ghanaian,Student,+233342876117,kwabena.asare7014@example.test,2023-04-30 18:12:49.000
AN-C001603,Yaa,Amoah,1967-02-04,Ghanaian,Public Servant,+233457111218,yaa.amoah2970@example.test,2024-12-26 17:31:52.000
AN-C001604,Nana,Darko,1987-05-19,Ghanaian,Farmer,+233572504032,nana.darko9823@example.test,2025-06-14 12:15:19.000
AN-C001605,Samuel,Mensah,1992-02-06,Ghanaian,Teacher,+233431759051,samuel.mensah5949@example.test,2024-01-08 18:35:59.000
AN-C001606,Kojo,Osei,1996-06-27,Ghanaian,Health Worker,+233395513625,kojo.osei3035@example.test,2024-11-22 10:51:22.000
AN-C001607,Fiifi,Boateng,1963-12-25,Ghanaian,Artisan,+233315206897,fiifi.boateng2345@example.test,2023-09-09 17:31:42.000
AN-C001608,Kojo,Arthur,1963-06-03,Ghanaian,Artisan,+233485463462,kojo.arthur5817@example.test,2025-04-23 11:43:18.000
AN-C001609,Yaw,Mensah,1987-03-28,Ghanaian,Student,+233507805002,yaw.mensah1715@example.test,2024-12-06 17:00:56.000
AN-C001610,Efua,Boateng,1983-03-16,Ghanaian,Trader,+233422627485,efua.boateng4498@example.test,2023-03-13 14:59:31.000
AN-C001611,Angela,Adjei,1997-06-23,Ghanaian,Other,+233578950105,angela.adjei3295@example.test,2023-05-03 09:10:21.000
AN-C001612,Ama,Boateng,1979-02-08,Ghanaian,Artisan,+233483858679,ama.boateng5483@example.test,2023-04-11 16:04:59.000
AN-C001613,Mary,Arthur,1966-12-05,Ghanaian,Other,+233375399681,mary.arthur8331@example.test,2024-08-16 14:04:07.000
AN-C001614,Grace,Osei,1988-02-13,Ghanaian,Health Worker,+233581245530,grace.osei2030@example.test,2025-03-05 09:43:28.000
AN-C001615,Kwadwo,Amoah,1970-03-07,Ghanaian,Artisan,+233326524250,kwadwo.amoah8931@example.test,2024-01-10 12:19:40.000
AN-C001616,Kofi,Darko,1980-06-02,Ghanaian,Public Servant,+233355033322,kofi.darko5232@example.test,2024-02-26 16:36:14.000
AN-C001617,Afia,Adjei,1996-11-12,Ghanaian,Student,+233346255300,afia.adjei7347@example.test,2024-09-29 09:50:51.000
AN-C001618,Emmanuel,Asare,1961-01-23,Ghanaian,Health Worker,+233466859320,emmanuel.asare865@example.test,2023-02-26 08:36:15.000
AN-C001619,Nana,Agyeman,1995-09-24,Ghanaian,Farmer,+233483126426,nana.agyeman9122@example.test,2023-05-16 12:58:19.000
AN-C001620,Efua,Darko,1982-07-13,Ghanaian,Driver,+233455886876,efua.darko4935@example.test,2024-04-11 10:12:43.000
AN-C001621,Kwabena,Quaye,1982-07-17,Ghanaian,Public Servant,+233253443392,kwabena.quaye8454@example.test,2024-01-20 11:22:41.000
AN-C001622,Emmanuel,Owusu,1982-05-19,Ghanaian,Professional,+233463587809,emmanuel.owusu2263@example.test,2024-01-19 13:07:03.000
AN-C001623,Ama,Arthur,1984-01-14,Ghanaian,Other,+233433334114,ama.arthur2278@example.test,2024-06-21 15:08:33.000
AN-C001624,Mary,Adjei,1976-02-15,Ghanaian,Artisan,+233332079363,mary.adjei1603@example.test,2024-11-03 10:03:23.000
AN-C001625,Ama,Darko,1996-10-28,Ghanaian,Teacher,+233397079796,ama.darko5866@example.test,2024-09-10 12:49:54.000
AN-C001626,Emmanuel,Arthur,1976-11-26,Ghanaian,Professional,+233423914943,emmanuel.arthur2575@example.test,2024-04-04 13:03:10.000
AN-C001627,Mavis,Adjei,1969-05-15,Ghanaian,Farmer,+233427613406,mavis.adjei2078@example.test,2023-04-30 18:28:00.000
AN-C001628,Kwadwo,Osei,2003-06-10,Ghanaian,Teacher,+233587498623,kwadwo.osei4687@example.test,2023-03-27 17:54:27.000
AN-C001629,Abena,Darko,1997-11-25,Ghanaian,Professional,+233244327378,abena.darko5513@example.test,2024-08-09 18:47:19.000
AN-C001630,Yaw,Boateng,1986-06-26,Ghanaian,Driver,+233390108934,yaw.boateng7490@example.test,2024-05-24 09:01:21.000
AN-C001631,Adwoa,Appiah,1987-12-01,Ghanaian,Public Servant,+233458468911,adwoa.appiah4833@example.test,2024-02-07 17:04:46.000
AN-C001632,Efua,Boateng,2001-10-17,Ghanaian,Other,+233519273851,efua.boateng1595@example.test,2024-12-31 15:06:57.000
AN-C001633,Nana,Agyeman,2003-11-20,Ghanaian,Driver,+233560937350,nana.agyeman7829@example.test,2025-02-07 09:54:26.000
AN-C001634,Kwabena,Appiah,1975-06-12,Ghanaian,Teacher,+233311169206,kwabena.appiah7655@example.test,2024-11-27 08:03:06.000
AN-C001635,Esi,Appiah,1962-06-24,Ghanaian,Self Employed,+233501705624,esi.appiah8229@example.test,2024-06-10 09:53:58.000
AN-C001636,Kwame,Appiah,1969-03-13,Ghanaian,Driver,+233481830034,kwame.appiah6977@example.test,2023-09-02 09:20:02.000
AN-C001637,Yaw,Asare,1994-02-18,Ghanaian,Professional,+233334586252,yaw.asare302@example.test,2023-02-05 13:18:57.000
AN-C001638,Mary,Darko,1967-08-14,Ghanaian,Trader,+233210404311,mary.darko483@example.test,2025-06-19 17:40:46.000
AN-C001639,Angela,Amoah,1963-08-16,Ghanaian,Driver,+233451077009,angela.amoah8860@example.test,2023-03-27 13:13:43.000
AN-C001640,Afia,Asare,1966-04-23,Ghanaian,Health Worker,+233320783253,afia.asare8954@example.test,2025-05-02 16:58:53.000
AN-C001641,Fiifi,Osei,1968-05-06,Ghanaian,Trader,+233326189432,fiifi.osei8293@example.test,2025-01-29 09:12:28.000
AN-C001642,Mavis,Quaye,1970-03-20,Ghanaian,Trader,+233365839879,mavis.quaye9931@example.test,2024-07-31 08:54:52.000
AN-C001643,Ama,Osei,2002-01-15,Ghanaian,Teacher,+233216304663,ama.osei5330@example.test,2024-09-11 10:22:43.000
AN-C001644,Kofi,Boateng,2002-11-19,Ghanaian,Professional,+233427562313,kofi.boateng5505@example.test,2023-08-21 14:05:32.000
AN-C001645,Mavis,Amoah,1975-11-04,Ghanaian,Student,+233355922489,mavis.amoah2543@example.test,2023-11-02 10:39:07.000
AN-C001646,Samuel,Darko,1974-04-08,Ghanaian,Health Worker,+233326173370,samuel.darko7513@example.test,2025-03-12 09:57:25.000
AN-C001647,Kwadwo,Owusu,1969-06-25,Ghanaian,Student,+233372846800,kwadwo.owusu5655@example.test,2023-04-05 16:39:42.000
AN-C001648,Abena,Boateng,1962-10-14,Ghanaian,Trader,+233407996530,abena.boateng1863@example.test,2023-03-02 11:24:10.000
AN-C001649,Kwame,Asare,1976-10-06,Ghanaian,Trader,+233482183331,kwame.asare590@example.test,2024-11-09 12:01:48.000
AN-C001650,Yaa,Darko,1962-07-08,Ghanaian,Student,+233370809198,yaa.darko8621@example.test,2024-04-20 12:55:31.000
AN-C001651,Kwame,Darko,1968-11-05,Ghanaian,Public Servant,+233254581711,kwame.darko9985@example.test,2025-02-02 11:04:01.000
AN-C001652,Kofi,Appiah,2002-04-11,Ghanaian,Other,+233491052265,kofi.appiah5608@example.test,2024-10-27 10:13:47.000
AN-C001653,Fiifi,Owusu,1979-05-16,Ghanaian,Professional,+233280381326,fiifi.owusu9308@example.test,2024-05-19 17:36:21.000
AN-C001654,Angela,Appiah,1997-06-28,Ghanaian,Teacher,+233558949331,angela.appiah5428@example.test,2025-01-09 08:26:20.000
AN-C001655,Akosua,Adjei,2002-03-11,Ghanaian,Driver,+233468897655,akosua.adjei9020@example.test,2025-04-16 09:29:54.000
AN-C001656,Yaw,Appiah,1976-11-01,Ghanaian,Teacher,+233229204718,yaw.appiah4570@example.test,2023-03-14 08:29:38.000
AN-C001657,Kwabena,Mensah,1968-10-17,Ghanaian,Artisan,+233369804582,kwabena.mensah1868@example.test,2025-04-02 13:41:43.000
AN-C001658,Michael,Darko,1973-07-13,Ghanaian,Teacher,+233330624350,michael.darko8473@example.test,2023-09-02 16:57:31.000
AN-C001659,Kwame,Owusu,1966-10-01,Ghanaian,Student,+233507985825,kwame.owusu1501@example.test,2025-01-10 09:23:30.000
AN-C001660,Abena,Darko,1961-06-03,Ghanaian,Teacher,+233557744916,abena.darko3138@example.test,2023-10-11 13:47:08.000
AN-C001661,Afia,Arthur,1998-09-18,Ghanaian,Teacher,+233514643683,afia.arthur618@example.test,2024-05-18 14:49:15.000
AN-C001662,Emmanuel,Arthur,1985-12-16,Ghanaian,Driver,+233254231392,emmanuel.arthur1209@example.test,2024-10-13 17:35:21.000
AN-C001663,Kojo,Appiah,1963-05-10,Ghanaian,Artisan,+233407301669,kojo.appiah1414@example.test,2024-10-26 15:36:12.000
AN-C001664,Esi,Darko,1969-11-13,Ghanaian,Artisan,+233449162472,esi.darko7588@example.test,2025-02-26 15:46:48.000
AN-C001665,Fiifi,Mensah,1966-06-08,Ghanaian,Artisan,+233540902354,fiifi.mensah8272@example.test,2024-11-02 16:17:55.000
AN-C001666,Ama,Owusu,1998-07-23,Ghanaian,Teacher,+233467408908,ama.owusu599@example.test,2024-10-10 17:03:16.000
AN-C001667,Esi,Adjei,1961-08-20,Ghanaian,Public Servant,+233537013956,esi.adjei7181@example.test,2023-01-29 09:28:03.000
AN-C001668,Nana,Amoah,1969-06-12,Ghanaian,Public Servant,+233343580216,nana.amoah1137@example.test,2023-04-06 16:09:01.000
AN-C001669,Abena,Asare,1962-12-08,Ghanaian,Health Worker,+233425839387,abena.asare3110@example.test,2024-11-14 16:45:14.000
AN-C001670,Adwoa,Mensah,1961-06-07,Ghanaian,Other,+233405917286,adwoa.mensah9630@example.test,2023-06-18 11:08:02.000
AN-C001671,Efua,Adjei,2001-07-19,Ghanaian,Professional,+233255682671,efua.adjei4432@example.test,2025-03-30 15:34:58.000
AN-C001672,Kwame,Amoah,1981-10-18,Ghanaian,Professional,+233433036206,kwame.amoah8774@example.test,2024-04-04 09:46:26.000
AN-C001673,Kojo,Arthur,2002-07-18,Ghanaian,Driver,+233295139518,kojo.arthur9772@example.test,2023-11-07 16:20:17.000
AN-C001674,Kwadwo,Asare,2002-03-13,Ghanaian,Trader,+233375573768,kwadwo.asare9831@example.test,2024-06-05 17:03:02.000
AN-C001675,Kwabena,Amoah,1999-06-15,Ghanaian,Trader,+233527073943,kwabena.amoah5829@example.test,2023-05-17 16:50:20.000
AN-C001676,Michael,Boateng,1965-12-04,Ghanaian,Trader,+233348894121,michael.boateng8953@example.test,2023-02-25 15:56:52.000
AN-C001677,Ama,Adjei,1999-11-11,Ghanaian,Public Servant,+233346450022,ama.adjei1278@example.test,2024-09-23 09:02:09.000
AN-C001678,Efua,Boateng,1996-06-20,Ghanaian,Self Employed,+233243503916,efua.boateng2052@example.test,2023-05-19 18:56:58.000
AN-C001679,Abena,Agyeman,1986-05-22,Ghanaian,Artisan,+233286027261,abena.agyeman4853@example.test,2024-07-12 12:44:17.000
AN-C001680,Akosua,Boateng,1997-05-25,Ghanaian,Other,+233561266924,akosua.boateng8789@example.test,2024-12-19 13:10:03.000
AN-C001681,Efua,Appiah,1994-08-01,Ghanaian,Professional,+233540452689,efua.appiah7986@example.test,2023-04-08 13:39:38.000
AN-C001682,Mavis,Quaye,2004-02-14,Ghanaian,Teacher,+233393626326,mavis.quaye1190@example.test,2023-05-02 09:49:44.000
AN-C001683,Akosua,Quaye,1963-08-06,Ghanaian,Artisan,+233594243675,akosua.quaye8522@example.test,2024-05-22 10:54:58.000
AN-C001684,Adwoa,Adjei,1968-09-14,Ghanaian,Artisan,+233586287091,adwoa.adjei1981@example.test,2023-04-22 14:44:11.000
AN-C001685,Nana,Asare,1999-05-02,Ghanaian,Self Employed,+233504863679,nana.asare724@example.test,2023-06-20 11:33:14.000
AN-C001686,Abena,Osei,1979-05-02,Ghanaian,Public Servant,+233343076247,abena.osei9620@example.test,2025-05-28 11:17:25.000
AN-C001687,Kwabena,Appiah,1972-06-03,Ghanaian,Trader,+233441366153,kwabena.appiah8322@example.test,2023-02-18 17:21:14.000
AN-C001688,Mavis,Appiah,1963-05-17,Ghanaian,Self Employed,+233593279754,mavis.appiah6186@example.test,2025-04-28 08:51:02.000
AN-C001689,Emmanuel,Osei,1970-08-25,Ghanaian,Teacher,+233421547877,emmanuel.osei823@example.test,2024-03-11 15:48:12.000
AN-C001690,Kwadwo,Arthur,1981-01-07,Ghanaian,Professional,+233390760463,kwadwo.arthur8995@example.test,2024-06-07 18:03:30.000
AN-C001691,Kojo,Quaye,1967-09-21,Ghanaian,Driver,+233429789435,kojo.quaye4942@example.test,2024-04-19 09:22:10.000
AN-C001692,Mary,Owusu,1978-04-18,Ghanaian,Self Employed,+233574647814,mary.owusu5352@example.test,2025-02-21 10:47:08.000
AN-C001693,Grace,Osei,1988-04-23,Ghanaian,Health Worker,+233570164893,grace.osei1677@example.test,2024-02-23 12:02:35.000
AN-C001694,Kojo,Osei,1960-12-20,Ghanaian,Student,+233315118926,kojo.osei125@example.test,2024-09-14 09:20:02.000
AN-C001695,Kwabena,Agyeman,1963-09-08,Ghanaian,Teacher,+233316170652,kwabena.agyeman9891@example.test,2024-01-23 08:21:20.000
AN-C001696,Yaw,Darko,1996-12-07,Ghanaian,Teacher,+233285159377,yaw.darko7759@example.test,2023-01-20 18:24:34.000
AN-C001697,Emmanuel,Adjei,1966-09-21,Ghanaian,Trader,+233282114087,emmanuel.adjei1711@example.test,2025-02-17 18:41:51.000
AN-C001698,Kwadwo,Asare,2002-02-10,Ghanaian,Farmer,+233265335974,kwadwo.asare4486@example.test,2025-02-01 15:46:01.000
AN-C001699,Emmanuel,Arthur,1978-10-21,Ghanaian,Teacher,+233497510060,emmanuel.arthur134@example.test,2024-02-07 11:05:53.000
AN-C001700,Efua,Owusu,1970-07-01,Ghanaian,Teacher,+233551731664,efua.owusu3727@example.test,2025-06-02 12:45:55.000
AN-C001701,Kwabena,Asare,1961-08-07,Ghanaian,Professional,+233399934835,kwabena.asare5196@example.test,2023-10-29 11:37:30.000
AN-C001702,Yaa,Boateng,1968-10-14,Ghanaian,Student,+233464052739,yaa.boateng2289@example.test,2024-10-15 08:06:40.000
AN-C001703,Fiifi,Adjei,1978-08-03,Ghanaian,Driver,+233308486588,fiifi.adjei4093@example.test,2024-03-30 08:24:04.000
AN-C001704,Kwabena,Mensah,1967-11-13,Ghanaian,Public Servant,+233279051415,kwabena.mensah6147@example.test,2023-04-23 12:59:26.000
AN-C001705,Nana,Boateng,1980-06-25,Ghanaian,Driver,+233473783125,nana.boateng9584@example.test,2024-06-28 18:10:06.000
AN-C001706,Michael,Owusu,1964-09-11,Ghanaian,Health Worker,+233287027462,michael.owusu2189@example.test,2023-03-13 08:36:46.000
AN-C001707,Adwoa,Quaye,2002-01-01,Ghanaian,Professional,+233505131598,adwoa.quaye5364@example.test,2024-03-13 08:10:24.000
AN-C001708,Kwadwo,Osei,1968-11-26,Ghanaian,Farmer,+233456625022,kwadwo.osei8708@example.test,2023-10-24 13:16:45.000
AN-C001709,Mary,Arthur,1962-01-17,Ghanaian,Teacher,+233574662760,mary.arthur4261@example.test,2024-08-30 11:30:29.000
AN-C001710,Kwabena,Adjei,1970-06-15,Ghanaian,Health Worker,+233599075936,kwabena.adjei316@example.test,2023-11-14 18:03:15.000
AN-C001711,Afia,Boateng,1961-03-18,Ghanaian,Farmer,+233575952126,afia.boateng9996@example.test,2025-03-22 08:29:29.000
AN-C001712,Kwabena,Adjei,1976-09-22,Ghanaian,Professional,+233255549675,kwabena.adjei4823@example.test,2024-01-09 10:17:14.000
AN-C001713,Adwoa,Appiah,1992-05-20,Ghanaian,Farmer,+233504352577,adwoa.appiah4524@example.test,2024-12-27 10:05:55.000
AN-C001714,Grace,Arthur,1970-04-15,Ghanaian,Public Servant,+233244508622,grace.arthur1992@example.test,2023-06-06 14:02:42.000
AN-C001715,Mavis,Amoah,1969-11-23,Ghanaian,Artisan,+233481138862,mavis.amoah7860@example.test,2023-03-25 08:08:01.000
AN-C001716,Kwame,Adjei,1984-06-26,Ghanaian,Public Servant,+233227057285,kwame.adjei602@example.test,2024-09-10 16:42:37.000
AN-C001717,Efua,Agyeman,1979-07-06,Ghanaian,Student,+233570691959,efua.agyeman7975@example.test,2025-06-09 17:36:44.000
AN-C001718,Kofi,Darko,2000-05-07,Ghanaian,Student,+233511451896,kofi.darko7760@example.test,2025-03-25 11:16:45.000
AN-C001719,Nana,Appiah,1985-01-10,Ghanaian,Artisan,+233468147385,nana.appiah1133@example.test,2025-06-11 15:05:33.000
AN-C001720,Akosua,Osei,2004-05-22,Ghanaian,Teacher,+233374349969,akosua.osei6856@example.test,2025-04-16 12:26:47.000
AN-C001721,Kwadwo,Osei,1976-01-24,Ghanaian,Driver,+233394413061,kwadwo.osei8089@example.test,2025-04-10 13:50:33.000
AN-C001722,Kwabena,Agyeman,2002-09-09,Ghanaian,Artisan,+233491982529,kwabena.agyeman5532@example.test,2024-04-09 15:21:03.000
AN-C001723,Efua,Agyeman,1998-03-06,Ghanaian,Driver,+233499619915,efua.agyeman9617@example.test,2024-01-20 14:03:59.000
AN-C001724,Abena,Asare,2003-03-08,Ghanaian,Trader,+233513773773,abena.asare2430@example.test,2023-06-17 18:41:27.000
AN-C001725,Angela,Mensah,1965-01-04,Ghanaian,Artisan,+233555503648,angela.mensah3822@example.test,2024-04-12 13:52:01.000
AN-C001726,Adwoa,Asare,1993-03-05,Ghanaian,Student,+233437157459,adwoa.asare3196@example.test,2024-07-12 18:25:18.000
AN-C001727,Adwoa,Mensah,1981-04-10,Ghanaian,Driver,+233561534764,adwoa.mensah1943@example.test,2024-09-16 10:42:13.000
AN-C001728,Ama,Adjei,1975-11-16,Ghanaian,Artisan,+233211056242,ama.adjei1098@example.test,2024-09-17 18:41:31.000
AN-C001729,Grace,Asare,1973-04-04,Ghanaian,Health Worker,+233273880709,grace.asare3366@example.test,2024-03-15 11:13:34.000
AN-C001730,Ama,Amoah,1969-07-04,Ghanaian,Trader,+233447049205,ama.amoah9898@example.test,2023-09-29 11:55:09.000
AN-C001731,Kwame,Quaye,1974-06-16,Ghanaian,Student,+233388235461,kwame.quaye8823@example.test,2025-01-18 09:49:39.000
AN-C001732,Esi,Osei,1995-01-14,Ghanaian,Professional,+233436242412,esi.osei3067@example.test,2024-10-05 08:41:12.000
AN-C001733,Akosua,Darko,1971-02-06,Ghanaian,Student,+233230992644,akosua.darko3682@example.test,2023-10-23 10:14:47.000
AN-C001734,Mavis,Appiah,1977-12-23,Ghanaian,Teacher,+233529566747,mavis.appiah5863@example.test,2023-09-19 14:13:59.000
AN-C001735,Kwabena,Appiah,1974-03-24,Ghanaian,Public Servant,+233334002913,kwabena.appiah6575@example.test,2025-03-12 16:00:22.000
AN-C001736,Kwadwo,Appiah,1968-08-21,Ghanaian,Self Employed,+233294983057,kwadwo.appiah9801@example.test,2023-06-13 10:30:57.000
AN-C001737,Yaw,Appiah,2001-10-21,Ghanaian,Farmer,+233400096171,yaw.appiah1656@example.test,2023-03-17 10:27:34.000
AN-C001738,Nana,Appiah,1977-08-20,Ghanaian,Health Worker,+233456517931,nana.appiah6106@example.test,2024-02-23 08:15:50.000
AN-C001739,Angela,Amoah,1993-01-24,Ghanaian,Farmer,+233280768273,angela.amoah744@example.test,2023-06-29 17:00:46.000
AN-C001740,Kwabena,Owusu,2003-08-06,Ghanaian,Trader,+233382431235,kwabena.owusu9586@example.test,2023-01-16 08:05:09.000
AN-C001741,Fiifi,Boateng,1981-09-07,Ghanaian,Driver,+233457110178,fiifi.boateng8824@example.test,2024-03-15 18:55:36.000
AN-C001742,Michael,Asare,1967-03-21,Ghanaian,Other,+233541557783,michael.asare1306@example.test,2023-05-03 14:21:34.000
AN-C001743,Efua,Owusu,1993-09-02,Ghanaian,Self Employed,+233289486500,efua.owusu3501@example.test,2024-03-03 12:47:46.000
AN-C001744,Mary,Boateng,1961-11-16,Ghanaian,Health Worker,+233529963906,mary.boateng2069@example.test,2023-02-23 18:39:01.000
AN-C001745,Ama,Amoah,1970-09-17,Ghanaian,Student,+233267252139,ama.amoah4831@example.test,2023-06-05 15:24:16.000
AN-C001746,Fiifi,Quaye,1962-08-19,Ghanaian,Public Servant,+233449070338,fiifi.quaye2419@example.test,2024-11-08 13:11:31.000
AN-C001747,Samuel,Asare,1968-04-02,Ghanaian,Public Servant,+233542770201,samuel.asare7531@example.test,2023-07-07 17:16:04.000
AN-C001748,Ama,Asare,1980-11-11,Ghanaian,Public Servant,+233336056351,ama.asare8905@example.test,2024-10-06 12:51:56.000
AN-C001749,Abena,Appiah,1973-05-11,Ghanaian,Teacher,+233458122612,abena.appiah4033@example.test,2023-08-27 14:38:14.000
AN-C001750,Kwabena,Adjei,1976-07-02,Ghanaian,Health Worker,+233591363782,kwabena.adjei574@example.test,2023-12-25 12:30:10.000
AN-C001751,Yaw,Adjei,1979-07-22,Ghanaian,Artisan,+233335378375,yaw.adjei93@example.test,2023-11-06 09:39:12.000
AN-C001752,Daniel,Boateng,1964-03-27,Ghanaian,Health Worker,+233485163390,daniel.boateng3660@example.test,2024-07-30 14:07:12.000
AN-C001753,Kwadwo,Amoah,1965-05-03,Ghanaian,Driver,+233269903657,kwadwo.amoah3389@example.test,2025-01-22 14:59:37.000
AN-C001754,Mary,Arthur,1984-11-20,Ghanaian,Health Worker,+233340352551,mary.arthur2387@example.test,2023-04-15 17:26:50.000
AN-C001755,Kwadwo,Quaye,2001-04-11,Ghanaian,Public Servant,+233448218646,kwadwo.quaye5338@example.test,2023-07-20 18:14:51.000
AN-C001756,Efua,Agyeman,1992-01-17,Ghanaian,Other,+233463742288,efua.agyeman9281@example.test,2025-02-23 08:57:19.000
AN-C001757,Kwame,Amoah,1998-04-08,Ghanaian,Other,+233512264434,kwame.amoah5754@example.test,2023-12-14 10:33:11.000
AN-C001758,Abena,Mensah,1989-09-22,Ghanaian,Student,+233566523465,abena.mensah4481@example.test,2025-02-14 16:11:21.000
AN-C001759,Nana,Darko,1975-11-07,Ghanaian,Artisan,+233257669481,nana.darko441@example.test,2023-11-10 08:10:54.000
AN-C001760,Mary,Osei,1967-01-17,Ghanaian,Other,+233452791493,mary.osei4111@example.test,2024-07-03 09:15:20.000
AN-C001761,Mavis,Arthur,1972-03-06,Ghanaian,Driver,+233273525761,mavis.arthur558@example.test,2024-01-21 11:06:30.000
AN-C001762,Nana,Asare,1991-01-26,Ghanaian,Student,+233454009306,nana.asare6353@example.test,2025-01-16 16:51:15.000
AN-C001763,Michael,Osei,1977-12-26,Ghanaian,Student,+233448373456,michael.osei8973@example.test,2023-10-10 15:00:53.000
AN-C001764,Daniel,Boateng,2001-06-11,Ghanaian,Professional,+233460566646,daniel.boateng8156@example.test,2024-07-12 12:49:18.000
AN-C001765,Yaa,Owusu,2003-09-04,Ghanaian,Teacher,+233589170298,yaa.owusu9777@example.test,2025-03-06 11:06:01.000
AN-C001766,Angela,Arthur,1970-08-14,Ghanaian,Self Employed,+233494548486,angela.arthur8400@example.test,2023-06-21 14:57:46.000
AN-C001767,Abena,Owusu,1989-02-13,Ghanaian,Public Servant,+233560443127,abena.owusu8786@example.test,2023-01-11 12:23:53.000
AN-C001768,Abena,Boateng,1995-03-26,Ghanaian,Artisan,+233577709161,abena.boateng3248@example.test,2024-07-09 10:19:45.000
AN-C001769,Kofi,Mensah,1981-10-22,Ghanaian,Teacher,+233410366584,kofi.mensah4324@example.test,2025-01-25 15:21:30.000
AN-C001770,Akosua,Darko,1991-08-23,Ghanaian,Farmer,+233589338685,akosua.darko1513@example.test,2024-04-08 15:56:32.000
AN-C001771,Daniel,Darko,1968-04-09,Ghanaian,Trader,+233449499543,daniel.darko8709@example.test,2024-11-26 16:35:55.000
AN-C001772,Akosua,Arthur,1991-08-10,Ghanaian,Public Servant,+233268695713,akosua.arthur3178@example.test,2023-10-26 15:37:33.000
AN-C001773,Kwame,Quaye,1968-02-16,Ghanaian,Other,+233456496381,kwame.quaye3677@example.test,2023-08-05 08:32:05.000
AN-C001774,Samuel,Quaye,2004-01-07,Ghanaian,Self Employed,+233389524947,samuel.quaye5332@example.test,2023-06-16 18:17:49.000
AN-C001775,Angela,Darko,1990-03-23,Ghanaian,Self Employed,+233256236174,angela.darko9245@example.test,2023-11-06 14:08:51.000
AN-C001776,Kojo,Boateng,1989-03-11,Ghanaian,Artisan,+233347576813,kojo.boateng9569@example.test,2023-10-19 11:35:29.000
AN-C001777,Mary,Amoah,1964-08-15,Ghanaian,Student,+233341317200,mary.amoah3159@example.test,2023-11-24 09:34:16.000
AN-C001778,Efua,Osei,2001-04-26,Ghanaian,Trader,+233262159386,efua.osei4024@example.test,2023-11-03 10:59:39.000
AN-C001779,Kwadwo,Darko,1994-06-08,Ghanaian,Public Servant,+233225795295,kwadwo.darko5379@example.test,2023-02-09 08:52:59.000
AN-C001780,Yaa,Adjei,1962-02-05,Ghanaian,Trader,+233596520856,yaa.adjei6401@example.test,2023-10-12 12:08:22.000
AN-C001781,Kwame,Agyeman,1966-09-15,Ghanaian,Public Servant,+233513079793,kwame.agyeman2411@example.test,2024-11-05 09:55:02.000
AN-C001782,Mary,Osei,1989-10-20,Ghanaian,Other,+233465270676,mary.osei5163@example.test,2024-09-18 12:39:52.000
AN-C001783,Emmanuel,Amoah,1979-06-21,Ghanaian,Student,+233475796999,emmanuel.amoah2224@example.test,2024-02-04 11:59:32.000
AN-C001784,Michael,Owusu,1982-12-20,Ghanaian,Other,+233388749557,michael.owusu2051@example.test,2023-05-11 15:05:53.000
AN-C001785,Yaa,Osei,1971-04-18,Ghanaian,Professional,+233358998819,yaa.osei2766@example.test,2024-06-08 16:06:22.000
AN-C001786,Angela,Amoah,1982-01-16,Ghanaian,Other,+233276523521,angela.amoah1092@example.test,2023-12-10 12:16:56.000
AN-C001787,Kwame,Darko,1964-07-07,Ghanaian,Self Employed,+233278951951,kwame.darko6875@example.test,2023-09-02 16:26:32.000
AN-C001788,Kwame,Amoah,1964-10-14,Ghanaian,Driver,+233448227470,kwame.amoah9518@example.test,2023-09-06 17:06:39.000
AN-C001789,Angela,Quaye,1961-10-28,Ghanaian,Driver,+233368440766,angela.quaye3071@example.test,2023-03-12 09:23:24.000
AN-C001790,Yaw,Owusu,1970-02-11,Ghanaian,Professional,+233414620667,yaw.owusu5739@example.test,2024-06-26 11:15:32.000
AN-C001791,Angela,Osei,1965-09-15,Ghanaian,Other,+233451684156,angela.osei2849@example.test,2024-10-15 09:58:52.000
AN-C001792,Angela,Adjei,2000-08-03,Ghanaian,Public Servant,+233532159122,angela.adjei8062@example.test,2023-10-28 18:53:59.000
AN-C001793,Fiifi,Mensah,1980-01-12,Ghanaian,Self Employed,+233359271381,fiifi.mensah7459@example.test,2023-09-26 09:41:00.000
AN-C001794,Abena,Asare,1982-03-11,Ghanaian,Self Employed,+233230643957,abena.asare6158@example.test,2025-05-21 09:00:50.000
AN-C001795,Grace,Darko,1983-05-06,Ghanaian,Teacher,+233234436770,grace.darko8728@example.test,2024-06-22 09:08:01.000
AN-C001796,Kofi,Mensah,1998-03-21,Ghanaian,Public Servant,+233441402698,kofi.mensah4151@example.test,2024-03-01 10:35:49.000
AN-C001797,Kojo,Osei,1992-05-15,Ghanaian,Trader,+233268533696,kojo.osei3427@example.test,2024-03-09 10:13:22.000
AN-C001798,Samuel,Arthur,1993-05-10,Ghanaian,Teacher,+233238610955,samuel.arthur7971@example.test,2023-01-28 18:43:32.000
AN-C001799,Kofi,Appiah,1992-05-06,Ghanaian,Driver,+233549019705,kofi.appiah1164@example.test,2024-11-11 15:55:26.000
AN-C001800,Michael,Asare,1989-10-13,Ghanaian,Health Worker,+233426445824,michael.asare8924@example.test,2024-08-24 12:05:24.000
AN-C001801,Fiifi,Asare,2004-07-04,Ghanaian,Trader,+233258076946,fiifi.asare8246@example.test,2023-04-12 13:03:04.000
AN-C001802,Yaw,Darko,1982-10-15,Ghanaian,Health Worker,+233384638123,yaw.darko1831@example.test,2023-10-27 13:17:16.000
AN-C001803,Mary,Mensah,1983-02-13,Ghanaian,Professional,+233302220653,mary.mensah4521@example.test,2023-05-02 17:55:07.000
AN-C001804,Mary,Arthur,1995-01-10,Ghanaian,Artisan,+233574811909,mary.arthur1557@example.test,2025-04-20 10:09:10.000
AN-C001805,Efua,Osei,2000-06-24,Ghanaian,Trader,+233534115852,efua.osei1159@example.test,2023-08-13 10:59:26.000
AN-C001806,Mary,Arthur,1965-01-09,Ghanaian,Student,+233460438833,mary.arthur4753@example.test,2023-12-05 13:35:18.000
AN-C001807,Efua,Quaye,1988-10-21,Ghanaian,Other,+233215530653,efua.quaye8087@example.test,2023-06-26 10:22:47.000
AN-C001808,Afia,Appiah,1965-03-23,Ghanaian,Health Worker,+233507947858,afia.appiah6441@example.test,2024-04-13 11:27:44.000
AN-C001809,Kwame,Asare,1980-09-06,Ghanaian,Public Servant,+233433130170,kwame.asare1467@example.test,2023-03-17 17:15:36.000
AN-C001810,Kojo,Darko,1994-06-13,Ghanaian,Farmer,+233444560874,kojo.darko5728@example.test,2023-05-01 08:47:37.000
AN-C001811,Angela,Asare,1983-01-01,Ghanaian,Trader,+233304301782,angela.asare8294@example.test,2023-08-11 18:03:52.000
AN-C001812,Mavis,Adjei,1990-11-06,Ghanaian,Health Worker,+233565858593,mavis.adjei2204@example.test,2023-04-15 13:52:36.000
AN-C001813,Yaa,Asare,1987-01-20,Ghanaian,Artisan,+233223164424,yaa.asare3333@example.test,2024-11-12 15:02:40.000
AN-C001814,Esi,Mensah,1962-08-22,Ghanaian,Professional,+233405588042,esi.mensah7688@example.test,2024-02-03 18:46:38.000
AN-C001815,Efua,Asare,1989-08-25,Ghanaian,Farmer,+233521915359,efua.asare391@example.test,2025-04-27 09:57:06.000
AN-C001816,Daniel,Darko,1979-03-12,Ghanaian,Trader,+233356736247,daniel.darko9135@example.test,2023-08-25 13:59:56.000
AN-C001817,Nana,Boateng,2002-09-21,Ghanaian,Artisan,+233379699685,nana.boateng8653@example.test,2024-03-27 15:21:01.000
AN-C001818,Akosua,Arthur,1990-06-05,Ghanaian,Trader,+233447100844,akosua.arthur4161@example.test,2024-02-01 16:16:49.000
AN-C001819,Kwadwo,Mensah,1980-01-25,Ghanaian,Student,+233400278333,kwadwo.mensah169@example.test,2025-05-12 15:02:57.000
AN-C001820,Mary,Boateng,1993-01-01,Ghanaian,Trader,+233212981852,mary.boateng4835@example.test,2023-02-18 15:28:32.000
AN-C001821,Esi,Agyeman,2001-01-11,Ghanaian,Professional,+233490305760,esi.agyeman1184@example.test,2024-11-21 12:31:10.000
AN-C001822,Akosua,Osei,1968-09-12,Ghanaian,Trader,+233463904887,akosua.osei8513@example.test,2024-06-30 17:32:49.000
AN-C001823,Kwadwo,Osei,1987-02-13,Ghanaian,Health Worker,+233364551749,kwadwo.osei3756@example.test,2023-09-06 16:04:19.000
AN-C001824,Abena,Arthur,1969-06-03,Ghanaian,Self Employed,+233414640742,abena.arthur4137@example.test,2025-02-26 15:51:09.000
AN-C001825,Mavis,Appiah,1966-03-16,Ghanaian,Driver,+233409897979,mavis.appiah1556@example.test,2023-11-04 16:28:59.000
AN-C001826,Emmanuel,Owusu,1973-01-08,Ghanaian,Teacher,+233257316432,emmanuel.owusu7994@example.test,2023-10-16 08:17:59.000
AN-C001827,Fiifi,Mensah,2003-03-06,Ghanaian,Health Worker,+233483484498,fiifi.mensah395@example.test,2024-11-16 08:41:47.000
AN-C001828,Kwame,Asare,1965-09-04,Ghanaian,Artisan,+233348623757,kwame.asare6575@example.test,2023-11-09 15:40:58.000
AN-C001829,Esi,Agyeman,1971-05-12,Ghanaian,Driver,+233251975279,esi.agyeman5873@example.test,2024-10-30 08:48:52.000
AN-C001830,Kwabena,Adjei,1977-07-15,Ghanaian,Trader,+233572447996,kwabena.adjei425@example.test,2025-01-11 18:18:02.000
AN-C001831,Kofi,Asare,1989-04-02,Ghanaian,Farmer,+233260078769,kofi.asare9132@example.test,2023-06-17 10:44:39.000
AN-C001832,Nana,Darko,1985-02-09,Ghanaian,Public Servant,+233325214335,nana.darko5214@example.test,2024-11-19 13:44:54.000
AN-C001833,Yaw,Appiah,1988-08-01,Ghanaian,Self Employed,+233382573145,yaw.appiah7053@example.test,2024-09-27 12:21:44.000
AN-C001834,Nana,Arthur,1960-09-09,Ghanaian,Driver,+233246596436,nana.arthur7209@example.test,2024-09-15 18:01:14.000
AN-C001835,Efua,Appiah,1973-01-17,Ghanaian,Driver,+233430221416,efua.appiah9404@example.test,2024-10-09 18:44:22.000
AN-C001836,Ama,Arthur,1987-07-04,Ghanaian,Teacher,+233407159457,ama.arthur9988@example.test,2023-09-05 11:29:04.000
AN-C001837,Mavis,Appiah,1993-03-12,Ghanaian,Artisan,+233407684993,mavis.appiah6989@example.test,2023-01-12 10:20:18.000
AN-C001838,Kwame,Asare,1970-07-28,Ghanaian,Artisan,+233283060718,kwame.asare9398@example.test,2025-05-16 11:55:18.000
AN-C001839,Kwadwo,Asare,1979-04-09,Ghanaian,Professional,+233287387660,kwadwo.asare6862@example.test,2025-04-28 18:49:05.000
AN-C001840,Mary,Adjei,1987-02-02,Ghanaian,Other,+233536955295,mary.adjei3934@example.test,2023-05-07 09:35:54.000
AN-C001841,Samuel,Darko,1988-03-04,Ghanaian,Professional,+233256471375,samuel.darko4500@example.test,2024-01-22 14:38:01.000
AN-C001842,Akosua,Mensah,1985-11-17,Ghanaian,Self Employed,+233330689248,akosua.mensah4910@example.test,2023-06-11 17:18:51.000
AN-C001843,Kwadwo,Adjei,2004-01-01,Ghanaian,Other,+233386659311,kwadwo.adjei1181@example.test,2024-11-19 14:23:57.000
AN-C001844,Mary,Darko,1987-04-22,Ghanaian,Farmer,+233427983814,mary.darko9975@example.test,2024-08-03 09:33:42.000
AN-C001845,Kojo,Asare,1997-02-13,Ghanaian,Trader,+233397326122,kojo.asare6884@example.test,2025-06-08 15:35:52.000
AN-C001846,Nana,Darko,2004-07-11,Ghanaian,Teacher,+233473565452,nana.darko5194@example.test,2024-12-19 17:01:06.000
AN-C001847,Kojo,Asare,1982-08-02,Ghanaian,Health Worker,+233535477128,kojo.asare8498@example.test,2024-06-24 11:19:41.000
AN-C001848,Kofi,Boateng,1990-08-28,Ghanaian,Student,+233554133924,kofi.boateng284@example.test,2024-05-21 10:18:15.000
AN-C001849,Michael,Osei,1966-02-14,Ghanaian,Other,+233570102791,michael.osei2459@example.test,2023-09-13 18:51:42.000
AN-C001850,Ama,Darko,1965-08-15,Ghanaian,Public Servant,+233516903815,ama.darko2171@example.test,2023-02-14 08:15:24.000
AN-C001851,Nana,Osei,1973-12-27,Ghanaian,Other,+233487724385,nana.osei9327@example.test,2024-09-25 10:41:06.000
AN-C001852,Efua,Osei,1977-01-20,Ghanaian,Professional,+233355315659,efua.osei6309@example.test,2023-09-26 09:40:53.000
AN-C001853,Mary,Osei,1994-06-27,Ghanaian,Professional,+233247998105,mary.osei1707@example.test,2025-04-19 10:12:33.000
AN-C001854,Esi,Osei,1986-10-22,Ghanaian,Public Servant,+233352068671,esi.osei1097@example.test,2023-02-08 17:18:03.000
AN-C001855,Michael,Darko,1982-01-28,Ghanaian,Public Servant,+233298226057,michael.darko600@example.test,2024-08-17 14:52:48.000
AN-C001856,Samuel,Darko,1993-01-20,Ghanaian,Other,+233438032830,samuel.darko6207@example.test,2024-07-21 13:24:02.000
AN-C001857,Adwoa,Arthur,2002-05-07,Ghanaian,Professional,+233395682791,adwoa.arthur4987@example.test,2025-06-06 09:56:27.000
AN-C001858,Esi,Adjei,1993-09-05,Ghanaian,Teacher,+233241707439,esi.adjei9992@example.test,2023-01-08 14:58:07.000
AN-C001859,Kofi,Adjei,2000-07-14,Ghanaian,Public Servant,+233552932701,kofi.adjei6025@example.test,2023-03-03 13:27:52.000
AN-C001860,Abena,Arthur,1988-10-27,Ghanaian,Teacher,+233372536241,abena.arthur771@example.test,2025-03-09 16:01:17.000
AN-C001861,Grace,Arthur,1973-03-28,Ghanaian,Self Employed,+233560578025,grace.arthur1858@example.test,2024-07-30 14:03:36.000
AN-C001862,Michael,Owusu,1995-01-25,Ghanaian,Student,+233490412521,michael.owusu7790@example.test,2025-03-10 11:24:32.000
AN-C001863,Efua,Mensah,1974-04-14,Ghanaian,Student,+233322361005,efua.mensah5202@example.test,2025-04-24 08:54:41.000
AN-C001864,Efua,Adjei,1987-05-07,Ghanaian,Student,+233314713944,efua.adjei9579@example.test,2023-04-22 17:50:28.000
AN-C001865,Yaa,Appiah,2003-05-21,Ghanaian,Other,+233559396610,yaa.appiah634@example.test,2025-01-27 15:12:28.000
AN-C001866,Fiifi,Quaye,1969-03-01,Ghanaian,Self Employed,+233565204433,fiifi.quaye1185@example.test,2025-05-10 16:28:28.000
AN-C001867,Angela,Arthur,1960-01-16,Ghanaian,Self Employed,+233428328120,angela.arthur1999@example.test,2024-09-28 14:59:24.000
AN-C001868,Kwame,Mensah,1984-08-20,Ghanaian,Public Servant,+233324210817,kwame.mensah3538@example.test,2024-01-12 14:45:34.000
AN-C001869,Emmanuel,Adjei,1976-04-06,Ghanaian,Trader,+233318920195,emmanuel.adjei8262@example.test,2024-05-11 16:23:28.000
AN-C001870,Yaa,Boateng,1996-05-28,Ghanaian,Artisan,+233504084753,yaa.boateng1589@example.test,2023-04-16 18:36:05.000
AN-C001871,Afia,Darko,1967-02-02,Ghanaian,Farmer,+233204605236,afia.darko6593@example.test,2024-08-27 10:51:30.000
AN-C001872,Kwadwo,Amoah,1994-12-08,Ghanaian,Health Worker,+233589431606,kwadwo.amoah8620@example.test,2025-04-30 12:49:04.000
AN-C001873,Yaw,Owusu,1972-11-26,Ghanaian,Driver,+233360409623,yaw.owusu7559@example.test,2024-08-30 11:26:57.000
AN-C001874,Kwabena,Quaye,1963-10-15,Ghanaian,Health Worker,+233334053385,kwabena.quaye8982@example.test,2023-10-26 18:39:26.000
AN-C001875,Mavis,Mensah,1994-11-02,Ghanaian,Public Servant,+233548522421,mavis.mensah7197@example.test,2024-02-10 11:49:46.000
AN-C001876,Mary,Osei,1991-06-12,Ghanaian,Other,+233230705635,mary.osei6452@example.test,2025-04-04 14:46:06.000
AN-C001877,Adwoa,Asare,1970-03-10,Ghanaian,Teacher,+233393339511,adwoa.asare3096@example.test,2024-04-27 14:52:54.000
AN-C001878,Mavis,Arthur,1983-02-21,Ghanaian,Farmer,+233597719486,mavis.arthur7083@example.test,2023-04-07 13:26:27.000
AN-C001879,Grace,Boateng,1974-10-25,Ghanaian,Trader,+233526765251,grace.boateng3858@example.test,2024-01-27 14:38:11.000
AN-C001880,Emmanuel,Agyeman,1996-03-14,Ghanaian,Self Employed,+233503840748,emmanuel.agyeman3645@example.test,2025-01-11 12:57:40.000
AN-C001881,Yaw,Darko,1995-10-08,Ghanaian,Health Worker,+233536175543,yaw.darko8673@example.test,2023-12-01 14:31:50.000
AN-C001882,Abena,Osei,1977-11-21,Ghanaian,Trader,+233598060532,abena.osei1146@example.test,2024-04-08 17:04:49.000
AN-C001883,Kofi,Quaye,1999-01-07,Ghanaian,Farmer,+233271275071,kofi.quaye7367@example.test,2025-02-19 11:53:22.000
AN-C001884,Kojo,Appiah,2000-11-22,Ghanaian,Professional,+233225191323,kojo.appiah906@example.test,2024-01-28 10:58:11.000
AN-C001885,Mavis,Asare,1960-12-05,Ghanaian,Student,+233330520166,mavis.asare2790@example.test,2023-06-02 12:16:39.000
AN-C001886,Ama,Darko,1995-07-16,Ghanaian,Health Worker,+233307238569,ama.darko4246@example.test,2023-12-25 16:14:11.000
AN-C001887,Yaw,Arthur,1980-09-25,Ghanaian,Farmer,+233265166547,yaw.arthur2059@example.test,2024-03-27 18:41:03.000
AN-C001888,Kofi,Asare,1970-05-05,Ghanaian,Self Employed,+233462224866,kofi.asare6125@example.test,2024-08-05 11:24:48.000
AN-C001889,Nana,Boateng,1996-08-22,Ghanaian,Driver,+233234546095,nana.boateng6888@example.test,2025-05-11 12:53:56.000
AN-C001890,Angela,Mensah,1980-05-26,Ghanaian,Farmer,+233485551202,angela.mensah6241@example.test,2023-07-10 10:52:59.000
AN-C001891,Akosua,Arthur,1971-07-21,Ghanaian,Public Servant,+233416086412,akosua.arthur8839@example.test,2023-08-31 18:55:47.000
AN-C001892,Kojo,Arthur,1984-11-07,Ghanaian,Health Worker,+233406179261,kojo.arthur7634@example.test,2025-02-17 18:01:02.000
AN-C001893,Kofi,Appiah,1978-12-08,Ghanaian,Health Worker,+233368269479,kofi.appiah7915@example.test,2024-07-18 09:51:21.000
AN-C001894,Kwadwo,Quaye,1967-06-21,Ghanaian,Student,+233508694980,kwadwo.quaye1203@example.test,2023-01-08 16:58:05.000
AN-C001895,Mavis,Appiah,1974-10-10,Ghanaian,Artisan,+233542511872,mavis.appiah10@example.test,2023-01-03 17:52:26.000
AN-C001896,Adwoa,Agyeman,1968-03-07,Ghanaian,Public Servant,+233538756162,adwoa.agyeman9216@example.test,2023-02-13 17:24:49.000
AN-C001897,Kwame,Mensah,1967-10-05,Ghanaian,Farmer,+233568917204,kwame.mensah7470@example.test,2025-03-09 08:17:48.000
AN-C001898,Daniel,Boateng,1974-05-08,Ghanaian,Public Servant,+233326658577,daniel.boateng3916@example.test,2025-01-12 13:06:08.000
AN-C001899,Mavis,Boateng,1982-04-01,Ghanaian,Public Servant,+233584102672,mavis.boateng5852@example.test,2024-01-09 10:52:01.000
AN-C001900,Yaa,Owusu,1986-04-20,Ghanaian,Public Servant,+233499719949,yaa.owusu3864@example.test,2023-01-23 10:41:22.000
AN-C001901,Kwadwo,Darko,1967-07-06,Ghanaian,Professional,+233586784577,kwadwo.darko5462@example.test,2023-10-12 10:29:33.000
AN-C001902,Kojo,Asare,1989-06-27,Ghanaian,Health Worker,+233314738805,kojo.asare1704@example.test,2025-04-02 15:15:51.000
AN-C001903,Kwadwo,Darko,1979-05-17,Ghanaian,Artisan,+233236575424,kwadwo.darko6348@example.test,2023-04-30 12:52:55.000
AN-C001904,Efua,Asare,1963-09-21,Ghanaian,Trader,+233317607731,efua.asare8136@example.test,2024-12-29 14:41:28.000
AN-C001905,Yaa,Darko,1999-11-27,Ghanaian,Student,+233476138977,yaa.darko2584@example.test,2023-11-11 14:57:11.000
AN-C001906,Nana,Asare,1984-09-10,Ghanaian,Artisan,+233368536356,nana.asare6331@example.test,2024-09-12 08:37:00.000
AN-C001907,Samuel,Mensah,1997-05-07,Ghanaian,Farmer,+233561809385,samuel.mensah8158@example.test,2025-02-21 13:53:08.000
AN-C001908,Fiifi,Owusu,1961-02-26,Ghanaian,Professional,+233201741546,fiifi.owusu6955@example.test,2025-04-29 11:33:20.000
AN-C001909,Kwame,Darko,1983-10-14,Ghanaian,Teacher,+233225772050,kwame.darko9450@example.test,2024-12-10 16:29:18.000
AN-C001910,Angela,Quaye,1975-11-06,Ghanaian,Driver,+233281653615,angela.quaye8290@example.test,2025-04-13 16:58:23.000
AN-C001911,Kojo,Asare,1975-03-07,Ghanaian,Artisan,+233501507661,kojo.asare6742@example.test,2024-01-09 14:12:55.000
AN-C001912,Abena,Darko,1998-12-11,Ghanaian,Professional,+233240285211,abena.darko337@example.test,2025-05-31 11:24:39.000
AN-C001913,Michael,Owusu,1982-07-05,Ghanaian,Teacher,+233357691046,michael.owusu1395@example.test,2023-07-17 14:09:44.000
AN-C001914,Afia,Mensah,1976-02-06,Ghanaian,Driver,+233296812069,afia.mensah5989@example.test,2024-10-03 09:57:07.000
AN-C001915,Kojo,Osei,1963-08-12,Ghanaian,Teacher,+233300601445,kojo.osei8788@example.test,2023-03-29 12:28:48.000
AN-C001916,Michael,Quaye,1972-05-21,Ghanaian,Student,+233481438665,michael.quaye164@example.test,2025-04-27 14:54:46.000
AN-C001917,Akosua,Osei,2004-01-14,Ghanaian,Other,+233344953423,akosua.osei9254@example.test,2024-11-21 09:26:56.000
AN-C001918,Angela,Adjei,1969-05-20,Ghanaian,Public Servant,+233385014145,angela.adjei2423@example.test,2024-01-28 09:04:13.000
AN-C001919,Kofi,Quaye,1973-07-10,Ghanaian,Driver,+233534567065,kofi.quaye2675@example.test,2024-11-15 08:00:38.000
AN-C001920,Samuel,Boateng,1965-12-27,Ghanaian,Professional,+233248338797,samuel.boateng2854@example.test,2023-01-17 10:47:29.000
AN-C001921,Fiifi,Amoah,1969-09-25,Ghanaian,Professional,+233541641924,fiifi.amoah320@example.test,2023-01-24 17:15:14.000
AN-C001922,Yaw,Quaye,1996-05-27,Ghanaian,Artisan,+233583964924,yaw.quaye6519@example.test,2024-11-26 08:00:31.000
AN-C001923,Kwadwo,Adjei,1986-09-27,Ghanaian,Student,+233590421393,kwadwo.adjei2044@example.test,2024-10-27 12:05:28.000
AN-C001924,Kofi,Darko,1966-03-24,Ghanaian,Driver,+233455958700,kofi.darko521@example.test,2023-01-12 15:12:42.000
AN-C001925,Abena,Agyeman,1999-12-05,Ghanaian,Other,+233471478906,abena.agyeman2632@example.test,2024-10-12 14:16:52.000
AN-C001926,Efua,Asare,1994-07-09,Ghanaian,Other,+233206174776,efua.asare7968@example.test,2025-05-02 14:16:32.000
AN-C001927,Kwadwo,Agyeman,1981-12-27,Ghanaian,Artisan,+233577484210,kwadwo.agyeman6212@example.test,2024-04-04 17:13:29.000
AN-C001928,Emmanuel,Asare,2003-12-14,Ghanaian,Student,+233449105484,emmanuel.asare9798@example.test,2023-09-26 18:53:41.000
AN-C001929,Emmanuel,Asare,2000-01-22,Ghanaian,Teacher,+233322260463,emmanuel.asare1320@example.test,2024-05-10 10:46:09.000
AN-C001930,Yaa,Asare,1997-10-05,Ghanaian,Health Worker,+233229554977,yaa.asare4901@example.test,2024-11-18 14:37:23.000
AN-C001931,Angela,Asare,1961-07-12,Ghanaian,Student,+233424721497,angela.asare9012@example.test,2024-06-19 17:21:38.000
AN-C001932,Angela,Amoah,1987-07-19,Ghanaian,Other,+233220377501,angela.amoah193@example.test,2025-01-31 14:32:30.000
AN-C001933,Emmanuel,Adjei,1978-01-11,Ghanaian,Student,+233419540104,emmanuel.adjei5504@example.test,2024-07-21 15:23:30.000
AN-C001934,Mary,Mensah,1960-10-07,Ghanaian,Professional,+233304258690,mary.mensah3364@example.test,2024-02-18 09:29:53.000
AN-C001935,Kofi,Amoah,1985-03-14,Ghanaian,Artisan,+233380608604,kofi.amoah204@example.test,2024-07-26 12:18:34.000
AN-C001936,Nana,Mensah,1989-12-09,Ghanaian,Student,+233403597221,nana.mensah455@example.test,2023-09-17 08:15:50.000
AN-C001937,Kwame,Darko,1990-07-10,Ghanaian,Artisan,+233376735169,kwame.darko4658@example.test,2023-09-26 12:02:46.000
AN-C001938,Michael,Agyeman,1964-12-24,Ghanaian,Professional,+233254503803,michael.agyeman9328@example.test,2023-09-28 12:49:39.000
AN-C001939,Nana,Asare,1980-05-07,Ghanaian,Other,+233575915031,nana.asare3765@example.test,2023-11-03 15:39:40.000
AN-C001940,Kwadwo,Osei,1965-07-22,Ghanaian,Student,+233368446451,kwadwo.osei8361@example.test,2023-08-04 09:33:23.000
AN-C001941,Fiifi,Arthur,1964-09-03,Ghanaian,Teacher,+233250183916,fiifi.arthur409@example.test,2024-04-04 08:36:02.000
AN-C001942,Kojo,Owusu,1973-09-13,Ghanaian,Driver,+233221892640,kojo.owusu3247@example.test,2025-05-16 14:54:44.000
AN-C001943,Adwoa,Quaye,1982-12-24,Ghanaian,Other,+233380007188,adwoa.quaye1909@example.test,2024-09-14 12:04:58.000
AN-C001944,Mary,Quaye,1996-11-08,Ghanaian,Driver,+233296912389,mary.quaye9439@example.test,2025-01-15 09:38:26.000
AN-C001945,Yaw,Owusu,2003-08-10,Ghanaian,Public Servant,+233223068462,yaw.owusu8775@example.test,2025-04-13 09:11:24.000
AN-C001946,Mary,Appiah,1988-04-08,Ghanaian,Trader,+233222339930,mary.appiah9425@example.test,2023-05-19 13:36:48.000
AN-C001947,Efua,Adjei,1997-03-28,Ghanaian,Other,+233261904360,efua.adjei9459@example.test,2024-11-11 14:25:27.000
AN-C001948,Yaa,Agyeman,1994-10-12,Ghanaian,Self Employed,+233367280063,yaa.agyeman9955@example.test,2024-06-22 18:17:04.000
AN-C001949,Fiifi,Amoah,1973-11-27,Ghanaian,Health Worker,+233418098072,fiifi.amoah9024@example.test,2023-12-23 15:40:15.000
AN-C001950,Daniel,Quaye,1967-12-10,Ghanaian,Self Employed,+233429402008,daniel.quaye5334@example.test,2025-06-19 08:22:30.000
AN-C001951,Fiifi,Owusu,1990-06-05,Ghanaian,Professional,+233286769662,fiifi.owusu4600@example.test,2024-01-11 09:26:05.000
AN-C001952,Mavis,Darko,1963-12-07,Ghanaian,Teacher,+233259572869,mavis.darko814@example.test,2023-05-31 16:44:58.000
AN-C001953,Emmanuel,Adjei,2002-11-28,Ghanaian,Other,+233585666729,emmanuel.adjei6194@example.test,2023-03-08 15:49:38.000
AN-C001954,Emmanuel,Asare,1975-02-12,Ghanaian,Public Servant,+233215571393,emmanuel.asare2452@example.test,2023-09-16 18:14:59.000
AN-C001955,Ama,Adjei,1985-02-18,Ghanaian,Other,+233360667208,ama.adjei3704@example.test,2025-06-02 12:33:57.000
AN-C001956,Grace,Asare,1974-02-26,Ghanaian,Self Employed,+233377688917,grace.asare8380@example.test,2024-12-19 17:14:11.000
AN-C001957,Efua,Mensah,1975-10-21,Ghanaian,Farmer,+233402263871,efua.mensah6823@example.test,2024-03-26 15:53:52.000
AN-C001958,Ama,Darko,2001-01-12,Ghanaian,Trader,+233420214835,ama.darko8872@example.test,2023-07-10 12:47:01.000
AN-C001959,Adwoa,Mensah,1972-03-13,Ghanaian,Self Employed,+233272882934,adwoa.mensah7154@example.test,2025-02-27 09:14:13.000
AN-C001960,Adwoa,Arthur,1983-12-27,Ghanaian,Student,+233406389474,adwoa.arthur2190@example.test,2023-10-30 15:59:17.000
AN-C001961,Emmanuel,Appiah,1980-08-26,Ghanaian,Driver,+233576467929,emmanuel.appiah8799@example.test,2024-03-04 16:26:41.000
AN-C001962,Abena,Osei,1965-01-17,Ghanaian,Trader,+233246598430,abena.osei9462@example.test,2024-07-06 18:21:17.000
AN-C001963,Fiifi,Mensah,1998-08-17,Ghanaian,Trader,+233386265797,fiifi.mensah305@example.test,2023-11-24 10:02:23.000
AN-C001964,Akosua,Arthur,1990-08-15,Ghanaian,Trader,+233442055926,akosua.arthur2591@example.test,2025-06-03 09:00:13.000
AN-C001965,Kwame,Quaye,2003-10-06,Ghanaian,Health Worker,+233563162103,kwame.quaye389@example.test,2023-03-06 11:39:47.000
AN-C001966,Kojo,Owusu,1968-08-10,Ghanaian,Farmer,+233578010879,kojo.owusu6027@example.test,2024-08-08 18:28:29.000
AN-C001967,Efua,Arthur,1979-10-02,Ghanaian,Driver,+233421813302,efua.arthur3582@example.test,2024-05-23 09:53:48.000
AN-C001968,Kofi,Osei,1984-01-08,Ghanaian,Student,+233445377552,kofi.osei2569@example.test,2025-03-03 11:24:36.000
AN-C001969,Adwoa,Agyeman,1987-09-05,Ghanaian,Trader,+233366072174,adwoa.agyeman51@example.test,2024-03-04 16:28:00.000
AN-C001970,Grace,Owusu,1973-02-13,Ghanaian,Driver,+233257461714,grace.owusu4662@example.test,2023-02-14 16:49:08.000
AN-C001971,Efua,Quaye,1985-04-04,Ghanaian,Teacher,+233466525706,efua.quaye3974@example.test,2023-11-22 12:07:36.000
AN-C001972,Kwabena,Quaye,1976-07-07,Ghanaian,Driver,+233306628174,kwabena.quaye9932@example.test,2025-04-24 17:15:06.000
AN-C001973,Mary,Osei,1996-04-01,Ghanaian,Student,+233459127762,mary.osei3007@example.test,2025-04-05 11:35:03.000
AN-C001974,Akosua,Owusu,1964-03-28,Ghanaian,Health Worker,+233315254446,akosua.owusu5166@example.test,2023-05-31 11:41:59.000
AN-C001975,Michael,Owusu,1974-06-10,Ghanaian,Other,+233317462086,michael.owusu6530@example.test,2024-10-31 09:35:47.000
AN-C001976,Kofi,Amoah,1983-10-18,Ghanaian,Self Employed,+233324042707,kofi.amoah4597@example.test,2024-09-19 11:32:56.000
AN-C001977,Samuel,Agyeman,1962-02-25,Ghanaian,Student,+233268524141,samuel.agyeman3474@example.test,2025-01-23 17:44:37.000
AN-C001978,Kwame,Osei,2004-07-12,Ghanaian,Other,+233467988683,kwame.osei3113@example.test,2025-03-20 15:13:32.000
AN-C001979,Abena,Owusu,1964-09-13,Ghanaian,Trader,+233471515780,abena.owusu5431@example.test,2024-12-05 12:57:52.000
AN-C001980,Nana,Owusu,1996-07-18,Ghanaian,Self Employed,+233485903018,nana.owusu268@example.test,2024-12-25 10:56:00.000
AN-C001981,Kwadwo,Asare,1993-12-11,Ghanaian,Student,+233541598644,kwadwo.asare7171@example.test,2025-01-28 09:31:15.000
AN-C001982,Yaa,Adjei,1971-06-07,Ghanaian,Professional,+233205991865,yaa.adjei2762@example.test,2024-01-21 18:44:13.000
AN-C001983,Mary,Agyeman,1985-03-28,Ghanaian,Teacher,+233279343767,mary.agyeman214@example.test,2024-12-20 09:18:24.000
AN-C001984,Michael,Amoah,2000-07-20,Ghanaian,Teacher,+233552093172,michael.amoah35@example.test,2024-02-16 12:56:15.000
AN-C001985,Yaa,Asare,1974-04-06,Ghanaian,Driver,+233242616022,yaa.asare165@example.test,2024-01-25 10:45:24.000
AN-C001986,Michael,Adjei,1980-04-19,Ghanaian,Trader,+233540471128,michael.adjei9460@example.test,2023-12-09 16:16:52.000
AN-C001987,Samuel,Amoah,2000-09-08,Ghanaian,Artisan,+233203883927,samuel.amoah1054@example.test,2024-04-12 12:55:24.000
AN-C001988,Abena,Arthur,1999-01-23,Ghanaian,Trader,+233564783281,abena.arthur2957@example.test,2025-06-04 15:58:00.000
AN-C001989,Ama,Appiah,1994-07-20,Ghanaian,Trader,+233310087885,ama.appiah6793@example.test,2025-05-08 11:25:51.000
AN-C001990,Angela,Owusu,1960-11-01,Ghanaian,Public Servant,+233330159391,angela.owusu1174@example.test,2025-04-13 14:04:43.000
AN-C001991,Kofi,Darko,1991-10-15,Ghanaian,Public Servant,+233311402722,kofi.darko2387@example.test,2025-01-19 11:08:02.000
AN-C001992,Grace,Adjei,2003-07-05,Ghanaian,Teacher,+233257100865,grace.adjei8228@example.test,2023-09-16 17:52:46.000
AN-C001993,Yaw,Adjei,1966-01-16,Ghanaian,Student,+233276682560,yaw.adjei9020@example.test,2024-01-10 14:22:12.000
AN-C001994,Nana,Boateng,1971-01-16,Ghanaian,Farmer,+233438491279,nana.boateng9167@example.test,2024-01-21 09:32:47.000
AN-C001995,Kwadwo,Arthur,1974-02-08,Ghanaian,Other,+233516703915,kwadwo.arthur1414@example.test,2024-06-03 12:19:06.000
AN-C001996,Kwadwo,Owusu,1967-06-09,Ghanaian,Professional,+233363580334,kwadwo.owusu7924@example.test,2023-07-31 16:03:45.000
AN-C001997,Abena,Appiah,1989-06-12,Ghanaian,Teacher,+233429227723,abena.appiah5533@example.test,2024-06-13 09:42:29.000
AN-C001998,Afia,Adjei,1993-02-06,Ghanaian,Student,+233375835286,afia.adjei4937@example.test,2024-01-10 09:08:38.000
AN-C001999,Akosua,Agyeman,1971-02-02,Ghanaian,Driver,+233460669511,akosua.agyeman4782@example.test,2024-10-01 11:22:20.000
AN-C002000,Kwadwo,Appiah,2003-09-25,Ghanaian,Professional,+233597672285,kwadwo.appiah5899@example.test,2023-05-05 18:47:00.000
AN-C002001,Esi,Amoah,2004-07-10,Ghanaian,Self Employed,+233476183043,esi.amoah9255@example.test,2023-10-31 13:10:48.000
AN-C002002,Angela,Agyeman,1982-12-09,Ghanaian,Trader,+233390883422,angela.agyeman5338@example.test,2023-07-01 15:11:11.000
AN-C002003,Kojo,Boateng,1996-11-24,Ghanaian,Farmer,+233436622264,kojo.boateng4821@example.test,2024-06-21 09:26:51.000
AN-C002004,Mary,Adjei,1967-06-17,Ghanaian,Student,+233216729458,mary.adjei2393@example.test,2023-03-29 11:51:58.000
AN-C002005,Efua,Boateng,2004-09-02,Ghanaian,Public Servant,+233386598167,efua.boateng6925@example.test,2023-11-27 09:40:41.000
AN-C002006,Samuel,Owusu,1996-01-17,Ghanaian,Self Employed,+233212742853,samuel.owusu123@example.test,2023-02-01 10:15:34.000
AN-C002007,Ama,Asare,2002-05-20,Ghanaian,Other,+233497539527,ama.asare9965@example.test,2025-01-31 15:29:20.000
AN-C002008,Grace,Osei,1984-03-28,Ghanaian,Teacher,+233576865750,grace.osei3024@example.test,2024-12-12 18:09:40.000
AN-C002009,Samuel,Appiah,1999-02-18,Ghanaian,Trader,+233557072079,samuel.appiah8383@example.test,2025-04-09 16:18:20.000
AN-C002010,Daniel,Adjei,1963-04-04,Ghanaian,Student,+233481381826,daniel.adjei5888@example.test,2024-09-10 15:27:29.000
AN-C002011,Kojo,Darko,1980-02-26,Ghanaian,Other,+233309723709,kojo.darko357@example.test,2024-09-05 10:53:56.000
AN-C002012,Fiifi,Darko,2004-11-07,Ghanaian,Health Worker,+233520937536,fiifi.darko2425@example.test,2023-12-23 10:53:25.000
AN-C002013,Kwabena,Asare,1987-02-24,Ghanaian,Farmer,+233361701320,kwabena.asare1070@example.test,2024-08-15 17:41:34.000
AN-C002014,Akosua,Arthur,1980-01-28,Ghanaian,Farmer,+233378385486,akosua.arthur5939@example.test,2025-04-02 13:23:11.000
AN-C002015,Efua,Mensah,2001-09-01,Ghanaian,Artisan,+233497003442,efua.mensah2569@example.test,2025-05-06 15:17:36.000
AN-C002016,Samuel,Osei,1982-04-05,Ghanaian,Artisan,+233220356560,samuel.osei4374@example.test,2024-11-24 15:17:00.000
AN-C002017,Yaa,Agyeman,1985-03-13,Ghanaian,Driver,+233527314379,yaa.agyeman615@example.test,2023-01-29 17:25:59.000
AN-C002018,Kofi,Owusu,2003-03-23,Ghanaian,Self Employed,+233400076863,kofi.owusu6648@example.test,2024-06-06 12:59:18.000
AN-C002019,Efua,Amoah,1965-01-15,Ghanaian,Other,+233408627052,efua.amoah2317@example.test,2023-03-21 11:42:46.000
AN-C002020,Akosua,Boateng,1992-03-17,Ghanaian,Driver,+233351665573,akosua.boateng8974@example.test,2023-05-29 11:32:34.000
AN-C002021,Nana,Adjei,1986-01-01,Ghanaian,Trader,+233497465023,nana.adjei2224@example.test,2023-05-20 16:53:15.000
AN-C002022,Yaw,Darko,1990-08-10,Ghanaian,Other,+233259417457,yaw.darko3228@example.test,2024-10-16 09:34:30.000
AN-C002023,Abena,Osei,1970-03-01,Ghanaian,Health Worker,+233462691418,abena.osei9269@example.test,2025-02-07 13:47:35.000
AN-C002024,Ama,Amoah,2002-10-18,Ghanaian,Teacher,+233514052182,ama.amoah5932@example.test,2024-04-12 18:52:07.000
AN-C002025,Yaa,Adjei,1995-05-24,Ghanaian,Other,+233280686335,yaa.adjei9288@example.test,2023-08-24 13:04:35.000
AN-C002026,Yaw,Agyeman,1986-08-03,Ghanaian,Professional,+233399136929,yaw.agyeman1515@example.test,2024-10-07 14:14:23.000
AN-C002027,Afia,Asare,1992-01-19,Ghanaian,Student,+233274880381,afia.asare9337@example.test,2025-03-02 13:49:33.000
AN-C002028,Akosua,Quaye,2002-09-25,Ghanaian,Professional,+233311201690,akosua.quaye7432@example.test,2024-12-22 18:17:39.000
AN-C002029,Daniel,Osei,1968-06-01,Ghanaian,Driver,+233527616768,daniel.osei6127@example.test,2023-10-27 17:03:29.000
AN-C002030,Nana,Mensah,1987-07-23,Ghanaian,Student,+233275790576,nana.mensah5532@example.test,2025-01-16 17:21:28.000
AN-C002031,Fiifi,Arthur,1987-11-08,Ghanaian,Student,+233495470982,fiifi.arthur815@example.test,2024-05-14 08:53:23.000
AN-C002032,Kwame,Asare,1974-03-03,Ghanaian,Artisan,+233353275819,kwame.asare1311@example.test,2025-05-22 09:58:32.000
AN-C002033,Adwoa,Adjei,1986-07-04,Ghanaian,Professional,+233448957680,adwoa.adjei7807@example.test,2023-10-28 12:44:19.000
AN-C002034,Yaw,Mensah,1996-01-20,Ghanaian,Teacher,+233553396730,yaw.mensah1602@example.test,2023-06-29 11:47:46.000
AN-C002035,Samuel,Amoah,1976-07-03,Ghanaian,Teacher,+233437425701,samuel.amoah5716@example.test,2025-04-27 09:08:03.000
AN-C002036,Grace,Agyeman,1975-11-22,Ghanaian,Farmer,+233561770388,grace.agyeman609@example.test,2024-05-09 14:38:56.000
AN-C002037,Abena,Asare,1982-11-24,Ghanaian,Other,+233475369459,abena.asare3460@example.test,2023-02-22 09:40:20.000
AN-C002038,Mavis,Appiah,2002-07-07,Ghanaian,Artisan,+233497761620,mavis.appiah6878@example.test,2025-05-23 14:11:39.000
AN-C002039,Yaw,Mensah,1982-07-19,Ghanaian,Public Servant,+233308737486,yaw.mensah1339@example.test,2023-10-17 14:00:44.000
AN-C002040,Akosua,Darko,1974-05-08,Ghanaian,Public Servant,+233413250225,akosua.darko5307@example.test,2023-11-20 18:59:45.000
AN-C002041,Mavis,Asare,1990-02-05,Ghanaian,Trader,+233471733703,mavis.asare3086@example.test,2025-05-08 12:31:27.000
AN-C002042,Kwame,Quaye,1960-09-20,Ghanaian,Teacher,+233499554171,kwame.quaye4042@example.test,2024-02-11 08:07:19.000
AN-C002043,Angela,Agyeman,1989-05-12,Ghanaian,Student,+233369975085,angela.agyeman4253@example.test,2024-06-21 13:46:16.000
AN-C002044,Yaw,Quaye,1986-04-07,Ghanaian,Student,+233352962197,yaw.quaye6826@example.test,2025-02-13 11:22:38.000
AN-C002045,Angela,Quaye,1983-08-16,Ghanaian,Self Employed,+233210941040,angela.quaye5101@example.test,2025-01-13 08:44:42.000
AN-C002046,Adwoa,Appiah,1962-04-13,Ghanaian,Health Worker,+233337830185,adwoa.appiah5246@example.test,2025-05-08 18:32:37.000
AN-C002047,Michael,Mensah,1967-08-21,Ghanaian,Trader,+233550351483,michael.mensah1100@example.test,2023-02-08 10:00:46.000
AN-C002048,Grace,Mensah,1979-04-07,Ghanaian,Self Employed,+233489487537,grace.mensah1044@example.test,2024-01-17 15:56:09.000
AN-C002049,Akosua,Quaye,1976-03-10,Ghanaian,Self Employed,+233313714458,akosua.quaye8084@example.test,2023-06-10 12:08:15.000
AN-C002050,Kwabena,Asare,1994-07-22,Ghanaian,Artisan,+233364425633,kwabena.asare6273@example.test,2023-02-28 17:43:52.000
AN-C002051,Nana,Owusu,1981-11-13,Ghanaian,Student,+233407587084,nana.owusu424@example.test,2023-05-07 15:21:35.000
AN-C002052,Yaa,Asare,2004-09-03,Ghanaian,Artisan,+233586007543,yaa.asare2409@example.test,2023-10-19 18:29:24.000
AN-C002053,Michael,Appiah,1998-08-11,Ghanaian,Driver,+233433662375,michael.appiah42@example.test,2023-04-30 13:52:45.000
AN-C002054,Abena,Osei,1960-01-22,Ghanaian,Teacher,+233309764218,abena.osei1534@example.test,2025-03-30 14:56:43.000
AN-C002055,Mary,Mensah,1990-11-25,Ghanaian,Self Employed,+233351471298,mary.mensah4777@example.test,2024-06-30 10:25:33.000
AN-C002056,Mavis,Darko,1969-03-16,Ghanaian,Driver,+233411490060,mavis.darko9937@example.test,2024-11-30 13:21:33.000
AN-C002057,Angela,Quaye,1989-06-12,Ghanaian,Professional,+233462042094,angela.quaye6476@example.test,2024-05-03 16:19:29.000
AN-C002058,Kwame,Osei,2003-06-10,Ghanaian,Student,+233354704264,kwame.osei7369@example.test,2023-06-21 12:13:21.000
AN-C002059,Yaw,Osei,1998-11-12,Ghanaian,Professional,+233584033503,yaw.osei7542@example.test,2025-04-13 08:52:56.000
AN-C002060,Mavis,Amoah,1983-06-19,Ghanaian,Public Servant,+233410841940,mavis.amoah290@example.test,2024-07-22 15:34:37.000
AN-C002061,Esi,Boateng,2002-01-09,Ghanaian,Student,+233417343876,esi.boateng6630@example.test,2024-10-06 10:06:35.000
AN-C002062,Samuel,Agyeman,1998-01-02,Ghanaian,Health Worker,+233552431302,samuel.agyeman1916@example.test,2023-01-08 16:06:55.000
AN-C002063,Kofi,Appiah,1968-01-10,Ghanaian,Farmer,+233261839872,kofi.appiah9586@example.test,2023-08-25 14:11:14.000
AN-C002064,Kwabena,Quaye,1960-06-06,Ghanaian,Professional,+233360752082,kwabena.quaye9766@example.test,2024-04-10 14:00:24.000
AN-C002065,Emmanuel,Agyeman,1983-03-05,Ghanaian,Artisan,+233226008830,emmanuel.agyeman8413@example.test,2024-05-09 13:44:39.000
AN-C002066,Mavis,Osei,1975-12-18,Ghanaian,Trader,+233418101921,mavis.osei6409@example.test,2024-09-26 14:38:46.000
AN-C002067,Afia,Appiah,1965-01-15,Ghanaian,Artisan,+233485856361,afia.appiah5515@example.test,2023-12-18 12:13:23.000
AN-C002068,Samuel,Quaye,1985-09-28,Ghanaian,Driver,+233454103430,samuel.quaye8503@example.test,2024-02-29 09:48:03.000
AN-C002069,Abena,Boateng,1963-10-05,Ghanaian,Public Servant,+233575799054,abena.boateng8164@example.test,2024-08-26 13:10:40.000
AN-C002070,Mavis,Mensah,1982-06-12,Ghanaian,Student,+233589021436,mavis.mensah9207@example.test,2024-11-29 16:12:38.000
AN-C002071,Adwoa,Boateng,1993-07-13,Ghanaian,Self Employed,+233453598842,adwoa.boateng7354@example.test,2025-02-13 11:31:24.000
AN-C002072,Daniel,Amoah,1998-08-18,Ghanaian,Artisan,+233552314943,daniel.amoah3313@example.test,2023-05-31 18:42:08.000
AN-C002073,Samuel,Asare,1968-12-26,Ghanaian,Teacher,+233431392545,samuel.asare4277@example.test,2024-03-21 08:57:22.000
AN-C002074,Afia,Owusu,1960-11-17,Ghanaian,Professional,+233328527897,afia.owusu9651@example.test,2024-09-21 15:38:53.000
AN-C002075,Esi,Mensah,1975-09-04,Ghanaian,Trader,+233414212093,esi.mensah4132@example.test,2023-08-30 16:13:56.000
AN-C002076,Ama,Appiah,1986-06-24,Ghanaian,Driver,+233592416018,ama.appiah6499@example.test,2023-04-03 13:03:33.000
AN-C002077,Mavis,Boateng,1992-03-22,Ghanaian,Trader,+233556980735,mavis.boateng8601@example.test,2025-03-18 13:29:52.000
AN-C002078,Fiifi,Mensah,1998-08-16,Ghanaian,Farmer,+233255387296,fiifi.mensah1804@example.test,2024-09-13 08:06:54.000
AN-C002079,Mary,Asare,1961-10-12,Ghanaian,Farmer,+233505478007,mary.asare3475@example.test,2023-08-22 14:26:28.000
AN-C002080,Esi,Osei,1996-03-06,Ghanaian,Other,+233422157835,esi.osei6309@example.test,2023-03-17 09:51:48.000
AN-C002081,Fiifi,Asare,1968-01-01,Ghanaian,Public Servant,+233595245954,fiifi.asare6364@example.test,2025-01-22 15:43:06.000
AN-C002082,Fiifi,Adjei,1975-03-11,Ghanaian,Professional,+233299658318,fiifi.adjei5906@example.test,2023-11-23 16:32:55.000
AN-C002083,Esi,Adjei,1984-08-24,Ghanaian,Farmer,+233547727812,esi.adjei6815@example.test,2023-09-20 12:34:00.000
AN-C002084,Afia,Asare,1962-02-03,Ghanaian,Trader,+233544083090,afia.asare9580@example.test,2024-08-27 11:28:08.000
AN-C002085,Akosua,Agyeman,1996-11-04,Ghanaian,Other,+233387476974,akosua.agyeman4194@example.test,2024-04-02 13:54:38.000
AN-C002086,Angela,Darko,1961-05-20,Ghanaian,Professional,+233541299114,angela.darko4729@example.test,2023-07-28 15:27:00.000
AN-C002087,Kofi,Darko,1967-11-07,Ghanaian,Professional,+233329688187,kofi.darko866@example.test,2024-04-13 11:10:39.000
AN-C002088,Ama,Darko,1998-05-08,Ghanaian,Other,+233443596332,ama.darko1584@example.test,2023-08-30 09:00:24.000
AN-C002089,Afia,Agyeman,1985-06-18,Ghanaian,Artisan,+233497132450,afia.agyeman646@example.test,2023-05-10 13:18:49.000
AN-C002090,Samuel,Appiah,1985-04-26,Ghanaian,Teacher,+233532765558,samuel.appiah5678@example.test,2025-01-11 10:00:09.000
AN-C002091,Nana,Adjei,1961-08-21,Ghanaian,Artisan,+233451691888,nana.adjei7296@example.test,2023-02-09 08:31:27.000
AN-C002092,Angela,Asare,2002-05-01,Ghanaian,Trader,+233533316511,angela.asare8587@example.test,2023-01-16 13:12:57.000
AN-C002093,Samuel,Amoah,1975-02-10,Ghanaian,Self Employed,+233546406203,samuel.amoah3611@example.test,2025-03-17 08:42:23.000
AN-C002094,Fiifi,Appiah,1962-01-06,Ghanaian,Artisan,+233472794538,fiifi.appiah2965@example.test,2024-10-05 18:09:14.000
AN-C002095,Yaa,Arthur,1977-12-16,Ghanaian,Driver,+233497751877,yaa.arthur527@example.test,2024-03-10 08:08:52.000
AN-C002096,Akosua,Appiah,1978-10-03,Ghanaian,Public Servant,+233260969508,akosua.appiah2224@example.test,2023-05-03 18:12:58.000
AN-C002097,Emmanuel,Owusu,1980-11-10,Ghanaian,Self Employed,+233414991547,emmanuel.owusu2549@example.test,2023-06-02 14:17:13.000
AN-C002098,Michael,Mensah,1978-05-07,Ghanaian,Other,+233502519971,michael.mensah8560@example.test,2024-07-29 11:02:14.000
AN-C002099,Afia,Mensah,1966-06-21,Ghanaian,Professional,+233466860612,afia.mensah3643@example.test,2023-08-24 09:54:07.000
AN-C002100,Angela,Amoah,1972-05-01,Ghanaian,Public Servant,+233325458977,angela.amoah7556@example.test,2025-06-02 10:53:54.000
AN-C002101,Samuel,Arthur,1976-04-01,Ghanaian,Public Servant,+233504883180,samuel.arthur923@example.test,2024-05-26 12:35:55.000
AN-C002102,Grace,Adjei,1992-11-28,Ghanaian,Driver,+233518646857,grace.adjei7328@example.test,2025-05-03 08:31:28.000
AN-C002103,Mavis,Adjei,1966-01-26,Ghanaian,Student,+233494096154,mavis.adjei7375@example.test,2024-06-08 14:11:30.000
AN-C002104,Kwadwo,Amoah,1976-11-17,Ghanaian,Health Worker,+233230292716,kwadwo.amoah8270@example.test,2023-06-01 18:38:44.000
AN-C002105,Kwadwo,Arthur,2002-09-27,Ghanaian,Professional,+233349585992,kwadwo.arthur4646@example.test,2024-03-29 14:38:31.000
AN-C002106,Akosua,Quaye,1973-09-25,Ghanaian,Student,+233407978814,akosua.quaye1363@example.test,2023-04-26 18:07:30.000
AN-C002107,Kwadwo,Owusu,1961-03-04,Ghanaian,Artisan,+233592667464,kwadwo.owusu8126@example.test,2025-05-20 17:05:10.000
AN-C002108,Angela,Adjei,1984-06-07,Ghanaian,Other,+233422872723,angela.adjei4234@example.test,2023-01-08 09:06:55.000
AN-C002109,Emmanuel,Boateng,1966-12-16,Ghanaian,Driver,+233520763086,emmanuel.boateng9269@example.test,2025-03-05 16:06:38.000
AN-C002110,Afia,Osei,1977-02-23,Ghanaian,Artisan,+233257426995,afia.osei3881@example.test,2023-04-11 13:16:06.000
AN-C002111,Yaw,Mensah,1967-10-14,Ghanaian,Farmer,+233520630873,yaw.mensah7865@example.test,2024-04-16 14:52:00.000
AN-C002112,Afia,Darko,1971-12-07,Ghanaian,Artisan,+233288308320,afia.darko202@example.test,2025-02-15 11:15:17.000
AN-C002113,Afia,Quaye,1977-07-07,Ghanaian,Professional,+233531069386,afia.quaye5260@example.test,2024-08-31 17:58:44.000
AN-C002114,Angela,Boateng,1998-08-07,Ghanaian,Trader,+233388852510,angela.boateng2180@example.test,2024-08-07 18:12:13.000
AN-C002115,Michael,Agyeman,1979-01-09,Ghanaian,Driver,+233251376559,michael.agyeman1981@example.test,2023-07-26 13:19:03.000
AN-C002116,Daniel,Arthur,1984-06-13,Ghanaian,Public Servant,+233363963622,daniel.arthur8070@example.test,2024-07-01 16:59:08.000
AN-C002117,Michael,Agyeman,1975-02-21,Ghanaian,Public Servant,+233435088399,michael.agyeman1024@example.test,2023-04-22 14:55:45.000
AN-C002118,Adwoa,Quaye,1980-03-20,Ghanaian,Teacher,+233435151041,adwoa.quaye2170@example.test,2024-06-03 12:25:30.000
AN-C002119,Kwadwo,Quaye,1971-05-05,Ghanaian,Teacher,+233200603752,kwadwo.quaye8553@example.test,2025-05-24 17:45:31.000
AN-C002120,Yaw,Appiah,1995-07-13,Ghanaian,Self Employed,+233408735263,yaw.appiah893@example.test,2023-08-12 15:19:52.000
AN-C002121,Emmanuel,Amoah,1991-02-03,Ghanaian,Professional,+233231330502,emmanuel.amoah4591@example.test,2024-01-03 17:27:03.000
AN-C002122,Kofi,Owusu,1972-05-16,Ghanaian,Teacher,+233594365350,kofi.owusu4126@example.test,2023-10-03 14:31:27.000
AN-C002123,Efua,Boateng,2003-10-01,Ghanaian,Other,+233317093662,efua.boateng5703@example.test,2024-08-11 15:40:39.000
AN-C002124,Grace,Mensah,1970-10-17,Ghanaian,Trader,+233375048749,grace.mensah4968@example.test,2025-04-06 08:28:00.000
AN-C002125,Kojo,Quaye,1982-03-19,Ghanaian,Driver,+233217248706,kojo.quaye6741@example.test,2023-01-28 15:14:52.000
AN-C002126,Emmanuel,Agyeman,2003-02-05,Ghanaian,Teacher,+233281475665,emmanuel.agyeman3302@example.test,2024-10-19 10:20:17.000
AN-C002127,Kofi,Darko,1988-04-16,Ghanaian,Trader,+233471348699,kofi.darko7724@example.test,2023-08-07 18:13:06.000
AN-C002128,Efua,Adjei,1968-12-01,Ghanaian,Professional,+233497170413,efua.adjei9798@example.test,2023-06-17 08:33:31.000
AN-C002129,Angela,Adjei,1964-07-16,Ghanaian,Driver,+233351593980,angela.adjei5135@example.test,2023-02-28 10:23:18.000
AN-C002130,Daniel,Mensah,1976-03-28,Ghanaian,Other,+233393084268,daniel.mensah69@example.test,2023-02-04 08:23:35.000
AN-C002131,Efua,Osei,1985-07-03,Ghanaian,Driver,+233219053252,efua.osei4214@example.test,2024-06-04 17:55:25.000
AN-C002132,Akosua,Arthur,2003-08-21,Ghanaian,Driver,+233376121645,akosua.arthur7759@example.test,2025-03-19 14:01:29.000
AN-C002133,Yaa,Amoah,1988-03-24,Ghanaian,Health Worker,+233564689383,yaa.amoah2101@example.test,2025-05-12 16:11:08.000
AN-C002134,Yaa,Boateng,1978-05-28,Ghanaian,Trader,+233391398132,yaa.boateng7771@example.test,2023-05-04 15:25:19.000
AN-C002135,Kwabena,Adjei,1997-01-01,Ghanaian,Other,+233445917855,kwabena.adjei9265@example.test,2023-12-31 10:16:16.000
AN-C002136,Yaa,Mensah,2004-08-22,Ghanaian,Driver,+233349414770,yaa.mensah101@example.test,2024-01-23 15:44:51.000
AN-C002137,Emmanuel,Adjei,1984-04-03,Ghanaian,Farmer,+233368951600,emmanuel.adjei5017@example.test,2023-09-30 18:27:04.000
AN-C002138,Kofi,Darko,1980-05-04,Ghanaian,Driver,+233310419081,kofi.darko5636@example.test,2024-04-05 17:06:18.000
AN-C002139,Adwoa,Agyeman,2001-10-19,Ghanaian,Trader,+233218606162,adwoa.agyeman9770@example.test,2024-10-14 12:07:23.000
AN-C002140,Efua,Quaye,1992-06-19,Ghanaian,Student,+233271653447,efua.quaye5508@example.test,2024-01-16 13:50:48.000
AN-C002141,Daniel,Asare,2001-02-23,Ghanaian,Trader,+233284468925,daniel.asare8802@example.test,2024-05-31 12:36:30.000
AN-C002142,Adwoa,Adjei,1987-10-03,Ghanaian,Artisan,+233258577863,adwoa.adjei3480@example.test,2023-09-21 12:32:37.000
AN-C002143,Michael,Boateng,1979-08-14,Ghanaian,Student,+233537147745,michael.boateng8014@example.test,2023-06-14 17:39:42.000
AN-C002144,Mavis,Mensah,1988-11-24,Ghanaian,Teacher,+233422759708,mavis.mensah7687@example.test,2023-08-29 11:49:58.000
AN-C002145,Nana,Boateng,1969-12-07,Ghanaian,Teacher,+233346849089,nana.boateng9422@example.test,2024-05-01 09:33:41.000
AN-C002146,Samuel,Osei,1993-06-02,Ghanaian,Trader,+233358815808,samuel.osei1621@example.test,2024-07-29 14:24:41.000
AN-C002147,Kofi,Agyeman,1962-11-03,Ghanaian,Public Servant,+233518442204,kofi.agyeman3939@example.test,2023-06-06 16:01:48.000
AN-C002148,Yaw,Adjei,1980-01-07,Ghanaian,Teacher,+233212084060,yaw.adjei188@example.test,2024-01-30 10:40:18.000
AN-C002149,Yaw,Appiah,1983-11-08,Ghanaian,Professional,+233343820905,yaw.appiah9579@example.test,2025-06-06 17:59:10.000
AN-C002150,Kofi,Mensah,1974-06-23,Ghanaian,Other,+233329045850,kofi.mensah3632@example.test,2024-06-16 11:01:53.000
AN-C002151,Yaw,Mensah,1997-02-08,Ghanaian,Artisan,+233386408352,yaw.mensah8383@example.test,2024-05-08 13:49:14.000
AN-C002152,Yaa,Quaye,1990-06-20,Ghanaian,Driver,+233404502233,yaa.quaye257@example.test,2025-04-29 10:04:57.000
AN-C002153,Grace,Quaye,1968-12-15,Ghanaian,Driver,+233533395600,grace.quaye7147@example.test,2024-02-10 15:18:55.000
AN-C002154,Kofi,Arthur,1992-12-26,Ghanaian,Student,+233372294023,kofi.arthur4622@example.test,2023-01-18 15:14:12.000
AN-C002155,Kojo,Quaye,1981-11-09,Ghanaian,Professional,+233471180429,kojo.quaye7942@example.test,2024-02-08 15:31:54.000
AN-C002156,Kofi,Osei,1972-11-21,Ghanaian,Driver,+233517047435,kofi.osei3197@example.test,2024-05-19 14:12:43.000
AN-C002157,Daniel,Appiah,1999-02-27,Ghanaian,Other,+233535224606,daniel.appiah4085@example.test,2024-08-20 10:24:21.000
AN-C002158,Fiifi,Appiah,1961-08-11,Ghanaian,Artisan,+233559660670,fiifi.appiah3541@example.test,2023-01-28 16:28:21.000
AN-C002159,Mary,Osei,1981-02-03,Ghanaian,Public Servant,+233364775000,mary.osei2513@example.test,2024-06-04 08:26:36.000
AN-C002160,Kofi,Appiah,1968-05-04,Ghanaian,Farmer,+233276622691,kofi.appiah1443@example.test,2025-02-16 18:20:12.000
AN-C002161,Michael,Appiah,1984-03-01,Ghanaian,Teacher,+233276478364,michael.appiah4249@example.test,2024-09-25 08:54:30.000
AN-C002162,Yaa,Mensah,1960-07-07,Ghanaian,Driver,+233336415244,yaa.mensah9164@example.test,2024-08-24 11:57:40.000
AN-C002163,Kojo,Boateng,1974-02-25,Ghanaian,Farmer,+233561000747,kojo.boateng389@example.test,2025-02-24 10:32:53.000
AN-C002164,Abena,Boateng,1980-01-26,Ghanaian,Health Worker,+233559343374,abena.boateng5238@example.test,2024-06-06 08:07:34.000
AN-C002165,Yaa,Boateng,1965-12-05,Ghanaian,Driver,+233277306173,yaa.boateng9380@example.test,2024-03-27 10:26:00.000
AN-C002166,Yaw,Osei,2002-12-14,Ghanaian,Farmer,+233204180234,yaw.osei6338@example.test,2023-11-19 14:12:42.000
AN-C002167,Adwoa,Amoah,1972-09-28,Ghanaian,Student,+233292823026,adwoa.amoah1335@example.test,2024-09-09 12:13:22.000
AN-C002168,Emmanuel,Arthur,1976-04-17,Ghanaian,Trader,+233329765876,emmanuel.arthur4145@example.test,2025-01-07 08:37:08.000
AN-C002169,Samuel,Boateng,1963-08-27,Ghanaian,Artisan,+233320458130,samuel.boateng1865@example.test,2025-06-01 13:20:11.000
AN-C002170,Yaw,Adjei,1971-03-23,Ghanaian,Student,+233426769225,yaw.adjei9524@example.test,2025-01-31 18:26:50.000
AN-C002171,Yaa,Arthur,1995-06-04,Ghanaian,Trader,+233562099535,yaa.arthur6540@example.test,2025-02-11 10:32:40.000
AN-C002172,Nana,Agyeman,1960-02-20,Ghanaian,Trader,+233314184420,nana.agyeman4300@example.test,2024-12-01 12:50:10.000
AN-C002173,Michael,Boateng,1995-11-23,Ghanaian,Trader,+233450496169,michael.boateng5736@example.test,2024-04-29 17:06:25.000
AN-C002174,Akosua,Asare,1974-06-15,Ghanaian,Health Worker,+233242138124,akosua.asare3979@example.test,2024-11-09 16:12:38.000
AN-C002175,Michael,Arthur,1968-09-19,Ghanaian,Driver,+233464284193,michael.arthur960@example.test,2023-11-01 14:24:50.000
AN-C002176,Daniel,Adjei,1968-06-28,Ghanaian,Public Servant,+233344834797,daniel.adjei2000@example.test,2023-05-24 08:57:44.000
AN-C002177,Daniel,Amoah,2003-06-13,Ghanaian,Farmer,+233433930617,daniel.amoah8174@example.test,2024-12-04 10:31:47.000
AN-C002178,Michael,Appiah,1960-04-12,Ghanaian,Other,+233433170012,michael.appiah6975@example.test,2024-07-26 12:18:03.000
AN-C002179,Kwabena,Agyeman,1994-10-27,Ghanaian,Public Servant,+233220871447,kwabena.agyeman8912@example.test,2023-02-19 17:25:29.000
AN-C002180,Esi,Owusu,1969-09-04,Ghanaian,Trader,+233513720735,esi.owusu9453@example.test,2023-01-20 12:19:28.000
AN-C002181,Kojo,Agyeman,1975-09-12,Ghanaian,Professional,+233236380035,kojo.agyeman5581@example.test,2023-11-15 08:43:44.000
AN-C002182,Nana,Mensah,1982-10-14,Ghanaian,Driver,+233437371644,nana.mensah2286@example.test,2023-12-05 12:50:58.000
AN-C002183,Grace,Amoah,1989-07-07,Ghanaian,Self Employed,+233445230801,grace.amoah3038@example.test,2024-05-23 10:53:00.000
AN-C002184,Esi,Amoah,1978-11-14,Ghanaian,Artisan,+233208969267,esi.amoah564@example.test,2024-01-20 16:42:06.000
AN-C002185,Efua,Agyeman,1999-07-24,Ghanaian,Health Worker,+233434810597,efua.agyeman6906@example.test,2025-01-13 17:07:26.000
AN-C002186,Fiifi,Mensah,1966-05-22,Ghanaian,Driver,+233282162133,fiifi.mensah5781@example.test,2023-08-10 15:40:36.000
AN-C002187,Kwame,Appiah,1965-04-01,Ghanaian,Trader,+233264037345,kwame.appiah2504@example.test,2024-10-28 14:16:48.000
AN-C002188,Adwoa,Appiah,1999-10-08,Ghanaian,Artisan,+233312118555,adwoa.appiah5990@example.test,2023-02-08 13:20:25.000
AN-C002189,Mary,Darko,1975-11-26,Ghanaian,Other,+233411123805,mary.darko9405@example.test,2023-10-30 11:49:26.000
AN-C002190,Emmanuel,Mensah,2002-02-01,Ghanaian,Health Worker,+233542264197,emmanuel.mensah7560@example.test,2025-01-26 12:07:41.000
AN-C002191,Mavis,Boateng,1965-09-11,Ghanaian,Student,+233371596920,mavis.boateng9370@example.test,2025-06-15 14:38:06.000
AN-C002192,Angela,Boateng,1975-04-08,Ghanaian,Student,+233222436987,angela.boateng1387@example.test,2023-05-22 15:25:44.000
AN-C002193,Angela,Mensah,1983-03-21,Ghanaian,Health Worker,+233364391176,angela.mensah136@example.test,2024-12-15 18:34:56.000
AN-C002194,Kwabena,Agyeman,1973-02-14,Ghanaian,Professional,+233588350220,kwabena.agyeman3741@example.test,2025-03-31 16:06:30.000
AN-C002195,Angela,Osei,1967-06-22,Ghanaian,Self Employed,+233488611460,angela.osei4112@example.test,2023-05-04 10:58:42.000
AN-C002196,Kwabena,Mensah,1985-06-22,Ghanaian,Other,+233306820792,kwabena.mensah5906@example.test,2023-05-28 14:02:54.000
AN-C002197,Ama,Amoah,1987-06-10,Ghanaian,Self Employed,+233434084688,ama.amoah5358@example.test,2023-05-11 14:32:33.000
AN-C002198,Fiifi,Asare,1984-01-03,Ghanaian,Trader,+233245634332,fiifi.asare600@example.test,2023-03-15 16:39:58.000
AN-C002199,Kwadwo,Quaye,1965-02-18,Ghanaian,Trader,+233324764883,kwadwo.quaye7378@example.test,2024-10-07 09:06:40.000
AN-C002200,Esi,Quaye,1991-02-11,Ghanaian,Self Employed,+233400797447,esi.quaye9326@example.test,2024-12-15 16:37:33.000
AN-C002201,Nana,Darko,1982-10-28,Ghanaian,Professional,+233490747611,nana.darko2727@example.test,2024-04-04 12:17:15.000
AN-C002202,Ama,Boateng,1969-12-17,Ghanaian,Teacher,+233216223674,ama.boateng9268@example.test,2023-07-12 11:46:19.000
AN-C002203,Yaw,Appiah,1975-10-12,Ghanaian,Artisan,+233345400859,yaw.appiah7789@example.test,2024-11-08 10:18:51.000
AN-C002204,Kwabena,Appiah,2003-10-27,Ghanaian,Farmer,+233302021840,kwabena.appiah1018@example.test,2025-03-27 15:13:24.000
AN-C002205,Emmanuel,Asare,1975-08-14,Ghanaian,Student,+233406787456,emmanuel.asare7210@example.test,2023-07-17 14:01:35.000
AN-C002206,Efua,Owusu,2000-07-27,Ghanaian,Artisan,+233302855385,efua.owusu7430@example.test,2025-04-02 18:42:54.000
AN-C002207,Kojo,Darko,1971-01-15,Ghanaian,Student,+233466461369,kojo.darko9680@example.test,2025-06-19 15:11:52.000
AN-C002208,Angela,Owusu,1982-12-11,Ghanaian,Other,+233201190029,angela.owusu6520@example.test,2023-01-31 15:58:14.000
AN-C002209,Daniel,Mensah,1992-04-01,Ghanaian,Artisan,+233541279818,daniel.mensah9040@example.test,2023-07-14 09:29:17.000
AN-C002210,Afia,Quaye,2000-07-06,Ghanaian,Teacher,+233322778162,afia.quaye4467@example.test,2024-11-20 10:44:53.000
AN-C002211,Akosua,Darko,1972-05-02,Ghanaian,Health Worker,+233518298513,akosua.darko4987@example.test,2024-05-25 14:44:13.000
AN-C002212,Samuel,Boateng,1963-07-15,Ghanaian,Artisan,+233382329783,samuel.boateng6451@example.test,2023-05-26 14:46:13.000
AN-C002213,Abena,Amoah,1967-10-03,Ghanaian,Artisan,+233285317845,abena.amoah5131@example.test,2024-02-23 10:49:39.000
AN-C002214,Yaw,Quaye,2002-04-28,Ghanaian,Student,+233456204948,yaw.quaye6126@example.test,2025-03-02 09:51:43.000
AN-C002215,Kwadwo,Asare,1973-01-09,Ghanaian,Professional,+233447690633,kwadwo.asare7162@example.test,2025-04-28 13:06:49.000
AN-C002216,Yaw,Boateng,1993-07-09,Ghanaian,Student,+233250005512,yaw.boateng5287@example.test,2025-01-10 12:43:07.000
AN-C002217,Kwadwo,Adjei,1980-09-23,Ghanaian,Public Servant,+233598936699,kwadwo.adjei4175@example.test,2024-06-13 10:56:43.000
AN-C002218,Kwame,Quaye,2003-10-19,Ghanaian,Professional,+233597093490,kwame.quaye6559@example.test,2023-06-06 14:45:50.000
AN-C002219,Esi,Boateng,1974-10-25,Ghanaian,Public Servant,+233405939046,esi.boateng5465@example.test,2025-02-10 17:39:58.000
AN-C002220,Kwadwo,Adjei,1984-05-01,Ghanaian,Farmer,+233384748365,kwadwo.adjei8392@example.test,2023-12-17 09:10:28.000
AN-C002221,Abena,Osei,1989-12-07,Ghanaian,Farmer,+233269683667,abena.osei2200@example.test,2023-11-13 13:01:36.000
AN-C002222,Esi,Amoah,2002-02-20,Ghanaian,Student,+233245627330,esi.amoah2952@example.test,2025-05-24 13:05:10.000
AN-C002223,Emmanuel,Boateng,1991-12-05,Ghanaian,Farmer,+233356110900,emmanuel.boateng7670@example.test,2024-06-22 16:47:51.000
AN-C002224,Abena,Owusu,1980-02-15,Ghanaian,Student,+233267296871,abena.owusu2632@example.test,2024-12-29 16:34:23.000
AN-C002225,Abena,Darko,1986-08-13,Ghanaian,Student,+233535797094,abena.darko921@example.test,2024-03-05 11:11:09.000
AN-C002226,Ama,Osei,1987-02-26,Ghanaian,Student,+233443382916,ama.osei6173@example.test,2024-02-13 10:53:33.000
AN-C002227,Emmanuel,Asare,1996-03-02,Ghanaian,Self Employed,+233539309292,emmanuel.asare6379@example.test,2024-04-13 14:34:00.000
AN-C002228,Ama,Asare,1985-04-06,Ghanaian,Driver,+233574351237,ama.asare521@example.test,2023-12-01 16:45:38.000
AN-C002229,Akosua,Mensah,1999-08-12,Ghanaian,Health Worker,+233427936921,akosua.mensah3097@example.test,2024-04-16 16:07:21.000
AN-C002230,Efua,Owusu,1976-03-23,Ghanaian,Other,+233580278625,efua.owusu8218@example.test,2023-09-05 14:46:19.000
AN-C002231,Efua,Appiah,1998-07-17,Ghanaian,Student,+233439587747,efua.appiah7444@example.test,2025-01-28 08:26:05.000
AN-C002232,Adwoa,Darko,1996-07-05,Ghanaian,Public Servant,+233261168279,adwoa.darko1810@example.test,2024-04-27 11:37:42.000
AN-C002233,Mary,Agyeman,1971-02-04,Ghanaian,Other,+233395962951,mary.agyeman9404@example.test,2023-07-07 12:17:37.000
AN-C002234,Afia,Mensah,1997-01-08,Ghanaian,Driver,+233221992027,afia.mensah6909@example.test,2025-06-15 12:07:21.000
AN-C002235,Samuel,Asare,1987-10-02,Ghanaian,Artisan,+233399921155,samuel.asare5117@example.test,2024-10-16 18:31:52.000
AN-C002236,Nana,Asare,1985-05-21,Ghanaian,Health Worker,+233217000312,nana.asare4407@example.test,2023-11-02 09:18:54.000
AN-C002237,Kojo,Amoah,1977-04-18,Ghanaian,Driver,+233363466249,kojo.amoah9561@example.test,2024-01-09 11:55:15.000
AN-C002238,Kofi,Osei,1975-09-03,Ghanaian,Artisan,+233284863802,kofi.osei2727@example.test,2024-12-14 08:33:58.000
AN-C002239,Akosua,Agyeman,1983-05-01,Ghanaian,Artisan,+233220831515,akosua.agyeman6131@example.test,2025-05-01 14:21:42.000
AN-C002240,Kojo,Arthur,1988-03-26,Ghanaian,Trader,+233476499778,kojo.arthur1521@example.test,2023-04-13 14:20:07.000
AN-C002241,Angela,Adjei,1988-02-28,Ghanaian,Trader,+233468858444,angela.adjei2339@example.test,2023-11-06 17:11:48.000
AN-C002242,Nana,Boateng,1984-06-21,Ghanaian,Farmer,+233348861792,nana.boateng3813@example.test,2023-07-23 15:39:25.000
AN-C002243,Yaa,Owusu,1999-02-20,Ghanaian,Student,+233234373873,yaa.owusu6640@example.test,2024-08-06 15:02:43.000
AN-C002244,Kojo,Quaye,2002-10-20,Ghanaian,Driver,+233249094433,kojo.quaye5918@example.test,2023-10-19 11:51:52.000
AN-C002245,Kojo,Mensah,1977-06-13,Ghanaian,Health Worker,+233588724169,kojo.mensah7245@example.test,2025-05-27 18:01:23.000
AN-C002246,Grace,Arthur,1998-01-13,Ghanaian,Public Servant,+233362942179,grace.arthur135@example.test,2023-12-05 16:28:19.000
AN-C002247,Kwabena,Appiah,1983-11-14,Ghanaian,Trader,+233398799962,kwabena.appiah9196@example.test,2023-12-25 15:53:44.000
AN-C002248,Michael,Arthur,1977-12-19,Ghanaian,Farmer,+233411261306,michael.arthur7428@example.test,2024-11-12 08:12:45.000
AN-C002249,Angela,Mensah,1963-04-25,Ghanaian,Trader,+233311970139,angela.mensah4618@example.test,2024-02-01 18:37:55.000
AN-C002250,Grace,Arthur,1973-01-22,Ghanaian,Teacher,+233213226576,grace.arthur9493@example.test,2025-02-03 12:52:49.000
AN-C002251,Grace,Appiah,1965-06-07,Ghanaian,Driver,+233258998092,grace.appiah296@example.test,2023-08-17 13:50:04.000
AN-C002252,Daniel,Darko,1988-10-15,Ghanaian,Public Servant,+233342384531,daniel.darko8218@example.test,2024-04-09 18:19:11.000
AN-C002253,Emmanuel,Mensah,1973-04-20,Ghanaian,Student,+233392056035,emmanuel.mensah2088@example.test,2024-04-27 11:24:59.000
AN-C002254,Yaw,Darko,1999-01-17,Ghanaian,Farmer,+233584373494,yaw.darko8646@example.test,2024-08-16 17:05:55.000
AN-C002255,Akosua,Adjei,1999-10-02,Ghanaian,Public Servant,+233551828066,akosua.adjei821@example.test,2023-09-10 17:02:01.000
AN-C002256,Mary,Mensah,1968-07-21,Ghanaian,Professional,+233508846791,mary.mensah6772@example.test,2024-03-14 09:12:45.000
AN-C002257,Yaw,Amoah,1965-01-27,Ghanaian,Trader,+233542725888,yaw.amoah8952@example.test,2023-08-18 16:47:23.000
AN-C002258,Yaw,Arthur,2004-11-13,Ghanaian,Farmer,+233265513290,yaw.arthur7161@example.test,2023-03-27 09:32:03.000
AN-C002259,Yaa,Asare,1975-01-06,Ghanaian,Teacher,+233205243835,yaa.asare921@example.test,2025-02-17 11:29:59.000
AN-C002260,Kofi,Agyeman,1967-06-26,Ghanaian,Artisan,+233304023661,kofi.agyeman8747@example.test,2023-06-07 10:17:04.000
AN-C002261,Kojo,Owusu,1963-03-15,Ghanaian,Driver,+233524456464,kojo.owusu856@example.test,2024-05-16 18:50:58.000
AN-C002262,Nana,Arthur,1966-08-28,Ghanaian,Public Servant,+233271057249,nana.arthur4030@example.test,2023-01-08 15:40:04.000
AN-C002263,Fiifi,Quaye,1970-06-15,Ghanaian,Trader,+233329825105,fiifi.quaye9816@example.test,2023-08-21 18:47:57.000
AN-C002264,Yaa,Amoah,1998-03-28,Ghanaian,Student,+233459888406,yaa.amoah6010@example.test,2024-05-03 15:11:29.000
AN-C002265,Adwoa,Boateng,1984-08-08,Ghanaian,Self Employed,+233386250129,adwoa.boateng7749@example.test,2025-04-08 13:25:06.000
AN-C002266,Michael,Arthur,1962-10-19,Ghanaian,Other,+233302719015,michael.arthur3385@example.test,2023-03-06 13:12:10.000
AN-C002267,Emmanuel,Osei,1966-08-25,Ghanaian,Trader,+233583744440,emmanuel.osei7997@example.test,2025-04-28 16:40:33.000
AN-C002268,Akosua,Osei,1978-04-06,Ghanaian,Health Worker,+233474596419,akosua.osei5201@example.test,2023-03-21 10:27:41.000
AN-C002269,Ama,Arthur,2002-01-14,Ghanaian,Public Servant,+233384713293,ama.arthur8406@example.test,2023-01-23 12:42:13.000
AN-C002270,Fiifi,Quaye,1965-11-12,Ghanaian,Trader,+233464266527,fiifi.quaye1925@example.test,2024-09-05 18:35:05.000
AN-C002271,Kojo,Agyeman,1962-09-04,Ghanaian,Other,+233256903743,kojo.agyeman5143@example.test,2023-05-10 08:18:26.000
AN-C002272,Daniel,Amoah,1987-02-18,Ghanaian,Self Employed,+233322547458,daniel.amoah2096@example.test,2024-02-20 11:58:52.000
AN-C002273,Akosua,Appiah,1984-07-20,Ghanaian,Public Servant,+233535334140,akosua.appiah6627@example.test,2024-02-18 16:53:37.000
AN-C002274,Kofi,Asare,1987-07-27,Ghanaian,Artisan,+233432676925,kofi.asare9096@example.test,2024-02-10 17:37:51.000
AN-C002275,Nana,Quaye,1979-02-20,Ghanaian,Teacher,+233240044317,nana.quaye786@example.test,2024-11-28 12:08:15.000
AN-C002276,Adwoa,Adjei,1973-02-19,Ghanaian,Student,+233514367823,adwoa.adjei6451@example.test,2024-09-06 14:08:54.000
AN-C002277,Esi,Mensah,1998-04-19,Ghanaian,Teacher,+233453781317,esi.mensah3876@example.test,2023-05-11 14:49:02.000
AN-C002278,Samuel,Mensah,1998-11-24,Ghanaian,Artisan,+233403173632,samuel.mensah1660@example.test,2024-03-10 17:42:04.000
AN-C002279,Esi,Appiah,1992-04-13,Ghanaian,Other,+233509795352,esi.appiah4296@example.test,2024-10-12 08:01:37.000
AN-C002280,Akosua,Appiah,1973-07-04,Ghanaian,Artisan,+233354780324,akosua.appiah3537@example.test,2025-04-01 14:43:27.000
AN-C002281,Ama,Adjei,1989-12-17,Ghanaian,Professional,+233435684540,ama.adjei2645@example.test,2024-03-16 13:17:47.000
AN-C002282,Akosua,Agyeman,1995-11-16,Ghanaian,Health Worker,+233586753021,akosua.agyeman2219@example.test,2024-07-28 12:38:44.000
AN-C002283,Michael,Agyeman,1993-04-07,Ghanaian,Trader,+233409923426,michael.agyeman1888@example.test,2024-05-20 16:56:06.000
AN-C002284,Nana,Amoah,1987-11-10,Ghanaian,Other,+233313603577,nana.amoah3941@example.test,2023-01-27 12:03:57.000
AN-C002285,Yaa,Quaye,1964-01-26,Ghanaian,Farmer,+233541223142,yaa.quaye5316@example.test,2023-07-20 15:30:58.000
AN-C002286,Samuel,Agyeman,1979-08-17,Ghanaian,Professional,+233564587613,samuel.agyeman3398@example.test,2023-11-21 08:13:00.000
AN-C002287,Ama,Amoah,1964-10-03,Ghanaian,Other,+233415968503,ama.amoah5552@example.test,2023-09-17 18:25:04.000
AN-C002288,Abena,Adjei,1966-07-05,Ghanaian,Driver,+233292795303,abena.adjei7972@example.test,2023-02-28 13:38:29.000
AN-C002289,Yaw,Adjei,1998-04-08,Ghanaian,Public Servant,+233326345010,yaw.adjei9809@example.test,2024-06-28 17:56:03.000
AN-C002290,Emmanuel,Osei,1981-09-02,Ghanaian,Teacher,+233306413042,emmanuel.osei8168@example.test,2023-12-17 08:26:00.000
AN-C002291,Yaa,Quaye,1964-08-23,Ghanaian,Driver,+233309851083,yaa.quaye139@example.test,2025-05-28 17:58:49.000
AN-C002292,Mavis,Osei,1961-02-23,Ghanaian,Student,+233202235681,mavis.osei7380@example.test,2023-03-01 15:15:28.000
AN-C002293,Angela,Adjei,1975-05-24,Ghanaian,Professional,+233479922196,angela.adjei403@example.test,2024-07-23 09:41:47.000
AN-C002294,Angela,Amoah,2004-01-04,Ghanaian,Farmer,+233536506386,angela.amoah3165@example.test,2024-10-15 16:21:33.000
AN-C002295,Yaa,Arthur,1966-06-05,Ghanaian,Driver,+233349871829,yaa.arthur4071@example.test,2024-05-10 11:15:55.000
AN-C002296,Kofi,Asare,1976-10-21,Ghanaian,Professional,+233462860552,kofi.asare6721@example.test,2024-01-16 12:33:27.000
AN-C002297,Kwabena,Agyeman,1985-01-04,Ghanaian,Student,+233381348052,kwabena.agyeman7399@example.test,2023-09-07 13:23:32.000
AN-C002298,Kojo,Adjei,1962-04-06,Ghanaian,Trader,+233377773802,kojo.adjei3816@example.test,2024-12-21 11:06:59.000
AN-C002299,Ama,Asare,1972-02-13,Ghanaian,Public Servant,+233422715507,ama.asare7902@example.test,2025-04-21 11:37:32.000
AN-C002300,Adwoa,Appiah,2000-11-26,Ghanaian,Self Employed,+233274467111,adwoa.appiah5806@example.test,2025-06-09 11:43:26.000
AN-C002301,Nana,Quaye,1963-08-01,Ghanaian,Public Servant,+233517790371,nana.quaye5415@example.test,2024-12-11 18:02:07.000
AN-C002302,Kwabena,Osei,1999-12-27,Ghanaian,Farmer,+233479333872,kwabena.osei9166@example.test,2023-04-30 11:13:20.000
AN-C002303,Abena,Agyeman,1992-06-23,Ghanaian,Trader,+233461894626,abena.agyeman1928@example.test,2024-08-01 18:07:57.000
AN-C002304,Emmanuel,Arthur,1992-05-24,Ghanaian,Self Employed,+233408480256,emmanuel.arthur1224@example.test,2023-04-02 09:33:09.000
AN-C002305,Mavis,Appiah,1968-03-17,Ghanaian,Self Employed,+233341975993,mavis.appiah7291@example.test,2023-02-01 08:07:14.000
AN-C002306,Nana,Mensah,1983-03-25,Ghanaian,Artisan,+233429374656,nana.mensah8027@example.test,2024-05-01 16:35:42.000
AN-C002307,Kojo,Owusu,1991-09-13,Ghanaian,Artisan,+233421324955,kojo.owusu3463@example.test,2025-02-03 09:33:19.000
AN-C002308,Daniel,Mensah,1962-08-03,Ghanaian,Public Servant,+233490814982,daniel.mensah885@example.test,2025-04-12 16:03:30.000
AN-C002309,Kwame,Darko,2000-10-15,Ghanaian,Health Worker,+233405655020,kwame.darko6680@example.test,2023-09-04 08:32:00.000
AN-C002310,Adwoa,Quaye,1993-06-03,Ghanaian,Artisan,+233355234971,adwoa.quaye92@example.test,2025-06-06 10:29:34.000
AN-C002311,Kojo,Owusu,1975-06-13,Ghanaian,Trader,+233258817815,kojo.owusu6944@example.test,2024-12-16 11:23:34.000
AN-C002312,Fiifi,Osei,1969-12-16,Ghanaian,Public Servant,+233215798394,fiifi.osei6129@example.test,2024-11-08 16:57:46.000
AN-C002313,Kwame,Boateng,2003-09-10,Ghanaian,Farmer,+233520185833,kwame.boateng4466@example.test,2023-02-11 14:17:10.000
AN-C002314,Adwoa,Boateng,2002-09-25,Ghanaian,Trader,+233344797203,adwoa.boateng4087@example.test,2025-01-27 18:09:52.000
AN-C002315,Daniel,Arthur,1969-06-19,Ghanaian,Trader,+233583957712,daniel.arthur3425@example.test,2023-02-26 12:39:05.000
AN-C002316,Daniel,Mensah,1996-12-12,Ghanaian,Self Employed,+233221563127,daniel.mensah5069@example.test,2024-01-16 17:17:06.000
AN-C002317,Efua,Mensah,1976-10-05,Ghanaian,Other,+233337279475,efua.mensah410@example.test,2024-10-02 16:00:34.000
AN-C002318,Abena,Osei,1995-08-13,Ghanaian,Teacher,+233427084434,abena.osei2027@example.test,2025-04-20 09:59:17.000
AN-C002319,Esi,Asare,1960-12-16,Ghanaian,Other,+233228779210,esi.asare2286@example.test,2024-03-10 08:23:38.000
AN-C002320,Kwame,Osei,1973-05-17,Ghanaian,Artisan,+233265861297,kwame.osei5822@example.test,2023-04-12 18:46:23.000
AN-C002321,Kofi,Mensah,1972-04-26,Ghanaian,Public Servant,+233391855861,kofi.mensah3669@example.test,2024-07-04 12:46:57.000
AN-C002322,Samuel,Quaye,1964-05-16,Ghanaian,Other,+233298865141,samuel.quaye193@example.test,2025-05-06 18:36:09.000
AN-C002323,Fiifi,Asare,1974-06-14,Ghanaian,Student,+233321859388,fiifi.asare978@example.test,2024-11-28 12:24:49.000
AN-C002324,Emmanuel,Asare,1987-12-07,Ghanaian,Student,+233285298160,emmanuel.asare8441@example.test,2025-01-30 13:36:29.000
AN-C002325,Kwame,Arthur,1984-08-04,Ghanaian,Other,+233234984305,kwame.arthur5705@example.test,2024-08-05 13:15:13.000
AN-C002326,Akosua,Mensah,1986-09-09,Ghanaian,Artisan,+233436967677,akosua.mensah6985@example.test,2025-02-24 09:55:50.000
AN-C002327,Efua,Adjei,1990-05-18,Ghanaian,Other,+233508187976,efua.adjei2729@example.test,2023-06-22 15:22:10.000
AN-C002328,Efua,Amoah,1988-07-07,Ghanaian,Teacher,+233360499059,efua.amoah1985@example.test,2025-03-11 16:32:42.000
AN-C002329,Yaw,Amoah,1978-08-02,Ghanaian,Public Servant,+233571216018,yaw.amoah577@example.test,2023-05-31 13:43:40.000
AN-C002330,Nana,Adjei,1964-10-02,Ghanaian,Farmer,+233569161417,nana.adjei5361@example.test,2024-12-05 15:28:42.000
AN-C002331,Samuel,Quaye,1963-04-28,Ghanaian,Driver,+233372085000,samuel.quaye9272@example.test,2023-04-28 11:33:34.000
AN-C002332,Angela,Quaye,1970-12-26,Ghanaian,Farmer,+233572535769,angela.quaye7505@example.test,2025-01-18 11:15:34.000
AN-C002333,Samuel,Mensah,1978-01-13,Ghanaian,Trader,+233412921776,samuel.mensah5889@example.test,2025-02-16 08:28:07.000
AN-C002334,Kojo,Boateng,1971-01-22,Ghanaian,Other,+233235941935,kojo.boateng7204@example.test,2025-01-27 13:40:56.000
AN-C002335,Afia,Asare,1988-10-03,Ghanaian,Public Servant,+233343083021,afia.asare759@example.test,2023-01-08 13:34:29.000
AN-C002336,Yaw,Mensah,1975-09-09,Ghanaian,Other,+233320789600,yaw.mensah1637@example.test,2024-07-25 13:19:49.000
AN-C002337,Michael,Boateng,1987-07-17,Ghanaian,Trader,+233369121289,michael.boateng8083@example.test,2024-02-18 16:55:24.000
AN-C002338,Yaw,Asare,1965-01-02,Ghanaian,Teacher,+233334851921,yaw.asare1134@example.test,2023-03-23 11:10:02.000
AN-C002339,Nana,Boateng,2002-01-23,Ghanaian,Other,+233519798083,nana.boateng3213@example.test,2024-05-08 09:54:48.000
AN-C002340,Akosua,Amoah,2003-04-24,Ghanaian,Trader,+233327510321,akosua.amoah2785@example.test,2023-08-24 16:55:07.000
AN-C002341,Kwabena,Quaye,2001-11-01,Ghanaian,Driver,+233439255160,kwabena.quaye5659@example.test,2023-11-26 11:05:38.000
AN-C002342,Kojo,Mensah,1992-09-19,Ghanaian,Professional,+233214739079,kojo.mensah6583@example.test,2024-01-15 09:32:45.000
AN-C002343,Mary,Amoah,1991-09-26,Ghanaian,Student,+233243640012,mary.amoah3252@example.test,2024-05-25 11:10:19.000
AN-C002344,Nana,Osei,1965-04-23,Ghanaian,Driver,+233281093150,nana.osei5379@example.test,2024-10-15 13:00:52.000
AN-C002345,Kwadwo,Owusu,1965-09-03,Ghanaian,Artisan,+233409021299,kwadwo.owusu8974@example.test,2024-02-13 10:39:34.000
AN-C002346,Abena,Appiah,1977-05-17,Ghanaian,Driver,+233203155651,abena.appiah6026@example.test,2024-04-10 14:35:25.000
AN-C002347,Fiifi,Boateng,1991-01-11,Ghanaian,Artisan,+233323613693,fiifi.boateng6515@example.test,2024-10-04 13:20:17.000
AN-C002348,Kwadwo,Arthur,1996-12-22,Ghanaian,Professional,+233247641715,kwadwo.arthur4020@example.test,2024-11-24 14:49:23.000
AN-C002349,Kojo,Asare,1969-12-05,Ghanaian,Public Servant,+233225080244,kojo.asare5802@example.test,2023-03-23 08:49:40.000
AN-C002350,Grace,Boateng,1966-04-12,Ghanaian,Professional,+233541345074,grace.boateng1248@example.test,2023-02-19 16:52:17.000
AN-C002351,Mary,Arthur,1977-06-25,Ghanaian,Student,+233555688994,mary.arthur3386@example.test,2024-10-14 16:17:27.000
AN-C002352,Michael,Boateng,1978-12-02,Ghanaian,Trader,+233506477660,michael.boateng6357@example.test,2023-12-28 09:00:15.000
AN-C002353,Kofi,Owusu,1966-02-27,Ghanaian,Professional,+233448750696,kofi.owusu3358@example.test,2025-02-18 09:42:47.000
AN-C002354,Michael,Mensah,2000-11-27,Ghanaian,Professional,+233225835085,michael.mensah1472@example.test,2024-06-15 11:13:23.000
AN-C002355,Adwoa,Osei,1973-05-08,Ghanaian,Other,+233295517102,adwoa.osei4166@example.test,2024-08-25 09:45:05.000
AN-C002356,Michael,Amoah,1993-09-11,Ghanaian,Teacher,+233465187986,michael.amoah7017@example.test,2023-01-17 15:07:12.000
AN-C002357,Efua,Appiah,1986-10-22,Ghanaian,Driver,+233216847381,efua.appiah4939@example.test,2023-10-19 15:48:55.000
AN-C002358,Kwabena,Quaye,1970-08-15,Ghanaian,Driver,+233240273703,kwabena.quaye8401@example.test,2025-06-01 13:53:10.000
AN-C002359,Efua,Osei,1977-05-20,Ghanaian,Artisan,+233482864717,efua.osei4429@example.test,2023-04-18 17:44:09.000
AN-C002360,Ama,Agyeman,1975-12-13,Ghanaian,Trader,+233464205066,ama.agyeman3555@example.test,2024-12-23 17:21:42.000
AN-C002361,Akosua,Agyeman,2002-01-28,Ghanaian,Farmer,+233348129162,akosua.agyeman6258@example.test,2023-05-05 08:59:07.000
AN-C002362,Yaw,Darko,1989-07-08,Ghanaian,Other,+233224390348,yaw.darko3594@example.test,2023-08-04 10:46:04.000
AN-C002363,Adwoa,Agyeman,1982-08-11,Ghanaian,Driver,+233592107355,adwoa.agyeman1130@example.test,2024-02-05 17:30:43.000
AN-C002364,Kofi,Mensah,1965-03-19,Ghanaian,Health Worker,+233500024571,kofi.mensah5482@example.test,2025-06-07 15:33:02.000
AN-C002365,Kwabena,Arthur,1963-08-06,Ghanaian,Student,+233287652787,kwabena.arthur2773@example.test,2023-03-28 18:05:26.000
AN-C002366,Adwoa,Amoah,1960-07-19,Ghanaian,Artisan,+233475530467,adwoa.amoah3696@example.test,2024-11-20 14:54:45.000
AN-C002367,Afia,Amoah,1969-10-14,Ghanaian,Other,+233476151069,afia.amoah3504@example.test,2023-05-08 17:55:42.000
AN-C002368,Esi,Darko,2001-07-28,Ghanaian,Health Worker,+233406573542,esi.darko133@example.test,2024-07-13 18:10:59.000
AN-C002369,Kwadwo,Owusu,1971-04-20,Ghanaian,Farmer,+233244595405,kwadwo.owusu2583@example.test,2024-09-28 13:51:26.000
AN-C002370,Nana,Adjei,1984-09-13,Ghanaian,Professional,+233264495010,nana.adjei6103@example.test,2024-08-06 18:54:06.000
AN-C002371,Abena,Darko,1973-09-22,Ghanaian,Artisan,+233570824609,abena.darko2597@example.test,2023-07-10 14:59:28.000
AN-C002372,Kwadwo,Adjei,1988-02-07,Ghanaian,Teacher,+233331753680,kwadwo.adjei4234@example.test,2024-10-26 11:53:14.000
AN-C002373,Emmanuel,Adjei,1980-02-06,Ghanaian,Driver,+233484694837,emmanuel.adjei8215@example.test,2024-06-08 16:59:30.000
AN-C002374,Ama,Agyeman,1965-06-07,Ghanaian,Other,+233349135621,ama.agyeman3871@example.test,2023-02-19 09:30:00.000
AN-C002375,Akosua,Osei,1997-05-18,Ghanaian,Student,+233461339968,akosua.osei6086@example.test,2024-07-03 14:21:17.000
AN-C002376,Akosua,Arthur,1964-06-01,Ghanaian,Health Worker,+233474160423,akosua.arthur6198@example.test,2024-05-20 12:02:26.000
AN-C002377,Emmanuel,Owusu,1997-04-07,Ghanaian,Self Employed,+233280276819,emmanuel.owusu4668@example.test,2023-03-09 14:41:29.000
AN-C002378,Fiifi,Appiah,1983-10-08,Ghanaian,Trader,+233511151831,fiifi.appiah5376@example.test,2023-04-13 17:29:22.000
AN-C002379,Adwoa,Amoah,1970-10-18,Ghanaian,Teacher,+233202159599,adwoa.amoah3403@example.test,2023-12-08 16:16:34.000
AN-C002380,Yaw,Quaye,1993-12-05,Ghanaian,Teacher,+233259586980,yaw.quaye4477@example.test,2024-01-20 14:52:43.000
AN-C002381,Mavis,Appiah,1961-07-24,Ghanaian,Teacher,+233575007755,mavis.appiah741@example.test,2023-06-05 17:54:43.000
AN-C002382,Ama,Adjei,1993-08-24,Ghanaian,Trader,+233280775346,ama.adjei2629@example.test,2025-04-25 18:38:24.000
AN-C002383,Grace,Amoah,1982-07-23,Ghanaian,Other,+233472235112,grace.amoah2981@example.test,2023-11-18 12:49:34.000
AN-C002384,Kwame,Owusu,1978-02-21,Ghanaian,Health Worker,+233345270358,kwame.owusu9578@example.test,2023-11-15 18:13:09.000
AN-C002385,Afia,Owusu,1997-02-24,Ghanaian,Health Worker,+233409882496,afia.owusu651@example.test,2024-01-07 10:54:36.000
AN-C002386,Kwadwo,Appiah,1970-10-23,Ghanaian,Artisan,+233488496696,kwadwo.appiah7838@example.test,2024-09-23 09:45:14.000
AN-C002387,Akosua,Agyeman,2000-01-23,Ghanaian,Trader,+233368431435,akosua.agyeman8115@example.test,2024-08-13 15:48:42.000
AN-C002388,Yaa,Arthur,1965-05-27,Ghanaian,Other,+233266318926,yaa.arthur5626@example.test,2024-02-06 09:32:23.000
AN-C002389,Ama,Appiah,1980-12-27,Ghanaian,Artisan,+233487560819,ama.appiah6266@example.test,2024-02-03 14:06:44.000
AN-C002390,Fiifi,Mensah,1996-04-25,Ghanaian,Self Employed,+233444464454,fiifi.mensah9712@example.test,2024-04-07 14:29:45.000
AN-C002391,Kojo,Asare,1983-04-07,Ghanaian,Other,+233384820650,kojo.asare3438@example.test,2023-11-19 09:54:14.000
AN-C002392,Ama,Owusu,1989-07-17,Ghanaian,Artisan,+233226327820,ama.owusu7621@example.test,2025-04-30 12:43:18.000
AN-C002393,Daniel,Darko,1971-04-27,Ghanaian,Student,+233580381288,daniel.darko6779@example.test,2025-04-01 12:41:37.000
AN-C002394,Yaw,Asare,1984-04-11,Ghanaian,Teacher,+233476665242,yaw.asare7761@example.test,2024-04-02 11:45:48.000
AN-C002395,Adwoa,Asare,1964-09-20,Ghanaian,Teacher,+233439991683,adwoa.asare8959@example.test,2025-01-14 12:09:00.000
AN-C002396,Mary,Owusu,1978-09-15,Ghanaian,Public Servant,+233261453303,mary.owusu5337@example.test,2025-03-09 09:18:05.000
AN-C002397,Mavis,Appiah,1960-08-22,Ghanaian,Artisan,+233225639593,mavis.appiah9419@example.test,2024-04-02 08:53:40.000
AN-C002398,Grace,Quaye,1984-05-13,Ghanaian,Student,+233581076515,grace.quaye1388@example.test,2023-11-09 14:12:57.000
AN-C002399,Mavis,Asare,1961-05-05,Ghanaian,Teacher,+233379496935,mavis.asare2911@example.test,2024-02-20 11:48:48.000
AN-C002400,Adwoa,Appiah,1981-11-14,Ghanaian,Trader,+233578429012,adwoa.appiah8381@example.test,2023-06-30 10:17:18.000
AN-C002401,Mavis,Darko,2004-01-01,Ghanaian,Teacher,+233561008204,mavis.darko2389@example.test,2024-05-27 14:16:50.000
AN-C002402,Michael,Osei,1965-01-17,Ghanaian,Artisan,+233381998773,michael.osei5258@example.test,2025-03-03 14:32:06.000
AN-C002403,Esi,Appiah,1973-11-15,Ghanaian,Public Servant,+233232302846,esi.appiah9680@example.test,2024-01-17 18:35:50.000
AN-C002404,Mary,Darko,1974-09-09,Ghanaian,Student,+233218432339,mary.darko8667@example.test,2024-01-19 12:02:23.000
AN-C002405,Akosua,Mensah,1992-09-01,Ghanaian,Teacher,+233296588249,akosua.mensah3146@example.test,2023-04-20 10:45:38.000
AN-C002406,Mavis,Quaye,1967-07-15,Ghanaian,Student,+233495410564,mavis.quaye1872@example.test,2023-07-13 12:34:37.000
AN-C002407,Fiifi,Boateng,1991-05-16,Ghanaian,Self Employed,+233428402521,fiifi.boateng2904@example.test,2023-04-03 08:36:34.000
AN-C002408,Daniel,Amoah,1968-11-14,Ghanaian,Artisan,+233377111666,daniel.amoah8273@example.test,2024-09-19 12:48:53.000
AN-C002409,Kofi,Boateng,2003-08-06,Ghanaian,Other,+233560544694,kofi.boateng4024@example.test,2024-03-27 12:14:00.000
AN-C002410,Mary,Darko,1987-03-18,Ghanaian,Trader,+233312719066,mary.darko7701@example.test,2023-10-29 15:19:07.000
AN-C002411,Mary,Quaye,1997-02-28,Ghanaian,Driver,+233338644225,mary.quaye9343@example.test,2023-02-19 13:19:44.000
AN-C002412,Mary,Owusu,1972-08-07,Ghanaian,Farmer,+233360765428,mary.owusu3569@example.test,2023-08-09 14:02:19.000
AN-C002413,Angela,Owusu,1976-02-22,Ghanaian,Health Worker,+233566326534,angela.owusu8837@example.test,2024-05-30 09:31:36.000
AN-C002414,Kwadwo,Boateng,1966-02-24,Ghanaian,Artisan,+233391308919,kwadwo.boateng2922@example.test,2024-12-09 17:16:22.000
AN-C002415,Grace,Asare,1987-10-09,Ghanaian,Driver,+233411240132,grace.asare8549@example.test,2023-08-04 15:16:24.000
AN-C002416,Samuel,Appiah,1978-03-10,Ghanaian,Public Servant,+233457858107,samuel.appiah4961@example.test,2023-12-14 13:11:14.000
AN-C002417,Mary,Darko,2004-02-20,Ghanaian,Other,+233207693072,mary.darko9488@example.test,2025-01-19 18:05:55.000
AN-C002418,Adwoa,Boateng,1997-06-08,Ghanaian,Other,+233256059065,adwoa.boateng7744@example.test,2023-02-14 09:20:21.000
AN-C002419,Angela,Adjei,1966-03-18,Ghanaian,Student,+233386164255,angela.adjei9825@example.test,2025-03-13 16:35:15.000
AN-C002420,Emmanuel,Darko,1967-06-11,Ghanaian,Trader,+233521390652,emmanuel.darko6317@example.test,2024-08-16 15:34:39.000
AN-C002421,Akosua,Osei,1964-06-27,Ghanaian,Other,+233333782052,akosua.osei2937@example.test,2023-11-13 15:24:16.000
AN-C002422,Akosua,Adjei,1979-09-15,Ghanaian,Farmer,+233403118019,akosua.adjei8327@example.test,2024-08-10 12:30:39.000
AN-C002423,Esi,Owusu,1962-02-09,Ghanaian,Student,+233287355645,esi.owusu1924@example.test,2023-10-22 15:45:31.000
AN-C002424,Kojo,Boateng,1971-12-08,Ghanaian,Professional,+233533877242,kojo.boateng6743@example.test,2024-09-22 13:59:35.000
AN-C002425,Angela,Boateng,1985-01-28,Ghanaian,Trader,+233378846700,angela.boateng3508@example.test,2025-04-14 09:02:33.000
AN-C002426,Afia,Agyeman,1999-09-26,Ghanaian,Artisan,+233289924110,afia.agyeman4338@example.test,2024-03-10 09:34:05.000
AN-C002427,Kwabena,Agyeman,1967-10-28,Ghanaian,Other,+233447504071,kwabena.agyeman2812@example.test,2023-03-16 14:31:41.000
AN-C002428,Nana,Appiah,1984-04-06,Ghanaian,Public Servant,+233401450858,nana.appiah381@example.test,2023-01-15 10:50:40.000
AN-C002429,Akosua,Owusu,1961-03-05,Ghanaian,Farmer,+233516315656,akosua.owusu4012@example.test,2023-11-04 09:19:10.000
AN-C002430,Adwoa,Osei,1991-07-07,Ghanaian,Professional,+233307903870,adwoa.osei9240@example.test,2024-04-25 14:06:10.000
AN-C002431,Yaa,Mensah,1991-12-14,Ghanaian,Health Worker,+233570544115,yaa.mensah1559@example.test,2025-05-24 18:06:51.000
AN-C002432,Samuel,Appiah,1989-11-15,Ghanaian,Teacher,+233368687552,samuel.appiah9847@example.test,2023-07-09 12:43:19.000
AN-C002433,Yaw,Owusu,2004-07-07,Ghanaian,Farmer,+233256692670,yaw.owusu7202@example.test,2024-05-09 09:22:17.000
AN-C002434,Angela,Owusu,2001-02-03,Ghanaian,Self Employed,+233240803067,angela.owusu493@example.test,2024-03-25 15:03:09.000
AN-C002435,Daniel,Owusu,1980-02-14,Ghanaian,Public Servant,+233564931877,daniel.owusu9621@example.test,2025-04-08 16:21:10.000
AN-C002436,Yaa,Adjei,2001-07-03,Ghanaian,Self Employed,+233432076441,yaa.adjei9932@example.test,2023-04-12 15:28:28.000
AN-C002437,Grace,Owusu,1988-09-15,Ghanaian,Professional,+233214306555,grace.owusu1491@example.test,2023-11-09 17:50:13.000
AN-C002438,Nana,Owusu,1969-10-27,Ghanaian,Teacher,+233559935455,nana.owusu821@example.test,2023-12-06 16:22:58.000
AN-C002439,Ama,Owusu,1964-05-20,Ghanaian,Student,+233464984391,ama.owusu3744@example.test,2023-11-16 15:11:21.000
AN-C002440,Yaw,Appiah,1970-05-11,Ghanaian,Public Servant,+233450353102,yaw.appiah3394@example.test,2024-07-26 18:28:27.000
AN-C002441,Samuel,Osei,1974-07-02,Ghanaian,Student,+233334999325,samuel.osei7192@example.test,2024-12-14 09:24:54.000
AN-C002442,Akosua,Amoah,1966-04-14,Ghanaian,Other,+233349071688,akosua.amoah3784@example.test,2024-11-18 09:05:27.000
AN-C002443,Mavis,Arthur,1967-12-05,Ghanaian,Driver,+233426587482,mavis.arthur9211@example.test,2023-12-25 10:28:10.000
AN-C002444,Kojo,Agyeman,1999-02-04,Ghanaian,Trader,+233293044654,kojo.agyeman3408@example.test,2023-09-24 15:17:09.000
AN-C002445,Abena,Adjei,1987-01-23,Ghanaian,Professional,+233555977635,abena.adjei5539@example.test,2024-06-13 13:22:11.000
AN-C002446,Ama,Appiah,1996-11-24,Ghanaian,Student,+233438315169,ama.appiah184@example.test,2024-11-02 14:42:07.000
AN-C002447,Yaa,Darko,1975-01-25,Ghanaian,Artisan,+233472133850,yaa.darko7264@example.test,2023-08-04 16:13:24.000
AN-C002448,Yaw,Boateng,1971-09-23,Ghanaian,Self Employed,+233513644464,yaw.boateng2847@example.test,2025-05-11 08:53:06.000
AN-C002449,Nana,Adjei,1985-03-24,Ghanaian,Farmer,+233524464433,nana.adjei9886@example.test,2024-10-02 14:11:57.000
AN-C002450,Emmanuel,Amoah,1963-07-06,Ghanaian,Self Employed,+233592550076,emmanuel.amoah3411@example.test,2024-12-25 17:06:28.000
AN-C002451,Kojo,Osei,1981-06-01,Ghanaian,Other,+233217109012,kojo.osei517@example.test,2025-01-08 10:38:37.000
AN-C002452,Akosua,Agyeman,1974-11-02,Ghanaian,Health Worker,+233498420441,akosua.agyeman9442@example.test,2023-07-19 14:18:52.000
AN-C002453,Mary,Owusu,1964-01-02,Ghanaian,Teacher,+233362203214,mary.owusu298@example.test,2023-06-14 08:55:42.000
AN-C002454,Esi,Quaye,1973-11-15,Ghanaian,Student,+233208176507,esi.quaye5788@example.test,2023-02-07 13:41:30.000
AN-C002455,Kojo,Asare,2001-07-18,Ghanaian,Teacher,+233513931559,kojo.asare2782@example.test,2023-04-25 16:43:52.000
AN-C002456,Kofi,Osei,1977-08-01,Ghanaian,Other,+233550923925,kofi.osei3918@example.test,2024-05-13 15:43:36.000
AN-C002457,Kofi,Osei,2003-04-20,Ghanaian,Artisan,+233218591687,kofi.osei4003@example.test,2023-04-24 15:21:59.000
AN-C002458,Michael,Darko,1972-08-11,Ghanaian,Professional,+233531493237,michael.darko5249@example.test,2024-09-28 11:43:21.000
AN-C002459,Efua,Mensah,1974-10-26,Ghanaian,Public Servant,+233224624552,efua.mensah9224@example.test,2023-02-24 16:29:10.000
AN-C002460,Kwadwo,Boateng,1971-10-13,Ghanaian,Professional,+233527340406,kwadwo.boateng6270@example.test,2023-06-11 09:22:51.000
AN-C002461,Samuel,Boateng,1969-12-14,Ghanaian,Other,+233552966174,samuel.boateng4274@example.test,2024-09-30 13:45:04.000
AN-C002462,Angela,Mensah,1982-01-23,Ghanaian,Health Worker,+233517825968,angela.mensah5068@example.test,2024-04-01 11:17:02.000
AN-C002463,Emmanuel,Mensah,1963-10-23,Ghanaian,Self Employed,+233266327451,emmanuel.mensah4899@example.test,2025-03-23 18:28:01.000
AN-C002464,Kwadwo,Appiah,1969-04-22,Ghanaian,Artisan,+233204292468,kwadwo.appiah6899@example.test,2024-01-01 09:10:47.000
AN-C002465,Mavis,Adjei,1983-03-11,Ghanaian,Public Servant,+233599618552,mavis.adjei4872@example.test,2024-09-08 09:44:39.000
AN-C002466,Akosua,Owusu,1976-01-18,Ghanaian,Health Worker,+233576965720,akosua.owusu3774@example.test,2023-09-05 18:51:49.000
AN-C002467,Adwoa,Osei,1991-05-04,Ghanaian,Trader,+233283378865,adwoa.osei564@example.test,2024-11-12 14:45:35.000
AN-C002468,Fiifi,Boateng,1996-10-02,Ghanaian,Trader,+233434246314,fiifi.boateng5945@example.test,2023-10-25 08:43:06.000
AN-C002469,Samuel,Osei,1998-12-11,Ghanaian,Public Servant,+233297391557,samuel.osei6012@example.test,2024-11-06 16:06:56.000
AN-C002470,Akosua,Asare,1991-10-27,Ghanaian,Professional,+233374547856,akosua.asare6613@example.test,2024-07-11 14:24:57.000
AN-C002471,Kojo,Amoah,2004-04-19,Ghanaian,Student,+233368781251,kojo.amoah9461@example.test,2023-06-09 09:54:31.000
AN-C002472,Emmanuel,Appiah,1993-07-03,Ghanaian,Trader,+233557679413,emmanuel.appiah5454@example.test,2024-10-15 09:07:26.000
AN-C002473,Kwame,Owusu,1993-05-01,Ghanaian,Public Servant,+233218229192,kwame.owusu7396@example.test,2023-04-18 16:09:27.000
AN-C002474,Fiifi,Quaye,1995-09-26,Ghanaian,Professional,+233565649820,fiifi.quaye8683@example.test,2024-05-19 16:32:23.000
AN-C002475,Mavis,Asare,2004-09-08,Ghanaian,Self Employed,+233448181873,mavis.asare1649@example.test,2023-04-02 15:24:09.000
AN-C002476,Emmanuel,Asare,2003-11-21,Ghanaian,Driver,+233584459369,emmanuel.asare9645@example.test,2023-01-26 08:33:36.000
AN-C002477,Nana,Adjei,1974-03-04,Ghanaian,Teacher,+233543547222,nana.adjei891@example.test,2023-04-29 09:23:09.000
AN-C002478,Akosua,Boateng,1972-01-09,Ghanaian,Self Employed,+233394041768,akosua.boateng1755@example.test,2023-07-03 13:59:37.000
AN-C002479,Nana,Appiah,1962-12-25,Ghanaian,Driver,+233277765861,nana.appiah9182@example.test,2024-06-01 12:10:04.000
AN-C002480,Akosua,Arthur,1970-06-01,Ghanaian,Artisan,+233215635636,akosua.arthur1523@example.test,2025-03-05 14:34:22.000
AN-C002481,Daniel,Agyeman,1977-01-27,Ghanaian,Student,+233435268755,daniel.agyeman6845@example.test,2024-12-18 14:41:38.000
AN-C002482,Nana,Boateng,1997-09-03,Ghanaian,Self Employed,+233571995942,nana.boateng2217@example.test,2023-03-08 08:57:47.000
AN-C002483,Yaw,Asare,1973-05-14,Ghanaian,Farmer,+233210398235,yaw.asare4316@example.test,2024-03-10 16:10:40.000
AN-C002484,Emmanuel,Darko,1961-07-09,Ghanaian,Professional,+233229041562,emmanuel.darko7650@example.test,2024-11-01 15:31:21.000
AN-C002485,Yaw,Adjei,1966-05-25,Ghanaian,Other,+233328131512,yaw.adjei5770@example.test,2023-04-05 14:33:54.000
AN-C002486,Nana,Asare,1973-12-26,Ghanaian,Trader,+233212466410,nana.asare7043@example.test,2023-06-29 08:48:46.000
AN-C002487,Kwame,Asare,1994-10-26,Ghanaian,Trader,+233319428402,kwame.asare959@example.test,2024-08-26 14:53:47.000
AN-C002488,Fiifi,Owusu,1969-08-12,Ghanaian,Public Servant,+233264853589,fiifi.owusu428@example.test,2023-05-05 15:42:27.000
AN-C002489,Kwadwo,Darko,2000-12-26,Ghanaian,Other,+233445038650,kwadwo.darko7121@example.test,2024-09-30 12:50:52.000
AN-C002490,Samuel,Owusu,1985-11-11,Ghanaian,Teacher,+233367991165,samuel.owusu9593@example.test,2024-03-19 18:09:37.000
AN-C002491,Mary,Owusu,1981-09-25,Ghanaian,Professional,+233384176891,mary.owusu2249@example.test,2024-09-17 16:12:04.000
AN-C002492,Kojo,Adjei,1972-04-20,Ghanaian,Artisan,+233591353092,kojo.adjei1601@example.test,2023-01-02 18:01:06.000
AN-C002493,Kwadwo,Arthur,1999-04-28,Ghanaian,Professional,+233210958831,kwadwo.arthur2081@example.test,2024-12-29 10:21:03.000
AN-C002494,Adwoa,Mensah,2002-07-24,Ghanaian,Public Servant,+233493894209,adwoa.mensah4440@example.test,2023-12-30 18:55:09.000
AN-C002495,Nana,Agyeman,1984-06-18,Ghanaian,Driver,+233529545148,nana.agyeman7405@example.test,2024-06-10 11:41:23.000
AN-C002496,Kwadwo,Darko,1990-04-28,Ghanaian,Professional,+233375334941,kwadwo.darko970@example.test,2025-02-09 14:04:45.000
AN-C002497,Fiifi,Owusu,1993-03-27,Ghanaian,Artisan,+233230138527,fiifi.owusu8319@example.test,2024-06-08 18:54:32.000
AN-C002498,Mary,Quaye,1984-12-18,Ghanaian,Other,+233502500185,mary.quaye6149@example.test,2023-01-06 12:10:32.000
AN-C002499,Grace,Osei,2001-12-25,Ghanaian,Artisan,+233274821826,grace.osei8139@example.test,2024-07-07 13:11:04.000
AN-C002500,Mavis,Darko,1976-09-07,Ghanaian,Student,+233379949670,mavis.darko4291@example.test,2024-05-02 15:39:53.000
AN-C002501,Mavis,Darko,1980-08-18,Ghanaian,Other,+233260664547,mavis.darko7572@example.test,2024-08-16 17:50:26.000
AN-C002502,Kwame,Owusu,1977-04-14,Ghanaian,Artisan,+233382663586,kwame.owusu4095@example.test,2023-06-08 14:35:12.000
AN-C002503,Angela,Mensah,1999-06-14,Ghanaian,Other,+233441276598,angela.mensah1649@example.test,2023-12-08 10:46:29.000
AN-C002504,Abena,Adjei,1990-10-23,Ghanaian,Artisan,+233349442559,abena.adjei5577@example.test,2023-12-10 10:41:27.000
AN-C002505,Yaw,Darko,1963-08-06,Ghanaian,Public Servant,+233257659568,yaw.darko1148@example.test,2024-01-17 13:01:33.000
AN-C002506,Michael,Amoah,1964-11-08,Ghanaian,Self Employed,+233220083047,michael.amoah2595@example.test,2023-12-18 13:38:38.000
AN-C002507,Esi,Mensah,2001-08-21,Ghanaian,Public Servant,+233451264018,esi.mensah872@example.test,2024-03-20 09:33:44.000
AN-C002508,Adwoa,Asare,1969-11-24,Ghanaian,Other,+233466898492,adwoa.asare612@example.test,2025-01-14 15:01:45.000
AN-C002509,Angela,Appiah,1968-11-18,Ghanaian,Trader,+233450866647,angela.appiah5732@example.test,2023-05-09 09:19:36.000
AN-C002510,Mary,Darko,1991-05-20,Ghanaian,Professional,+233429928888,mary.darko1318@example.test,2024-03-15 11:05:06.000
AN-C002511,Mavis,Owusu,1960-10-11,Ghanaian,Trader,+233448184438,mavis.owusu9715@example.test,2023-02-08 17:39:36.000
AN-C002512,Mary,Amoah,1975-01-02,Ghanaian,Driver,+233275006300,mary.amoah7908@example.test,2023-08-02 12:24:52.000
AN-C002513,Akosua,Osei,1964-12-19,Ghanaian,Student,+233406062737,akosua.osei6295@example.test,2025-01-07 16:31:38.000
AN-C002514,Nana,Mensah,1999-12-21,Ghanaian,Health Worker,+233241014658,nana.mensah1599@example.test,2023-05-12 08:04:06.000
AN-C002515,Samuel,Boateng,1978-08-03,Ghanaian,Health Worker,+233214952069,samuel.boateng161@example.test,2024-12-12 15:01:16.000
AN-C002516,Afia,Darko,1985-02-05,Ghanaian,Artisan,+233397690498,afia.darko9047@example.test,2025-03-02 10:27:56.000
AN-C002517,Efua,Quaye,1961-09-21,Ghanaian,Self Employed,+233596487965,efua.quaye6341@example.test,2024-07-06 18:36:51.000
AN-C002518,Efua,Amoah,1978-07-26,Ghanaian,Trader,+233490003798,efua.amoah6427@example.test,2024-07-05 12:46:13.000
AN-C002519,Esi,Boateng,1997-09-11,Ghanaian,Trader,+233369789554,esi.boateng3075@example.test,2023-09-02 17:36:14.000
AN-C002520,Mary,Amoah,1977-04-06,Ghanaian,Artisan,+233342569199,mary.amoah3739@example.test,2024-03-29 11:57:09.000
AN-C002521,Mary,Quaye,1993-08-01,Ghanaian,Teacher,+233304951840,mary.quaye109@example.test,2023-06-17 15:14:05.000
AN-C002522,Kojo,Osei,1994-04-21,Ghanaian,Professional,+233572356165,kojo.osei4924@example.test,2023-08-12 12:57:25.000
AN-C002523,Kwabena,Adjei,2001-07-14,Ghanaian,Teacher,+233465925096,kwabena.adjei2406@example.test,2024-08-20 14:25:13.000
AN-C002524,Efua,Agyeman,1973-08-20,Ghanaian,Driver,+233440246386,efua.agyeman2590@example.test,2023-09-09 09:29:58.000
AN-C002525,Kojo,Amoah,2000-11-25,Ghanaian,Health Worker,+233227537206,kojo.amoah3527@example.test,2023-07-16 11:53:38.000
AN-C002526,Yaw,Appiah,1960-10-04,Ghanaian,Farmer,+233389699446,yaw.appiah3342@example.test,2024-07-08 13:36:59.000
AN-C002527,Kofi,Asare,1989-05-02,Ghanaian,Self Employed,+233571869814,kofi.asare9978@example.test,2025-02-18 16:34:33.000
AN-C002528,Mary,Osei,1969-05-24,Ghanaian,Other,+233272483439,mary.osei3201@example.test,2025-06-09 13:57:17.000
AN-C002529,Kwame,Agyeman,1969-07-20,Ghanaian,Professional,+233248135887,kwame.agyeman1253@example.test,2023-12-13 17:26:59.000
AN-C002530,Fiifi,Quaye,1964-11-25,Ghanaian,Self Employed,+233402187959,fiifi.quaye4589@example.test,2025-02-11 14:13:24.000
AN-C002531,Akosua,Osei,1966-04-03,Ghanaian,Health Worker,+233425093143,akosua.osei2077@example.test,2023-05-28 09:11:43.000
AN-C002532,Adwoa,Appiah,1962-01-13,Ghanaian,Trader,+233373164923,adwoa.appiah5813@example.test,2024-06-11 13:30:53.000
AN-C002533,Abena,Osei,1998-10-07,Ghanaian,Farmer,+233406654499,abena.osei2050@example.test,2024-02-13 13:36:53.000
AN-C002534,Kwame,Amoah,1999-04-18,Ghanaian,Other,+233232353281,kwame.amoah3477@example.test,2023-11-21 15:42:12.000
AN-C002535,Esi,Boateng,1982-03-22,Ghanaian,Health Worker,+233418982049,esi.boateng1203@example.test,2023-08-27 18:08:45.000
AN-C002536,Kwame,Boateng,1968-01-16,Ghanaian,Public Servant,+233216262919,kwame.boateng6447@example.test,2024-06-14 12:30:27.000
AN-C002537,Yaa,Adjei,1978-05-09,Ghanaian,Other,+233475151391,yaa.adjei7942@example.test,2023-11-04 08:38:43.000
AN-C002538,Mary,Asare,2000-04-14,Ghanaian,Professional,+233213762877,mary.asare9829@example.test,2023-10-30 18:53:49.000
AN-C002539,Samuel,Appiah,2004-07-14,Ghanaian,Public Servant,+233276853334,samuel.appiah4467@example.test,2023-05-03 11:32:59.000
AN-C002540,Kwabena,Osei,1982-05-23,Ghanaian,Trader,+233346457409,kwabena.osei857@example.test,2023-10-30 14:46:14.000
AN-C002541,Esi,Quaye,1976-09-16,Ghanaian,Other,+233385518887,esi.quaye9874@example.test,2024-12-27 17:50:48.000
AN-C002542,Michael,Osei,2001-06-17,Ghanaian,Artisan,+233467520035,michael.osei9791@example.test,2024-03-07 13:01:56.000
AN-C002543,Yaa,Asare,1971-12-03,Ghanaian,Self Employed,+233315775961,yaa.asare5055@example.test,2024-01-12 11:23:03.000
AN-C002544,Mary,Adjei,1986-08-08,Ghanaian,Artisan,+233297844417,mary.adjei461@example.test,2024-06-06 13:07:27.000
AN-C002545,Mary,Agyeman,1976-06-07,Ghanaian,Professional,+233271405767,mary.agyeman2313@example.test,2024-04-15 15:44:51.000
AN-C002546,Fiifi,Mensah,1963-06-25,Ghanaian,Artisan,+233589622708,fiifi.mensah1934@example.test,2024-07-20 11:56:34.000
AN-C002547,Grace,Agyeman,1987-11-06,Ghanaian,Self Employed,+233436621966,grace.agyeman1181@example.test,2024-04-25 17:00:09.000
AN-C002548,Abena,Darko,1967-08-01,Ghanaian,Artisan,+233256954793,abena.darko7364@example.test,2023-03-11 16:06:17.000
AN-C002549,Afia,Osei,1966-02-09,Ghanaian,Artisan,+233446383957,afia.osei8701@example.test,2024-07-25 14:52:01.000
AN-C002550,Abena,Boateng,1986-08-06,Ghanaian,Professional,+233280857049,abena.boateng3160@example.test,2024-04-18 15:07:11.000
AN-C002551,Kofi,Asare,1996-05-25,Ghanaian,Driver,+233439975468,kofi.asare1060@example.test,2023-02-28 09:26:45.000
AN-C002552,Samuel,Adjei,1977-08-25,Ghanaian,Teacher,+233398157014,samuel.adjei5732@example.test,2023-08-28 12:12:00.000
AN-C002553,Angela,Boateng,1978-01-07,Ghanaian,Teacher,+233279455569,angela.boateng6147@example.test,2025-05-27 18:17:28.000
AN-C002554,Yaw,Boateng,1966-05-01,Ghanaian,Student,+233290761412,yaw.boateng3298@example.test,2023-08-02 16:55:05.000
AN-C002555,Angela,Amoah,1971-01-09,Ghanaian,Driver,+233552575107,angela.amoah8572@example.test,2023-11-03 18:42:15.000
AN-C002556,Esi,Boateng,1977-09-25,Ghanaian,Other,+233597292750,esi.boateng6469@example.test,2023-05-15 10:36:33.000
AN-C002557,Akosua,Agyeman,2001-02-20,Ghanaian,Trader,+233491470412,akosua.agyeman45@example.test,2023-02-15 15:41:40.000
AN-C002558,Yaw,Quaye,1982-09-09,Ghanaian,Public Servant,+233393311382,yaw.quaye8609@example.test,2023-08-16 12:51:56.000
AN-C002559,Fiifi,Quaye,1997-07-21,Ghanaian,Professional,+233280495799,fiifi.quaye371@example.test,2024-04-18 11:24:25.000
AN-C002560,Afia,Mensah,1989-08-05,Ghanaian,Teacher,+233266888230,afia.mensah8171@example.test,2024-01-29 12:50:06.000
AN-C002561,Mavis,Darko,1969-01-07,Ghanaian,Trader,+233381201063,mavis.darko8880@example.test,2024-08-24 16:23:44.000
AN-C002562,Yaw,Agyeman,1994-04-23,Ghanaian,Professional,+233264131103,yaw.agyeman800@example.test,2023-04-03 14:15:29.000
AN-C002563,Angela,Mensah,2003-07-08,Ghanaian,Student,+233399954701,angela.mensah8964@example.test,2024-11-08 11:50:37.000
AN-C002564,Esi,Appiah,1971-10-06,Ghanaian,Student,+233205857062,esi.appiah7977@example.test,2024-08-30 18:30:59.000
AN-C002565,Angela,Mensah,1960-09-17,Ghanaian,Farmer,+233206732948,angela.mensah3270@example.test,2024-07-26 15:14:27.000
AN-C002566,Yaw,Boateng,1971-08-13,Ghanaian,Driver,+233262808039,yaw.boateng5201@example.test,2023-09-21 14:28:55.000
AN-C002567,Daniel,Amoah,1966-10-19,Ghanaian,Driver,+233559618335,daniel.amoah8042@example.test,2024-08-27 09:57:47.000
AN-C002568,Fiifi,Osei,1984-12-07,Ghanaian,Teacher,+233219337153,fiifi.osei3813@example.test,2024-08-12 16:44:40.000
AN-C002569,Yaw,Osei,1982-08-02,Ghanaian,Student,+233230445190,yaw.osei2665@example.test,2023-10-19 12:41:52.000
AN-C002570,Efua,Asare,1996-02-23,Ghanaian,Professional,+233448584328,efua.asare1835@example.test,2025-03-31 17:09:32.000
AN-C002571,Mary,Darko,1963-10-17,Ghanaian,Other,+233313913512,mary.darko6011@example.test,2024-04-06 13:14:22.000
AN-C002572,Kwame,Mensah,1961-12-24,Ghanaian,Professional,+233435570505,kwame.mensah2747@example.test,2024-03-31 12:49:21.000
AN-C002573,Samuel,Owusu,1993-07-22,Ghanaian,Farmer,+233333143183,samuel.owusu8485@example.test,2024-06-22 14:55:15.000
AN-C002574,Daniel,Appiah,1991-08-04,Ghanaian,Artisan,+233403852412,daniel.appiah1369@example.test,2023-10-19 18:05:42.000
AN-C002575,Daniel,Darko,1962-11-01,Ghanaian,Self Employed,+233502981822,daniel.darko9804@example.test,2025-04-23 08:45:06.000
AN-C002576,Daniel,Adjei,1983-05-18,Ghanaian,Trader,+233262561155,daniel.adjei6731@example.test,2024-03-29 13:41:51.000
AN-C002577,Efua,Agyeman,1997-05-09,Ghanaian,Other,+233596109907,efua.agyeman6864@example.test,2023-09-15 09:09:12.000
AN-C002578,Adwoa,Mensah,2000-12-22,Ghanaian,Self Employed,+233409595382,adwoa.mensah2574@example.test,2025-05-17 18:29:37.000
AN-C002579,Michael,Owusu,1979-04-20,Ghanaian,Health Worker,+233392265830,michael.owusu5540@example.test,2023-05-24 12:48:32.000
AN-C002580,Akosua,Amoah,1969-08-15,Ghanaian,Other,+233419752699,akosua.amoah9760@example.test,2024-09-30 10:12:17.000
AN-C002581,Yaw,Boateng,2001-06-25,Ghanaian,Professional,+233367435315,yaw.boateng9370@example.test,2024-01-31 14:40:05.000
AN-C002582,Efua,Asare,2003-01-21,Ghanaian,Student,+233381736542,efua.asare1727@example.test,2023-02-28 13:49:28.000
AN-C002583,Efua,Arthur,1966-04-24,Ghanaian,Student,+233535320257,efua.arthur4194@example.test,2023-02-10 15:14:54.000
AN-C002584,Yaw,Amoah,1984-07-24,Ghanaian,Trader,+233553393453,yaw.amoah2385@example.test,2024-11-11 09:19:17.000
AN-C002585,Emmanuel,Arthur,1988-02-16,Ghanaian,Student,+233345277056,emmanuel.arthur2523@example.test,2025-03-15 17:40:45.000
AN-C002586,Nana,Darko,1974-07-25,Ghanaian,Farmer,+233434463296,nana.darko1019@example.test,2025-01-17 10:41:36.000
AN-C002587,Yaa,Osei,1994-09-13,Ghanaian,Artisan,+233396295224,yaa.osei3903@example.test,2024-05-11 16:13:47.000
AN-C002588,Samuel,Boateng,1988-08-04,Ghanaian,Other,+233474090330,samuel.boateng5385@example.test,2023-08-03 08:35:29.000
AN-C002589,Michael,Appiah,1976-01-19,Ghanaian,Public Servant,+233371069739,michael.appiah7825@example.test,2024-10-13 14:19:45.000
AN-C002590,Samuel,Boateng,1983-10-08,Ghanaian,Health Worker,+233317487757,samuel.boateng3058@example.test,2025-05-16 15:33:32.000
AN-C002591,Kwame,Arthur,2001-09-02,Ghanaian,Farmer,+233389463353,kwame.arthur7236@example.test,2023-11-08 12:56:15.000
AN-C002592,Fiifi,Adjei,1985-08-17,Ghanaian,Health Worker,+233549470197,fiifi.adjei2369@example.test,2023-03-10 11:27:52.000
AN-C002593,Yaw,Arthur,1987-01-16,Ghanaian,Teacher,+233580750896,yaw.arthur6489@example.test,2024-05-22 09:05:30.000
AN-C002594,Abena,Osei,1974-03-24,Ghanaian,Artisan,+233368858167,abena.osei781@example.test,2024-02-07 12:59:57.000
AN-C002595,Grace,Agyeman,1995-10-20,Ghanaian,Trader,+233486639897,grace.agyeman6749@example.test,2025-04-03 11:18:26.000
AN-C002596,Mavis,Adjei,1991-04-11,Ghanaian,Artisan,+233493848483,mavis.adjei6088@example.test,2023-12-29 12:28:00.000
AN-C002597,Angela,Quaye,1992-07-15,Ghanaian,Artisan,+233447271943,angela.quaye2597@example.test,2023-11-10 10:35:46.000
AN-C002598,Efua,Asare,1988-12-14,Ghanaian,Farmer,+233452107180,efua.asare6055@example.test,2025-05-31 17:36:04.000
AN-C002599,Fiifi,Mensah,1975-07-23,Ghanaian,Public Servant,+233485342246,fiifi.mensah3411@example.test,2023-11-10 09:12:16.000
AN-C002600,Afia,Adjei,1995-04-16,Ghanaian,Trader,+233429765696,afia.adjei9818@example.test,2023-11-22 16:11:20.000
AN-C002601,Ama,Adjei,1967-03-05,Ghanaian,Farmer,+233305939852,ama.adjei5852@example.test,2023-02-13 08:52:15.000
AN-C002602,Nana,Amoah,1989-11-24,Ghanaian,Teacher,+233229610340,nana.amoah3373@example.test,2024-12-19 08:03:07.000
AN-C002603,Kofi,Mensah,1968-05-27,Ghanaian,Health Worker,+233502775064,kofi.mensah8669@example.test,2024-12-17 16:24:16.000
AN-C002604,Grace,Boateng,1991-10-25,Ghanaian,Other,+233270488397,grace.boateng2046@example.test,2023-07-04 11:48:00.000
AN-C002605,Abena,Adjei,2001-01-24,Ghanaian,Teacher,+233480124577,abena.adjei2072@example.test,2024-02-26 18:05:56.000
AN-C002606,Mavis,Appiah,1986-12-28,Ghanaian,Public Servant,+233598007253,mavis.appiah6189@example.test,2023-12-12 18:32:01.000
AN-C002607,Yaa,Mensah,1983-10-21,Ghanaian,Health Worker,+233395432153,yaa.mensah3669@example.test,2023-09-08 13:10:11.000
AN-C002608,Kwame,Mensah,1986-05-04,Ghanaian,Health Worker,+233523697490,kwame.mensah6104@example.test,2024-07-19 15:02:47.000
AN-C002609,Nana,Osei,1986-06-05,Ghanaian,Professional,+233577107496,nana.osei2653@example.test,2024-03-14 09:52:22.000
AN-C002610,Fiifi,Darko,1996-08-19,Ghanaian,Student,+233328978292,fiifi.darko6833@example.test,2024-10-06 16:08:03.000
AN-C002611,Abena,Arthur,1961-10-22,Ghanaian,Professional,+233578963285,abena.arthur4555@example.test,2023-02-25 14:14:01.000
AN-C002612,Angela,Appiah,1979-02-27,Ghanaian,Teacher,+233392306657,angela.appiah7798@example.test,2024-12-17 11:37:13.000
AN-C002613,Emmanuel,Darko,1972-03-26,Ghanaian,Artisan,+233524824900,emmanuel.darko4017@example.test,2024-07-30 14:41:12.000
AN-C002614,Angela,Owusu,1967-01-13,Ghanaian,Public Servant,+233525710825,angela.owusu1392@example.test,2023-01-12 13:57:44.000
AN-C002615,Kwadwo,Boateng,1979-09-04,Ghanaian,Public Servant,+233417521934,kwadwo.boateng9913@example.test,2023-06-01 17:55:29.000
AN-C002616,Ama,Agyeman,1974-01-25,Ghanaian,Public Servant,+233228654323,ama.agyeman5704@example.test,2023-03-20 14:01:52.000
AN-C002617,Ama,Owusu,1967-12-13,Ghanaian,Public Servant,+233218835763,ama.owusu2331@example.test,2023-07-08 11:25:22.000
AN-C002618,Michael,Osei,1975-09-09,Ghanaian,Other,+233257371755,michael.osei3496@example.test,2023-04-24 11:47:01.000
AN-C002619,Kojo,Mensah,1997-12-02,Ghanaian,Teacher,+233247564024,kojo.mensah3261@example.test,2023-05-19 09:44:54.000
AN-C002620,Angela,Osei,2004-11-04,Ghanaian,Driver,+233235843103,angela.osei2707@example.test,2024-11-02 10:42:28.000
AN-C002621,Abena,Osei,1990-07-06,Ghanaian,Teacher,+233220357184,abena.osei7110@example.test,2025-01-03 08:55:01.000
AN-C002622,Nana,Boateng,1997-06-10,Ghanaian,Other,+233544038470,nana.boateng1141@example.test,2023-10-26 11:30:47.000
AN-C002623,Kwadwo,Appiah,1976-11-28,Ghanaian,Trader,+233590314152,kwadwo.appiah4996@example.test,2024-06-17 11:08:14.000
AN-C002624,Grace,Quaye,1971-11-20,Ghanaian,Health Worker,+233473999111,grace.quaye8053@example.test,2024-10-30 16:44:05.000
AN-C002625,Angela,Amoah,1963-05-17,Ghanaian,Health Worker,+233313842178,angela.amoah3082@example.test,2025-02-20 14:54:59.000
AN-C002626,Angela,Quaye,1988-07-18,Ghanaian,Self Employed,+233570166797,angela.quaye9111@example.test,2024-05-13 12:37:30.000
AN-C002627,Esi,Osei,2000-12-13,Ghanaian,Farmer,+233532817345,esi.osei1815@example.test,2024-10-20 11:29:22.000
AN-C002628,Emmanuel,Asare,2003-05-27,Ghanaian,Public Servant,+233468561686,emmanuel.asare2794@example.test,2023-02-18 13:25:31.000
AN-C002629,Fiifi,Mensah,1964-08-13,Ghanaian,Artisan,+233579180023,fiifi.mensah2530@example.test,2023-07-11 08:37:01.000
AN-C002630,Yaw,Amoah,1998-03-10,Ghanaian,Self Employed,+233377195175,yaw.amoah3052@example.test,2024-12-19 16:24:19.000
AN-C002631,Nana,Mensah,1997-02-22,Ghanaian,Health Worker,+233269583829,nana.mensah3316@example.test,2024-05-10 13:31:23.000
AN-C002632,Daniel,Boateng,1964-06-10,Ghanaian,Health Worker,+233503764239,daniel.boateng1296@example.test,2024-07-28 18:19:05.000
AN-C002633,Grace,Mensah,1964-04-01,Ghanaian,Farmer,+233392049125,grace.mensah2788@example.test,2024-08-31 16:53:12.000
AN-C002634,Efua,Arthur,1987-09-01,Ghanaian,Public Servant,+233226485466,efua.arthur3150@example.test,2024-04-15 12:17:42.000
AN-C002635,Mary,Owusu,1982-05-13,Ghanaian,Student,+233381710739,mary.owusu1694@example.test,2023-10-10 18:10:01.000
AN-C002636,Grace,Boateng,1976-08-03,Ghanaian,Artisan,+233540521912,grace.boateng1179@example.test,2023-03-01 10:20:39.000
AN-C002637,Michael,Asare,1987-07-08,Ghanaian,Driver,+233338737515,michael.asare8534@example.test,2024-07-17 17:39:19.000
AN-C002638,Afia,Amoah,1998-07-12,Ghanaian,Professional,+233467319620,afia.amoah6728@example.test,2023-12-24 12:17:49.000
AN-C002639,Adwoa,Adjei,1978-07-25,Ghanaian,Driver,+233383962952,adwoa.adjei9370@example.test,2024-03-26 16:29:44.000
AN-C002640,Samuel,Arthur,1963-04-28,Ghanaian,Teacher,+233252644789,samuel.arthur9051@example.test,2025-01-20 13:55:37.000
AN-C002641,Akosua,Owusu,2001-09-14,Ghanaian,Self Employed,+233379364301,akosua.owusu4064@example.test,2023-06-20 18:39:48.000
AN-C002642,Kwame,Quaye,1978-08-21,Ghanaian,Student,+233372459205,kwame.quaye4238@example.test,2023-11-17 10:49:51.000
AN-C002643,Esi,Amoah,1991-02-14,Ghanaian,Self Employed,+233572276202,esi.amoah3113@example.test,2024-08-29 13:48:43.000
AN-C002644,Efua,Agyeman,1985-09-27,Ghanaian,Professional,+233252503951,efua.agyeman4952@example.test,2024-06-09 13:58:22.000
AN-C002645,Samuel,Osei,1974-09-13,Ghanaian,Trader,+233530878574,samuel.osei54@example.test,2023-12-06 11:46:45.000
AN-C002646,Abena,Quaye,1984-05-25,Ghanaian,Other,+233362496352,abena.quaye8831@example.test,2024-10-28 14:52:55.000
AN-C002647,Kwabena,Osei,1994-03-27,Ghanaian,Artisan,+233428633319,kwabena.osei1824@example.test,2024-12-05 09:10:32.000
AN-C002648,Kwadwo,Osei,1978-04-01,Ghanaian,Professional,+233479869860,kwadwo.osei9641@example.test,2024-10-02 12:23:48.000
AN-C002649,Yaa,Appiah,1995-01-27,Ghanaian,Driver,+233321032841,yaa.appiah9345@example.test,2023-01-02 14:10:28.000
AN-C002650,Mavis,Adjei,1996-08-17,Ghanaian,Artisan,+233561649024,mavis.adjei4131@example.test,2025-01-03 17:47:11.000
AN-C002651,Angela,Mensah,1981-04-12,Ghanaian,Professional,+233225392928,angela.mensah5538@example.test,2024-01-18 18:14:24.000
AN-C002652,Kwabena,Osei,1996-09-23,Ghanaian,Farmer,+233506701376,kwabena.osei9181@example.test,2024-12-08 13:03:11.000
AN-C002653,Kwadwo,Mensah,1962-04-20,Ghanaian,Other,+233559296329,kwadwo.mensah7764@example.test,2024-03-12 08:37:27.000
AN-C002654,Grace,Arthur,1982-09-25,Ghanaian,Teacher,+233254747164,grace.arthur3674@example.test,2023-01-03 11:14:53.000
AN-C002655,Akosua,Agyeman,2001-03-10,Ghanaian,Public Servant,+233265077441,akosua.agyeman6028@example.test,2024-05-08 13:15:23.000
AN-C002656,Yaa,Quaye,1971-10-15,Ghanaian,Other,+233331305539,yaa.quaye8784@example.test,2025-01-23 15:31:21.000
AN-C002657,Esi,Darko,1976-02-19,Ghanaian,Teacher,+233350475035,esi.darko5503@example.test,2025-02-12 17:04:23.000
AN-C002658,Kwabena,Darko,1992-07-09,Ghanaian,Self Employed,+233346971950,kwabena.darko6238@example.test,2024-07-01 14:31:47.000
AN-C002659,Afia,Boateng,1964-08-02,Ghanaian,Artisan,+233557830482,afia.boateng9141@example.test,2023-11-17 08:14:59.000
AN-C002660,Kwadwo,Adjei,1993-04-21,Ghanaian,Teacher,+233252572799,kwadwo.adjei477@example.test,2024-07-18 17:56:36.000
AN-C002661,Akosua,Amoah,1972-02-28,Ghanaian,Trader,+233388909476,akosua.amoah1437@example.test,2024-05-01 16:53:56.000
AN-C002662,Abena,Mensah,1963-02-23,Ghanaian,Professional,+233357148833,abena.mensah9133@example.test,2023-11-14 11:19:11.000
AN-C002663,Kojo,Appiah,1988-01-05,Ghanaian,Farmer,+233294934689,kojo.appiah8779@example.test,2024-06-19 08:54:48.000
AN-C002664,Mavis,Appiah,1970-08-23,Ghanaian,Driver,+233576468848,mavis.appiah5125@example.test,2024-06-12 16:20:10.000
AN-C002665,Samuel,Darko,1977-07-17,Ghanaian,Professional,+233599448647,samuel.darko5075@example.test,2024-07-12 10:36:08.000
AN-C002666,Ama,Owusu,1962-01-26,Ghanaian,Professional,+233442243636,ama.owusu6065@example.test,2024-06-14 13:30:06.000
AN-C002667,Mavis,Agyeman,1987-09-03,Ghanaian,Other,+233474391211,mavis.agyeman2036@example.test,2024-05-25 18:58:41.000
AN-C002668,Daniel,Mensah,1987-04-17,Ghanaian,Professional,+233500711225,daniel.mensah6623@example.test,2024-07-03 16:13:26.000
AN-C002669,Mary,Agyeman,2000-09-10,Ghanaian,Other,+233385926378,mary.agyeman1504@example.test,2025-01-15 10:28:22.000
AN-C002670,Mavis,Mensah,2002-05-20,Ghanaian,Teacher,+233555317011,mavis.mensah3988@example.test,2024-07-03 13:10:35.000
AN-C002671,Grace,Amoah,1971-12-04,Ghanaian,Other,+233421996757,grace.amoah5791@example.test,2023-01-13 11:55:44.000
AN-C002672,Kwame,Appiah,1991-07-03,Ghanaian,Trader,+233281542791,kwame.appiah3877@example.test,2024-09-07 16:22:58.000
AN-C002673,Kofi,Appiah,1987-05-11,Ghanaian,Student,+233376615749,kofi.appiah643@example.test,2023-09-22 12:57:06.000
AN-C002674,Ama,Owusu,1987-08-18,Ghanaian,Public Servant,+233413388700,ama.owusu6239@example.test,2024-07-25 13:38:12.000
AN-C002675,Emmanuel,Boateng,1976-10-18,Ghanaian,Teacher,+233579899406,emmanuel.boateng7370@example.test,2024-01-04 11:59:42.000
AN-C002676,Afia,Asare,1972-02-23,Ghanaian,Student,+233282306557,afia.asare8119@example.test,2024-09-19 15:44:20.000
AN-C002677,Fiifi,Osei,1997-12-28,Ghanaian,Student,+233465072660,fiifi.osei3263@example.test,2025-05-02 08:43:46.000
AN-C002678,Michael,Mensah,1984-04-25,Ghanaian,Other,+233245605482,michael.mensah4190@example.test,2024-04-06 12:56:57.000
AN-C002679,Michael,Owusu,1972-05-23,Ghanaian,Driver,+233313930824,michael.owusu832@example.test,2024-04-20 11:39:22.000
AN-C002680,Mary,Asare,1981-04-03,Ghanaian,Self Employed,+233422797857,mary.asare7144@example.test,2023-01-14 08:24:58.000
AN-C002681,Angela,Amoah,2003-05-11,Ghanaian,Trader,+233447711176,angela.amoah3906@example.test,2024-04-26 10:28:03.000
AN-C002682,Mary,Boateng,2000-09-15,Ghanaian,Professional,+233591029049,mary.boateng1354@example.test,2024-12-23 08:13:06.000
AN-C002683,Nana,Boateng,1979-05-24,Ghanaian,Professional,+233202438184,nana.boateng5107@example.test,2023-12-02 14:48:03.000
AN-C002684,Michael,Appiah,1989-10-10,Ghanaian,Farmer,+233479184637,michael.appiah736@example.test,2025-01-07 09:32:12.000
AN-C002685,Kojo,Arthur,1979-10-16,Ghanaian,Student,+233257767477,kojo.arthur9740@example.test,2025-04-23 13:13:34.000
AN-C002686,Kofi,Amoah,1981-06-12,Ghanaian,Teacher,+233323688013,kofi.amoah8317@example.test,2024-01-21 09:32:55.000
AN-C002687,Mavis,Agyeman,1973-11-11,Ghanaian,Other,+233400546673,mavis.agyeman1465@example.test,2023-02-27 14:29:49.000
AN-C002688,Kwabena,Osei,1984-06-05,Ghanaian,Self Employed,+233386090001,kwabena.osei7946@example.test,2025-04-07 08:22:38.000
AN-C002689,Kofi,Boateng,1972-08-22,Ghanaian,Student,+233511438876,kofi.boateng4887@example.test,2023-12-17 09:45:55.000
AN-C002690,Angela,Quaye,1963-03-13,Ghanaian,Other,+233475617899,angela.quaye5763@example.test,2023-04-07 17:04:13.000
AN-C002691,Kwame,Mensah,1998-01-10,Ghanaian,Self Employed,+233518891100,kwame.mensah9434@example.test,2024-08-15 15:56:44.000
AN-C002692,Afia,Mensah,1996-07-16,Ghanaian,Farmer,+233555276819,afia.mensah3433@example.test,2023-07-31 11:31:49.000
AN-C002693,Kojo,Darko,1968-04-24,Ghanaian,Health Worker,+233453629675,kojo.darko3095@example.test,2024-11-19 18:10:00.000
AN-C002694,Kwadwo,Darko,1990-02-20,Ghanaian,Teacher,+233273677817,kwadwo.darko1888@example.test,2023-02-17 14:00:09.000
AN-C002695,Adwoa,Quaye,1989-12-22,Ghanaian,Farmer,+233297889520,adwoa.quaye7424@example.test,2023-08-13 18:07:14.000
AN-C002696,Akosua,Boateng,1980-12-20,Ghanaian,Professional,+233474147657,akosua.boateng6065@example.test,2023-11-22 16:15:41.000
AN-C002697,Ama,Osei,2004-09-24,Ghanaian,Artisan,+233411857817,ama.osei9388@example.test,2024-05-26 13:15:49.000
AN-C002698,Kojo,Osei,1999-04-07,Ghanaian,Driver,+233419397664,kojo.osei7352@example.test,2023-03-06 13:38:48.000
AN-C002699,Akosua,Quaye,2003-11-14,Ghanaian,Teacher,+233212602091,akosua.quaye9766@example.test,2024-04-03 09:45:46.000
AN-C002700,Ama,Mensah,2003-01-08,Ghanaian,Farmer,+233477900272,ama.mensah8746@example.test,2023-02-01 15:01:54.000
AN-C002701,Kwabena,Mensah,1999-09-20,Ghanaian,Farmer,+233205848382,kwabena.mensah6522@example.test,2025-01-09 12:54:09.000
AN-C002702,Fiifi,Arthur,1992-11-15,Ghanaian,Driver,+233234178208,fiifi.arthur3668@example.test,2024-01-03 17:42:47.000
AN-C002703,Kwabena,Osei,1977-12-19,Ghanaian,Trader,+233521638901,kwabena.osei6302@example.test,2023-03-03 18:31:56.000
AN-C002704,Samuel,Owusu,1995-11-15,Ghanaian,Farmer,+233439922978,samuel.owusu4930@example.test,2023-10-04 16:20:48.000
AN-C002705,Kofi,Agyeman,2003-08-11,Ghanaian,Self Employed,+233299710038,kofi.agyeman5861@example.test,2023-03-26 16:59:31.000
AN-C002706,Ama,Quaye,1989-01-02,Ghanaian,Teacher,+233233109165,ama.quaye8077@example.test,2023-06-23 08:48:19.000
AN-C002707,Yaa,Amoah,1993-08-07,Ghanaian,Artisan,+233245092071,yaa.amoah5907@example.test,2023-04-24 17:49:57.000
AN-C002708,Ama,Owusu,1960-12-28,Ghanaian,Trader,+233379386197,ama.owusu8868@example.test,2024-05-16 10:35:12.000
AN-C002709,Kwadwo,Arthur,1970-11-04,Ghanaian,Student,+233208376351,kwadwo.arthur4150@example.test,2025-03-23 14:16:34.000
AN-C002710,Ama,Asare,1976-07-27,Ghanaian,Farmer,+233501762299,ama.asare1465@example.test,2025-05-20 16:41:58.000
AN-C002711,Yaw,Quaye,1987-05-27,Ghanaian,Trader,+233237029476,yaw.quaye3771@example.test,2024-01-30 17:33:41.000
AN-C002712,Yaw,Asare,1995-03-08,Ghanaian,Trader,+233516021599,yaw.asare1251@example.test,2023-08-10 13:19:08.000
AN-C002713,Adwoa,Mensah,1975-02-27,Ghanaian,Trader,+233366398399,adwoa.mensah7104@example.test,2024-04-14 11:57:13.000
AN-C002714,Emmanuel,Osei,1964-06-10,Ghanaian,Farmer,+233268136128,emmanuel.osei9744@example.test,2024-06-07 11:33:20.000
AN-C002715,Ama,Arthur,1973-08-24,Ghanaian,Artisan,+233589702282,ama.arthur3820@example.test,2025-04-10 10:19:06.000
AN-C002716,Efua,Adjei,1995-11-19,Ghanaian,Self Employed,+233410737683,efua.adjei8279@example.test,2024-10-25 16:53:37.000
AN-C002717,Kofi,Osei,1967-08-04,Ghanaian,Health Worker,+233532265692,kofi.osei9130@example.test,2025-02-11 18:00:06.000
AN-C002718,Mary,Owusu,1976-01-25,Ghanaian,Farmer,+233359896113,mary.owusu3585@example.test,2024-09-15 17:20:53.000
AN-C002719,Fiifi,Appiah,1979-11-26,Ghanaian,Teacher,+233560375617,fiifi.appiah4549@example.test,2023-09-22 10:41:33.000
AN-C002720,Kwabena,Owusu,2001-12-15,Ghanaian,Teacher,+233225907226,kwabena.owusu3039@example.test,2023-04-11 16:31:59.000
AN-C002721,Mary,Mensah,2002-04-27,Ghanaian,Health Worker,+233504485816,mary.mensah2240@example.test,2024-03-02 17:21:16.000
AN-C002722,Grace,Quaye,1977-01-10,Ghanaian,Trader,+233448771098,grace.quaye9909@example.test,2024-03-31 14:04:28.000
AN-C002723,Afia,Agyeman,1989-09-15,Ghanaian,Professional,+233465169982,afia.agyeman3958@example.test,2023-10-16 11:20:20.000
AN-C002724,Samuel,Owusu,1966-09-12,Ghanaian,Self Employed,+233501932539,samuel.owusu3447@example.test,2024-09-21 13:14:52.000
AN-C002725,Yaa,Amoah,1979-07-15,Ghanaian,Teacher,+233324219966,yaa.amoah7601@example.test,2023-04-28 12:34:50.000
AN-C002726,Adwoa,Adjei,1977-03-19,Ghanaian,Driver,+233481113217,adwoa.adjei4844@example.test,2025-06-14 14:05:15.000
AN-C002727,Michael,Arthur,1995-11-10,Ghanaian,Public Servant,+233256123683,michael.arthur385@example.test,2025-01-11 10:16:48.000
AN-C002728,Afia,Mensah,1995-05-22,Ghanaian,Teacher,+233579647920,afia.mensah2269@example.test,2024-03-16 08:46:31.000
AN-C002729,Kwame,Adjei,1971-06-17,Ghanaian,Farmer,+233285421945,kwame.adjei4468@example.test,2024-02-24 13:50:47.000
AN-C002730,Esi,Agyeman,1984-02-23,Ghanaian,Public Servant,+233493802136,esi.agyeman6199@example.test,2024-07-16 09:35:34.000
AN-C002731,Abena,Quaye,1995-02-01,Ghanaian,Self Employed,+233401953074,abena.quaye3174@example.test,2024-12-13 14:08:28.000
AN-C002732,Samuel,Amoah,1965-09-08,Ghanaian,Farmer,+233505631045,samuel.amoah3286@example.test,2023-03-06 13:11:19.000
AN-C002733,Ama,Boateng,1977-02-28,Ghanaian,Driver,+233250621897,ama.boateng8865@example.test,2023-08-31 15:32:18.000
AN-C002734,Yaw,Asare,2004-12-24,Ghanaian,Other,+233562953756,yaw.asare5018@example.test,2023-01-06 12:55:11.000
AN-C002735,Kofi,Amoah,1963-07-02,Ghanaian,Self Employed,+233579758377,kofi.amoah4220@example.test,2024-10-17 16:04:53.000
AN-C002736,Mavis,Arthur,2000-05-16,Ghanaian,Teacher,+233412451316,mavis.arthur7284@example.test,2023-07-02 11:30:47.000
AN-C002737,Esi,Arthur,2001-09-21,Ghanaian,Artisan,+233457525510,esi.arthur7214@example.test,2023-06-09 08:54:24.000
AN-C002738,Abena,Darko,1995-10-22,Ghanaian,Self Employed,+233434070158,abena.darko2986@example.test,2023-12-10 11:25:24.000
AN-C002739,Kojo,Amoah,1987-09-21,Ghanaian,Teacher,+233213985056,kojo.amoah2163@example.test,2024-07-18 16:39:37.000
AN-C002740,Nana,Arthur,1973-01-12,Ghanaian,Professional,+233487180150,nana.arthur3558@example.test,2024-07-31 10:05:50.000
AN-C002741,Kwadwo,Agyeman,1962-08-24,Ghanaian,Other,+233232377691,kwadwo.agyeman4274@example.test,2024-05-15 12:51:55.000
AN-C002742,Yaw,Adjei,1961-10-11,Ghanaian,Farmer,+233336122779,yaw.adjei6471@example.test,2024-07-25 10:05:33.000
AN-C002743,Efua,Arthur,1998-10-27,Ghanaian,Student,+233518993882,efua.arthur5484@example.test,2024-03-21 14:40:58.000
AN-C002744,Mary,Darko,1962-06-22,Ghanaian,Farmer,+233225399696,mary.darko5263@example.test,2023-10-04 18:22:18.000
AN-C002745,Kojo,Mensah,1978-06-06,Ghanaian,Public Servant,+233389603176,kojo.mensah7273@example.test,2023-10-24 17:16:11.000
AN-C002746,Ama,Adjei,1981-11-03,Ghanaian,Trader,+233506318859,ama.adjei4407@example.test,2023-08-17 16:08:03.000
AN-C002747,Nana,Boateng,1971-09-16,Ghanaian,Student,+233557591297,nana.boateng3267@example.test,2025-01-11 10:40:47.000
AN-C002748,Mavis,Agyeman,1966-09-14,Ghanaian,Farmer,+233493938285,mavis.agyeman8399@example.test,2024-05-17 08:52:57.000
AN-C002749,Yaa,Asare,1971-11-17,Ghanaian,Health Worker,+233367441173,yaa.asare4785@example.test,2024-09-03 14:58:45.000
AN-C002750,Michael,Osei,1998-03-21,Ghanaian,Professional,+233361889238,michael.osei1524@example.test,2024-03-13 08:23:47.000
AN-C002751,Mary,Mensah,2001-08-22,Ghanaian,Trader,+233380015489,mary.mensah7361@example.test,2024-08-22 16:24:53.000
AN-C002752,Mavis,Adjei,1971-01-18,Ghanaian,Trader,+233286912719,mavis.adjei5847@example.test,2025-06-01 08:01:54.000
AN-C002753,Fiifi,Owusu,1984-08-12,Ghanaian,Health Worker,+233537153881,fiifi.owusu8263@example.test,2024-05-17 08:36:03.000
AN-C002754,Afia,Darko,1998-02-08,Ghanaian,Artisan,+233500696291,afia.darko1894@example.test,2023-12-23 14:50:59.000
AN-C002755,Kwabena,Asare,1987-11-13,Ghanaian,Professional,+233236352765,kwabena.asare7962@example.test,2024-09-03 08:51:22.000
AN-C002756,Yaa,Darko,1996-07-26,Ghanaian,Other,+233463976026,yaa.darko855@example.test,2023-12-31 10:01:10.000
AN-C002757,Kwame,Osei,1970-01-23,Ghanaian,Student,+233588490672,kwame.osei7725@example.test,2025-02-09 09:06:18.000
AN-C002758,Yaw,Amoah,2003-10-06,Ghanaian,Farmer,+233350120178,yaw.amoah5617@example.test,2024-08-26 16:03:44.000
AN-C002759,Yaw,Amoah,1992-09-27,Ghanaian,Professional,+233303263078,yaw.amoah7927@example.test,2024-12-28 17:25:40.000
AN-C002760,Afia,Darko,1993-06-21,Ghanaian,Teacher,+233373740953,afia.darko784@example.test,2025-06-12 14:50:43.000
AN-C002761,Mary,Owusu,1995-02-21,Ghanaian,Teacher,+233376781276,mary.owusu5306@example.test,2024-01-31 08:31:53.000
AN-C002762,Grace,Mensah,1986-03-24,Ghanaian,Trader,+233510937567,grace.mensah1553@example.test,2025-01-25 14:49:00.000
AN-C002763,Efua,Owusu,1974-03-08,Ghanaian,Student,+233335517645,efua.owusu5445@example.test,2024-06-21 17:56:38.000
AN-C002764,Akosua,Agyeman,1965-04-02,Ghanaian,Teacher,+233526034954,akosua.agyeman9719@example.test,2024-05-19 08:15:06.000
AN-C002765,Samuel,Amoah,1964-05-10,Ghanaian,Trader,+233213224091,samuel.amoah2132@example.test,2025-01-03 16:18:16.000
AN-C002766,Emmanuel,Owusu,1999-02-05,Ghanaian,Farmer,+233441340072,emmanuel.owusu2086@example.test,2023-01-02 10:36:16.000
AN-C002767,Grace,Mensah,1972-06-18,Ghanaian,Trader,+233208881557,grace.mensah6034@example.test,2024-06-11 12:18:55.000
AN-C002768,Mavis,Mensah,1999-06-06,Ghanaian,Driver,+233288289178,mavis.mensah6934@example.test,2024-02-01 08:50:29.000
AN-C002769,Yaa,Adjei,1980-04-18,Ghanaian,Professional,+233495748437,yaa.adjei6577@example.test,2025-02-06 09:22:40.000
AN-C002770,Kwadwo,Osei,1964-08-25,Ghanaian,Student,+233572766578,kwadwo.osei6064@example.test,2025-01-08 09:53:20.000
AN-C002771,Nana,Quaye,1965-09-27,Ghanaian,Health Worker,+233349523823,nana.quaye105@example.test,2023-09-01 14:22:13.000
AN-C002772,Grace,Arthur,1987-12-04,Ghanaian,Student,+233543051870,grace.arthur7525@example.test,2024-12-12 14:43:19.000
AN-C002773,Mavis,Darko,1960-01-23,Ghanaian,Self Employed,+233552180549,mavis.darko7116@example.test,2025-05-13 15:53:48.000
AN-C002774,Yaw,Agyeman,1999-04-22,Ghanaian,Professional,+233202596392,yaw.agyeman4729@example.test,2023-11-16 08:23:12.000
AN-C002775,Akosua,Osei,1962-10-18,Ghanaian,Public Servant,+233528825116,akosua.osei6434@example.test,2023-05-18 09:35:44.000
AN-C002776,Abena,Owusu,1968-11-28,Ghanaian,Farmer,+233297678316,abena.owusu7368@example.test,2025-01-31 16:20:54.000
AN-C002777,Akosua,Osei,1988-05-14,Ghanaian,Trader,+233263308199,akosua.osei7419@example.test,2025-05-29 18:33:55.000
AN-C002778,Akosua,Owusu,1965-01-07,Ghanaian,Trader,+233274951773,akosua.owusu2284@example.test,2024-05-22 14:33:41.000
AN-C002779,Esi,Osei,1990-09-05,Ghanaian,Artisan,+233258566836,esi.osei5026@example.test,2024-05-16 11:24:19.000
AN-C002780,Abena,Owusu,1980-06-27,Ghanaian,Artisan,+233435575246,abena.owusu4399@example.test,2023-03-30 10:41:16.000
AN-C002781,Kojo,Appiah,1982-12-16,Ghanaian,Student,+233497599723,kojo.appiah2570@example.test,2023-05-12 10:46:57.000
AN-C002782,Esi,Owusu,1994-11-08,Ghanaian,Trader,+233207511384,esi.owusu2062@example.test,2023-11-12 17:00:13.000
AN-C002783,Kofi,Mensah,1996-08-20,Ghanaian,Public Servant,+233295426036,kofi.mensah409@example.test,2024-01-16 11:24:07.000
AN-C002784,Kwabena,Mensah,1970-08-22,Ghanaian,Trader,+233296812263,kwabena.mensah1768@example.test,2023-09-08 13:01:56.000
AN-C002785,Ama,Quaye,1990-07-14,Ghanaian,Self Employed,+233257800714,ama.quaye9507@example.test,2024-01-04 15:58:49.000
AN-C002786,Samuel,Agyeman,1961-08-12,Ghanaian,Trader,+233475099282,samuel.agyeman1596@example.test,2024-07-05 17:35:22.000
AN-C002787,Kwadwo,Asare,1980-01-06,Ghanaian,Teacher,+233443416869,kwadwo.asare5703@example.test,2025-02-02 10:05:11.000
AN-C002788,Grace,Adjei,1993-02-22,Ghanaian,Health Worker,+233525441903,grace.adjei9676@example.test,2023-04-09 12:20:31.000
AN-C002789,Akosua,Agyeman,1985-03-22,Ghanaian,Other,+233595896404,akosua.agyeman37@example.test,2023-07-14 16:23:00.000
AN-C002790,Grace,Darko,1997-08-07,Ghanaian,Teacher,+233333773678,grace.darko758@example.test,2024-02-10 15:46:03.000
AN-C002791,Kwadwo,Asare,1985-08-09,Ghanaian,Public Servant,+233395558912,kwadwo.asare240@example.test,2023-03-24 16:05:01.000
AN-C002792,Kwabena,Appiah,1996-02-03,Ghanaian,Professional,+233434414290,kwabena.appiah3910@example.test,2023-03-20 12:41:17.000
AN-C002793,Mavis,Amoah,1969-10-04,Ghanaian,Student,+233584563061,mavis.amoah4840@example.test,2024-07-10 09:22:17.000
AN-C002794,Efua,Agyeman,1998-05-02,Ghanaian,Health Worker,+233571712173,efua.agyeman7468@example.test,2023-02-28 12:53:12.000
AN-C002795,Kwadwo,Mensah,1995-04-11,Ghanaian,Self Employed,+233475657581,kwadwo.mensah2804@example.test,2023-11-18 14:57:32.000
AN-C002796,Kwadwo,Asare,1971-03-17,Ghanaian,Public Servant,+233585523618,kwadwo.asare3060@example.test,2025-04-22 15:12:25.000
AN-C002797,Kwabena,Quaye,1997-09-23,Ghanaian,Student,+233458652647,kwabena.quaye2522@example.test,2025-01-13 12:31:40.000
AN-C002798,Emmanuel,Quaye,1978-10-18,Ghanaian,Student,+233528396293,emmanuel.quaye7626@example.test,2025-02-14 16:45:21.000
AN-C002799,Efua,Darko,1961-08-26,Ghanaian,Teacher,+233573996428,efua.darko3355@example.test,2025-05-13 15:01:04.000
AN-C002800,Yaa,Quaye,1975-05-02,Ghanaian,Driver,+233392123644,yaa.quaye8708@example.test,2024-03-23 11:36:04.000
AN-C002801,Yaa,Darko,1992-07-07,Ghanaian,Teacher,+233484057188,yaa.darko2192@example.test,2024-11-08 11:09:56.000
AN-C002802,Abena,Boateng,1992-01-22,Ghanaian,Professional,+233274606840,abena.boateng956@example.test,2023-03-11 15:36:56.000
AN-C002803,Akosua,Darko,1975-08-23,Ghanaian,Driver,+233258127609,akosua.darko2846@example.test,2023-09-04 10:53:43.000
AN-C002804,Kwadwo,Osei,1961-06-24,Ghanaian,Professional,+233540932663,kwadwo.osei383@example.test,2025-01-21 10:02:16.000
AN-C002805,Esi,Appiah,1991-10-02,Ghanaian,Trader,+233444830647,esi.appiah8834@example.test,2023-10-12 15:43:29.000
AN-C002806,Angela,Amoah,1981-04-14,Ghanaian,Teacher,+233474888333,angela.amoah5308@example.test,2024-11-08 12:15:43.000
AN-C002807,Yaw,Agyeman,1961-11-24,Ghanaian,Teacher,+233450806349,yaw.agyeman6901@example.test,2023-02-17 17:30:36.000
AN-C002808,Samuel,Amoah,2002-05-07,Ghanaian,Self Employed,+233403464610,samuel.amoah9730@example.test,2023-04-25 17:31:18.000
AN-C002809,Yaa,Darko,1987-10-27,Ghanaian,Trader,+233259373239,yaa.darko3290@example.test,2023-12-27 18:27:49.000
AN-C002810,Yaa,Asare,1970-07-24,Ghanaian,Professional,+233421544592,yaa.asare352@example.test,2024-09-16 18:47:03.000
AN-C002811,Kwame,Boateng,1991-12-24,Ghanaian,Teacher,+233575669614,kwame.boateng8669@example.test,2023-01-14 12:46:03.000
AN-C002812,Samuel,Darko,1964-10-10,Ghanaian,Driver,+233318085316,samuel.darko5568@example.test,2023-07-02 10:44:08.000
AN-C002813,Efua,Osei,2000-12-18,Ghanaian,Artisan,+233318319853,efua.osei7647@example.test,2024-04-09 17:18:35.000
AN-C002814,Esi,Osei,1960-02-05,Ghanaian,Self Employed,+233487529726,esi.osei1321@example.test,2025-03-31 16:25:33.000
AN-C002815,Kojo,Owusu,1990-04-13,Ghanaian,Health Worker,+233459619972,kojo.owusu1958@example.test,2024-02-29 18:20:48.000
AN-C002816,Kwame,Arthur,1969-08-23,Ghanaian,Farmer,+233205035021,kwame.arthur1576@example.test,2023-05-25 11:48:30.000
AN-C002817,Kwame,Owusu,1970-07-05,Ghanaian,Other,+233217403149,kwame.owusu6491@example.test,2025-02-04 08:19:20.000
AN-C002818,Yaw,Boateng,1989-08-17,Ghanaian,Health Worker,+233424874147,yaw.boateng2009@example.test,2025-01-08 08:37:40.000
AN-C002819,Afia,Arthur,1996-03-20,Ghanaian,Professional,+233305580766,afia.arthur1439@example.test,2023-01-27 14:18:53.000
AN-C002820,Kwabena,Quaye,1961-06-06,Ghanaian,Self Employed,+233300911110,kwabena.quaye4530@example.test,2024-02-12 16:58:02.000
AN-C002821,Kwadwo,Owusu,1973-03-05,Ghanaian,Teacher,+233296928299,kwadwo.owusu3797@example.test,2024-09-10 08:15:25.000
AN-C002822,Ama,Adjei,1991-07-01,Ghanaian,Artisan,+233450830898,ama.adjei2909@example.test,2023-11-19 10:15:09.000
AN-C002823,Daniel,Osei,1967-07-10,Ghanaian,Professional,+233414042075,daniel.osei8132@example.test,2025-01-04 15:56:08.000
AN-C002824,Kwadwo,Quaye,1977-01-04,Ghanaian,Farmer,+233425585176,kwadwo.quaye9223@example.test,2023-03-11 10:25:41.000
AN-C002825,Yaw,Quaye,1989-04-22,Ghanaian,Artisan,+233396060090,yaw.quaye229@example.test,2025-03-06 11:11:02.000
AN-C002826,Adwoa,Osei,1995-03-08,Ghanaian,Health Worker,+233585695113,adwoa.osei85@example.test,2025-04-19 15:12:26.000
AN-C002827,Esi,Darko,1996-07-28,Ghanaian,Teacher,+233249831146,esi.darko9443@example.test,2023-11-14 18:42:41.000
AN-C002828,Efua,Quaye,1960-04-21,Ghanaian,Other,+233569545125,efua.quaye7841@example.test,2024-11-19 11:11:16.000
AN-C002829,Kwame,Arthur,1987-06-16,Ghanaian,Trader,+233314885530,kwame.arthur1248@example.test,2023-06-03 12:24:06.000
AN-C002830,Afia,Owusu,1965-05-02,Ghanaian,Professional,+233348706934,afia.owusu151@example.test,2023-09-13 16:46:03.000
AN-C002831,Samuel,Arthur,1960-03-12,Ghanaian,Artisan,+233335318560,samuel.arthur3233@example.test,2025-05-27 08:42:40.000
AN-C002832,Mavis,Quaye,1981-05-18,Ghanaian,Professional,+233466695843,mavis.quaye7619@example.test,2023-03-08 09:00:11.000
AN-C002833,Yaa,Agyeman,1986-03-03,Ghanaian,Artisan,+233473808733,yaa.agyeman1023@example.test,2024-03-10 18:28:14.000
AN-C002834,Kwame,Owusu,1995-01-06,Ghanaian,Health Worker,+233291267378,kwame.owusu9363@example.test,2024-12-11 15:47:22.000
AN-C002835,Esi,Mensah,1974-02-09,Ghanaian,Other,+233272892528,esi.mensah5190@example.test,2024-06-21 18:28:17.000
AN-C002836,Kofi,Adjei,1967-06-09,Ghanaian,Self Employed,+233414871168,kofi.adjei6451@example.test,2023-03-10 16:49:10.000
AN-C002837,Yaw,Osei,1974-12-04,Ghanaian,Other,+233572577941,yaw.osei739@example.test,2025-05-27 14:38:08.000
AN-C002838,Samuel,Asare,1979-12-07,Ghanaian,Driver,+233237896675,samuel.asare3173@example.test,2023-07-15 11:26:00.000
AN-C002839,Kofi,Darko,1991-06-02,Ghanaian,Driver,+233324830137,kofi.darko6465@example.test,2023-04-13 10:31:12.000
AN-C002840,Esi,Darko,1980-03-01,Ghanaian,Public Servant,+233300891246,esi.darko2836@example.test,2025-04-14 11:50:12.000
AN-C002841,Afia,Agyeman,1967-09-18,Ghanaian,Farmer,+233447477085,afia.agyeman8057@example.test,2023-08-01 13:04:01.000
AN-C002842,Mavis,Quaye,1964-09-23,Ghanaian,Self Employed,+233577051672,mavis.quaye1012@example.test,2025-06-08 09:21:27.000
AN-C002843,Akosua,Amoah,1988-06-05,Ghanaian,Public Servant,+233251948356,akosua.amoah6961@example.test,2023-06-28 12:57:36.000
AN-C002844,Samuel,Osei,1972-08-02,Ghanaian,Other,+233338774379,samuel.osei7727@example.test,2023-07-04 10:09:16.000
AN-C002845,Nana,Owusu,1968-12-14,Ghanaian,Farmer,+233283358945,nana.owusu5683@example.test,2024-04-26 15:12:05.000
AN-C002846,Yaa,Arthur,1975-08-17,Ghanaian,Farmer,+233250093918,yaa.arthur9892@example.test,2023-07-21 14:04:08.000
AN-C002847,Kojo,Boateng,1990-03-15,Ghanaian,Other,+233584582450,kojo.boateng196@example.test,2024-10-24 09:15:41.000
AN-C002848,Kofi,Asare,1988-06-28,Ghanaian,Other,+233580215940,kofi.asare2103@example.test,2024-01-23 09:10:52.000
AN-C002849,Mavis,Amoah,1989-02-20,Ghanaian,Farmer,+233438164702,mavis.amoah9672@example.test,2025-05-16 08:39:15.000
AN-C002850,Kwabena,Asare,1977-02-03,Ghanaian,Artisan,+233568738449,kwabena.asare6180@example.test,2023-09-18 17:48:58.000
AN-C002851,Ama,Arthur,1991-03-21,Ghanaian,Student,+233223264950,ama.arthur5940@example.test,2025-05-09 08:41:00.000
AN-C002852,Angela,Quaye,1971-01-25,Ghanaian,Self Employed,+233511031948,angela.quaye5708@example.test,2023-01-03 13:28:02.000
AN-C002853,Ama,Asare,1961-12-19,Ghanaian,Health Worker,+233592577582,ama.asare5011@example.test,2023-04-27 15:55:17.000
AN-C002854,Adwoa,Arthur,1968-12-19,Ghanaian,Health Worker,+233540932402,adwoa.arthur1082@example.test,2025-04-10 18:14:38.000
AN-C002855,Kwame,Agyeman,2004-02-21,Ghanaian,Professional,+233554362043,kwame.agyeman2808@example.test,2024-06-24 17:59:51.000
AN-C002856,Angela,Osei,1974-05-10,Ghanaian,Public Servant,+233307506226,angela.osei6824@example.test,2024-06-11 10:45:21.000
AN-C002857,Esi,Agyeman,1973-10-02,Ghanaian,Health Worker,+233415882050,esi.agyeman5645@example.test,2023-05-03 14:52:25.000
AN-C002858,Kwame,Asare,1966-09-15,Ghanaian,Self Employed,+233233008940,kwame.asare5997@example.test,2025-05-23 12:38:03.000
AN-C002859,Kofi,Osei,1986-03-08,Ghanaian,Driver,+233471690030,kofi.osei9275@example.test,2024-07-20 14:45:36.000
AN-C002860,Efua,Boateng,2002-12-15,Ghanaian,Self Employed,+233448638902,efua.boateng4398@example.test,2023-03-22 12:19:52.000
AN-C002861,Samuel,Adjei,1963-12-09,Ghanaian,Professional,+233244842903,samuel.adjei176@example.test,2024-06-07 14:19:11.000
AN-C002862,Akosua,Agyeman,1981-04-07,Ghanaian,Public Servant,+233522187079,akosua.agyeman6409@example.test,2024-12-04 09:22:21.000
AN-C002863,Afia,Arthur,1999-03-08,Ghanaian,Artisan,+233209643202,afia.arthur5187@example.test,2023-10-18 08:31:51.000
AN-C002864,Angela,Arthur,1981-07-23,Ghanaian,Self Employed,+233252300797,angela.arthur1775@example.test,2025-06-15 17:20:17.000
AN-C002865,Daniel,Owusu,1976-05-03,Ghanaian,Trader,+233553945372,daniel.owusu8640@example.test,2023-11-23 09:52:00.000
AN-C002866,Yaw,Quaye,1974-11-24,Ghanaian,Student,+233336059549,yaw.quaye9852@example.test,2025-03-14 09:10:30.000
AN-C002867,Nana,Osei,1987-08-28,Ghanaian,Self Employed,+233359932628,nana.osei8064@example.test,2025-04-09 09:05:01.000
AN-C002868,Ama,Quaye,1979-09-14,Ghanaian,Artisan,+233353491199,ama.quaye8046@example.test,2023-06-13 16:21:21.000
AN-C002869,Michael,Boateng,1977-12-11,Ghanaian,Driver,+233293306683,michael.boateng3778@example.test,2023-07-20 11:40:50.000
AN-C002870,Ama,Amoah,1987-05-16,Ghanaian,Professional,+233473559520,ama.amoah2036@example.test,2023-04-06 14:39:26.000
AN-C002871,Mavis,Adjei,2001-07-22,Ghanaian,Teacher,+233312948548,mavis.adjei8125@example.test,2023-08-06 10:54:30.000
AN-C002872,Emmanuel,Appiah,1975-02-10,Ghanaian,Other,+233232945591,emmanuel.appiah9096@example.test,2023-04-23 11:39:16.000
AN-C002873,Daniel,Amoah,1982-11-25,Ghanaian,Student,+233298005017,daniel.amoah1471@example.test,2023-03-27 10:59:00.000
AN-C002874,Kwadwo,Boateng,1991-05-21,Ghanaian,Farmer,+233376149090,kwadwo.boateng9407@example.test,2023-10-09 13:59:04.000
AN-C002875,Kwabena,Agyeman,1973-04-26,Ghanaian,Teacher,+233273956864,kwabena.agyeman8402@example.test,2023-01-12 18:02:36.000
AN-C002876,Adwoa,Appiah,1971-02-28,Ghanaian,Trader,+233449088081,adwoa.appiah3339@example.test,2024-02-28 12:51:36.000
AN-C002877,Angela,Owusu,1986-07-02,Ghanaian,Health Worker,+233509277066,angela.owusu9557@example.test,2023-06-30 11:54:13.000
AN-C002878,Esi,Owusu,1965-06-26,Ghanaian,Other,+233417970654,esi.owusu96@example.test,2023-08-27 14:55:24.000
AN-C002879,Kwadwo,Amoah,1998-07-20,Ghanaian,Trader,+233350405642,kwadwo.amoah7775@example.test,2024-09-27 18:12:23.000
AN-C002880,Adwoa,Osei,2002-10-23,Ghanaian,Teacher,+233582714708,adwoa.osei2210@example.test,2023-03-25 10:32:48.000
AN-C002881,Kwadwo,Amoah,1977-03-06,Ghanaian,Driver,+233236953675,kwadwo.amoah9549@example.test,2023-04-26 09:12:51.000
AN-C002882,Kwame,Asare,2002-04-15,Ghanaian,Farmer,+233535435468,kwame.asare5461@example.test,2023-08-27 14:14:30.000
AN-C002883,Yaw,Boateng,1971-06-02,Ghanaian,Health Worker,+233438408889,yaw.boateng3935@example.test,2025-04-06 12:18:31.000
AN-C002884,Daniel,Arthur,1978-11-17,Ghanaian,Trader,+233450850965,daniel.arthur9958@example.test,2023-08-04 10:18:36.000
AN-C002885,Kofi,Adjei,1977-11-07,Ghanaian,Professional,+233407408697,kofi.adjei6798@example.test,2023-06-13 18:51:57.000
AN-C002886,Kojo,Arthur,2002-11-02,Ghanaian,Public Servant,+233278356662,kojo.arthur4569@example.test,2024-02-19 10:46:27.000
AN-C002887,Abena,Asare,1970-10-27,Ghanaian,Other,+233290608145,abena.asare3019@example.test,2024-04-15 15:31:20.000
AN-C002888,Ama,Amoah,1994-10-27,Ghanaian,Trader,+233391051767,ama.amoah8918@example.test,2025-01-10 13:26:21.000
AN-C002889,Ama,Boateng,1971-07-05,Ghanaian,Driver,+233294154415,ama.boateng4298@example.test,2023-03-21 14:26:07.000
AN-C002890,Abena,Quaye,1988-04-16,Ghanaian,Other,+233426336178,abena.quaye2878@example.test,2024-12-28 14:13:27.000
AN-C002891,Akosua,Owusu,2002-06-12,Ghanaian,Public Servant,+233506772481,akosua.owusu2162@example.test,2024-10-22 17:17:16.000
AN-C002892,Mary,Amoah,1975-07-09,Ghanaian,Artisan,+233426919772,mary.amoah8447@example.test,2024-07-14 13:14:06.000
AN-C002893,Nana,Quaye,1975-10-03,Ghanaian,Professional,+233283353605,nana.quaye219@example.test,2025-02-17 12:16:39.000
AN-C002894,Kojo,Quaye,1987-09-20,Ghanaian,Artisan,+233207206121,kojo.quaye122@example.test,2024-09-26 11:03:30.000
AN-C002895,Esi,Arthur,1960-02-10,Ghanaian,Driver,+233461470773,esi.arthur3151@example.test,2023-04-26 17:20:48.000
AN-C002896,Daniel,Adjei,1993-01-16,Ghanaian,Professional,+233521423736,daniel.adjei9623@example.test,2023-08-26 15:31:54.000
AN-C002897,Efua,Quaye,1990-11-07,Ghanaian,Farmer,+233347891513,efua.quaye1214@example.test,2025-03-13 14:16:28.000
AN-C002898,Abena,Asare,1983-09-04,Ghanaian,Farmer,+233444882861,abena.asare8917@example.test,2023-09-11 15:16:20.000
AN-C002899,Kojo,Adjei,1997-06-09,Ghanaian,Public Servant,+233545978479,kojo.adjei788@example.test,2024-03-05 14:13:29.000
AN-C002900,Kwadwo,Appiah,2002-07-06,Ghanaian,Self Employed,+233412474665,kwadwo.appiah8479@example.test,2024-06-20 12:46:44.000
AN-C002901,Yaw,Osei,1963-02-06,Ghanaian,Farmer,+233541102272,yaw.osei851@example.test,2025-02-22 16:54:50.000
AN-C002902,Efua,Quaye,1972-04-17,Ghanaian,Student,+233307458555,efua.quaye3226@example.test,2023-11-03 15:45:40.000
AN-C002903,Kwadwo,Quaye,1975-01-21,Ghanaian,Other,+233483573028,kwadwo.quaye5060@example.test,2024-04-06 10:30:59.000
AN-C002904,Samuel,Agyeman,2004-04-03,Ghanaian,Teacher,+233328043397,samuel.agyeman9491@example.test,2025-04-07 12:05:13.000
AN-C002905,Afia,Darko,1981-09-19,Ghanaian,Artisan,+233244246342,afia.darko8281@example.test,2024-03-18 17:20:26.000
AN-C002906,Kojo,Darko,2003-05-02,Ghanaian,Trader,+233392867931,kojo.darko2921@example.test,2025-02-08 11:16:27.000
AN-C002907,Kwadwo,Asare,1998-05-25,Ghanaian,Driver,+233400156202,kwadwo.asare816@example.test,2023-08-19 14:50:59.000
AN-C002908,Grace,Adjei,1981-04-25,Ghanaian,Student,+233447577146,grace.adjei7639@example.test,2024-10-06 11:22:17.000
AN-C002909,Kwadwo,Mensah,1974-03-20,Ghanaian,Artisan,+233576823827,kwadwo.mensah6112@example.test,2023-06-26 15:29:59.000
AN-C002910,Fiifi,Quaye,1977-02-05,Ghanaian,Other,+233449665148,fiifi.quaye3045@example.test,2023-03-20 18:35:41.000
AN-C002911,Mavis,Owusu,1998-02-08,Ghanaian,Self Employed,+233537285033,mavis.owusu4249@example.test,2025-04-02 17:21:53.000
AN-C002912,Mary,Mensah,1996-10-10,Ghanaian,Student,+233581336660,mary.mensah3748@example.test,2024-07-02 11:10:43.000
AN-C002913,Yaa,Quaye,1961-08-04,Ghanaian,Teacher,+233542564370,yaa.quaye4369@example.test,2024-02-03 17:01:10.000
AN-C002914,Kofi,Agyeman,1966-01-25,Ghanaian,Driver,+233270846674,kofi.agyeman6614@example.test,2024-07-05 08:57:37.000
AN-C002915,Ama,Agyeman,1986-11-18,Ghanaian,Public Servant,+233317279419,ama.agyeman163@example.test,2025-01-16 18:14:44.000
AN-C002916,Esi,Agyeman,1976-12-10,Ghanaian,Student,+233308614226,esi.agyeman490@example.test,2025-02-19 11:52:39.000
AN-C002917,Abena,Darko,1961-03-13,Ghanaian,Teacher,+233425822789,abena.darko3185@example.test,2025-05-14 10:11:24.000
AN-C002918,Afia,Agyeman,1974-06-11,Ghanaian,Professional,+233275888367,afia.agyeman5242@example.test,2024-11-02 08:57:00.000
AN-C002919,Daniel,Asare,1966-01-27,Ghanaian,Farmer,+233328710957,daniel.asare5261@example.test,2024-12-15 16:54:56.000
AN-C002920,Grace,Asare,1967-05-17,Ghanaian,Artisan,+233503783156,grace.asare968@example.test,2025-02-03 13:13:24.000
AN-C002921,Efua,Agyeman,1965-07-13,Ghanaian,Health Worker,+233429062544,efua.agyeman5377@example.test,2023-10-12 15:50:28.000
AN-C002922,Kojo,Darko,1987-08-11,Ghanaian,Farmer,+233484681265,kojo.darko7078@example.test,2024-03-30 10:46:38.000
AN-C002923,Kwabena,Agyeman,1994-07-12,Ghanaian,Student,+233334388797,kwabena.agyeman1468@example.test,2023-01-04 13:35:18.000
AN-C002924,Afia,Amoah,1993-03-11,Ghanaian,Other,+233544553822,afia.amoah303@example.test,2025-02-16 10:21:58.000
AN-C002925,Mavis,Boateng,2001-01-23,Ghanaian,Artisan,+233470276163,mavis.boateng1564@example.test,2023-09-23 18:27:43.000
AN-C002926,Ama,Mensah,1969-01-15,Ghanaian,Artisan,+233267747125,ama.mensah9241@example.test,2024-11-04 17:49:23.000
AN-C002927,Yaw,Agyeman,1983-09-07,Ghanaian,Trader,+233226875733,yaw.agyeman1260@example.test,2023-04-02 13:43:56.000
AN-C002928,Emmanuel,Mensah,1962-11-14,Ghanaian,Professional,+233508159814,emmanuel.mensah2204@example.test,2023-03-06 16:37:28.000
AN-C002929,Samuel,Darko,1992-03-23,Ghanaian,Health Worker,+233385398175,samuel.darko4303@example.test,2023-04-29 18:41:54.000
AN-C002930,Kwadwo,Quaye,1960-10-05,Ghanaian,Teacher,+233544638728,kwadwo.quaye4565@example.test,2024-07-05 16:37:34.000
AN-C002931,Kojo,Asare,1985-12-01,Ghanaian,Other,+233307260819,kojo.asare8462@example.test,2025-02-01 10:38:32.000
AN-C002932,Ama,Arthur,1987-03-08,Ghanaian,Self Employed,+233243034929,ama.arthur6341@example.test,2024-09-07 11:41:37.000
AN-C002933,Kwadwo,Mensah,1999-03-05,Ghanaian,Teacher,+233309719885,kwadwo.mensah412@example.test,2024-02-28 11:30:09.000
AN-C002934,Yaw,Mensah,1991-06-26,Ghanaian,Artisan,+233515333915,yaw.mensah5345@example.test,2024-05-23 12:50:21.000
AN-C002935,Kwame,Amoah,2003-07-07,Ghanaian,Teacher,+233210600807,kwame.amoah123@example.test,2024-11-14 17:51:28.000
AN-C002936,Akosua,Appiah,1972-01-19,Ghanaian,Other,+233536153880,akosua.appiah9469@example.test,2025-01-12 16:31:00.000
AN-C002937,Fiifi,Darko,2000-10-13,Ghanaian,Driver,+233339773669,fiifi.darko5179@example.test,2023-05-15 16:52:31.000
AN-C002938,Fiifi,Darko,2004-12-02,Ghanaian,Student,+233252156319,fiifi.darko390@example.test,2024-03-19 17:24:48.000
AN-C002939,Grace,Quaye,2001-09-26,Ghanaian,Professional,+233278805783,grace.quaye4550@example.test,2023-08-21 15:11:08.000
AN-C002940,Yaa,Boateng,1961-07-18,Ghanaian,Farmer,+233208395474,yaa.boateng2150@example.test,2024-05-22 13:56:34.000
AN-C002941,Emmanuel,Boateng,1993-07-01,Ghanaian,Trader,+233402755811,emmanuel.boateng1214@example.test,2025-02-28 17:26:46.000
AN-C002942,Yaw,Agyeman,1962-12-20,Ghanaian,Professional,+233225857126,yaw.agyeman9570@example.test,2024-02-15 09:04:36.000
AN-C002943,Samuel,Boateng,1997-01-08,Ghanaian,Health Worker,+233580138534,samuel.boateng9572@example.test,2025-05-30 09:30:20.000
AN-C002944,Mavis,Amoah,1965-09-25,Ghanaian,Health Worker,+233292323610,mavis.amoah3152@example.test,2025-03-18 15:25:23.000
AN-C002945,Kwadwo,Boateng,2001-03-03,Ghanaian,Public Servant,+233466327339,kwadwo.boateng622@example.test,2024-07-08 10:10:40.000
AN-C002946,Daniel,Osei,1999-12-28,Ghanaian,Public Servant,+233568059554,daniel.osei4741@example.test,2025-05-01 09:38:19.000
AN-C002947,Nana,Adjei,1974-01-09,Ghanaian,Farmer,+233472314437,nana.adjei4806@example.test,2023-06-14 18:32:39.000
AN-C002948,Adwoa,Owusu,1961-01-19,Ghanaian,Student,+233344920597,adwoa.owusu1507@example.test,2025-03-26 13:28:39.000
AN-C002949,Angela,Quaye,1970-03-20,Ghanaian,Trader,+233294816855,angela.quaye9939@example.test,2023-05-13 08:23:20.000
AN-C002950,Samuel,Agyeman,2004-03-25,Ghanaian,Driver,+233287112111,samuel.agyeman1953@example.test,2023-01-12 15:57:05.000
AN-C002951,Kwame,Darko,1989-02-09,Ghanaian,Professional,+233419564272,kwame.darko3387@example.test,2023-06-24 13:15:49.000
AN-C002952,Yaa,Adjei,1961-08-09,Ghanaian,Trader,+233368892916,yaa.adjei6264@example.test,2024-05-27 11:17:44.000
AN-C002953,Nana,Agyeman,1967-01-14,Ghanaian,Public Servant,+233203866690,nana.agyeman7057@example.test,2025-02-23 14:26:28.000
AN-C002954,Afia,Mensah,1980-10-21,Ghanaian,Student,+233485166820,afia.mensah8365@example.test,2024-06-08 09:04:34.000
AN-C002955,Samuel,Quaye,1974-11-19,Ghanaian,Health Worker,+233310320737,samuel.quaye6854@example.test,2023-01-02 16:47:16.000
AN-C002956,Kojo,Asare,1966-10-03,Ghanaian,Professional,+233236210300,kojo.asare9166@example.test,2024-08-20 15:58:28.000
AN-C002957,Ama,Mensah,1990-02-18,Ghanaian,Artisan,+233375786026,ama.mensah3685@example.test,2023-07-29 10:13:08.000
AN-C002958,Kwabena,Adjei,1965-02-16,Ghanaian,Artisan,+233346436346,kwabena.adjei1403@example.test,2023-06-29 15:06:41.000
AN-C002959,Akosua,Quaye,1996-01-16,Ghanaian,Professional,+233440822755,akosua.quaye6469@example.test,2023-03-20 16:35:23.000
AN-C002960,Grace,Arthur,2004-12-19,Ghanaian,Farmer,+233528595390,grace.arthur5961@example.test,2023-12-24 14:13:13.000
AN-C002961,Ama,Asare,1999-11-27,Ghanaian,Farmer,+233551700914,ama.asare8135@example.test,2025-05-14 16:07:19.000
AN-C002962,Ama,Quaye,1965-09-01,Ghanaian,Other,+233360140174,ama.quaye8116@example.test,2024-03-11 14:52:24.000
AN-C002963,Akosua,Arthur,1977-02-02,Ghanaian,Artisan,+233440050732,akosua.arthur5658@example.test,2024-05-09 13:43:59.000
AN-C002964,Mavis,Darko,1969-04-05,Ghanaian,Artisan,+233215249345,mavis.darko9091@example.test,2023-10-16 17:33:25.000
AN-C002965,Akosua,Amoah,1992-01-03,Ghanaian,Public Servant,+233367893588,akosua.amoah2525@example.test,2024-02-02 08:23:03.000
AN-C002966,Yaw,Mensah,1987-08-17,Ghanaian,Trader,+233578276958,yaw.mensah6239@example.test,2023-06-15 17:15:50.000
AN-C002967,Grace,Mensah,1967-02-15,Ghanaian,Health Worker,+233217050931,grace.mensah794@example.test,2023-01-31 12:32:36.000
AN-C002968,Ama,Amoah,1994-03-20,Ghanaian,Teacher,+233318020014,ama.amoah47@example.test,2023-07-24 10:47:23.000
AN-C002969,Abena,Owusu,1991-09-05,Ghanaian,Student,+233308344164,abena.owusu9562@example.test,2025-01-06 09:58:36.000
AN-C002970,Fiifi,Amoah,1993-07-03,Ghanaian,Other,+233245478780,fiifi.amoah1821@example.test,2024-02-24 18:59:10.000
AN-C002971,Yaw,Arthur,1998-01-09,Ghanaian,Other,+233519265598,yaw.arthur6953@example.test,2024-06-17 09:30:23.000
AN-C002972,Kofi,Mensah,1964-09-18,Ghanaian,Health Worker,+233481628772,kofi.mensah4224@example.test,2023-04-25 10:09:32.000
AN-C002973,Mary,Quaye,1990-04-19,Ghanaian,Teacher,+233435612708,mary.quaye3740@example.test,2024-12-07 08:30:47.000
AN-C002974,Kojo,Owusu,1994-09-26,Ghanaian,Public Servant,+233550293939,kojo.owusu2465@example.test,2024-06-29 08:55:26.000
AN-C002975,Kojo,Osei,1971-08-12,Ghanaian,Trader,+233429233904,kojo.osei1289@example.test,2025-02-07 10:46:38.000
AN-C002976,Efua,Mensah,1961-09-13,Ghanaian,Artisan,+233301566173,efua.mensah6527@example.test,2024-05-03 10:46:46.000
AN-C002977,Adwoa,Arthur,1981-02-09,Ghanaian,Self Employed,+233202347698,adwoa.arthur2576@example.test,2023-04-21 09:00:16.000
AN-C002978,Kojo,Appiah,2004-09-07,Ghanaian,Health Worker,+233271556479,kojo.appiah9225@example.test,2023-02-04 12:42:22.000
AN-C002979,Ama,Mensah,1991-04-01,Ghanaian,Public Servant,+233442826608,ama.mensah4261@example.test,2024-03-02 17:12:39.000
AN-C002980,Mary,Mensah,1970-07-23,Ghanaian,Public Servant,+233271956801,mary.mensah2161@example.test,2023-10-03 09:56:12.000
AN-C002981,Fiifi,Agyeman,1989-10-10,Ghanaian,Professional,+233552199275,fiifi.agyeman9254@example.test,2024-05-23 12:00:13.000
AN-C002982,Efua,Adjei,1976-06-05,Ghanaian,Professional,+233586808267,efua.adjei7407@example.test,2024-11-28 15:30:53.000
AN-C002983,Afia,Quaye,1975-10-06,Ghanaian,Professional,+233418098376,afia.quaye3919@example.test,2025-02-19 17:18:47.000
AN-C002984,Fiifi,Darko,1993-08-10,Ghanaian,Other,+233238866799,fiifi.darko2481@example.test,2024-11-16 09:00:02.000
AN-C002985,Michael,Osei,1980-11-04,Ghanaian,Teacher,+233415506241,michael.osei1539@example.test,2024-04-11 18:55:41.000
AN-C002986,Kwadwo,Boateng,2000-10-08,Ghanaian,Other,+233476099525,kwadwo.boateng8366@example.test,2023-09-20 18:08:07.000
AN-C002987,Akosua,Adjei,1965-04-17,Ghanaian,Health Worker,+233272410315,akosua.adjei9184@example.test,2023-05-01 18:51:32.000
AN-C002988,Kofi,Osei,1974-08-02,Ghanaian,Health Worker,+233409989538,kofi.osei2486@example.test,2024-08-09 10:07:08.000
AN-C002989,Kwame,Agyeman,1987-08-02,Ghanaian,Trader,+233380641519,kwame.agyeman1603@example.test,2023-09-25 17:29:42.000
AN-C002990,Mavis,Quaye,1984-05-11,Ghanaian,Teacher,+233275436213,mavis.quaye4153@example.test,2023-09-08 17:28:09.000
AN-C002991,Michael,Darko,2002-10-20,Ghanaian,Student,+233561228820,michael.darko3750@example.test,2025-01-18 13:53:07.000
AN-C002992,Nana,Adjei,1993-03-03,Ghanaian,Farmer,+233567661995,nana.adjei4033@example.test,2023-12-05 09:00:28.000
AN-C002993,Mavis,Amoah,1972-06-22,Ghanaian,Teacher,+233318472609,mavis.amoah8923@example.test,2025-02-09 13:21:25.000
AN-C002994,Kwadwo,Arthur,1994-12-25,Ghanaian,Student,+233274077225,kwadwo.arthur24@example.test,2024-08-10 10:06:34.000
AN-C002995,Afia,Appiah,2003-12-23,Ghanaian,Self Employed,+233321641958,afia.appiah1513@example.test,2025-03-07 16:39:40.000
AN-C002996,Yaw,Darko,2004-12-11,Ghanaian,Health Worker,+233297827649,yaw.darko5110@example.test,2023-07-24 16:41:00.000
AN-C002997,Angela,Appiah,1963-03-06,Ghanaian,Driver,+233549043665,angela.appiah7784@example.test,2023-11-19 08:23:32.000
AN-C002998,Mary,Agyeman,1960-02-09,Ghanaian,Driver,+233576761846,mary.agyeman4361@example.test,2023-05-19 14:33:26.000
AN-C002999,Afia,Mensah,1995-05-11,Ghanaian,Teacher,+233309403407,afia.mensah5096@example.test,2023-03-27 10:35:06.000
AN-C003000,Yaw,Appiah,1987-11-01,Ghanaian,Other,+233215867454,yaw.appiah6501@example.test,2023-04-06 15:22:35.000
