transaction_id,customer_id,wallet_id,transaction_status_id,transaction_type_id,transaction_channel_id,currency_id,transaction_timestamp,transaction_location,device_id,amount
ANTX-000000640,AN-C000004,100000004,1,1,7,1,2023-02-22 09:02:03.000,Greater Accra|Accra,DEV-001853,1748.51
ANTX-000000641,AN-C000004,100000004,1,3,2,1,2023-02-22 15:21:45.000,Greater Accra|Accra,DEV-001853,406.93
ANTX-000000642,AN-C000004,100000004,1,4,1,1,2023-02-23 19:07:56.000,Greater Accra|Accra,DEV-001853,34.58
ANTX-000000643,AN-C000004,100000004,1,3,3,1,2023-03-20 16:15:15.000,Greater Accra|Accra,DEV-001853,1967.19
ANTX-000000644,AN-C000004,100000004,1,2,4,1,2023-03-03 11:11:47.000,Greater Accra|Accra,DEV-001853,454.41
ANTX-000000645,AN-C000004,100000004,1,1,5,1,2023-03-04 18:17:31.000,Greater Accra|Accra,DEV-001853,141.4
ANTX-000000646,AN-C000004,100000004,1,3,2,1,2023-03-05 16:05:01.000,Greater Accra|Accra,DEV-001853,345.58
ANTX-000000647,AN-C000004,100000004,1,1,5,1,2023-03-04 13:37:18.000,Greater Accra|Accra,DEV-001853,1006.23
ANTX-000003233,AN-C000010,100000010,1,3,4,1,2023-03-29 10:25:44.000,Western|Takoradi,DEV-000632,106.19
ANTX-000003234,AN-C000010,100000010,1,3,4,1,2023-03-15 06:36:10.000,Western|Takoradi,DEV-000632,990.14
ANTX-000003235,AN-C000010,100000010,1,3,6,1,2023-03-25 14:21:16.000,Western|Takoradi,DEV-000632,1017.1
ANTX-000003362,AN-C000011,100000011,1,1,1,1,2023-01-20 05:46:13.000,Eastern|Nkawkaw,DEV-000657,1715.25
ANTX-000003363,AN-C000011,100000011,1,3,6,1,2023-03-24 09:50:55.000,Eastern|Nkawkaw,DEV-000657,10
ANTX-000006293,AN-C000022,100000022,1,3,1,1,2023-03-08 12:56:52.000,Ashanti|Obuasi,DEV-001096,1374.75
ANTX-000006294,AN-C000022,100000022,1,1,2,1,2023-03-26 17:36:14.000,Ashanti|Obuasi,DEV-001096,1210.82
ANTX-000006295,AN-C000022,100000022,1,1,7,1,2023-03-15 21:44:48.000,Ashanti|Obuasi,DEV-001096,240.85
ANTX-000006856,AN-C000025,100000025,2,1,5,1,2023-03-27 12:17:40.000,Western|Tarkwa,DEV-000852,290.27
ANTX-000006857,AN-C000025,100000025,1,1,7,1,2023-03-06 10:06:43.000,Western|Tarkwa,DEV-000852,2041.77
ANTX-000006858,AN-C000025,100000025,1,1,1,1,2023-03-30 17:08:56.000,Volta|Hohoe,DEV-000852,221.31
ANTX-000006859,AN-C000025,100000025,1,2,6,1,2023-03-16 12:18:56.000,Western|Tarkwa,DEV-000852,3033.35
ANTX-000008317,AN-C000028,100000028,1,1,1,1,2023-03-29 20:58:33.000,Ashanti|Kumasi,DEV-000918,2216.79
ANTX-000008318,AN-C000028,100000028,3,1,8,1,2023-03-27 17:44:10.000,Ashanti|Kumasi,DEV-000918,1450.66
ANTX-000008319,AN-C000028,100000028,1,3,8,1,2023-03-31 12:49:13.000,Ashanti|Kumasi,DEV-000918,13.26
ANTX-000008320,AN-C000028,100000028,1,2,6,1,2023-03-28 18:12:10.000,Ashanti|Kumasi,DEV-000918,1557.91
ANTX-000008321,AN-C000028,100000028,1,4,8,1,2023-03-31 17:45:43.000,Ashanti|Kumasi,DEV-000918,1739.72
ANTX-000008322,AN-C000028,100000028,1,3,2,1,2023-03-31 12:53:09.000,Ashanti|Kumasi,DEV-000918,2370.0
ANTX-000008323,AN-C000028,100000028,1,1,3,1,2023-03-29 17:29:49.000,Ashanti|Kumasi,DEV-000918,2795.38
ANTX-000008324,AN-C000028,100000028,1,2,4,1,2023-03-31 19:51:36.000,Ashanti|Kumasi,DEV-000918,2789.17
ANTX-000008325,AN-C000028,100000028,1,1,3,1,2023-03-29 01:45:17.000,Ashanti|Kumasi,DEV-000918,1239.1
ANTX-000008326,AN-C000028,100000028,1,2,7,1,2023-03-29 18:22:56.000,Ashanti|Kumasi,DEV-000918,4647.99
ANTX-000008327,AN-C000028,100000028,1,3,6,1,2023-03-30 09:14:49.000,Ashanti|Kumasi,DEV-000918,15.42
ANTX-000008328,AN-C000028,100000028,1,2,1,1,2023-03-29 18:39:14.000,Ashanti|Kumasi,DEV-000918,220.97
ANTX-000008329,AN-C000028,100000028,1,4,7,1,2023-03-29 16:16:50.000,Ashanti|Kumasi,DEV-000918,112.75
ANTX-000008330,AN-C000028,100000028,1,4,2,1,2023-03-27 15:23:14.000,Ashanti|Kumasi,DEV-000918,3032.71
ANTX-000008331,AN-C000028,100000028,3,2,3,1,2023-03-27 13:04:40.000,Ashanti|Kumasi,DEV-000918,3052.27
ANTX-000008332,AN-C000028,100000028,1,1,6,1,2023-03-29 03:16:50.000,Ashanti|Kumasi,DEV-000918,891.9
ANTX-000008333,AN-C000028,100000028,1,2,5,1,2023-03-30 14:18:07.000,Ashanti|Kumasi,DEV-000918,1931.58
ANTX-000008334,AN-C000028,100000028,1,3,7,1,2023-03-27 15:40:04.000,Ashanti|Kumasi,DEV-000918,1931.13
ANTX-000018931,AN-C000062,100000062,1,3,1,1,2023-02-16 19:06:44.000,Central|Elmina,DEV-000015,79.8
ANTX-000018932,AN-C000062,100000062,1,1,4,1,2023-02-16 09:46:04.000,Central|Elmina,DEV-000015,975.86
ANTX-000018933,AN-C000062,100000062,1,1,6,1,2023-02-14 20:41:42.000,Central|Elmina,DEV-000015,49.01
ANTX-000018934,AN-C000062,100000062,1,4,8,1,2023-02-28 12:46:36.000,Central|Elmina,DEV-000015,156.18
ANTX-000018935,AN-C000062,100000062,1,4,7,1,2023-02-15 14:24:12.000,Central|Elmina,DEV-000015,7137.15
ANTX-000018936,AN-C000062,100000062,1,3,4,1,2023-02-17 19:45:07.000,Central|Elmina,DEV-000015,119.58
ANTX-000018937,AN-C000062,100000062,1,1,7,1,2023-02-19 18:36:33.000,Central|Elmina,DEV-000015,3352.85
ANTX-000018938,AN-C000062,100000062,1,3,6,1,2023-03-18 15:55:18.000,Central|Elmina,DEV-000015,216.23
ANTX-000018939,AN-C000062,100000062,1,4,3,1,2023-03-28 12:15:59.000,Central|Elmina,DEV-000015,6489.72
ANTX-000018940,AN-C000062,100000062,1,4,6,1,2023-03-13 23:21:34.000,Central|Elmina,DEV-000015,8298.25
ANTX-000018941,AN-C000062,100000062,1,1,6,1,2023-03-27 10:05:34.000,Central|Elmina,DEV-000015,452.15
ANTX-000018942,AN-C000062,100000062,1,1,7,1,2023-03-14 12:18:10.000,Central|Elmina,DEV-000015,59.65
ANTX-000018943,AN-C000062,100000062,1,1,6,1,2023-03-21 18:13:16.000,Bono|Berekum,DEV-000015,449.63
ANTX-000018944,AN-C000062,100000062,1,2,6,1,2023-03-07 16:15:37.000,Central|Elmina,DEV-000015,2255.88
ANTX-000026149,AN-C000088,100000088,1,1,8,1,2023-03-22 17:42:46.000,Ashanti|Ejisu,DEV-003656,2524.81
ANTX-000026150,AN-C000088,100000088,1,3,6,1,2023-03-25 10:54:48.000,Ashanti|Ejisu,DEV-003656,1186.79
ANTX-000026151,AN-C000088,100000088,1,1,3,1,2023-03-05 13:52:14.000,Ashanti|Ejisu,DEV-003656,1316.31
ANTX-000028178,AN-C000094,100000094,1,1,1,1,2023-02-15 13:00:29.000,Central|Cape Coast,DEV-003283,450.75
ANTX-000028179,AN-C000094,100000094,1,2,7,1,2023-02-10 14:24:04.000,Central|Cape Coast,DEV-003283,148.89
ANTX-000028180,AN-C000094,100000094,1,1,7,1,2023-02-17 13:37:06.000,Central|Cape Coast,DEV-003283,178.7
ANTX-000028181,AN-C000094,100000094,1,1,2,1,2023-03-08 11:12:43.000,Central|Cape Coast,DEV-003283,1136.84
ANTX-000028182,AN-C000094,100000094,1,4,2,1,2023-03-19 02:19:50.000,Central|Cape Coast,DEV-003283,4012.65
ANTX-000028183,AN-C000094,100000094,1,4,2,1,2023-03-03 14:30:18.000,Ashanti|Obuasi,DEV-003283,423.05
ANTX-000028184,AN-C000094,100000094,1,4,3,1,2023-03-08 23:41:53.000,Central|Cape Coast,DEV-003283,2757.6
ANTX-000028185,AN-C000094,100000094,1,1,2,1,2023-03-02 06:30:59.000,Central|Cape Coast,DEV-003283,362.45
ANTX-000034762,AN-C000116,100000116,1,3,4,1,2023-01-31 21:03:32.000,Ashanti|Obuasi,DEV-002802,19.34
ANTX-000034763,AN-C000116,100000116,3,1,7,1,2023-03-20 15:44:27.000,Ashanti|Obuasi,DEV-002802,1422.4
ANTX-000034764,AN-C000116,100000116,1,1,5,1,2023-03-14 08:14:57.000,Ashanti|Obuasi,DEV-002802,694.69
ANTX-000037141,AN-C000122,100000122,1,4,3,1,2023-01-26 23:55:53.000,Volta|Keta,DEV-002594,189.42
ANTX-000037142,AN-C000122,100000122,1,2,8,1,2023-02-23 13:41:26.000,Volta|Keta,DEV-002594,4235.91
ANTX-000037143,AN-C000122,100000122,1,3,3,1,2023-02-06 11:59:33.000,Volta|Keta,DEV-002594,37.18
ANTX-000037144,AN-C000122,100000122,1,3,5,1,2023-02-07 19:06:19.000,Volta|Keta,DEV-002594,1458.72
ANTX-000037145,AN-C000122,100000122,1,4,1,1,2023-02-14 11:47:08.000,Volta|Keta,DEV-002594,1623.24
ANTX-000037146,AN-C000122,100000122,1,2,3,1,2023-03-18 21:22:28.000,Volta|Keta,DEV-002594,280.05
ANTX-000037147,AN-C000122,100000122,1,2,2,1,2023-03-29 22:33:11.000,Volta|Keta,DEV-002594,1241.84
ANTX-000037148,AN-C000122,100000122,1,1,4,1,2023-03-03 18:33:27.000,Volta|Keta,DEV-002594,643.41
ANTX-000037149,AN-C000122,100000122,1,4,1,1,2023-03-29 12:37:32.000,Volta|Keta,DEV-002594,4667.51
ANTX-000037150,AN-C000122,100000122,1,1,2,1,2023-03-18 09:45:57.000,Volta|Keta,DEV-002594,496.21
ANTX-000042246,AN-C000136,100000136,1,2,1,1,2023-03-05 13:33:52.000,Ahafo|Goaso,DEV-001713,3796.49
ANTX-000044098,AN-C000147,100000147,1,3,7,1,2023-01-30 06:58:16.000,Upper West|Lawra,DEV-002095,1341.85
ANTX-000044099,AN-C000147,100000147,1,4,5,1,2023-01-30 21:26:37.000,Upper West|Lawra,DEV-002095,8084.75
ANTX-000044100,AN-C000147,100000147,3,2,5,1,2023-01-28 15:11:21.000,Upper West|Lawra,DEV-002095,4474.75
ANTX-000044101,AN-C000147,100000147,1,4,2,1,2023-01-30 18:20:16.000,Upper West|Lawra,DEV-002095,3873.02
ANTX-000044102,AN-C000147,100000147,1,1,2,1,2023-01-27 03:00:01.000,Upper West|Lawra,DEV-002095,953.05
ANTX-000044103,AN-C000147,100000147,1,2,2,1,2023-02-06 10:45:45.000,Upper West|Lawra,DEV-002095,314.99
ANTX-000044104,AN-C000147,100000147,1,3,4,1,2023-02-15 22:44:13.000,Upper West|Lawra,DEV-002095,282.96
ANTX-000044105,AN-C000147,100000147,1,4,7,1,2023-02-01 11:07:19.000,Upper West|Lawra,DEV-002095,1424.8
ANTX-000044106,AN-C000147,100000147,1,1,6,1,2023-02-06 09:43:27.000,Upper West|Lawra,DEV-002095,22.97
ANTX-000044107,AN-C000147,100000147,1,3,8,1,2023-02-28 15:37:22.000,Upper West|Lawra,DEV-002095,44.56
ANTX-000044108,AN-C000147,100000147,1,3,1,1,2023-02-17 21:52:29.000,Upper West|Lawra,DEV-002095,1833.93
ANTX-000044109,AN-C000147,100000147,1,2,7,1,2023-02-03 23:32:13.000,Upper West|Lawra,DEV-002095,694.73
ANTX-000044110,AN-C000147,100000147,1,3,4,1,2023-03-13 21:15:48.000,Upper West|Lawra,DEV-002095,1730.12
ANTX-000044111,AN-C000147,100000147,1,3,6,1,2023-03-06 18:45:15.000,Upper West|Lawra,DEV-002095,208.98
ANTX-000044112,AN-C000147,100000147,1,2,1,1,2023-03-16 10:15:07.000,Upper West|Lawra,DEV-002095,4347.97
ANTX-000044113,AN-C000147,100000147,1,4,7,1,2023-03-07 17:39:56.000,Upper West|Lawra,DEV-002095,7442.07
ANTX-000044114,AN-C000147,100000147,1,1,2,1,2023-03-15 08:37:45.000,Upper West|Lawra,DEV-002095,951.97
ANTX-000044115,AN-C000147,100000147,1,2,6,1,2023-03-27 06:51:04.000,Upper West|Lawra,DEV-002095,1101.81
ANTX-000044116,AN-C000147,100000147,1,1,1,1,2023-03-30 20:20:51.000,Upper West|Lawra,DEV-002095,1499.54
ANTX-000044117,AN-C000147,100000147,1,1,6,1,2023-03-14 08:02:07.000,Upper West|Lawra,DEV-002095,3210.48
ANTX-000044118,AN-C000147,100000147,1,4,5,1,2023-03-05 07:05:38.000,Upper West|Lawra,DEV-002095,290.86
ANTX-000044119,AN-C000147,100000147,1,2,8,1,2023-03-29 12:01:12.000,Upper West|Lawra,DEV-002095,45.57
ANTX-000046486,AN-C000154,100000154,1,1,6,1,2023-01-28 14:40:21.000,Ashanti|Obuasi,DEV-002079,131.45
ANTX-000046487,AN-C000154,100000154,1,4,3,1,2023-01-30 09:55:43.000,Ashanti|Obuasi,DEV-002079,1170.71
ANTX-000046488,AN-C000154,100000154,1,1,1,1,2023-01-26 18:07:11.000,Ashanti|Obuasi,DEV-002079,901.47
ANTX-000046489,AN-C000154,100000154,1,1,6,1,2023-01-28 19:56:25.000,Ashanti|Obuasi,DEV-002079,937.96
ANTX-000046490,AN-C000154,100000154,1,4,4,1,2023-01-30 11:03:56.000,Ashanti|Obuasi,DEV-002079,5748.97
ANTX-000046491,AN-C000154,100000154,1,1,8,1,2023-01-30 18:16:48.000,Ashanti|Obuasi,DEV-002079,2703.32
ANTX-000046492,AN-C000154,100000154,1,2,3,1,2023-01-27 17:52:35.000,Ashanti|Obuasi,DEV-002079,2667.88
ANTX-000046493,AN-C000154,100000154,1,4,1,1,2023-01-27 22:23:19.000,Ashanti|Obuasi,DEV-002079,8482.67
ANTX-000046494,AN-C000154,100000154,1,2,2,1,2023-01-31 23:55:44.000,Ashanti|Obuasi,DEV-002079,51.45
ANTX-000046495,AN-C000154,100000154,1,2,7,1,2023-02-15 11:55:42.000,Ashanti|Obuasi,DEV-002079,2370.5
ANTX-000046496,AN-C000154,100000154,1,2,3,1,2023-02-28 16:41:25.000,Ashanti|Obuasi,DEV-002079,845.7
ANTX-000046497,AN-C000154,100000154,1,4,7,1,2023-02-07 11:26:03.000,Ashanti|Obuasi,DEV-002079,724.28
ANTX-000046498,AN-C000154,100000154,1,3,3,1,2023-02-05 12:59:21.000,Ashanti|Obuasi,DEV-002079,651.01
ANTX-000046499,AN-C000154,100000154,1,2,4,1,2023-02-16 07:36:38.000,Ashanti|Obuasi,DEV-002079,2208.41
ANTX-000046500,AN-C000154,100000154,1,3,1,1,2023-02-25 12:52:36.000,Ashanti|Obuasi,DEV-002079,254.75
ANTX-000046501,AN-C000154,100000154,1,4,8,1,2023-02-10 17:37:57.000,Ashanti|Obuasi,DEV-002079,590.97
ANTX-000046502,AN-C000154,100000154,1,2,3,1,2023-03-02 14:17:56.000,Ashanti|Obuasi,DEV-002079,1296.3
ANTX-000046503,AN-C000154,100000154,2,4,7,1,2023-03-22 17:45:57.000,Ashanti|Obuasi,DEV-002079,4220.69
ANTX-000046504,AN-C000154,100000154,1,1,8,1,2023-03-13 12:42:24.000,Ashanti|Obuasi,DEV-002079,59.9
ANTX-000046505,AN-C000154,100000154,1,1,3,1,2023-03-07 19:50:13.000,Ashanti|Obuasi,DEV-002079,1084.62
ANTX-000047519,AN-C000160,100000160,1,1,7,1,2023-01-27 23:05:47.000,Eastern|Akropong,DEV-002382,1270.16
ANTX-000047520,AN-C000160,100000160,1,2,7,1,2023-02-07 14:40:00.000,Eastern|Akropong,DEV-002382,776.47
ANTX-000047521,AN-C000160,100000160,1,2,2,1,2023-03-20 23:53:13.000,Eastern|Akropong,DEV-002382,1355.74
ANTX-000056205,AN-C000193,100000193,1,1,3,1,2023-03-30 14:42:33.000,Ahafo|Duayaw Nkwanta,DEV-002982,319.73
ANTX-000067770,AN-C000242,100000242,1,3,7,1,2023-02-12 09:50:43.000,Central|Winneba,DEV-000653,1237.45
ANTX-000067771,AN-C000242,100000242,1,3,4,1,2023-02-11 16:07:47.000,Central|Winneba,DEV-000653,370.06
ANTX-000067772,AN-C000242,100000242,1,2,2,1,2023-02-24 19:49:32.000,Central|Winneba,DEV-000653,2726.73
ANTX-000067773,AN-C000242,100000242,1,2,2,1,2023-02-19 19:42:25.000,Central|Winneba,DEV-000653,4081.13
ANTX-000067774,AN-C000242,100000242,1,3,1,1,2023-02-22 16:07:40.000,Central|Winneba,DEV-000653,1821.2
ANTX-000067775,AN-C000242,100000242,1,1,2,1,2023-02-17 14:34:16.000,Central|Winneba,DEV-000653,980.5
ANTX-000067776,AN-C000242,100000242,1,3,7,1,2023-02-16 16:36:02.000,Central|Winneba,DEV-000653,656.69
ANTX-000067777,AN-C000242,100000242,1,2,5,1,2023-03-30 23:02:43.000,Central|Winneba,DEV-000653,210.36
ANTX-000067778,AN-C000242,100000242,1,1,6,1,2023-03-25 11:42:36.000,Central|Winneba,DEV-000653,361.56
ANTX-000067779,AN-C000242,100000242,1,1,1,1,2023-03-18 09:25:52.000,Eastern|Akropong,DEV-000653,417.54
ANTX-000067780,AN-C000242,100000242,1,2,8,1,2023-03-05 04:44:59.000,Central|Winneba,DEV-000653,22.44
ANTX-000067781,AN-C000242,100000242,1,1,8,1,2023-03-26 13:32:56.000,Central|Winneba,DEV-000653,2213.37
ANTX-000067782,AN-C000242,100000242,1,3,2,1,2023-03-25 15:12:22.000,Central|Winneba,DEV-000653,1899.2
ANTX-000067783,AN-C000242,100000242,1,2,5,1,2023-03-21 17:19:11.000,Central|Winneba,DEV-000653,2195.44
ANTX-000067784,AN-C000242,100000242,1,4,5,1,2023-03-25 14:57:04.000,Central|Winneba,DEV-000653,2466.58
ANTX-000067785,AN-C000242,100000242,1,2,8,1,2023-03-15 20:12:08.000,Central|Winneba,DEV-000653,4519.72
ANTX-000069411,AN-C000249,100000249,2,2,7,1,2023-02-12 14:00:53.000,Western|Axim,DEV-004008,1240.77
ANTX-000069412,AN-C000249,100000249,1,3,1,1,2023-02-26 17:00:48.000,Western|Axim,DEV-004008,418.74
ANTX-000069413,AN-C000249,100000249,1,3,1,1,2023-02-21 19:53:46.000,Western|Axim,DEV-004008,14.17
ANTX-000072762,AN-C000265,100000265,1,4,1,1,2023-01-31 19:18:30.000,Ashanti|Kumasi,DEV-000117,2292.27
ANTX-000072763,AN-C000265,100000265,1,4,6,1,2023-01-28 16:01:08.000,Ashanti|Kumasi,DEV-000117,7464.38
ANTX-000072764,AN-C000265,100000265,1,3,3,1,2023-01-28 23:26:21.000,Ashanti|Kumasi,DEV-000117,1089.72
ANTX-000072765,AN-C000265,100000265,1,3,4,1,2023-01-31 11:01:57.000,Ashanti|Kumasi,DEV-000117,89.58
ANTX-000072766,AN-C000265,100000265,1,1,1,1,2023-01-31 09:19:31.000,Ashanti|Kumasi,DEV-000117,1780.22
ANTX-000072767,AN-C000265,100000265,1,2,5,1,2023-01-27 22:56:48.000,Ashanti|Kumasi,DEV-000117,1556.54
ANTX-000072768,AN-C000265,100000265,1,3,3,1,2023-01-27 02:27:06.000,Ashanti|Kumasi,DEV-000117,69.58
ANTX-000072769,AN-C000265,100000265,1,3,8,1,2023-02-14 15:56:19.000,Ashanti|Kumasi,DEV-000117,25.9
ANTX-000072770,AN-C000265,100000265,1,2,6,1,2023-02-06 13:17:39.000,Ashanti|Kumasi,DEV-000117,27.38
ANTX-000072771,AN-C000265,100000265,1,3,1,1,2023-02-02 09:34:27.000,Ashanti|Kumasi,DEV-000117,761.71
ANTX-000072772,AN-C000265,100000265,1,3,8,1,2023-02-20 14:36:08.000,Ashanti|Kumasi,DEV-000117,13.89
ANTX-000072773,AN-C000265,100000265,1,2,5,1,2023-03-01 17:10:31.000,Ashanti|Kumasi,DEV-000117,793.12
ANTX-000072774,AN-C000265,100000265,1,3,7,1,2023-03-15 10:43:55.000,Ashanti|Kumasi,DEV-000117,314.03
ANTX-000072775,AN-C000265,100000265,1,3,4,1,2023-03-21 11:21:00.000,Ashanti|Kumasi,DEV-000117,1699.72
ANTX-000072776,AN-C000265,100000265,1,3,1,1,2023-03-21 03:22:40.000,Ashanti|Kumasi,DEV-000117,252.88
ANTX-000074489,AN-C000277,100000277,1,1,7,1,2023-03-25 15:34:31.000,Greater Accra|Accra,DEV-003860,1538.48
ANTX-000074490,AN-C000277,100000277,1,3,7,1,2023-03-21 04:42:42.000,Greater Accra|Accra,DEV-003860,923.3
ANTX-000074491,AN-C000277,100000277,1,3,5,1,2023-03-27 17:31:11.000,Greater Accra|Accra,DEV-003860,304.6
ANTX-000074492,AN-C000277,100000277,1,1,4,1,2023-03-24 17:10:05.000,Greater Accra|Accra,DEV-003860,1339.53
ANTX-000074493,AN-C000277,100000277,1,2,6,1,2023-03-20 12:29:18.000,Greater Accra|Accra,DEV-003860,473.45
ANTX-000074494,AN-C000277,100000277,1,1,6,1,2023-03-29 18:09:05.000,Greater Accra|Accra,DEV-003860,518.08
ANTX-000074495,AN-C000277,100000277,1,1,2,1,2023-03-29 23:06:41.000,Greater Accra|Accra,DEV-003860,1263.72
ANTX-000074496,AN-C000277,100000277,1,2,2,1,2023-03-25 12:48:20.000,Greater Accra|Accra,DEV-003860,861.43
ANTX-000074497,AN-C000277,100000277,1,3,7,1,2023-03-30 17:24:11.000,Greater Accra|Accra,DEV-003860,31.23
ANTX-000074498,AN-C000277,100000277,1,3,1,1,2023-03-28 19:57:11.000,Greater Accra|Accra,DEV-003860,893.29
ANTX-000074499,AN-C000277,100000277,1,3,1,1,2023-03-31 19:29:46.000,Greater Accra|Accra,DEV-003860,486.91
ANTX-000074500,AN-C000277,100000277,1,2,1,1,2023-03-26 10:42:31.000,Greater Accra|Accra,DEV-003860,4976.74
ANTX-000076365,AN-C000283,100000283,1,4,1,1,2023-03-17 21:21:22.000,Northern|Yendi,DEV-002845,3215.32
ANTX-000077020,AN-C000285,100000285,1,3,6,1,2023-01-28 18:19:20.000,Bono|Berekum,DEV-000216,722.43
ANTX-000077021,AN-C000285,100000285,3,1,1,1,2023-01-11 15:04:59.000,Upper West|Lawra,DEV-000216,863.84
ANTX-000077022,AN-C000285,100000285,1,2,7,1,2023-01-29 06:10:14.000,Central|Winneba,DEV-000216,2553.78
ANTX-000077023,AN-C000285,100000285,1,1,5,1,2023-01-30 13:57:30.000,Upper East|Bolgatanga,DEV-000216,27.85
ANTX-000077024,AN-C000285,100000285,1,1,5,1,2023-01-27 22:51:16.000,Western|Axim,DEV-000216,96.67
ANTX-000077025,AN-C000285,100000285,1,3,7,1,2023-02-25 21:43:31.000,Bono|Berekum,DEV-000216,1639.67
ANTX-000077026,AN-C000285,100000285,1,2,5,1,2023-02-16 07:14:39.000,Volta|Keta,DEV-000216,2528.41
ANTX-000077027,AN-C000285,100000285,2,2,8,1,2023-02-10 18:38:07.000,Eastern|Akropong,DEV-000216,326.16
ANTX-000077028,AN-C000285,100000285,2,2,8,1,2023-02-09 05:28:43.000,Volta|Hohoe,DEV-000216,42.72
ANTX-000077029,AN-C000285,100000285,1,1,2,1,2023-02-27 10:03:24.000,Upper West|Wa,DEV-000216,45.64
ANTX-000077030,AN-C000285,100000285,1,2,7,1,2023-02-21 21:43:17.000,Volta|Keta,DEV-000216,3823.15
ANTX-000077031,AN-C000285,100000285,1,3,5,1,2023-03-14 20:56:37.000,Ashanti|Ejisu,DEV-000216,36.73
ANTX-000077032,AN-C000285,100000285,2,1,8,1,2023-03-25 13:29:26.000,Greater Accra|Accra,DEV-000216,504.13
ANTX-000077033,AN-C000285,100000285,1,2,1,1,2023-03-25 11:24:20.000,Greater Accra|Accra,DEV-000216,1822.55
ANTX-000077034,AN-C000285,100000285,1,2,1,1,2023-03-17 18:08:32.000,Volta|Ho,DEV-000216,989.78
ANTX-000077035,AN-C000285,100000285,2,1,5,1,2023-03-01 23:07:27.000,Greater Accra|Accra,DEV-000216,45.35
ANTX-000077347,AN-C000286,100000286,1,2,3,1,2023-02-23 15:07:03.000,Ashanti|Obuasi,DEV-000515,1028.87
ANTX-000077348,AN-C000286,100000286,1,1,7,1,2023-02-16 19:31:30.000,Ashanti|Obuasi,DEV-000515,37.75
ANTX-000077349,AN-C000286,100000286,1,1,4,1,2023-03-11 11:08:23.000,Ashanti|Obuasi,DEV-000515,1714.07
ANTX-000077350,AN-C000286,100000286,1,1,7,1,2023-03-26 23:04:09.000,Ashanti|Obuasi,DEV-000515,2942.95
ANTX-000077351,AN-C000286,100000286,1,4,3,1,2023-03-14 15:12:20.000,Ashanti|Obuasi,DEV-000515,2623.69
ANTX-000077352,AN-C000286,100000286,1,4,3,1,2023-03-17 20:57:19.000,Ashanti|Obuasi,DEV-000515,1030.12
ANTX-000077353,AN-C000286,100000286,1,3,6,1,2023-03-22 18:33:05.000,Ashanti|Obuasi,DEV-000515,1422.41
ANTX-000077354,AN-C000286,100000286,1,4,4,1,2023-03-30 11:29:21.000,Ashanti|Obuasi,DEV-000515,5078.13
ANTX-000077355,AN-C000286,100000286,1,2,1,1,2023-03-07 19:49:11.000,Ashanti|Obuasi,DEV-000515,121.47
ANTX-000077356,AN-C000286,100000286,1,2,3,1,2023-03-24 11:26:27.000,Ashanti|Obuasi,DEV-000515,106.03
ANTX-000081645,AN-C000304,100000304,1,4,5,1,2023-03-21 09:39:42.000,Bono East|Kintampo,DEV-002125,3839.51
ANTX-000084073,AN-C000317,100000317,1,3,1,1,2023-02-24 21:58:27.000,Greater Accra|Accra,DEV-001307,750.93
ANTX-000084074,AN-C000317,100000317,1,2,3,1,2023-03-28 14:54:26.000,Greater Accra|Accra,DEV-001307,3143.94
ANTX-000084075,AN-C000317,100000317,1,2,5,1,2023-03-04 00:51:30.000,Greater Accra|Accra,DEV-001307,1230.41
ANTX-000086853,AN-C000328,100000328,3,3,6,1,2023-03-29 18:16:18.000,Northern|Savelugu,DEV-003494,165.52
ANTX-000086854,AN-C000328,100000328,1,1,7,1,2023-03-31 00:50:01.000,Northern|Savelugu,DEV-003494,297.13
ANTX-000087702,AN-C000329,100000329,2,1,8,1,2023-01-31 11:38:05.000,Upper East|Bolgatanga,DEV-000252,508.2
ANTX-000087703,AN-C000329,100000329,1,1,5,1,2023-02-10 14:53:48.000,Upper East|Bolgatanga,DEV-000252,505.21
ANTX-000087704,AN-C000329,100000329,1,2,1,1,2023-02-18 05:05:25.000,Upper East|Bolgatanga,DEV-000252,1172.5
ANTX-000087705,AN-C000329,100000329,1,3,4,1,2023-02-02 19:13:26.000,Upper East|Bolgatanga,DEV-000252,246.15
ANTX-000087706,AN-C000329,100000329,1,3,3,1,2023-03-31 23:24:43.000,Upper East|Bolgatanga,DEV-000252,1022.7
ANTX-000087707,AN-C000329,100000329,1,1,4,1,2023-03-10 07:42:48.000,Upper East|Bolgatanga,DEV-000252,1652.27
ANTX-000087708,AN-C000329,100000329,1,3,7,1,2023-03-31 16:59:46.000,Upper East|Bolgatanga,DEV-000252,33.88
ANTX-000092273,AN-C000344,100000344,1,3,5,1,2023-02-24 11:50:17.000,Bono East|Kintampo,DEV-002495,355.53
ANTX-000092274,AN-C000344,100000344,1,1,5,1,2023-02-17 21:59:57.000,Bono East|Kintampo,DEV-002495,329.92
ANTX-000092275,AN-C000344,100000344,1,1,2,1,2023-03-07 08:32:39.000,Bono East|Kintampo,DEV-002495,318.38
ANTX-000092276,AN-C000344,100000344,1,2,8,1,2023-03-24 21:54:56.000,Bono East|Kintampo,DEV-002495,641.51
ANTX-000092277,AN-C000344,100000344,1,2,2,1,2023-03-24 16:39:54.000,Bono East|Kintampo,DEV-002495,391.87
ANTX-000092278,AN-C000344,100000344,1,4,2,1,2023-03-26 15:04:42.000,Bono East|Kintampo,DEV-002495,2180.29
ANTX-000092279,AN-C000344,100000344,1,1,6,1,2023-03-28 07:11:58.000,Bono East|Kintampo,DEV-002495,1368.62
ANTX-000092280,AN-C000344,100000344,1,2,6,1,2023-03-30 21:47:08.000,Bono East|Kintampo,DEV-002495,2104.28
ANTX-000092281,AN-C000344,100000344,1,3,2,1,2023-03-03 10:19:07.000,Bono East|Kintampo,DEV-002495,473.51
ANTX-000092282,AN-C000344,100000344,1,2,4,1,2023-03-30 12:45:16.000,Bono East|Kintampo,DEV-002495,2232.03
ANTX-000092283,AN-C000344,100000344,1,2,1,1,2023-03-12 17:44:42.000,Bono East|Kintampo,DEV-002495,797.67
ANTX-000092284,AN-C000344,100000344,1,1,3,1,2023-03-10 16:00:48.000,Bono East|Kintampo,DEV-002495,229.27
ANTX-000092285,AN-C000344,100000344,1,1,6,1,2023-03-03 20:45:45.000,Bono East|Kintampo,DEV-002495,1649.62
ANTX-000092286,AN-C000344,100000344,1,2,3,1,2023-03-29 21:52:55.000,Bono East|Kintampo,DEV-002495,4749.65
ANTX-000093497,AN-C000350,100000350,1,2,6,1,2023-02-28 23:55:29.000,Upper West|Lawra,DEV-001930,2432.1
ANTX-000093498,AN-C000350,100000350,1,2,3,1,2023-02-28 23:28:12.000,Upper West|Lawra,DEV-001930,754.56
ANTX-000093499,AN-C000350,100000350,1,1,6,1,2023-02-25 03:44:49.000,Upper West|Lawra,DEV-001930,2177.18
ANTX-000093500,AN-C000350,100000350,1,3,3,1,2023-03-29 10:46:59.000,Upper West|Lawra,DEV-001930,159.86
ANTX-000093501,AN-C000350,100000350,1,1,7,1,2023-03-15 19:07:16.000,Upper West|Lawra,DEV-001930,675.39
ANTX-000093502,AN-C000350,100000350,2,1,1,1,2023-03-10 13:23:55.000,Upper West|Lawra,DEV-001930,67.77
ANTX-000094393,AN-C000353,100000353,1,3,5,1,2023-03-20 19:10:57.000,Ashanti|Obuasi,DEV-000687,830.34
ANTX-000094394,AN-C000353,100000353,1,2,8,1,2023-03-25 10:34:56.000,Ashanti|Obuasi,DEV-000687,2995.64
ANTX-000094395,AN-C000353,100000353,1,3,2,1,2023-03-30 09:23:22.000,Ashanti|Obuasi,DEV-000687,1469.09
ANTX-000094396,AN-C000353,100000353,1,3,8,1,2023-03-20 08:39:20.000,Ashanti|Obuasi,DEV-000687,1606.85
ANTX-000094397,AN-C000353,100000353,1,3,7,1,2023-03-18 21:30:28.000,Ashanti|Obuasi,DEV-000687,67.95
ANTX-000094398,AN-C000353,100000353,2,4,6,1,2023-03-22 13:47:26.000,Ashanti|Obuasi,DEV-000687,3739.59
ANTX-000094399,AN-C000353,100000353,1,4,2,1,2023-03-29 13:11:19.000,Ashanti|Obuasi,DEV-000687,5409.41
ANTX-000097490,AN-C000365,100000365,1,3,6,1,2023-02-18 13:53:30.000,Upper East|Bolgatanga,DEV-001350,41.05
ANTX-000097491,AN-C000365,100000365,1,4,4,1,2023-02-15 11:40:24.000,Ashanti|Obuasi,DEV-001350,3192.11
ANTX-000097492,AN-C000365,100000365,1,2,5,1,2023-02-20 03:42:34.000,Upper East|Bolgatanga,DEV-001350,3928.19
ANTX-000097493,AN-C000365,100000365,1,3,7,1,2023-03-28 12:26:48.000,Upper East|Bolgatanga,DEV-001350,1120.87
ANTX-000097494,AN-C000365,100000365,1,4,6,1,2023-03-05 23:44:30.000,Upper East|Bolgatanga,DEV-001350,2564.77
ANTX-000097495,AN-C000365,100000365,1,1,4,1,2023-03-08 22:21:18.000,Upper East|Bolgatanga,DEV-001350,790.58
ANTX-000097496,AN-C000365,100000365,2,3,7,1,2023-03-22 16:37:50.000,Upper East|Bolgatanga,DEV-001350,1094.02
ANTX-000097497,AN-C000365,100000365,1,1,8,1,2023-03-17 07:51:54.000,Upper East|Bolgatanga,DEV-001350,175.92
ANTX-000097498,AN-C000365,100000365,1,3,2,1,2023-03-25 13:07:45.000,Upper East|Bolgatanga,DEV-001350,95.32
ANTX-000097499,AN-C000365,100000365,1,3,4,1,2023-03-17 21:44:20.000,Upper East|Bolgatanga,DEV-001350,176.41
ANTX-000097500,AN-C000365,100000365,1,1,5,1,2023-03-05 11:20:39.000,Upper East|Bolgatanga,DEV-001350,1475.76
ANTX-000097501,AN-C000365,100000365,1,2,4,1,2023-03-28 19:46:36.000,Upper East|Bolgatanga,DEV-001350,2591.15
ANTX-000097502,AN-C000365,100000365,3,1,1,1,2023-03-27 19:13:07.000,Upper East|Bolgatanga,DEV-001350,2564.41
ANTX-000099781,AN-C000376,100000376,1,3,4,1,2023-02-26 17:04:48.000,Greater Accra|Tema,DEV-001478,67.36
ANTX-000099782,AN-C000376,100000376,1,4,4,1,2023-02-20 22:07:43.000,Greater Accra|Tema,DEV-001478,7770.46
ANTX-000099783,AN-C000376,100000376,1,2,1,1,2023-02-18 12:25:27.000,Greater Accra|Tema,DEV-001478,3234.13
ANTX-000099784,AN-C000376,100000376,1,3,6,1,2023-02-17 14:21:08.000,Greater Accra|Tema,DEV-001478,368.06
ANTX-000099785,AN-C000376,100000376,2,1,5,1,2023-03-26 14:13:20.000,Greater Accra|Tema,DEV-001478,203.57
ANTX-000099786,AN-C000376,100000376,1,2,6,1,2023-03-18 09:27:48.000,Greater Accra|Tema,DEV-001478,1248.7
ANTX-000099787,AN-C000376,100000376,1,3,7,1,2023-03-01 21:49:09.000,Greater Accra|Tema,DEV-001478,541.55
ANTX-000099788,AN-C000376,100000376,1,2,5,1,2023-03-31 14:32:04.000,Greater Accra|Tema,DEV-001478,28.32
ANTX-000099789,AN-C000376,100000376,1,1,4,1,2023-03-11 10:42:29.000,Greater Accra|Tema,DEV-001478,1139.65
ANTX-000099790,AN-C000376,100000376,1,3,8,1,2023-03-19 16:00:46.000,Greater Accra|Tema,DEV-001478,1500.94
ANTX-000099791,AN-C000376,100000376,1,4,7,1,2023-03-02 11:42:39.000,Greater Accra|Tema,DEV-001478,6736.55
ANTX-000099792,AN-C000376,100000376,1,2,8,1,2023-03-19 21:36:56.000,Greater Accra|Tema,DEV-001478,4827.56
ANTX-000099793,AN-C000376,100000376,1,4,8,1,2023-03-05 20:21:07.000,Greater Accra|Tema,DEV-001478,4129.38
ANTX-000099794,AN-C000376,100000376,1,1,3,1,2023-03-02 11:47:42.000,Greater Accra|Tema,DEV-001478,848.85
ANTX-000099795,AN-C000376,100000376,1,3,7,1,2023-03-09 11:44:00.000,Greater Accra|Tema,DEV-001478,1423.9
ANTX-000100261,AN-C000378,100000378,1,4,2,1,2023-03-27 10:15:49.000,Greater Accra|Kasoa,DEV-003176,2061.2
ANTX-000100262,AN-C000378,100000378,1,4,6,1,2023-03-01 14:59:21.000,Greater Accra|Kasoa,DEV-003176,1176.07
ANTX-000103833,AN-C000400,100000400,1,4,1,1,2023-01-12 05:40:56.000,Greater Accra|Kasoa,DEV-003959,4365.13
ANTX-000103834,AN-C000400,100000400,1,1,5,1,2023-01-07 07:39:57.000,Western|Axim,DEV-003959,3286.37
ANTX-000103835,AN-C000400,100000400,1,1,2,1,2023-01-25 19:27:16.000,Greater Accra|Kasoa,DEV-003959,554.94
ANTX-000103836,AN-C000400,100000400,1,2,6,1,2023-01-04 17:48:17.000,Greater Accra|Kasoa,DEV-003959,929.72
ANTX-000103837,AN-C000400,100000400,1,1,2,1,2023-01-18 14:07:12.000,Greater Accra|Kasoa,DEV-003959,25.7
ANTX-000103838,AN-C000400,100000400,1,2,5,1,2023-02-07 00:39:43.000,Greater Accra|Kasoa,DEV-003959,206.26
ANTX-000103839,AN-C000400,100000400,1,1,6,1,2023-02-03 10:45:01.000,Greater Accra|Kasoa,DEV-003959,26.13
ANTX-000103840,AN-C000400,100000400,1,1,3,1,2023-02-17 15:12:27.000,Greater Accra|Kasoa,DEV-003959,838.23
ANTX-000103841,AN-C000400,100000400,1,2,6,1,2023-02-09 15:43:48.000,Greater Accra|Kasoa,DEV-003959,2694.52
ANTX-000103842,AN-C000400,100000400,1,1,4,1,2023-02-05 00:46:29.000,Greater Accra|Kasoa,DEV-003959,67.4
ANTX-000103843,AN-C000400,100000400,1,3,1,1,2023-02-04 16:22:52.000,Greater Accra|Kasoa,DEV-003959,169.1
ANTX-000103844,AN-C000400,100000400,1,3,5,1,2023-03-28 10:52:44.000,Greater Accra|Kasoa,DEV-003959,689.85
ANTX-000103845,AN-C000400,100000400,1,4,4,1,2023-03-15 20:15:30.000,Greater Accra|Kasoa,DEV-003959,540.16
ANTX-000103846,AN-C000400,100000400,1,1,7,1,2023-03-07 21:39:00.000,Greater Accra|Kasoa,DEV-003959,422.62
ANTX-000103847,AN-C000400,100000400,1,1,3,1,2023-03-29 18:15:40.000,Greater Accra|Kasoa,DEV-003959,532.04
ANTX-000103848,AN-C000400,100000400,1,4,2,1,2023-03-29 00:23:00.000,Greater Accra|Kasoa,DEV-003959,333.52
ANTX-000103849,AN-C000400,100000400,1,4,6,1,2023-03-24 18:59:57.000,Ashanti|Ejisu,DEV-003959,350.98
ANTX-000103850,AN-C000400,100000400,1,1,5,1,2023-03-02 10:03:27.000,Greater Accra|Kasoa,DEV-003959,1797.18
ANTX-000106716,AN-C000417,100000417,1,4,5,1,2023-03-26 15:43:11.000,Greater Accra|Tema,DEV-003616,117.48
ANTX-000106717,AN-C000417,100000417,1,1,6,1,2023-03-23 23:34:28.000,Greater Accra|Tema,DEV-003616,283.73
ANTX-000106718,AN-C000417,100000417,1,3,4,1,2023-03-19 23:45:15.000,Greater Accra|Tema,DEV-003616,235.66
ANTX-000106719,AN-C000417,100000417,1,1,5,1,2023-03-30 11:26:42.000,Greater Accra|Tema,DEV-003616,139.11
ANTX-000106720,AN-C000417,100000417,1,1,3,1,2023-03-23 06:46:00.000,Greater Accra|Tema,DEV-003616,213.15
ANTX-000106721,AN-C000417,100000417,1,3,2,1,2023-03-19 09:53:24.000,Greater Accra|Tema,DEV-003616,11.79
ANTX-000107748,AN-C000420,100000420,1,3,7,1,2023-03-31 14:00:53.000,Greater Accra|Kasoa,DEV-001984,178.48
ANTX-000107749,AN-C000420,100000420,1,3,8,1,2023-03-21 15:16:11.000,Greater Accra|Kasoa,DEV-001984,436.75
ANTX-000107750,AN-C000420,100000420,1,2,8,1,2023-03-31 21:13:53.000,Ashanti|Obuasi,DEV-001984,1703.11
ANTX-000115671,AN-C000447,100000447,1,3,1,1,2023-03-29 09:45:40.000,Northern|Tamale,DEV-002246,1245.29
ANTX-000115672,AN-C000447,100000447,1,2,1,1,2023-03-29 07:28:20.000,Northern|Tamale,DEV-002246,1070.9
ANTX-000115673,AN-C000447,100000447,1,3,3,1,2023-03-29 17:49:49.000,Northern|Tamale,DEV-002246,2417.2
ANTX-000115674,AN-C000447,100000447,1,1,5,1,2023-03-30 15:14:56.000,Northern|Tamale,DEV-002246,1122.04
ANTX-000115675,AN-C000447,100000447,1,3,5,1,2023-03-30 03:12:33.000,Northern|Tamale,DEV-002246,45.29
ANTX-000115676,AN-C000447,100000447,1,3,5,1,2023-03-30 12:21:43.000,Northern|Tamale,DEV-002246,1953.68
ANTX-000115677,AN-C000447,100000447,3,2,2,1,2023-03-31 16:14:22.000,Northern|Tamale,DEV-002246,42.13
ANTX-000115678,AN-C000447,100000447,1,3,4,1,2023-03-29 10:02:49.000,Northern|Tamale,DEV-002246,2108.19
ANTX-000115679,AN-C000447,100000447,1,4,6,1,2023-03-31 16:58:02.000,Northern|Tamale,DEV-002246,4189.07
ANTX-000115680,AN-C000447,100000447,1,3,6,1,2023-03-29 10:24:08.000,Northern|Tamale,DEV-002246,1049.3
ANTX-000115681,AN-C000447,100000447,1,3,5,1,2023-03-31 12:13:35.000,Northern|Tamale,DEV-002246,353.16
ANTX-000115682,AN-C000447,100000447,1,1,5,1,2023-03-30 11:41:09.000,Northern|Tamale,DEV-002246,689.21
ANTX-000115683,AN-C000447,100000447,1,4,4,1,2023-03-29 19:42:33.000,Northern|Tamale,DEV-002246,2650.11
ANTX-000115684,AN-C000447,100000447,1,4,6,1,2023-03-31 20:01:43.000,Northern|Tamale,DEV-002246,6807.95
ANTX-000115685,AN-C000447,100000447,1,3,4,1,2023-03-30 22:19:12.000,Northern|Tamale,DEV-002246,1398.02
ANTX-000115686,AN-C000447,100000447,1,1,3,1,2023-03-29 16:19:49.000,Northern|Tamale,DEV-002246,2144.75
ANTX-000116409,AN-C000448,100000448,1,1,2,1,2023-02-15 17:43:22.000,Volta|Hohoe,DEV-003166,1270.6
ANTX-000116410,AN-C000448,100000448,1,3,8,1,2023-02-26 17:05:03.000,Volta|Hohoe,DEV-003166,615.87
ANTX-000116411,AN-C000448,100000448,1,1,1,1,2023-02-27 08:11:21.000,Volta|Hohoe,DEV-003166,24.04
ANTX-000116412,AN-C000448,100000448,2,2,6,1,2023-02-13 20:50:05.000,Volta|Hohoe,DEV-003166,209.96
ANTX-000116413,AN-C000448,100000448,1,2,2,1,2023-02-19 09:51:52.000,Volta|Hohoe,DEV-003166,3111.05
ANTX-000116414,AN-C000448,100000448,1,2,3,1,2023-02-27 22:47:29.000,Volta|Hohoe,DEV-003166,852.06
ANTX-000116415,AN-C000448,100000448,1,2,6,1,2023-02-13 22:16:18.000,Volta|Hohoe,DEV-003166,4930.41
ANTX-000116416,AN-C000448,100000448,1,3,7,1,2023-03-06 01:04:52.000,Volta|Hohoe,DEV-003166,1445.83
ANTX-000116417,AN-C000448,100000448,1,4,8,1,2023-03-03 20:03:43.000,Volta|Hohoe,DEV-003166,6666.93
ANTX-000116418,AN-C000448,100000448,1,4,1,1,2023-03-27 08:05:26.000,Volta|Hohoe,DEV-003166,28.94
ANTX-000116419,AN-C000448,100000448,1,3,8,1,2023-03-19 20:30:51.000,Volta|Hohoe,DEV-003166,56.25
ANTX-000116420,AN-C000448,100000448,1,3,6,1,2023-03-28 20:47:30.000,Volta|Hohoe,DEV-003166,1168.47
ANTX-000116421,AN-C000448,100000448,1,3,8,1,2023-03-20 14:04:16.000,Volta|Hohoe,DEV-003166,591.17
ANTX-000116422,AN-C000448,100000448,1,2,6,1,2023-03-01 17:23:46.000,Volta|Hohoe,DEV-003166,4924.1
ANTX-000116423,AN-C000448,100000448,1,1,2,1,2023-03-05 20:41:20.000,Volta|Hohoe,DEV-003166,1560.16
ANTX-000116424,AN-C000448,100000448,1,3,1,1,2023-03-02 07:30:11.000,Volta|Hohoe,DEV-003166,609.89
ANTX-000116425,AN-C000448,100000448,1,1,6,1,2023-03-22 15:59:38.000,Volta|Hohoe,DEV-003166,1128.79
ANTX-000116426,AN-C000448,100000448,1,1,3,1,2023-03-23 20:01:43.000,Volta|Hohoe,DEV-003166,342.14
ANTX-000116427,AN-C000448,100000448,1,4,5,1,2023-03-12 14:00:35.000,Volta|Hohoe,DEV-003166,3535.33
ANTX-000117380,AN-C000452,100000452,1,1,1,1,2023-03-28 16:32:49.000,Greater Accra|Accra,DEV-000839,1007.69
ANTX-000117381,AN-C000452,100000452,1,4,3,1,2023-03-29 23:26:47.000,Greater Accra|Accra,DEV-000839,709.94
ANTX-000117382,AN-C000452,100000452,1,2,7,1,2023-03-31 17:07:45.000,Greater Accra|Accra,DEV-000839,2979.67
ANTX-000120811,AN-C000461,100000461,1,1,3,1,2023-02-27 11:41:58.000,Greater Accra|Madina,DEV-000681,28.72
ANTX-000126501,AN-C000487,100000487,1,1,5,1,2023-01-31 15:19:49.000,Northern|Savelugu,DEV-000251,918.39
ANTX-000126502,AN-C000487,100000487,1,1,6,1,2023-01-29 12:22:19.000,Northern|Savelugu,DEV-000251,350.98
ANTX-000126503,AN-C000487,100000487,1,2,4,1,2023-02-02 14:31:22.000,Northern|Savelugu,DEV-000251,1797.98
ANTX-000126504,AN-C000487,100000487,1,3,6,1,2023-03-30 17:02:12.000,Northern|Savelugu,DEV-000251,240.57
ANTX-000126505,AN-C000487,100000487,1,2,6,1,2023-03-06 09:53:44.000,Northern|Savelugu,DEV-000251,1281.11
ANTX-000126506,AN-C000487,100000487,1,4,4,1,2023-03-25 14:15:50.000,Northern|Savelugu,DEV-000251,493.12
ANTX-000134426,AN-C000519,100000519,3,2,3,1,2023-01-30 10:54:47.000,Oti|Jasikan,DEV-003925,298.03
ANTX-000134427,AN-C000519,100000519,1,2,4,1,2023-01-19 12:00:29.000,Oti|Jasikan,DEV-003925,1511.05
ANTX-000134428,AN-C000519,100000519,1,2,1,1,2023-01-20 21:37:08.000,Oti|Jasikan,DEV-003925,542.08
ANTX-000134429,AN-C000519,100000519,1,1,1,1,2023-01-24 18:37:14.000,Oti|Jasikan,DEV-003925,1491.29
ANTX-000134430,AN-C000519,100000519,1,1,6,1,2023-01-21 20:30:23.000,Oti|Jasikan,DEV-003925,1880.79
ANTX-000134431,AN-C000519,100000519,1,2,6,1,2023-02-12 18:43:50.000,Oti|Jasikan,DEV-003925,546.4
ANTX-000134432,AN-C000519,100000519,2,1,8,1,2023-02-08 16:04:25.000,Oti|Jasikan,DEV-003925,1839.09
ANTX-000134433,AN-C000519,100000519,1,1,8,1,2023-02-21 16:06:31.000,Oti|Jasikan,DEV-003925,1122.5
ANTX-000134434,AN-C000519,100000519,1,3,1,1,2023-02-13 20:18:08.000,Volta|Keta,DEV-003925,859.03
ANTX-000134435,AN-C000519,100000519,1,1,5,1,2023-02-07 18:34:47.000,Oti|Jasikan,DEV-003925,1974.84
ANTX-000134436,AN-C000519,100000519,1,1,4,1,2023-02-20 10:20:40.000,Oti|Jasikan,DEV-003925,50.88
ANTX-000134437,AN-C000519,100000519,1,3,2,1,2023-03-09 15:31:47.000,Oti|Jasikan,DEV-003925,1905.9
ANTX-000134438,AN-C000519,100000519,1,2,4,1,2023-03-30 14:09:19.000,Oti|Jasikan,DEV-003925,1486.39
ANTX-000134439,AN-C000519,100000519,1,1,7,1,2023-03-25 19:37:10.000,Oti|Jasikan,DEV-003925,2707.05
ANTX-000134440,AN-C000519,100000519,1,1,4,1,2023-03-25 21:24:14.000,Oti|Jasikan,DEV-003925,1493.4
ANTX-000134441,AN-C000519,100000519,2,3,2,1,2023-03-08 09:01:04.000,Oti|Jasikan,DEV-003925,930.65
ANTX-000134442,AN-C000519,100000519,1,3,2,1,2023-03-15 13:08:15.000,Oti|Jasikan,DEV-003925,1504.4
ANTX-000134443,AN-C000519,100000519,1,1,1,1,2023-03-13 10:50:36.000,Oti|Jasikan,DEV-003925,550.3
ANTX-000134444,AN-C000519,100000519,1,1,8,1,2023-03-19 10:01:45.000,Oti|Jasikan,DEV-003925,447.01
ANTX-000134445,AN-C000519,100000519,1,2,6,1,2023-03-01 17:19:16.000,Oti|Jasikan,DEV-003925,34.77
ANTX-000138099,AN-C000532,100000532,1,2,8,1,2023-02-27 00:06:39.000,Western|Takoradi,DEV-001675,4358.21
ANTX-000138100,AN-C000532,100000532,1,2,7,1,2023-02-25 15:02:33.000,Western|Takoradi,DEV-001675,2898.81
ANTX-000138101,AN-C000532,100000532,1,3,7,1,2023-02-21 10:18:25.000,Western|Takoradi,DEV-001675,2038.44
ANTX-000138102,AN-C000532,100000532,1,1,6,1,2023-02-17 09:08:42.000,Western|Takoradi,DEV-001675,803.58
ANTX-000138103,AN-C000532,100000532,1,1,5,1,2023-02-15 18:02:35.000,Western|Takoradi,DEV-001675,2988.34
ANTX-000138104,AN-C000532,100000532,1,2,2,1,2023-02-17 20:23:07.000,Western|Takoradi,DEV-001675,4022.19
ANTX-000138105,AN-C000532,100000532,1,4,4,1,2023-02-23 13:24:57.000,Western|Takoradi,DEV-001675,2033.26
ANTX-000138106,AN-C000532,100000532,1,4,7,1,2023-02-23 07:10:14.000,Western|Takoradi,DEV-001675,2825.28
ANTX-000138107,AN-C000532,100000532,1,1,7,1,2023-02-21 20:55:57.000,Western|Takoradi,DEV-001675,1638.81
ANTX-000138108,AN-C000532,100000532,1,1,5,1,2023-02-24 18:40:55.000,Western|Takoradi,DEV-001675,1448.39
ANTX-000138109,AN-C000532,100000532,1,2,5,1,2023-02-28 19:16:39.000,Western|Takoradi,DEV-001675,3376.57
ANTX-000138110,AN-C000532,100000532,1,1,3,1,2023-02-18 21:10:29.000,Western|Takoradi,DEV-001675,960.77
ANTX-000138111,AN-C000532,100000532,1,4,1,1,2023-02-28 12:19:00.000,Eastern|Nkawkaw,DEV-001675,128.98
ANTX-000138112,AN-C000532,100000532,1,1,8,1,2023-02-16 15:46:45.000,Western|Takoradi,DEV-001675,935.85
ANTX-000138113,AN-C000532,100000532,1,1,7,1,2023-02-28 14:47:46.000,Western|Takoradi,DEV-001675,2294.74
ANTX-000138114,AN-C000532,100000532,1,3,2,1,2023-03-25 14:13:12.000,Greater Accra|Madina,DEV-001675,164.12
ANTX-000138115,AN-C000532,100000532,2,1,8,1,2023-03-07 22:00:49.000,Western|Takoradi,DEV-001675,2135.09
ANTX-000138116,AN-C000532,100000532,1,3,8,1,2023-03-10 18:10:17.000,Western|Takoradi,DEV-001675,1159.31
ANTX-000138117,AN-C000532,100000532,1,1,8,1,2023-03-15 06:11:14.000,Western|Takoradi,DEV-001675,26.56
ANTX-000138118,AN-C000532,100000532,1,2,2,1,2023-03-15 15:13:01.000,Western|Takoradi,DEV-001675,2481.3
ANTX-000138119,AN-C000532,100000532,1,1,2,1,2023-03-11 07:26:55.000,Western|Takoradi,DEV-001675,294.77
ANTX-000138120,AN-C000532,100000532,1,3,2,1,2023-03-21 14:21:54.000,Western|Takoradi,DEV-001675,999.89
ANTX-000138121,AN-C000532,100000532,1,4,5,1,2023-03-03 16:55:47.000,Western|Takoradi,DEV-001675,7337.05
ANTX-000138122,AN-C000532,100000532,1,4,4,1,2023-03-04 21:32:14.000,Western|Takoradi,DEV-001675,5653.1
ANTX-000138123,AN-C000532,100000532,1,3,6,1,2023-03-16 10:10:10.000,Western|Takoradi,DEV-001675,1365.33
ANTX-000138124,AN-C000532,100000532,1,1,5,1,2023-03-24 16:35:07.000,Western|Takoradi,DEV-001675,515.99
ANTX-000138125,AN-C000532,100000532,1,3,8,1,2023-03-01 07:27:04.000,Western|Takoradi,DEV-001675,623.12
ANTX-000138126,AN-C000532,100000532,1,1,1,1,2023-03-11 09:31:05.000,Western|Takoradi,DEV-001675,2650.59
ANTX-000138127,AN-C000532,100000532,2,2,1,1,2023-03-02 06:54:07.000,Western|Takoradi,DEV-001675,27.13
ANTX-000138128,AN-C000532,100000532,1,3,5,1,2023-03-10 16:30:29.000,Northern|Tamale,DEV-001675,300.07
ANTX-000138129,AN-C000532,100000532,1,1,3,1,2023-03-30 18:08:38.000,Western|Takoradi,DEV-001675,496.52
ANTX-000138130,AN-C000532,100000532,1,1,2,1,2023-03-04 20:10:47.000,Western|Takoradi,DEV-001675,903.15
ANTX-000138131,AN-C000532,100000532,1,1,1,1,2023-03-30 16:16:54.000,Western|Takoradi,DEV-001675,1366.55
ANTX-000138132,AN-C000532,100000532,1,1,1,1,2023-03-04 20:32:44.000,Western|Takoradi,DEV-001675,1417.49
ANTX-000138133,AN-C000532,100000532,1,3,2,1,2023-03-15 16:09:15.000,Volta|Keta,DEV-001675,1551.02
ANTX-000138134,AN-C000532,100000532,1,1,4,1,2023-03-13 12:34:35.000,Western|Takoradi,DEV-001675,1235.79
ANTX-000138135,AN-C000532,100000532,1,4,4,1,2023-03-27 20:08:39.000,Western|Takoradi,DEV-001675,3555.66
ANTX-000138136,AN-C000532,100000532,1,2,1,1,2023-03-14 16:56:09.000,Western|Takoradi,DEV-001675,1171.05
ANTX-000138137,AN-C000532,100000532,1,1,1,1,2023-03-29 06:47:05.000,Western|Takoradi,DEV-001675,3150.75
ANTX-000138138,AN-C000532,100000532,1,1,4,1,2023-03-16 01:39:44.000,Western|Takoradi,DEV-001675,3423.3
ANTX-000141111,AN-C000547,100000547,1,1,2,1,2023-01-28 21:49:45.000,Volta|Keta,DEV-002795,195.19
ANTX-000141112,AN-C000547,100000547,1,1,4,1,2023-01-29 17:58:27.000,Volta|Keta,DEV-002795,97.89
ANTX-000141113,AN-C000547,100000547,1,3,2,1,2023-01-28 08:48:11.000,Volta|Keta,DEV-002795,1194.17
ANTX-000141114,AN-C000547,100000547,1,4,3,1,2023-01-31 11:10:51.000,Volta|Keta,DEV-002795,5593.63
ANTX-000141115,AN-C000547,100000547,1,3,3,1,2023-02-03 12:07:35.000,Western|Takoradi,DEV-002795,431.3
ANTX-000141116,AN-C000547,100000547,1,3,6,1,2023-02-06 08:49:49.000,Volta|Keta,DEV-002795,1168.5
ANTX-000141117,AN-C000547,100000547,1,2,1,1,2023-03-11 11:21:06.000,Volta|Keta,DEV-002795,77.53
ANTX-000141118,AN-C000547,100000547,1,3,8,1,2023-03-05 17:43:27.000,Volta|Keta,DEV-002795,11.82
ANTX-000143750,AN-C000552,100000552,1,1,7,1,2023-03-31 18:19:11.000,Eastern|Akropong,DEV-004089,2498.17
ANTX-000143751,AN-C000552,100000552,1,2,8,1,2023-03-26 17:20:50.000,Eastern|Akropong,DEV-004089,3220.28
ANTX-000143752,AN-C000552,100000552,1,1,3,1,2023-03-28 20:34:30.000,Eastern|Akropong,DEV-004089,228.18
ANTX-000143753,AN-C000552,100000552,1,3,8,1,2023-03-29 09:08:36.000,Eastern|Akropong,DEV-004089,12.22
ANTX-000143754,AN-C000552,100000552,1,3,3,1,2023-03-25 10:20:12.000,Eastern|Akropong,DEV-004089,1694.33
ANTX-000143755,AN-C000552,100000552,1,1,2,1,2023-03-27 13:28:05.000,Eastern|Akropong,DEV-004089,2015.17
ANTX-000143756,AN-C000552,100000552,1,1,3,1,2023-03-29 19:17:00.000,Eastern|Akropong,DEV-004089,643.84
ANTX-000143757,AN-C000552,100000552,1,2,8,1,2023-03-24 20:27:12.000,Eastern|Akropong,DEV-004089,2422.4
ANTX-000143758,AN-C000552,100000552,1,3,6,1,2023-03-20 10:05:18.000,Eastern|Akropong,DEV-004089,556.58
ANTX-000143759,AN-C000552,100000552,1,3,3,1,2023-03-23 11:08:58.000,Eastern|Akropong,DEV-004089,276.07
ANTX-000144346,AN-C000553,100000553,1,2,7,1,2023-01-28 15:06:39.000,Central|Elmina,DEV-002165,1925.96
ANTX-000144347,AN-C000553,100000553,1,1,8,1,2023-01-31 17:08:39.000,Central|Elmina,DEV-002165,1036.83
ANTX-000144348,AN-C000553,100000553,1,3,4,1,2023-01-29 20:21:43.000,Central|Elmina,DEV-002165,1055.89
ANTX-000144349,AN-C000553,100000553,1,3,3,1,2023-01-29 10:24:53.000,Central|Elmina,DEV-002165,761.07
ANTX-000144350,AN-C000553,100000553,1,1,5,1,2023-01-29 22:02:59.000,Central|Elmina,DEV-002165,526.88
ANTX-000144351,AN-C000553,100000553,1,1,3,1,2023-01-28 09:16:34.000,Central|Elmina,DEV-002165,561.62
ANTX-000144352,AN-C000553,100000553,1,1,6,1,2023-01-30 19:53:28.000,Central|Elmina,DEV-002165,273.05
ANTX-000144353,AN-C000553,100000553,1,2,8,1,2023-01-27 11:25:48.000,Central|Elmina,DEV-002165,27.5
ANTX-000144354,AN-C000553,100000553,1,3,4,1,2023-02-06 19:17:38.000,Central|Elmina,DEV-002165,1945.81
ANTX-000144355,AN-C000553,100000553,1,4,3,1,2023-02-22 09:39:23.000,Central|Elmina,DEV-002165,541.2
ANTX-000144356,AN-C000553,100000553,1,1,3,1,2023-03-10 21:25:30.000,Central|Elmina,DEV-002165,2210.84
ANTX-000144357,AN-C000553,100000553,1,2,2,1,2023-03-07 16:19:46.000,Central|Elmina,DEV-002165,3747.89
ANTX-000144358,AN-C000553,100000553,1,2,1,1,2023-03-13 12:26:08.000,Central|Elmina,DEV-002165,72.08
ANTX-000144359,AN-C000553,100000553,2,3,8,1,2023-03-30 17:48:31.000,Central|Elmina,DEV-002165,1328.64
ANTX-000144360,AN-C000553,100000553,1,1,3,1,2023-03-27 09:17:12.000,Central|Elmina,DEV-002165,2692.0
ANTX-000144361,AN-C000553,100000553,1,4,6,1,2023-03-02 11:35:59.000,Central|Elmina,DEV-002165,8215.99
ANTX-000148279,AN-C000568,100000568,1,3,6,1,2023-03-30 20:02:37.000,Oti|Jasikan,DEV-000370,307.04
ANTX-000154060,AN-C000595,100000595,1,1,8,1,2023-02-10 21:36:46.000,Greater Accra|Kasoa,DEV-002849,1875.03
ANTX-000154061,AN-C000595,100000595,1,1,2,1,2023-03-19 20:03:58.000,Greater Accra|Kasoa,DEV-002849,1018.13
ANTX-000154690,AN-C000598,100000598,1,1,1,1,2023-02-28 14:44:09.000,Upper West|Lawra,DEV-003331,2208.49
ANTX-000154691,AN-C000598,100000598,1,2,8,1,2023-02-27 07:01:03.000,Upper West|Lawra,DEV-003331,20.06
ANTX-000154692,AN-C000598,100000598,1,2,4,1,2023-03-09 09:24:55.000,Upper West|Lawra,DEV-003331,482.83
ANTX-000154693,AN-C000598,100000598,1,1,2,1,2023-03-07 21:42:30.000,Upper West|Lawra,DEV-003331,1098.94
ANTX-000154694,AN-C000598,100000598,1,2,5,1,2023-03-12 15:30:34.000,Upper West|Lawra,DEV-003331,306.45
ANTX-000155606,AN-C000604,100000604,1,3,2,1,2023-02-26 09:08:03.000,Northern|Tamale,DEV-002229,21.67
ANTX-000155607,AN-C000604,100000604,1,3,1,1,2023-02-04 11:54:42.000,Northern|Tamale,DEV-002229,818.98
ANTX-000156871,AN-C000606,100000606,1,4,4,1,2023-01-26 18:51:45.000,Western|Takoradi,DEV-002377,25.71
ANTX-000156872,AN-C000606,100000606,1,3,3,1,2023-02-24 22:24:04.000,Western|Takoradi,DEV-002377,586.52
ANTX-000156873,AN-C000606,100000606,1,2,6,1,2023-02-24 18:33:29.000,Western|Takoradi,DEV-002377,2345.96
ANTX-000156874,AN-C000606,100000606,2,3,8,1,2023-03-29 09:17:01.000,Western|Takoradi,DEV-002377,151.69
ANTX-000156875,AN-C000606,100000606,1,1,2,1,2023-03-29 14:05:10.000,Western|Takoradi,DEV-002377,1713.85
ANTX-000156876,AN-C000606,100000606,1,2,5,1,2023-03-15 19:27:58.000,Western|Takoradi,DEV-002377,1470.41
ANTX-000156877,AN-C000606,100000606,1,2,6,1,2023-03-12 10:27:18.000,Western|Takoradi,DEV-002377,2655.02
ANTX-000156878,AN-C000606,100000606,1,4,6,1,2023-03-04 17:36:46.000,Western|Takoradi,DEV-002377,4622.19
ANTX-000162913,AN-C000624,100000624,1,3,6,1,2023-01-25 15:56:25.000,Eastern|Akropong,DEV-001792,225.13
ANTX-000162914,AN-C000624,100000624,1,1,5,1,2023-03-24 07:23:04.000,Eastern|Akropong,DEV-001792,1400.65
ANTX-000165730,AN-C000635,100000635,1,1,2,1,2023-03-30 18:46:54.000,Central|Winneba,DEV-000591,214.28
ANTX-000165731,AN-C000635,100000635,1,4,3,1,2023-03-23 13:07:54.000,Central|Winneba,DEV-000591,529.96
ANTX-000165732,AN-C000635,100000635,1,1,2,1,2023-03-29 19:40:28.000,Central|Winneba,DEV-000591,22.4
ANTX-000165733,AN-C000635,100000635,1,4,8,1,2023-03-23 17:37:40.000,Central|Winneba,DEV-000591,319.5
ANTX-000166681,AN-C000636,100000636,1,2,6,1,2023-02-12 16:46:23.000,Central|Cape Coast,DEV-003474,1584.49
ANTX-000166682,AN-C000636,100000636,1,4,6,1,2023-02-16 13:32:02.000,Upper East|Bolgatanga,DEV-003474,1400.43
ANTX-000166683,AN-C000636,100000636,1,4,4,1,2023-02-05 09:20:01.000,Upper East|Bolgatanga,DEV-003474,1021.92
ANTX-000166684,AN-C000636,100000636,1,3,8,1,2023-03-09 10:46:39.000,Greater Accra|Madina,DEV-003474,220.47
ANTX-000166685,AN-C000636,100000636,1,1,6,1,2023-03-21 12:00:11.000,Upper East|Bolgatanga,DEV-003474,61.94
ANTX-000176987,AN-C000669,100000669,1,1,3,1,2023-01-24 11:04:43.000,Western|Takoradi,DEV-002103,369.24
ANTX-000176988,AN-C000669,100000669,1,2,1,1,2023-01-25 15:30:19.000,Western|Takoradi,DEV-002103,4029.46
ANTX-000176989,AN-C000669,100000669,1,3,3,1,2023-01-28 17:25:16.000,Western|Takoradi,DEV-002103,1328.14
ANTX-000176990,AN-C000669,100000669,1,2,8,1,2023-01-25 15:38:11.000,Western|Takoradi,DEV-002103,3153.47
ANTX-000176991,AN-C000669,100000669,1,4,4,1,2023-01-28 19:49:08.000,Western|Takoradi,DEV-002103,3935.41
ANTX-000176992,AN-C000669,100000669,1,2,3,1,2023-02-23 09:36:26.000,Greater Accra|Tema,DEV-002103,4814.69
ANTX-000176993,AN-C000669,100000669,1,3,3,1,2023-02-27 19:44:12.000,Western|Takoradi,DEV-002103,568.38
ANTX-000176994,AN-C000669,100000669,1,3,6,1,2023-02-10 15:42:50.000,Western|Takoradi,DEV-002103,315.68
ANTX-000176995,AN-C000669,100000669,1,2,1,1,2023-02-27 10:39:55.000,Western|Takoradi,DEV-002103,4714.85
ANTX-000176996,AN-C000669,100000669,1,1,5,1,2023-02-18 17:29:19.000,Western|Takoradi,DEV-002103,733.14
ANTX-000176997,AN-C000669,100000669,1,4,5,1,2023-02-23 18:17:20.000,Western|Takoradi,DEV-002103,3715.83
ANTX-000176998,AN-C000669,100000669,2,3,5,1,2023-02-14 13:09:54.000,Greater Accra|Madina,DEV-002103,311.18
ANTX-000176999,AN-C000669,100000669,1,4,5,1,2023-03-28 07:45:25.000,Western|Takoradi,DEV-002103,3812.24
ANTX-000177000,AN-C000669,100000669,1,3,3,1,2023-03-16 23:14:53.000,Western|Takoradi,DEV-002103,23.49
ANTX-000177001,AN-C000669,100000669,1,3,4,1,2023-03-18 06:41:30.000,Western|Takoradi,DEV-002103,1100.09
ANTX-000177002,AN-C000669,100000669,1,1,7,1,2023-03-09 17:12:32.000,Western|Takoradi,DEV-002103,1947.7
ANTX-000177003,AN-C000669,100000669,1,1,4,1,2023-03-21 20:40:46.000,Western|Takoradi,DEV-002103,435.33
ANTX-000177004,AN-C000669,100000669,1,1,1,1,2023-03-30 08:17:35.000,Western|Takoradi,DEV-002103,2646.44
ANTX-000177005,AN-C000669,100000669,1,1,8,1,2023-03-06 16:22:51.000,Western|Takoradi,DEV-002103,1695.15
ANTX-000177006,AN-C000669,100000669,1,1,6,1,2023-03-24 12:51:40.000,Western|Takoradi,DEV-002103,2116.31
ANTX-000177007,AN-C000669,100000669,2,2,5,1,2023-03-18 19:49:34.000,Western|Takoradi,DEV-002103,654.89
ANTX-000177008,AN-C000669,100000669,1,3,8,1,2023-03-22 23:00:07.000,Western|Takoradi,DEV-002103,799.75
ANTX-000177009,AN-C000669,100000669,1,4,1,1,2023-03-14 13:10:19.000,Western|Takoradi,DEV-002103,4466.72
ANTX-000177010,AN-C000669,100000669,1,2,5,1,2023-03-22 17:10:28.000,Eastern|Nkawkaw,DEV-002103,430.87
ANTX-000179580,AN-C000678,100000678,1,2,1,1,2023-01-27 18:35:22.000,Volta|Hohoe,DEV-004094,1476.39
ANTX-000179581,AN-C000678,100000678,1,3,4,1,2023-01-16 18:54:52.000,Volta|Hohoe,DEV-004094,75.59
ANTX-000179582,AN-C000678,100000678,1,3,7,1,2023-01-17 20:55:45.000,Volta|Hohoe,DEV-004094,543.78
ANTX-000179583,AN-C000678,100000678,1,2,5,1,2023-01-20 10:08:05.000,Volta|Hohoe,DEV-004094,4284.21
ANTX-000179584,AN-C000678,100000678,1,1,7,1,2023-02-08 22:45:33.000,Volta|Hohoe,DEV-004094,66.07
ANTX-000179585,AN-C000678,100000678,1,4,8,1,2023-02-14 21:50:09.000,Volta|Hohoe,DEV-004094,2808.74
ANTX-000179586,AN-C000678,100000678,1,1,6,1,2023-02-02 01:26:31.000,Volta|Hohoe,DEV-004094,24.94
ANTX-000187164,AN-C000709,100000709,1,3,3,1,2023-02-24 17:48:04.000,Ashanti|Kumasi,DEV-000595,889.22
ANTX-000187165,AN-C000709,100000709,1,2,6,1,2023-02-12 15:47:21.000,Ashanti|Kumasi,DEV-000595,617.66
ANTX-000187166,AN-C000709,100000709,1,4,2,1,2023-02-10 09:59:12.000,Ashanti|Kumasi,DEV-000595,7322.36
ANTX-000187167,AN-C000709,100000709,1,4,2,1,2023-02-14 14:28:05.000,Ashanti|Kumasi,DEV-000595,4708.06
ANTX-000187168,AN-C000709,100000709,1,1,2,1,2023-02-23 14:47:17.000,Ashanti|Kumasi,DEV-000595,3352.27
ANTX-000187169,AN-C000709,100000709,1,3,8,1,2023-02-24 15:22:16.000,Ashanti|Kumasi,DEV-000595,431.06
ANTX-000187170,AN-C000709,100000709,1,1,7,1,2023-02-16 19:06:52.000,Ashanti|Kumasi,DEV-000595,2738.52
ANTX-000187171,AN-C000709,100000709,1,4,5,1,2023-02-13 14:41:00.000,Ashanti|Kumasi,DEV-000595,5279.52
ANTX-000187172,AN-C000709,100000709,1,1,6,1,2023-02-21 15:14:23.000,Ashanti|Kumasi,DEV-000595,1047.26
ANTX-000187173,AN-C000709,100000709,1,2,3,1,2023-03-09 14:57:19.000,Ashanti|Kumasi,DEV-000595,1340.79
ANTX-000187174,AN-C000709,100000709,1,1,6,1,2023-03-03 09:28:36.000,Ashanti|Kumasi,DEV-000595,1383.35
ANTX-000187175,AN-C000709,100000709,1,3,5,1,2023-03-14 14:08:57.000,Ashanti|Kumasi,DEV-000595,178.13
ANTX-000187176,AN-C000709,100000709,1,4,4,1,2023-03-15 15:38:41.000,Ashanti|Kumasi,DEV-000595,6653.71
ANTX-000187177,AN-C000709,100000709,1,3,3,1,2023-03-03 18:53:40.000,Ashanti|Kumasi,DEV-000595,12.5
ANTX-000187178,AN-C000709,100000709,1,1,5,1,2023-03-06 12:41:03.000,Ashanti|Kumasi,DEV-000595,2655.96
ANTX-000187179,AN-C000709,100000709,1,4,6,1,2023-03-19 09:33:51.000,Ashanti|Kumasi,DEV-000595,5916.32
ANTX-000187180,AN-C000709,100000709,1,2,7,1,2023-03-31 23:42:14.000,Ashanti|Kumasi,DEV-000595,3465.31
ANTX-000187181,AN-C000709,100000709,1,1,3,1,2023-03-25 16:56:42.000,Ashanti|Kumasi,DEV-000595,36.82
ANTX-000187182,AN-C000709,100000709,1,4,6,1,2023-03-15 16:37:20.000,Ashanti|Kumasi,DEV-000595,8135.44
ANTX-000187183,AN-C000709,100000709,1,3,2,1,2023-03-20 08:33:50.000,Ashanti|Kumasi,DEV-000595,222.56
ANTX-000187184,AN-C000709,100000709,1,1,8,1,2023-03-04 22:14:12.000,Ashanti|Kumasi,DEV-000595,38.75
ANTX-000187185,AN-C000709,100000709,1,2,5,1,2023-03-29 09:31:58.000,Ashanti|Kumasi,DEV-000595,4258.55
ANTX-000187186,AN-C000709,100000709,1,1,1,1,2023-03-11 07:42:06.000,Ashanti|Kumasi,DEV-000595,1490.75
ANTX-000187187,AN-C000709,100000709,1,4,4,1,2023-03-23 09:39:07.000,Ashanti|Kumasi,DEV-000595,44.81
ANTX-000187188,AN-C000709,100000709,1,1,3,1,2023-03-29 03:20:38.000,Ashanti|Kumasi,DEV-000595,1005.31
ANTX-000187189,AN-C000709,100000709,1,4,4,1,2023-03-08 23:21:06.000,Ashanti|Kumasi,DEV-000595,8595.28
ANTX-000187190,AN-C000709,100000709,1,2,1,1,2023-03-03 14:57:12.000,Ashanti|Kumasi,DEV-000595,686.85
ANTX-000187191,AN-C000709,100000709,1,1,2,1,2023-03-19 12:41:32.000,Ashanti|Kumasi,DEV-000595,30.79
ANTX-000187192,AN-C000709,100000709,1,2,6,1,2023-03-02 06:08:18.000,Ashanti|Kumasi,DEV-000595,2382.12
ANTX-000190667,AN-C000725,100000725,1,2,8,1,2023-02-27 04:32:54.000,Northern|Yendi,DEV-003994,3247.67
ANTX-000190668,AN-C000725,100000725,1,2,8,1,2023-02-28 17:38:51.000,Northern|Yendi,DEV-003994,906.46
ANTX-000190669,AN-C000725,100000725,1,3,1,1,2023-03-14 19:41:07.000,Northern|Yendi,DEV-003994,1838.68
ANTX-000190670,AN-C000725,100000725,1,1,5,1,2023-03-17 13:07:44.000,Northern|Yendi,DEV-003994,811.08
ANTX-000190671,AN-C000725,100000725,1,1,6,1,2023-03-30 23:52:57.000,Northern|Yendi,DEV-003994,1659.82
ANTX-000190672,AN-C000725,100000725,1,1,2,1,2023-03-04 16:05:10.000,Northern|Yendi,DEV-003994,1044.01
ANTX-000190673,AN-C000725,100000725,1,3,4,1,2023-03-20 20:21:43.000,Northern|Yendi,DEV-003994,202.88
ANTX-000190674,AN-C000725,100000725,1,4,1,1,2023-03-23 19:29:16.000,Northern|Yendi,DEV-003994,4006.24
ANTX-000192896,AN-C000732,100000732,1,3,5,1,2023-02-19 22:20:48.000,Greater Accra|Tema,DEV-000653,1219.48
ANTX-000192897,AN-C000732,100000732,1,2,7,1,2023-02-12 08:38:34.000,Bono East|Kintampo,DEV-000653,1836.9
ANTX-000192898,AN-C000732,100000732,1,1,8,1,2023-02-19 23:07:21.000,Bono East|Kintampo,DEV-000653,2459.98
ANTX-000192899,AN-C000732,100000732,1,3,6,1,2023-02-09 09:38:19.000,Bono East|Kintampo,DEV-000653,25.88
ANTX-000192900,AN-C000732,100000732,2,3,4,1,2023-02-23 20:10:37.000,Greater Accra|Madina,DEV-000653,990.02
ANTX-000192901,AN-C000732,100000732,1,1,4,1,2023-02-09 11:58:35.000,Bono East|Kintampo,DEV-000653,2111.38
ANTX-000192902,AN-C000732,100000732,1,3,4,1,2023-02-15 12:54:01.000,Bono East|Kintampo,DEV-000653,137.78
ANTX-000192903,AN-C000732,100000732,1,2,4,1,2023-02-28 08:54:16.000,Bono East|Kintampo,DEV-000653,157.51
ANTX-000192904,AN-C000732,100000732,1,2,7,1,2023-02-13 23:52:15.000,Bono East|Kintampo,DEV-000653,77.55
ANTX-000192905,AN-C000732,100000732,1,2,1,1,2023-03-04 14:41:10.000,Bono East|Kintampo,DEV-000653,895.77
ANTX-000192906,AN-C000732,100000732,1,2,2,1,2023-03-25 09:48:41.000,Bono East|Kintampo,DEV-000653,4356.85
ANTX-000192907,AN-C000732,100000732,1,1,6,1,2023-03-20 21:52:58.000,Bono East|Kintampo,DEV-000653,414.1
ANTX-000192908,AN-C000732,100000732,1,1,8,1,2023-03-10 23:56:31.000,Bono East|Kintampo,DEV-000653,558.32
ANTX-000192909,AN-C000732,100000732,1,4,6,1,2023-03-02 11:24:16.000,Bono East|Kintampo,DEV-000653,5737.14
ANTX-000192910,AN-C000732,100000732,1,1,8,1,2023-03-26 22:41:24.000,Bono East|Kintampo,DEV-000653,2206.38
ANTX-000192911,AN-C000732,100000732,1,2,5,1,2023-03-19 14:33:31.000,Bono East|Kintampo,DEV-000653,75.09
ANTX-000192912,AN-C000732,100000732,1,1,8,1,2023-03-21 21:02:50.000,Bono East|Kintampo,DEV-000653,1250.32
ANTX-000192913,AN-C000732,100000732,1,1,1,1,2023-03-25 12:29:56.000,Bono East|Kintampo,DEV-000653,84.43
ANTX-000192914,AN-C000732,100000732,2,1,1,1,2023-03-26 11:08:29.000,Bono East|Kintampo,DEV-000653,26.67
ANTX-000192915,AN-C000732,100000732,1,3,1,1,2023-03-30 12:15:34.000,Bono East|Kintampo,DEV-000653,259.83
ANTX-000192916,AN-C000732,100000732,1,3,6,1,2023-03-08 11:14:13.000,Bono East|Kintampo,DEV-000653,1178.48
ANTX-000192917,AN-C000732,100000732,1,3,7,1,2023-03-14 13:33:21.000,Bono East|Kintampo,DEV-000653,2143.83
ANTX-000192918,AN-C000732,100000732,1,1,7,1,2023-03-09 14:01:59.000,Ashanti|Ejisu,DEV-000653,1994.56
ANTX-000192919,AN-C000732,100000732,1,1,8,1,2023-03-30 15:20:43.000,Bono East|Kintampo,DEV-000653,225.38
ANTX-000192920,AN-C000732,100000732,1,3,7,1,2023-03-04 16:53:33.000,Bono East|Kintampo,DEV-000653,505.17
ANTX-000192921,AN-C000732,100000732,2,1,4,1,2023-03-23 05:02:25.000,Bono East|Kintampo,DEV-000653,3411.31
ANTX-000192922,AN-C000732,100000732,1,4,6,1,2023-03-06 19:02:14.000,Ashanti|Kumasi,DEV-000653,5309.44
ANTX-000198828,AN-C000755,100000755,1,4,8,1,2023-02-21 12:04:17.000,Upper West|Wa,DEV-001497,6825.96
ANTX-000198829,AN-C000755,100000755,1,2,4,1,2023-02-22 22:21:27.000,Upper West|Wa,DEV-001497,167.83
ANTX-000198830,AN-C000755,100000755,1,1,4,1,2023-02-20 16:13:22.000,Upper West|Wa,DEV-001497,2907.54
ANTX-000198831,AN-C000755,100000755,1,4,6,1,2023-03-13 16:28:15.000,Upper West|Wa,DEV-001497,4950.1
ANTX-000198832,AN-C000755,100000755,1,3,4,1,2023-03-17 05:59:57.000,Upper West|Wa,DEV-001497,95.86
ANTX-000198833,AN-C000755,100000755,1,3,4,1,2023-03-24 11:57:39.000,Upper West|Wa,DEV-001497,868.05
ANTX-000198834,AN-C000755,100000755,1,3,6,1,2023-03-05 10:18:02.000,Upper West|Wa,DEV-001497,260.13
ANTX-000198835,AN-C000755,100000755,1,3,8,1,2023-03-25 14:14:53.000,Upper West|Wa,DEV-001497,31.81
ANTX-000198836,AN-C000755,100000755,1,1,3,1,2023-03-14 06:19:14.000,Upper West|Wa,DEV-001497,2324.98
ANTX-000198837,AN-C000755,100000755,1,2,6,1,2023-03-02 19:29:26.000,Upper West|Wa,DEV-001497,1997.54
ANTX-000198838,AN-C000755,100000755,1,3,7,1,2023-03-23 17:55:46.000,Upper West|Wa,DEV-001497,533.45
ANTX-000199445,AN-C000763,100000763,1,3,1,1,2023-03-25 15:54:46.000,Eastern|Koforidua,DEV-001878,21.47
ANTX-000199446,AN-C000763,100000763,1,1,3,1,2023-03-26 11:05:10.000,Eastern|Koforidua,DEV-001878,3431.62
ANTX-000199447,AN-C000763,100000763,1,1,4,1,2023-03-26 22:35:17.000,Eastern|Koforidua,DEV-001878,1854.3
ANTX-000199448,AN-C000763,100000763,1,1,7,1,2023-03-24 11:07:24.000,Eastern|Koforidua,DEV-001878,173.36
ANTX-000199449,AN-C000763,100000763,1,1,2,1,2023-03-30 02:49:20.000,Eastern|Koforidua,DEV-001878,2788.67
ANTX-000199450,AN-C000763,100000763,1,1,8,1,2023-03-29 14:41:12.000,Eastern|Koforidua,DEV-001878,1926.86
ANTX-000199451,AN-C000763,100000763,1,1,1,1,2023-03-18 22:10:27.000,Eastern|Koforidua,DEV-001878,2105.22
ANTX-000199452,AN-C000763,100000763,1,3,4,1,2023-03-31 16:12:42.000,Eastern|Koforidua,DEV-001878,424.77
ANTX-000199453,AN-C000763,100000763,1,1,2,1,2023-03-20 17:58:39.000,Eastern|Koforidua,DEV-001878,597.03
ANTX-000199454,AN-C000763,100000763,1,1,3,1,2023-03-29 17:52:59.000,Eastern|Koforidua,DEV-001878,2232.0
ANTX-000199455,AN-C000763,100000763,1,2,3,1,2023-03-31 13:10:11.000,Eastern|Koforidua,DEV-001878,1715.27
ANTX-000199456,AN-C000763,100000763,1,2,4,1,2023-03-30 09:01:17.000,Eastern|Koforidua,DEV-001878,129.11
ANTX-000204292,AN-C000779,100000779,1,2,1,1,2023-01-24 18:10:36.000,Eastern|Nkawkaw,DEV-002762,2782.28
ANTX-000204293,AN-C000779,100000779,1,2,1,1,2023-01-26 16:02:28.000,Eastern|Nkawkaw,DEV-002762,123.63
ANTX-000204294,AN-C000779,100000779,1,3,2,1,2023-01-31 23:17:58.000,Eastern|Nkawkaw,DEV-002762,1476.62
ANTX-000204295,AN-C000779,100000779,1,1,3,1,2023-01-24 12:26:45.000,Eastern|Nkawkaw,DEV-002762,1521.7
ANTX-000204296,AN-C000779,100000779,1,3,1,1,2023-02-21 20:23:51.000,Eastern|Nkawkaw,DEV-002762,172.21
ANTX-000213186,AN-C000808,100000808,1,1,5,1,2023-03-26 16:58:01.000,Northern|Savelugu,DEV-000691,136.48
ANTX-000213187,AN-C000808,100000808,1,1,1,1,2023-03-29 12:38:05.000,Northern|Savelugu,DEV-000691,1882.26
ANTX-000214003,AN-C000810,100000810,1,2,1,1,2023-01-31 14:12:03.000,Ashanti|Obuasi,DEV-002498,445.13
ANTX-000214004,AN-C000810,100000810,1,1,6,1,2023-01-31 12:52:16.000,Ashanti|Obuasi,DEV-002498,2100.66
ANTX-000214005,AN-C000810,100000810,2,2,8,1,2023-01-30 17:08:20.000,Ashanti|Obuasi,DEV-002498,1551.89
ANTX-000214006,AN-C000810,100000810,1,2,8,1,2023-01-30 22:31:44.000,Ashanti|Obuasi,DEV-002498,170.5
ANTX-000214007,AN-C000810,100000810,1,1,7,1,2023-01-30 19:24:00.000,Ashanti|Obuasi,DEV-002498,2564.51
ANTX-000214008,AN-C000810,100000810,2,2,4,1,2023-02-11 19:28:29.000,Ashanti|Obuasi,DEV-002498,1123.69
ANTX-000214009,AN-C000810,100000810,1,3,2,1,2023-02-24 11:24:14.000,Ashanti|Obuasi,DEV-002498,1623.94
ANTX-000214010,AN-C000810,100000810,1,1,3,1,2023-02-14 18:24:10.000,Ashanti|Obuasi,DEV-002498,1128.92
ANTX-000214011,AN-C000810,100000810,1,2,2,1,2023-02-24 09:35:36.000,Ashanti|Obuasi,DEV-002498,1076.49
ANTX-000214012,AN-C000810,100000810,1,1,8,1,2023-02-18 19:13:13.000,Ashanti|Obuasi,DEV-002498,176.65
ANTX-000214013,AN-C000810,100000810,1,2,7,1,2023-02-01 09:28:11.000,Ashanti|Obuasi,DEV-002498,2807.67
ANTX-000214014,AN-C000810,100000810,1,2,3,1,2023-03-13 20:55:55.000,Ashanti|Obuasi,DEV-002498,3181.11
ANTX-000214015,AN-C000810,100000810,1,4,4,1,2023-03-07 06:11:14.000,Ashanti|Obuasi,DEV-002498,3232.49
ANTX-000214016,AN-C000810,100000810,1,1,2,1,2023-03-03 13:43:52.000,Ashanti|Obuasi,DEV-002498,189.85
ANTX-000214017,AN-C000810,100000810,1,2,6,1,2023-03-30 15:50:10.000,Ashanti|Obuasi,DEV-002498,1784.05
ANTX-000214018,AN-C000810,100000810,1,2,8,1,2023-03-24 09:43:33.000,Ashanti|Obuasi,DEV-002498,1773.31
ANTX-000214019,AN-C000810,100000810,1,4,8,1,2023-03-16 13:44:13.000,Ashanti|Obuasi,DEV-002498,8653.79
ANTX-000214020,AN-C000810,100000810,1,3,5,1,2023-03-16 01:12:03.000,Ashanti|Obuasi,DEV-002498,46.82
ANTX-000215189,AN-C000818,100000818,1,1,5,1,2023-03-31 13:18:45.000,Western|Takoradi,DEV-000220,67.48
ANTX-000223563,AN-C000853,100000853,1,1,3,1,2023-01-14 17:43:16.000,Volta|Hohoe,DEV-003020,1107.17
ANTX-000223564,AN-C000853,100000853,1,4,4,1,2023-02-08 17:41:03.000,Volta|Hohoe,DEV-003020,2967.64
ANTX-000223565,AN-C000853,100000853,1,2,7,1,2023-03-21 11:52:40.000,Volta|Hohoe,DEV-003020,1037.16
ANTX-000223566,AN-C000853,100000853,1,1,2,1,2023-03-04 13:45:11.000,Volta|Hohoe,DEV-003020,998.15
ANTX-000224208,AN-C000857,100000857,1,1,5,1,2023-02-25 12:46:35.000,Greater Accra|Madina,DEV-002947,2262.27
ANTX-000227145,AN-C000867,100000867,1,3,8,1,2023-01-28 18:08:13.000,Eastern|Nkawkaw,DEV-000839,1654.02
ANTX-000227146,AN-C000867,100000867,1,3,2,1,2023-01-29 23:49:03.000,Eastern|Nkawkaw,DEV-000839,230.97
ANTX-000227147,AN-C000867,100000867,2,1,4,1,2023-01-27 17:17:58.000,Eastern|Nkawkaw,DEV-000839,3245.84
ANTX-000227148,AN-C000867,100000867,1,1,1,1,2023-01-25 17:33:11.000,Eastern|Nkawkaw,DEV-000839,304.43
ANTX-000227149,AN-C000867,100000867,1,3,8,1,2023-02-11 10:29:13.000,Eastern|Nkawkaw,DEV-000839,532.5
ANTX-000227150,AN-C000867,100000867,1,2,1,1,2023-02-07 10:23:32.000,Eastern|Nkawkaw,DEV-000839,4531.48
ANTX-000227151,AN-C000867,100000867,1,1,5,1,2023-02-27 22:13:12.000,Eastern|Nkawkaw,DEV-000839,1933.28
ANTX-000227152,AN-C000867,100000867,1,2,5,1,2023-02-05 00:51:37.000,Eastern|Nkawkaw,DEV-000839,26.79
ANTX-000227153,AN-C000867,100000867,1,2,2,1,2023-02-21 22:55:25.000,Eastern|Nkawkaw,DEV-000839,990.76
ANTX-000227154,AN-C000867,100000867,1,1,3,1,2023-02-12 10:31:33.000,Eastern|Nkawkaw,DEV-000839,937.51
ANTX-000227155,AN-C000867,100000867,1,1,7,1,2023-02-26 08:17:14.000,Eastern|Nkawkaw,DEV-000839,3041.44
ANTX-000227156,AN-C000867,100000867,1,3,2,1,2023-03-18 16:23:04.000,Eastern|Nkawkaw,DEV-000839,440.1
ANTX-000227157,AN-C000867,100000867,1,1,4,1,2023-03-24 17:21:10.000,Eastern|Nkawkaw,DEV-000839,261.47
ANTX-000227158,AN-C000867,100000867,1,2,1,1,2023-03-21 20:31:08.000,Eastern|Nkawkaw,DEV-000839,945.04
ANTX-000227159,AN-C000867,100000867,1,1,8,1,2023-03-27 10:26:30.000,Eastern|Nkawkaw,DEV-000839,890.67
ANTX-000227160,AN-C000867,100000867,1,2,5,1,2023-03-11 16:10:33.000,Eastern|Nkawkaw,DEV-000839,26.05
ANTX-000227161,AN-C000867,100000867,1,3,6,1,2023-03-25 06:34:53.000,Eastern|Nkawkaw,DEV-000839,394.34
ANTX-000227162,AN-C000867,100000867,1,3,2,1,2023-03-25 16:49:17.000,Eastern|Nkawkaw,DEV-000839,567.22
ANTX-000227163,AN-C000867,100000867,2,3,7,1,2023-03-12 16:59:16.000,Eastern|Nkawkaw,DEV-000839,166.53
ANTX-000227164,AN-C000867,100000867,1,4,6,1,2023-03-16 08:58:58.000,Eastern|Nkawkaw,DEV-000839,1555.79
ANTX-000227165,AN-C000867,100000867,1,2,7,1,2023-03-19 14:44:52.000,Greater Accra|Accra,DEV-000839,1539.15
ANTX-000230110,AN-C000878,100000878,3,1,7,1,2023-02-25 17:06:47.000,Bono East|Kintampo,DEV-003336,1931.05
ANTX-000230111,AN-C000878,100000878,1,2,3,1,2023-03-08 20:32:39.000,Bono East|Kintampo,DEV-003336,271.2
ANTX-000230143,AN-C000879,100000879,2,1,6,1,2023-02-02 19:30:58.000,Eastern|Koforidua,DEV-003366,1368.86
ANTX-000230144,AN-C000879,100000879,1,1,7,1,2023-03-10 18:02:06.000,Eastern|Koforidua,DEV-003366,64.35
ANTX-000230714,AN-C000885,100000885,1,3,5,1,2023-02-16 17:09:02.000,Western|Tarkwa,DEV-000347,835.94
ANTX-000230715,AN-C000885,100000885,1,1,3,1,2023-02-13 19:52:56.000,Western|Tarkwa,DEV-000347,1746.73
ANTX-000232612,AN-C000891,100000891,1,2,2,1,2023-03-19 19:35:56.000,Ashanti|Ejisu,DEV-002344,330.63
ANTX-000232613,AN-C000891,100000891,1,3,3,1,2023-03-28 22:27:20.000,Ashanti|Ejisu,DEV-002344,110.15
ANTX-000236741,AN-C000909,100000909,1,3,6,1,2023-03-24 15:39:56.000,Northern|Savelugu,DEV-002281,1510.64
ANTX-000241053,AN-C000934,100000934,1,2,1,1,2023-03-31 12:24:56.000,Greater Accra|Madina,DEV-003662,3061.97
ANTX-000241054,AN-C000934,100000934,1,3,5,1,2023-03-08 11:05:09.000,Greater Accra|Madina,DEV-003662,1181.67
ANTX-000241718,AN-C000937,100000937,1,3,5,1,2023-02-11 07:45:06.000,Bono|Berekum,DEV-004017,144.95
ANTX-000246286,AN-C000956,100000956,1,1,4,1,2023-03-28 10:54:30.000,Volta|Keta,DEV-002962,2400.89
ANTX-000246287,AN-C000956,100000956,1,2,4,1,2023-03-15 15:08:52.000,Volta|Keta,DEV-002962,4355.22
ANTX-000247206,AN-C000960,100000960,1,4,3,1,2023-02-15 13:38:34.000,Greater Accra|Accra,DEV-001189,3375.96
ANTX-000247207,AN-C000960,100000960,1,2,7,1,2023-02-23 11:38:15.000,Greater Accra|Accra,DEV-001189,3194.48
ANTX-000247208,AN-C000960,100000960,1,2,8,1,2023-02-18 12:27:07.000,Greater Accra|Accra,DEV-001189,2518.86
ANTX-000247209,AN-C000960,100000960,1,2,7,1,2023-02-15 00:47:15.000,Greater Accra|Accra,DEV-001189,708.29
ANTX-000247210,AN-C000960,100000960,1,4,8,1,2023-02-28 20:47:09.000,Greater Accra|Accra,DEV-001189,931.12
ANTX-000247211,AN-C000960,100000960,1,1,7,1,2023-02-28 01:30:55.000,Greater Accra|Accra,DEV-001189,135.23
ANTX-000247212,AN-C000960,100000960,3,3,6,1,2023-02-25 12:52:24.000,Greater Accra|Accra,DEV-001189,663.57
ANTX-000247213,AN-C000960,100000960,1,4,6,1,2023-03-24 16:16:37.000,Greater Accra|Accra,DEV-001189,919.86
ANTX-000247214,AN-C000960,100000960,1,1,1,1,2023-03-09 19:39:24.000,Greater Accra|Accra,DEV-001189,374.7
ANTX-000247215,AN-C000960,100000960,1,3,6,1,2023-03-26 07:49:24.000,Greater Accra|Accra,DEV-001189,2035.18
ANTX-000247216,AN-C000960,100000960,1,1,3,1,2023-03-23 12:31:26.000,Greater Accra|Accra,DEV-001189,92.89
ANTX-000247217,AN-C000960,100000960,1,4,3,1,2023-03-07 08:47:40.000,Greater Accra|Accra,DEV-001189,6876.38
ANTX-000247218,AN-C000960,100000960,1,2,4,1,2023-03-01 15:41:36.000,Greater Accra|Accra,DEV-001189,479.25
ANTX-000249940,AN-C000967,100000967,1,2,2,1,2023-03-17 04:44:26.000,Greater Accra|Accra,DEV-001132,1914.47
ANTX-000250182,AN-C000968,100000968,1,2,6,1,2023-02-15 12:55:14.000,Greater Accra|Kasoa,DEV-002706,1205.77
ANTX-000255148,AN-C000989,100000989,1,3,1,1,2023-02-09 22:30:05.000,Greater Accra|Kasoa,DEV-003949,415.45
ANTX-000262595,AN-C001019,100001019,1,3,7,1,2023-03-28 10:26:38.000,Greater Accra|Kasoa,DEV-001302,350.25
ANTX-000267809,AN-C001036,100001036,1,4,3,1,2023-02-16 02:00:34.000,Northern|Yendi,DEV-003613,376.19
ANTX-000267810,AN-C001036,100001036,1,3,2,1,2023-02-17 09:49:06.000,Northern|Yendi,DEV-003613,700.54
ANTX-000267811,AN-C001036,100001036,1,1,5,1,2023-02-28 06:08:09.000,Northern|Yendi,DEV-003613,342.49
ANTX-000267812,AN-C001036,100001036,1,1,8,1,2023-02-15 07:13:16.000,Northern|Yendi,DEV-003613,561.96
ANTX-000267813,AN-C001036,100001036,1,3,7,1,2023-02-16 11:34:55.000,Northern|Yendi,DEV-003613,2471.64
ANTX-000267814,AN-C001036,100001036,1,3,5,1,2023-02-20 11:04:42.000,Northern|Yendi,DEV-003613,1614.47
ANTX-000267815,AN-C001036,100001036,1,1,4,1,2023-02-25 21:50:02.000,Northern|Yendi,DEV-003613,200.96
ANTX-000267816,AN-C001036,100001036,1,2,7,1,2023-02-27 20:10:32.000,Northern|Yendi,DEV-003613,1219.21
ANTX-000267817,AN-C001036,100001036,1,1,3,1,2023-02-10 16:49:35.000,Northern|Yendi,DEV-003613,244.57
ANTX-000267818,AN-C001036,100001036,1,3,7,1,2023-02-17 15:43:22.000,Northern|Yendi,DEV-003613,1946.38
ANTX-000267819,AN-C001036,100001036,1,3,7,1,2023-02-22 18:37:19.000,Northern|Yendi,DEV-003613,1050.47
ANTX-000267820,AN-C001036,100001036,1,4,7,1,2023-03-24 12:07:33.000,Volta|Keta,DEV-003613,1174.72
ANTX-000267821,AN-C001036,100001036,1,4,6,1,2023-03-26 07:15:56.000,Northern|Yendi,DEV-003613,5140.01
ANTX-000267822,AN-C001036,100001036,1,1,3,1,2023-03-15 14:29:02.000,Northern|Yendi,DEV-003613,967.8
ANTX-000267823,AN-C001036,100001036,1,4,2,1,2023-03-23 11:45:53.000,Northern|Yendi,DEV-003613,642.99
ANTX-000267824,AN-C001036,100001036,1,3,2,1,2023-03-22 08:33:23.000,Northern|Yendi,DEV-003613,1502.55
ANTX-000267825,AN-C001036,100001036,1,2,2,1,2023-03-11 19:07:40.000,Northern|Yendi,DEV-003613,55.5
ANTX-000267826,AN-C001036,100001036,1,3,4,1,2023-03-14 13:45:37.000,Northern|Yendi,DEV-003613,820.69
ANTX-000267827,AN-C001036,100001036,1,4,5,1,2023-03-10 21:07:27.000,Northern|Yendi,DEV-003613,638.25
ANTX-000270350,AN-C001052,100001052,1,2,5,1,2023-02-25 22:58:20.000,Northern|Tamale,DEV-000892,1658.97
ANTX-000270351,AN-C001052,100001052,1,4,8,1,2023-03-27 18:03:43.000,Northern|Tamale,DEV-000892,5849.01
ANTX-000270352,AN-C001052,100001052,1,3,6,1,2023-03-12 08:18:13.000,Northern|Tamale,DEV-000892,10.27
ANTX-000271440,AN-C001056,100001056,1,1,1,1,2023-02-15 19:57:38.000,Eastern|Koforidua,DEV-000109,1323.14
ANTX-000271441,AN-C001056,100001056,1,1,1,1,2023-02-28 14:26:51.000,Eastern|Koforidua,DEV-000109,529.82
ANTX-000271442,AN-C001056,100001056,1,1,5,1,2023-02-17 17:10:01.000,Eastern|Koforidua,DEV-000109,2047.36
ANTX-000271443,AN-C001056,100001056,2,2,7,1,2023-03-24 14:09:45.000,Eastern|Koforidua,DEV-000109,1177.89
ANTX-000271444,AN-C001056,100001056,1,1,1,1,2023-03-15 15:55:16.000,Eastern|Koforidua,DEV-000109,2087.43
ANTX-000271445,AN-C001056,100001056,1,1,7,1,2023-03-19 15:35:35.000,Eastern|Koforidua,DEV-000109,684.62
ANTX-000274261,AN-C001065,100001065,1,3,5,1,2023-02-17 13:39:03.000,Upper West|Lawra,DEV-002452,1371.46
ANTX-000274262,AN-C001065,100001065,1,3,6,1,2023-03-29 14:16:57.000,Upper West|Lawra,DEV-002452,1305.7
ANTX-000274263,AN-C001065,100001065,1,3,8,1,2023-03-31 19:05:51.000,Upper West|Lawra,DEV-002452,40.76
ANTX-000274264,AN-C001065,100001065,1,3,7,1,2023-03-14 20:04:28.000,Upper West|Lawra,DEV-002452,1476.9
ANTX-000274265,AN-C001065,100001065,1,1,3,1,2023-03-14 18:50:05.000,Upper West|Lawra,DEV-002452,84.27
ANTX-000274266,AN-C001065,100001065,1,4,6,1,2023-03-19 16:46:28.000,Upper West|Lawra,DEV-002452,3783.23
ANTX-000278577,AN-C001081,100001081,1,1,8,1,2023-01-29 10:12:49.000,Greater Accra|Accra,DEV-002504,212.48
ANTX-000278578,AN-C001081,100001081,1,1,4,1,2023-02-10 12:18:58.000,Greater Accra|Accra,DEV-002504,1247.78
ANTX-000278579,AN-C001081,100001081,1,2,6,1,2023-02-07 23:51:45.000,Greater Accra|Accra,DEV-002504,1846.09
ANTX-000278580,AN-C001081,100001081,1,1,3,1,2023-02-24 06:37:49.000,Greater Accra|Accra,DEV-002504,206.47
ANTX-000278581,AN-C001081,100001081,1,4,4,1,2023-02-26 20:53:18.000,Greater Accra|Accra,DEV-002504,1928.24
ANTX-000278582,AN-C001081,100001081,1,2,2,1,2023-02-28 11:40:27.000,Greater Accra|Accra,DEV-002504,3944.88
ANTX-000278583,AN-C001081,100001081,1,1,1,1,2023-03-12 23:53:24.000,Greater Accra|Accra,DEV-002504,820.43
ANTX-000278584,AN-C001081,100001081,1,3,5,1,2023-03-17 14:52:43.000,Greater Accra|Accra,DEV-002504,868.72
ANTX-000278585,AN-C001081,100001081,1,2,3,1,2023-03-28 20:03:04.000,Greater Accra|Accra,DEV-002504,939.28
ANTX-000278586,AN-C001081,100001081,1,4,7,1,2023-03-10 18:37:10.000,Greater Accra|Accra,DEV-002504,6230.71
ANTX-000278870,AN-C001084,100001084,1,3,5,1,2023-02-28 15:25:21.000,Bono|Sunyani,DEV-003625,1445.39
ANTX-000278871,AN-C001084,100001084,1,4,1,1,2023-02-28 09:54:25.000,Bono|Sunyani,DEV-003625,3377.84
ANTX-000278872,AN-C001084,100001084,1,3,1,1,2023-02-28 10:11:41.000,Bono|Sunyani,DEV-003625,586.26
ANTX-000278873,AN-C001084,100001084,1,1,8,1,2023-02-28 19:48:11.000,Bono|Sunyani,DEV-003625,1847.58
ANTX-000278874,AN-C001084,100001084,1,1,2,1,2023-03-08 09:37:41.000,Bono|Sunyani,DEV-003625,1285.8
ANTX-000278875,AN-C001084,100001084,1,2,8,1,2023-03-25 03:46:41.000,Bono|Sunyani,DEV-003625,780.34
ANTX-000278876,AN-C001084,100001084,1,2,2,1,2023-03-15 18:27:01.000,Bono|Sunyani,DEV-003625,6448.17
ANTX-000280840,AN-C001088,100001088,1,3,6,1,2023-01-24 09:40:12.000,Greater Accra|Madina,DEV-001116,15.32
ANTX-000280841,AN-C001088,100001088,2,4,1,1,2023-01-27 23:37:45.000,Greater Accra|Madina,DEV-001116,96.27
ANTX-000280842,AN-C001088,100001088,1,2,4,1,2023-01-26 13:16:13.000,Greater Accra|Madina,DEV-001116,1105.26
ANTX-000280843,AN-C001088,100001088,1,3,7,1,2023-01-21 15:08:11.000,Greater Accra|Madina,DEV-001116,1933.14
ANTX-000280844,AN-C001088,100001088,1,1,7,1,2023-02-11 18:08:17.000,Greater Accra|Madina,DEV-001116,184.26
ANTX-000280845,AN-C001088,100001088,1,3,6,1,2023-02-26 18:08:07.000,Greater Accra|Madina,DEV-001116,201.13
ANTX-000280846,AN-C001088,100001088,1,1,3,1,2023-03-04 17:00:40.000,Greater Accra|Madina,DEV-001116,496.31
ANTX-000280847,AN-C001088,100001088,1,2,5,1,2023-03-24 20:38:46.000,Greater Accra|Madina,DEV-001116,1274.88
ANTX-000280848,AN-C001088,100001088,1,3,4,1,2023-03-29 13:25:16.000,Greater Accra|Madina,DEV-001116,1469.99
ANTX-000280849,AN-C001088,100001088,1,3,1,1,2023-03-10 11:03:31.000,Greater Accra|Madina,DEV-001116,625.23
ANTX-000287312,AN-C001112,100001112,1,1,1,1,2023-03-29 13:37:12.000,Eastern|Akropong,DEV-002466,523.29
ANTX-000287313,AN-C001112,100001112,1,3,3,1,2023-03-31 08:51:37.000,Greater Accra|Kasoa,DEV-002466,287.64
ANTX-000287314,AN-C001112,100001112,1,2,3,1,2023-03-31 10:34:17.000,Greater Accra|Kasoa,DEV-002466,254.07
ANTX-000287315,AN-C001112,100001112,1,2,5,1,2023-03-30 14:44:15.000,Greater Accra|Kasoa,DEV-002466,2074.45
ANTX-000292164,AN-C001138,100001138,1,3,5,1,2023-01-22 16:17:29.000,Volta|Keta,DEV-002093,342.23
ANTX-000292165,AN-C001138,100001138,1,1,3,1,2023-01-18 15:48:23.000,Volta|Keta,DEV-002093,55.94
ANTX-000292166,AN-C001138,100001138,1,2,5,1,2023-01-30 09:13:48.000,Volta|Keta,DEV-002093,3942.02
ANTX-000292167,AN-C001138,100001138,1,1,8,1,2023-02-10 12:14:22.000,Volta|Keta,DEV-002093,24.25
ANTX-000292168,AN-C001138,100001138,1,3,1,1,2023-02-18 00:12:08.000,Volta|Keta,DEV-002093,163.04
ANTX-000292169,AN-C001138,100001138,1,1,3,1,2023-02-11 16:27:44.000,Volta|Keta,DEV-002093,1326.41
ANTX-000292170,AN-C001138,100001138,1,1,3,1,2023-03-01 04:12:44.000,Volta|Keta,DEV-002093,1349.74
ANTX-000292171,AN-C001138,100001138,1,4,2,1,2023-03-23 20:17:03.000,Volta|Keta,DEV-002093,21.42
ANTX-000292172,AN-C001138,100001138,1,1,3,1,2023-03-01 19:54:56.000,Volta|Keta,DEV-002093,308.21
ANTX-000292173,AN-C001138,100001138,1,2,2,1,2023-03-16 15:18:02.000,Ashanti|Ejisu,DEV-002093,758.8
ANTX-000292174,AN-C001138,100001138,1,1,1,1,2023-03-15 16:30:09.000,Central|Elmina,DEV-002093,1721.13
ANTX-000292175,AN-C001138,100001138,1,4,1,1,2023-03-04 12:40:01.000,Volta|Keta,DEV-002093,1484.81
ANTX-000292176,AN-C001138,100001138,1,2,6,1,2023-03-02 20:19:07.000,Volta|Keta,DEV-002093,3088.83
ANTX-000292177,AN-C001138,100001138,1,2,5,1,2023-03-27 15:26:07.000,Volta|Keta,DEV-002093,1550.25
ANTX-000292178,AN-C001138,100001138,1,3,6,1,2023-03-17 20:42:29.000,Volta|Keta,DEV-002093,200.77
ANTX-000293004,AN-C001141,100001141,1,2,6,1,2023-03-30 16:21:41.000,Ahafo|Duayaw Nkwanta,DEV-002446,3629.45
ANTX-000299082,AN-C001169,100001169,1,3,1,1,2023-01-30 06:48:07.000,Upper East|Navrongo,DEV-000525,269.19
ANTX-000299083,AN-C001169,100001169,1,1,2,1,2023-01-20 14:11:39.000,Upper East|Navrongo,DEV-000525,1091.64
ANTX-000299084,AN-C001169,100001169,1,1,6,1,2023-01-28 11:27:00.000,Upper East|Navrongo,DEV-000525,848.76
ANTX-000299085,AN-C001169,100001169,1,3,5,1,2023-01-29 09:23:49.000,Upper East|Navrongo,DEV-000525,1256.74
ANTX-000299086,AN-C001169,100001169,3,1,3,1,2023-01-27 14:50:14.000,Upper East|Navrongo,DEV-000525,3249.97
ANTX-000299087,AN-C001169,100001169,1,2,1,1,2023-01-26 14:55:09.000,Upper East|Navrongo,DEV-000525,302.32
ANTX-000299088,AN-C001169,100001169,1,3,1,1,2023-01-30 21:56:57.000,Upper East|Navrongo,DEV-000525,761.94
ANTX-000299089,AN-C001169,100001169,1,2,6,1,2023-01-27 20:00:36.000,Upper East|Navrongo,DEV-000525,1964.1
ANTX-000299090,AN-C001169,100001169,1,1,5,1,2023-02-21 04:48:56.000,Upper East|Navrongo,DEV-000525,230.49
ANTX-000299091,AN-C001169,100001169,1,1,5,1,2023-02-24 23:40:06.000,Upper East|Navrongo,DEV-000525,2659.06
ANTX-000299092,AN-C001169,100001169,1,1,7,1,2023-02-23 13:48:45.000,Upper East|Navrongo,DEV-000525,570.2
ANTX-000299093,AN-C001169,100001169,1,2,5,1,2023-02-28 23:06:58.000,Upper East|Navrongo,DEV-000525,3602.28
ANTX-000299094,AN-C001169,100001169,1,1,5,1,2023-02-07 19:51:03.000,Upper East|Navrongo,DEV-000525,136.86
ANTX-000299095,AN-C001169,100001169,1,4,3,1,2023-02-20 14:56:15.000,Upper East|Navrongo,DEV-000525,494.23
ANTX-000299096,AN-C001169,100001169,1,1,7,1,2023-02-07 18:14:04.000,Upper East|Navrongo,DEV-000525,297.27
ANTX-000299097,AN-C001169,100001169,1,1,1,1,2023-02-05 14:44:03.000,Upper East|Navrongo,DEV-000525,3232.06
ANTX-000299098,AN-C001169,100001169,1,3,6,1,2023-02-07 02:56:44.000,Upper East|Navrongo,DEV-000525,1152.43
ANTX-000299099,AN-C001169,100001169,1,2,3,1,2023-03-08 08:04:06.000,Upper East|Navrongo,DEV-000525,3382.97
ANTX-000299100,AN-C001169,100001169,1,1,7,1,2023-03-13 18:13:39.000,Upper East|Navrongo,DEV-000525,2007.64
ANTX-000299101,AN-C001169,100001169,3,1,4,1,2023-03-05 16:49:47.000,Upper East|Navrongo,DEV-000525,955.37
ANTX-000299102,AN-C001169,100001169,3,2,7,1,2023-03-25 13:52:35.000,Upper East|Navrongo,DEV-000525,2402.23
ANTX-000299103,AN-C001169,100001169,1,3,8,1,2023-03-17 12:05:48.000,Upper East|Navrongo,DEV-000525,1325.45
ANTX-000299104,AN-C001169,100001169,1,4,6,1,2023-03-17 19:58:20.000,Upper East|Navrongo,DEV-000525,7013.33
ANTX-000299105,AN-C001169,100001169,1,3,1,1,2023-03-10 14:30:10.000,Greater Accra|Tema,DEV-000525,396.83
ANTX-000299106,AN-C001169,100001169,1,3,7,1,2023-03-13 18:01:01.000,Upper East|Navrongo,DEV-000525,1432.65
ANTX-000299107,AN-C001169,100001169,1,3,5,1,2023-03-03 19:06:10.000,Upper East|Navrongo,DEV-000525,2033.08
ANTX-000299108,AN-C001169,100001169,1,3,3,1,2023-03-29 04:07:08.000,Upper East|Navrongo,DEV-000525,2006.48
ANTX-000299109,AN-C001169,100001169,1,3,7,1,2023-03-10 10:09:47.000,Upper East|Navrongo,DEV-000525,398.28
ANTX-000299110,AN-C001169,100001169,1,4,4,1,2023-03-26 12:13:03.000,Upper East|Navrongo,DEV-000525,44.12
ANTX-000299111,AN-C001169,100001169,1,4,4,1,2023-03-11 15:11:24.000,Upper East|Navrongo,DEV-000525,773.46
ANTX-000299112,AN-C001169,100001169,1,1,1,1,2023-03-24 00:06:44.000,Upper East|Navrongo,DEV-000525,90.27
ANTX-000299113,AN-C001169,100001169,1,2,2,1,2023-03-15 10:54:50.000,Upper East|Navrongo,DEV-000525,4942.34
ANTX-000299114,AN-C001169,100001169,1,1,4,1,2023-03-07 23:40:05.000,Upper East|Navrongo,DEV-000525,2364.23
ANTX-000299115,AN-C001169,100001169,1,3,3,1,2023-03-28 09:25:47.000,Upper East|Navrongo,DEV-000525,302.89
ANTX-000301111,AN-C001181,100001181,1,1,8,1,2023-01-28 23:43:35.000,Volta|Keta,DEV-003669,888.94
ANTX-000301112,AN-C001181,100001181,1,1,2,1,2023-02-26 21:19:28.000,Volta|Keta,DEV-003669,1466.38
ANTX-000301113,AN-C001181,100001181,1,3,7,1,2023-03-16 14:48:16.000,Volta|Keta,DEV-003669,319.3
ANTX-000301114,AN-C001181,100001181,3,2,7,1,2023-03-30 09:36:30.000,Volta|Keta,DEV-003669,3283.4
ANTX-000301115,AN-C001181,100001181,1,1,1,1,2023-03-20 18:25:53.000,Volta|Keta,DEV-003669,2396.51
ANTX-000301116,AN-C001181,100001181,1,2,4,1,2023-03-23 15:19:58.000,Volta|Keta,DEV-003669,1674.7
ANTX-000301117,AN-C001181,100001181,1,1,3,1,2023-03-17 22:17:36.000,Volta|Keta,DEV-003669,1954.98
ANTX-000301118,AN-C001181,100001181,1,2,1,1,2023-03-28 15:46:56.000,Volta|Keta,DEV-003669,1453.87
ANTX-000301630,AN-C001186,100001186,1,2,8,1,2023-01-21 20:25:35.000,Greater Accra|Madina,DEV-003344,1150.98
ANTX-000301631,AN-C001186,100001186,1,2,7,1,2023-02-23 17:04:36.000,Greater Accra|Kasoa,DEV-003344,3804.63
ANTX-000301632,AN-C001186,100001186,1,3,7,1,2023-02-28 20:20:04.000,Greater Accra|Madina,DEV-003344,21.3
ANTX-000301633,AN-C001186,100001186,1,2,4,1,2023-02-10 16:45:22.000,Greater Accra|Madina,DEV-003344,840.8
ANTX-000301634,AN-C001186,100001186,1,1,4,1,2023-03-22 17:32:36.000,Greater Accra|Madina,DEV-003344,324.9
ANTX-000301635,AN-C001186,100001186,1,2,7,1,2023-03-12 20:57:40.000,Greater Accra|Madina,DEV-003344,2244.3
ANTX-000301636,AN-C001186,100001186,1,2,8,1,2023-03-07 20:49:56.000,Greater Accra|Madina,DEV-003344,1107.04
ANTX-000303756,AN-C001195,100001195,1,3,4,1,2023-03-26 14:43:03.000,Greater Accra|Tema,DEV-001827,25.99
ANTX-000303757,AN-C001195,100001195,1,1,3,1,2023-03-25 18:52:48.000,Greater Accra|Tema,DEV-001827,308.93
ANTX-000304267,AN-C001198,100001198,3,4,6,1,2023-02-24 12:47:59.000,Greater Accra|Accra,DEV-000980,34.77
ANTX-000304268,AN-C001198,100001198,1,4,5,1,2023-02-26 13:30:28.000,Greater Accra|Accra,DEV-000980,4765.68
ANTX-000304269,AN-C001198,100001198,1,2,1,1,2023-02-25 15:32:46.000,Greater Accra|Accra,DEV-000980,595.15
ANTX-000304270,AN-C001198,100001198,1,2,5,1,2023-03-06 21:15:15.000,Greater Accra|Accra,DEV-000980,761.5
ANTX-000306927,AN-C001213,100001213,1,2,2,1,2023-02-14 06:25:49.000,Central|Elmina,DEV-003966,3668.3
ANTX-000306928,AN-C001213,100001213,1,3,6,1,2023-02-19 20:00:06.000,Central|Elmina,DEV-003966,1136.16
ANTX-000306929,AN-C001213,100001213,1,1,4,1,2023-02-17 20:48:44.000,Central|Elmina,DEV-003966,2150.39
ANTX-000306930,AN-C001213,100001213,2,3,2,1,2023-03-21 23:26:05.000,Central|Elmina,DEV-003966,1594.55
ANTX-000306931,AN-C001213,100001213,3,1,8,1,2023-03-11 13:30:40.000,Central|Elmina,DEV-003966,1281.03
ANTX-000306932,AN-C001213,100001213,1,1,1,1,2023-03-01 09:10:24.000,Central|Elmina,DEV-003966,1471.92
ANTX-000307095,AN-C001214,100001214,1,1,6,1,2023-03-12 18:46:27.000,Upper West|Wa,DEV-002951,1705.51
ANTX-000307096,AN-C001214,100001214,1,1,1,1,2023-03-29 20:54:47.000,Upper West|Wa,DEV-002951,103.81
ANTX-000307097,AN-C001214,100001214,1,1,5,1,2023-03-24 18:31:28.000,Upper West|Wa,DEV-002951,283.79
ANTX-000309078,AN-C001217,100001217,1,2,6,1,2023-02-28 17:16:12.000,Ashanti|Obuasi,DEV-002957,1015.36
ANTX-000309079,AN-C001217,100001217,1,2,3,1,2023-02-27 11:33:35.000,Ashanti|Obuasi,DEV-002957,4422.98
ANTX-000309080,AN-C001217,100001217,1,1,4,1,2023-02-18 16:15:16.000,Ashanti|Obuasi,DEV-002957,37.54
ANTX-000309081,AN-C001217,100001217,1,3,4,1,2023-02-21 22:40:04.000,Ashanti|Obuasi,DEV-002957,42.72
ANTX-000309082,AN-C001217,100001217,1,3,6,1,2023-02-23 17:21:55.000,Ashanti|Obuasi,DEV-002957,1344.78
ANTX-000309083,AN-C001217,100001217,1,1,8,1,2023-02-23 05:39:45.000,Ashanti|Obuasi,DEV-002957,347.15
ANTX-000309084,AN-C001217,100001217,1,3,5,1,2023-03-27 12:19:07.000,Ashanti|Obuasi,DEV-002957,1581.18
ANTX-000309085,AN-C001217,100001217,1,1,3,1,2023-03-09 12:29:06.000,Ashanti|Obuasi,DEV-002957,842.78
ANTX-000309086,AN-C001217,100001217,1,2,8,1,2023-03-23 12:33:46.000,Ashanti|Obuasi,DEV-002957,213.78
ANTX-000309087,AN-C001217,100001217,1,3,6,1,2023-03-16 11:15:16.000,Ashanti|Obuasi,DEV-002957,574.75
ANTX-000310822,AN-C001227,100001227,1,2,7,1,2023-01-25 13:00:35.000,Oti|Jasikan,DEV-001710,383.25
ANTX-000310823,AN-C001227,100001227,1,1,6,1,2023-01-26 19:26:48.000,Oti|Jasikan,DEV-001710,275.05
ANTX-000310824,AN-C001227,100001227,1,1,4,1,2023-01-27 12:19:46.000,Oti|Jasikan,DEV-001710,3013.47
ANTX-000310825,AN-C001227,100001227,1,4,5,1,2023-01-29 23:38:15.000,Oti|Jasikan,DEV-001710,7374.89
ANTX-000310826,AN-C001227,100001227,1,4,1,1,2023-01-29 01:57:59.000,Oti|Jasikan,DEV-001710,1191.75
ANTX-000310827,AN-C001227,100001227,1,2,2,1,2023-01-29 19:55:37.000,Oti|Jasikan,DEV-001710,2747.83
ANTX-000310828,AN-C001227,100001227,1,2,4,1,2023-01-27 16:48:08.000,Oti|Jasikan,DEV-001710,3643.04
ANTX-000310829,AN-C001227,100001227,1,1,3,1,2023-01-28 19:20:34.000,Oti|Jasikan,DEV-001710,2552.91
ANTX-000310830,AN-C001227,100001227,1,1,3,1,2023-01-25 20:43:00.000,Oti|Jasikan,DEV-001710,626.66
ANTX-000310831,AN-C001227,100001227,1,1,5,1,2023-01-21 04:50:40.000,Oti|Jasikan,DEV-001710,68.19
ANTX-000310832,AN-C001227,100001227,1,2,6,1,2023-02-25 11:23:04.000,Oti|Jasikan,DEV-001710,101.24
ANTX-000310833,AN-C001227,100001227,1,2,7,1,2023-02-10 14:58:14.000,Oti|Jasikan,DEV-001710,418.87
ANTX-000310834,AN-C001227,100001227,1,1,3,1,2023-02-08 12:51:53.000,Oti|Jasikan,DEV-001710,168.52
ANTX-000310835,AN-C001227,100001227,1,2,7,1,2023-02-15 10:48:02.000,Greater Accra|Tema,DEV-001710,1824.52
ANTX-000310836,AN-C001227,100001227,1,1,3,1,2023-02-14 16:24:46.000,Oti|Jasikan,DEV-001710,1760.34
ANTX-000310837,AN-C001227,100001227,1,4,3,1,2023-02-25 21:06:31.000,Oti|Jasikan,DEV-001710,2712.94
ANTX-000310838,AN-C001227,100001227,1,1,3,1,2023-02-15 20:54:36.000,Oti|Jasikan,DEV-001710,2188.31
ANTX-000310839,AN-C001227,100001227,1,4,4,1,2023-03-02 18:02:22.000,Greater Accra|Accra,DEV-001710,2623.99
ANTX-000310840,AN-C001227,100001227,1,1,8,1,2023-03-12 14:35:13.000,Oti|Jasikan,DEV-001710,1991.78
ANTX-000310841,AN-C001227,100001227,2,4,3,1,2023-03-14 17:02:23.000,Oti|Jasikan,DEV-001710,143.04
ANTX-000310842,AN-C001227,100001227,1,2,2,1,2023-03-11 09:59:32.000,Oti|Jasikan,DEV-001710,366.38
ANTX-000310843,AN-C001227,100001227,1,1,3,1,2023-03-30 15:28:23.000,Northern|Tamale,DEV-001710,435.81
ANTX-000310844,AN-C001227,100001227,1,1,2,1,2023-03-15 13:15:03.000,Oti|Jasikan,DEV-001710,765.28
ANTX-000310845,AN-C001227,100001227,1,1,1,1,2023-03-24 09:12:24.000,Oti|Jasikan,DEV-001710,577.69
ANTX-000310846,AN-C001227,100001227,1,2,3,1,2023-03-10 17:37:16.000,Oti|Jasikan,DEV-001710,2965.76
ANTX-000310847,AN-C001227,100001227,1,1,4,1,2023-03-25 08:38:56.000,Oti|Jasikan,DEV-001710,47.17
ANTX-000310848,AN-C001227,100001227,1,1,6,1,2023-03-10 19:23:54.000,Oti|Jasikan,DEV-001710,161.24
ANTX-000310849,AN-C001227,100001227,1,2,6,1,2023-03-04 16:20:45.000,Oti|Jasikan,DEV-001710,4738.28
ANTX-000310850,AN-C001227,100001227,1,4,5,1,2023-03-21 17:51:15.000,Oti|Jasikan,DEV-001710,147.72
ANTX-000310851,AN-C001227,100001227,1,3,3,1,2023-03-09 09:38:52.000,Oti|Jasikan,DEV-001710,530.33
ANTX-000310852,AN-C001227,100001227,1,4,4,1,2023-03-21 18:43:37.000,Greater Accra|Madina,DEV-001710,3654.71
ANTX-000311394,AN-C001228,100001228,1,1,1,1,2023-02-24 20:35:15.000,Greater Accra|Kasoa,DEV-001258,2860.84
ANTX-000311395,AN-C001228,100001228,1,2,1,1,2023-02-28 12:24:24.000,Greater Accra|Kasoa,DEV-001258,93.32
ANTX-000311396,AN-C001228,100001228,1,1,3,1,2023-02-24 16:15:35.000,Greater Accra|Kasoa,DEV-001258,1439.1
ANTX-000311397,AN-C001228,100001228,1,2,4,1,2023-02-25 11:16:33.000,Greater Accra|Kasoa,DEV-001258,87.7
ANTX-000311398,AN-C001228,100001228,1,2,4,1,2023-02-25 19:51:49.000,Greater Accra|Kasoa,DEV-001258,3601.03
ANTX-000311399,AN-C001228,100001228,1,1,8,1,2023-03-10 06:46:18.000,Greater Accra|Kasoa,DEV-001258,2345.26
ANTX-000311400,AN-C001228,100001228,1,3,3,1,2023-03-04 15:28:52.000,Greater Accra|Kasoa,DEV-001258,181.18
ANTX-000313247,AN-C001232,100001232,1,1,6,1,2023-03-30 19:15:13.000,Volta|Keta,DEV-002715,1206.39
ANTX-000313248,AN-C001232,100001232,1,4,8,1,2023-03-28 18:25:19.000,Volta|Keta,DEV-002715,3001.66
ANTX-000313249,AN-C001232,100001232,1,1,4,1,2023-03-29 23:56:57.000,Volta|Keta,DEV-002715,2777.07
ANTX-000313250,AN-C001232,100001232,1,3,6,1,2023-03-25 16:27:18.000,Volta|Keta,DEV-002715,111.88
ANTX-000313251,AN-C001232,100001232,1,3,4,1,2023-03-31 09:30:07.000,Volta|Keta,DEV-002715,1464.08
ANTX-000313252,AN-C001232,100001232,1,4,8,1,2023-03-27 11:09:19.000,Volta|Keta,DEV-002715,9342.72
ANTX-000313253,AN-C001232,100001232,1,1,4,1,2023-03-26 09:53:36.000,Volta|Keta,DEV-002715,187.82
ANTX-000313254,AN-C001232,100001232,1,1,2,1,2023-03-29 19:08:24.000,Volta|Keta,DEV-002715,1096.51
ANTX-000313255,AN-C001232,100001232,1,4,1,1,2023-03-26 14:10:57.000,Volta|Keta,DEV-002715,56.52
ANTX-000313256,AN-C001232,100001232,1,4,5,1,2023-03-26 19:07:05.000,Volta|Keta,DEV-002715,7164.5
ANTX-000313257,AN-C001232,100001232,1,1,2,1,2023-03-25 10:25:12.000,Volta|Keta,DEV-002715,2579.64
ANTX-000313258,AN-C001232,100001232,1,1,4,1,2023-03-28 09:53:15.000,Volta|Keta,DEV-002715,143.38
ANTX-000313259,AN-C001232,100001232,1,2,5,1,2023-03-31 04:36:29.000,Volta|Keta,DEV-002715,3809.32
ANTX-000313260,AN-C001232,100001232,1,2,1,1,2023-03-25 19:53:04.000,Volta|Keta,DEV-002715,94.08
ANTX-000313261,AN-C001232,100001232,1,2,7,1,2023-03-26 07:02:33.000,Volta|Keta,DEV-002715,362.66
ANTX-000313262,AN-C001232,100001232,1,2,5,1,2023-03-31 13:59:52.000,Volta|Keta,DEV-002715,33.36
ANTX-000313263,AN-C001232,100001232,1,1,5,1,2023-03-30 08:52:34.000,Volta|Keta,DEV-002715,2353.7
ANTX-000313264,AN-C001232,100001232,1,4,3,1,2023-03-29 18:37:28.000,Volta|Keta,DEV-002715,6293.75
ANTX-000313265,AN-C001232,100001232,1,2,8,1,2023-03-26 18:08:51.000,Volta|Keta,DEV-002715,64.73
ANTX-000313266,AN-C001232,100001232,1,3,2,1,2023-03-28 12:51:58.000,Volta|Keta,DEV-002715,2117.14
ANTX-000313267,AN-C001232,100001232,1,1,6,1,2023-03-25 18:22:52.000,Volta|Keta,DEV-002715,1498.68
ANTX-000313268,AN-C001232,100001232,3,1,1,1,2023-03-25 18:34:56.000,Volta|Keta,DEV-002715,358.85
ANTX-000313269,AN-C001232,100001232,1,2,5,1,2023-03-29 12:18:10.000,Volta|Keta,DEV-002715,221.19
ANTX-000313270,AN-C001232,100001232,1,4,4,1,2023-03-28 11:52:37.000,Volta|Keta,DEV-002715,4721.89
ANTX-000313271,AN-C001232,100001232,1,1,1,1,2023-03-31 14:52:45.000,Volta|Keta,DEV-002715,533.4
ANTX-000313272,AN-C001232,100001232,1,1,3,1,2023-03-31 07:51:32.000,Volta|Keta,DEV-002715,1425.18
ANTX-000313273,AN-C001232,100001232,1,4,3,1,2023-03-25 22:51:13.000,Volta|Keta,DEV-002715,7342.43
ANTX-000313274,AN-C001232,100001232,1,1,7,1,2023-03-26 15:31:44.000,Volta|Keta,DEV-002715,424.96
ANTX-000324670,AN-C001271,100001271,1,4,6,1,2023-03-25 06:50:37.000,Western|Tarkwa,DEV-000042,402.7
ANTX-000324719,AN-C001272,100001272,1,1,6,1,2023-01-30 09:18:12.000,Greater Accra|Tema,DEV-003523,1148.78
ANTX-000324720,AN-C001272,100001272,1,1,1,1,2023-01-26 14:33:40.000,Greater Accra|Tema,DEV-003523,136.1
ANTX-000324721,AN-C001272,100001272,1,2,1,1,2023-01-30 14:02:41.000,Greater Accra|Tema,DEV-003523,465.86
ANTX-000324722,AN-C001272,100001272,1,4,8,1,2023-01-26 19:43:09.000,Greater Accra|Tema,DEV-003523,388.18
ANTX-000324723,AN-C001272,100001272,1,2,5,1,2023-01-29 15:13:23.000,Greater Accra|Tema,DEV-003523,1575.48
ANTX-000324724,AN-C001272,100001272,1,1,6,1,2023-01-26 11:27:07.000,Greater Accra|Tema,DEV-003523,1988.98
ANTX-000324725,AN-C001272,100001272,1,2,3,1,2023-01-30 07:01:38.000,Greater Accra|Tema,DEV-003523,1344.98
ANTX-000324726,AN-C001272,100001272,1,3,7,1,2023-02-10 10:55:18.000,Greater Accra|Tema,DEV-003523,12.1
ANTX-000324727,AN-C001272,100001272,1,4,1,1,2023-02-06 13:55:59.000,Greater Accra|Kasoa,DEV-003523,2437.93
ANTX-000324728,AN-C001272,100001272,2,2,5,1,2023-02-09 11:28:39.000,Greater Accra|Tema,DEV-003523,823.59
ANTX-000324729,AN-C001272,100001272,1,3,5,1,2023-02-15 16:22:43.000,Greater Accra|Tema,DEV-003523,110.18
ANTX-000324730,AN-C001272,100001272,1,1,8,1,2023-02-27 22:14:19.000,Greater Accra|Tema,DEV-003523,499.04
ANTX-000324731,AN-C001272,100001272,1,2,3,1,2023-02-07 06:54:00.000,Greater Accra|Tema,DEV-003523,921.24
ANTX-000324732,AN-C001272,100001272,1,2,2,1,2023-02-23 09:22:12.000,Greater Accra|Tema,DEV-003523,2365.97
ANTX-000324733,AN-C001272,100001272,1,2,7,1,2023-02-22 19:08:47.000,Greater Accra|Tema,DEV-003523,529.83
ANTX-000324734,AN-C001272,100001272,1,2,8,1,2023-02-27 09:45:38.000,Greater Accra|Tema,DEV-003523,62.98
ANTX-000324735,AN-C001272,100001272,1,3,2,1,2023-03-09 22:35:45.000,Greater Accra|Tema,DEV-003523,820.7
ANTX-000324736,AN-C001272,100001272,1,3,6,1,2023-03-03 17:14:01.000,Greater Accra|Tema,DEV-003523,1524.88
ANTX-000324737,AN-C001272,100001272,1,2,3,1,2023-03-03 19:40:50.000,Greater Accra|Tema,DEV-003523,185.4
ANTX-000324738,AN-C001272,100001272,1,2,6,1,2023-03-28 21:56:37.000,Greater Accra|Tema,DEV-003523,3358.87
ANTX-000324739,AN-C001272,100001272,1,2,6,1,2023-03-01 22:26:14.000,Greater Accra|Tema,DEV-003523,1901.86
ANTX-000324740,AN-C001272,100001272,1,2,7,1,2023-03-06 13:04:48.000,Greater Accra|Tema,DEV-003523,2697.78
ANTX-000324741,AN-C001272,100001272,1,1,3,1,2023-03-24 17:25:08.000,Greater Accra|Tema,DEV-003523,472.7
ANTX-000324742,AN-C001272,100001272,1,3,2,1,2023-03-01 17:14:40.000,Greater Accra|Tema,DEV-003523,2129.17
ANTX-000324743,AN-C001272,100001272,1,1,5,1,2023-03-14 21:53:10.000,Greater Accra|Tema,DEV-003523,309.93
ANTX-000324744,AN-C001272,100001272,1,2,5,1,2023-03-30 08:19:08.000,Greater Accra|Tema,DEV-003523,3924.75
ANTX-000324745,AN-C001272,100001272,3,3,1,1,2023-03-03 10:21:38.000,Greater Accra|Tema,DEV-003523,51.4
ANTX-000324746,AN-C001272,100001272,1,1,6,1,2023-03-04 20:22:05.000,Greater Accra|Tema,DEV-003523,2111.39
ANTX-000324747,AN-C001272,100001272,1,1,8,1,2023-03-20 13:46:58.000,Greater Accra|Tema,DEV-003523,24.01
ANTX-000324748,AN-C001272,100001272,1,1,6,1,2023-03-07 04:33:52.000,Greater Accra|Tema,DEV-003523,1257.28
ANTX-000327302,AN-C001282,100001282,1,3,3,1,2023-03-30 11:06:31.000,Eastern|Akropong,DEV-000363,1460.24
ANTX-000327303,AN-C001282,100001282,1,2,7,1,2023-03-22 10:12:37.000,Eastern|Akropong,DEV-000363,2031.94
ANTX-000327304,AN-C001282,100001282,1,4,4,1,2023-03-24 10:44:58.000,Eastern|Akropong,DEV-000363,6552.35
ANTX-000327305,AN-C001282,100001282,1,1,1,1,2023-03-25 12:09:33.000,Eastern|Akropong,DEV-000363,1022.73
ANTX-000327306,AN-C001282,100001282,1,1,7,1,2023-03-20 10:26:00.000,Eastern|Akropong,DEV-000363,651.74
ANTX-000328020,AN-C001286,100001286,1,2,7,1,2023-01-12 17:00:49.000,Ashanti|Kumasi,DEV-000170,3802.76
ANTX-000328021,AN-C001286,100001286,1,4,6,1,2023-01-25 12:25:15.000,Ashanti|Kumasi,DEV-000170,1373.45
ANTX-000328022,AN-C001286,100001286,1,2,3,1,2023-01-28 20:21:50.000,Ashanti|Kumasi,DEV-000170,928.73
ANTX-000328023,AN-C001286,100001286,1,3,5,1,2023-01-30 09:14:33.000,Ashanti|Kumasi,DEV-000170,1408.69
ANTX-000328024,AN-C001286,100001286,2,3,8,1,2023-01-18 18:46:35.000,Ashanti|Kumasi,DEV-000170,191.74
ANTX-000328025,AN-C001286,100001286,1,3,7,1,2023-01-21 11:43:44.000,Ashanti|Kumasi,DEV-000170,1461.24
ANTX-000328026,AN-C001286,100001286,1,3,7,1,2023-02-04 06:38:15.000,Ashanti|Ejisu,DEV-000170,1633.53
ANTX-000328027,AN-C001286,100001286,1,1,8,1,2023-02-06 19:16:36.000,Ashanti|Kumasi,DEV-000170,667.54
ANTX-000328028,AN-C001286,100001286,1,1,2,1,2023-02-16 19:04:35.000,Ashanti|Kumasi,DEV-000170,1895.98
ANTX-000328029,AN-C001286,100001286,1,3,1,1,2023-02-25 22:06:45.000,Ashanti|Kumasi,DEV-000170,1160.32
ANTX-000328030,AN-C001286,100001286,1,4,7,1,2023-02-14 09:05:09.000,Ashanti|Kumasi,DEV-000170,17.45
ANTX-000328031,AN-C001286,100001286,1,3,3,1,2023-02-25 10:41:47.000,Ashanti|Kumasi,DEV-000170,1037.51
ANTX-000328032,AN-C001286,100001286,1,3,5,1,2023-03-26 17:48:22.000,Ashanti|Kumasi,DEV-000170,2038.26
ANTX-000328033,AN-C001286,100001286,2,2,5,1,2023-03-15 11:31:53.000,Ashanti|Kumasi,DEV-000170,4080.62
ANTX-000328034,AN-C001286,100001286,1,2,3,1,2023-03-16 18:55:59.000,Ashanti|Kumasi,DEV-000170,5421.23
ANTX-000328035,AN-C001286,100001286,1,4,1,1,2023-03-29 12:07:19.000,Ashanti|Kumasi,DEV-000170,1267.18
ANTX-000328036,AN-C001286,100001286,1,3,6,1,2023-03-16 10:40:25.000,Ashanti|Kumasi,DEV-000170,1609.24
ANTX-000329272,AN-C001290,100001290,1,3,1,1,2023-03-08 10:31:14.000,Western|Tarkwa,DEV-000620,161.18
ANTX-000329273,AN-C001290,100001290,1,3,6,1,2023-03-11 22:10:50.000,Western|Tarkwa,DEV-000620,84.31
ANTX-000330287,AN-C001295,100001295,1,4,3,1,2023-02-07 17:32:39.000,Upper East|Bolgatanga,DEV-000345,6407.02
ANTX-000330288,AN-C001295,100001295,1,1,7,1,2023-02-28 21:50:53.000,Upper East|Bolgatanga,DEV-000345,2227.33
ANTX-000330289,AN-C001295,100001295,1,4,1,1,2023-02-12 06:25:57.000,Upper East|Bolgatanga,DEV-000345,12.99
ANTX-000330290,AN-C001295,100001295,1,1,5,1,2023-03-24 13:44:54.000,Upper East|Bolgatanga,DEV-000345,239.21
ANTX-000330291,AN-C001295,100001295,1,3,7,1,2023-03-09 09:15:48.000,Upper East|Bolgatanga,DEV-000345,10.61
ANTX-000330292,AN-C001295,100001295,1,2,6,1,2023-03-23 13:09:52.000,Upper East|Bolgatanga,DEV-000345,4167.01
ANTX-000330293,AN-C001295,100001295,1,1,3,1,2023-03-14 10:44:52.000,Upper East|Bolgatanga,DEV-000345,2775.31
ANTX-000331549,AN-C001297,100001297,1,3,7,1,2023-02-14 09:32:51.000,Eastern|Koforidua,DEV-002760,1530.42
ANTX-000331550,AN-C001297,100001297,1,3,7,1,2023-02-04 17:08:45.000,Eastern|Koforidua,DEV-002760,663.27
ANTX-000331551,AN-C001297,100001297,1,1,8,1,2023-03-18 21:43:36.000,Eastern|Koforidua,DEV-002760,533.27
ANTX-000331552,AN-C001297,100001297,1,1,8,1,2023-03-08 23:51:29.000,Eastern|Koforidua,DEV-002760,670.92
ANTX-000331553,AN-C001297,100001297,1,1,2,1,2023-03-28 05:34:45.000,Eastern|Koforidua,DEV-002760,1787.88
ANTX-000332311,AN-C001299,100001299,1,4,2,1,2023-02-27 12:41:27.000,Greater Accra|Accra,DEV-003710,576.14
ANTX-000332312,AN-C001299,100001299,1,3,1,1,2023-02-27 01:17:49.000,Greater Accra|Accra,DEV-003710,1977.38
ANTX-000332313,AN-C001299,100001299,1,1,6,1,2023-02-26 11:31:51.000,Greater Accra|Accra,DEV-003710,2268.74
ANTX-000332314,AN-C001299,100001299,1,4,5,1,2023-02-25 20:08:09.000,Greater Accra|Accra,DEV-003710,6031.24
ANTX-000332315,AN-C001299,100001299,1,1,6,1,2023-02-26 23:04:43.000,Greater Accra|Accra,DEV-003710,302.32
ANTX-000332316,AN-C001299,100001299,3,3,1,1,2023-02-27 09:26:44.000,Greater Accra|Accra,DEV-003710,68.12
ANTX-000332317,AN-C001299,100001299,1,3,3,1,2023-02-27 10:02:37.000,Greater Accra|Accra,DEV-003710,1994.86
ANTX-000332318,AN-C001299,100001299,1,2,8,1,2023-02-28 15:23:49.000,Greater Accra|Accra,DEV-003710,4910.96
ANTX-000332319,AN-C001299,100001299,1,1,3,1,2023-03-04 13:28:06.000,Greater Accra|Accra,DEV-003710,495.11
ANTX-000332320,AN-C001299,100001299,1,2,4,1,2023-03-31 15:03:06.000,Greater Accra|Accra,DEV-003710,986.13
ANTX-000332321,AN-C001299,100001299,1,4,6,1,2023-03-22 23:45:55.000,Greater Accra|Accra,DEV-003710,6521.36
ANTX-000332322,AN-C001299,100001299,1,1,3,1,2023-03-17 10:22:45.000,Greater Accra|Accra,DEV-003710,2076.84
ANTX-000332323,AN-C001299,100001299,1,2,5,1,2023-03-26 12:36:31.000,Greater Accra|Accra,DEV-003710,535.22
ANTX-000332324,AN-C001299,100001299,1,1,7,1,2023-03-13 18:50:42.000,Upper West|Lawra,DEV-003710,2129.0
ANTX-000332325,AN-C001299,100001299,1,2,8,1,2023-03-22 21:35:54.000,Greater Accra|Accra,DEV-003710,686.48
ANTX-000332326,AN-C001299,100001299,1,4,5,1,2023-03-30 20:50:52.000,Greater Accra|Accra,DEV-003710,3384.96
ANTX-000332327,AN-C001299,100001299,1,2,4,1,2023-03-19 09:34:27.000,Greater Accra|Accra,DEV-003710,4314.02
ANTX-000332328,AN-C001299,100001299,1,1,2,1,2023-03-31 22:48:48.000,Greater Accra|Accra,DEV-003710,82.13
ANTX-000334727,AN-C001303,100001303,1,2,8,1,2023-01-24 10:26:44.000,Ahafo|Goaso,DEV-002279,377.89
ANTX-000334728,AN-C001303,100001303,1,2,6,1,2023-01-28 15:45:12.000,Western|Takoradi,DEV-002279,4360.76
ANTX-000334729,AN-C001303,100001303,1,4,4,1,2023-01-23 15:02:08.000,Western|Takoradi,DEV-002279,1140.15
ANTX-000334730,AN-C001303,100001303,1,1,5,1,2023-01-22 18:51:30.000,Western|Takoradi,DEV-002279,35.83
ANTX-000334731,AN-C001303,100001303,1,3,3,1,2023-02-24 22:26:05.000,Ashanti|Ejisu,DEV-002279,1109.72
ANTX-000335363,AN-C001304,100001304,1,1,2,1,2023-03-26 09:13:18.000,Northern|Savelugu,DEV-001695,161.69
ANTX-000335364,AN-C001304,100001304,1,2,6,1,2023-03-02 10:14:54.000,Northern|Savelugu,DEV-001695,2616.44
ANTX-000335365,AN-C001304,100001304,1,2,2,1,2023-03-30 22:01:16.000,Northern|Savelugu,DEV-001695,721.33
ANTX-000335366,AN-C001304,100001304,1,3,1,1,2023-03-25 16:09:11.000,Northern|Savelugu,DEV-001695,16.58
ANTX-000335367,AN-C001304,100001304,1,2,2,1,2023-03-18 13:25:39.000,Northern|Savelugu,DEV-001695,841.74
ANTX-000336027,AN-C001305,100001305,1,1,2,1,2023-03-14 12:39:52.000,Greater Accra|Accra,DEV-000089,64.72
ANTX-000336028,AN-C001305,100001305,1,3,7,1,2023-03-30 20:40:10.000,Greater Accra|Accra,DEV-000089,472.9
ANTX-000338603,AN-C001316,100001316,1,2,7,1,2023-01-31 10:39:36.000,Volta|Keta,DEV-001602,2706.87
ANTX-000338604,AN-C001316,100001316,1,1,2,1,2023-02-07 18:23:35.000,Volta|Keta,DEV-001602,1086.98
ANTX-000338605,AN-C001316,100001316,1,3,4,1,2023-02-16 17:49:06.000,Volta|Keta,DEV-001602,208.62
ANTX-000338606,AN-C001316,100001316,1,4,7,1,2023-02-12 05:00:52.000,Volta|Keta,DEV-001602,1202.97
ANTX-000338607,AN-C001316,100001316,1,1,7,1,2023-03-31 15:32:27.000,Volta|Keta,DEV-001602,535.16
ANTX-000338608,AN-C001316,100001316,1,1,2,1,2023-03-15 18:22:59.000,Volta|Keta,DEV-001602,286.6
ANTX-000338609,AN-C001316,100001316,1,1,4,1,2023-03-07 14:45:27.000,Volta|Keta,DEV-001602,44.78
ANTX-000338610,AN-C001316,100001316,1,1,7,1,2023-03-31 09:34:19.000,Volta|Keta,DEV-001602,190.02
ANTX-000338611,AN-C001316,100001316,1,1,5,1,2023-03-07 21:13:05.000,Volta|Keta,DEV-001602,175.54
ANTX-000349113,AN-C001349,100001349,2,3,8,1,2023-02-25 11:15:32.000,Bono|Sunyani,DEV-001179,138.53
ANTX-000349114,AN-C001349,100001349,1,2,2,1,2023-02-25 10:01:14.000,Ashanti|Obuasi,DEV-001179,3315.26
ANTX-000349115,AN-C001349,100001349,1,2,4,1,2023-02-22 09:08:59.000,Bono|Sunyani,DEV-001179,2359.99
ANTX-000349116,AN-C001349,100001349,1,1,3,1,2023-02-22 22:53:29.000,Bono|Sunyani,DEV-001179,30.8
ANTX-000349117,AN-C001349,100001349,1,2,1,1,2023-02-28 11:56:46.000,Bono|Sunyani,DEV-001179,1340.94
ANTX-000349118,AN-C001349,100001349,1,2,4,1,2023-02-22 16:43:54.000,Bono|Sunyani,DEV-001179,3825.93
ANTX-000349119,AN-C001349,100001349,1,2,3,1,2023-03-20 05:42:02.000,Bono|Sunyani,DEV-001179,3339.05
ANTX-000349120,AN-C001349,100001349,1,1,3,1,2023-03-31 13:12:26.000,Bono|Sunyani,DEV-001179,453.18
ANTX-000349121,AN-C001349,100001349,1,1,4,1,2023-03-26 18:25:12.000,Bono|Sunyani,DEV-001179,1920.65
ANTX-000349122,AN-C001349,100001349,1,3,4,1,2023-03-13 13:03:17.000,Bono|Sunyani,DEV-001179,850.12
ANTX-000349123,AN-C001349,100001349,1,3,4,1,2023-03-17 12:01:11.000,Bono|Sunyani,DEV-001179,272.6
ANTX-000349124,AN-C001349,100001349,1,1,8,1,2023-03-23 15:39:18.000,Bono|Sunyani,DEV-001179,2656.73
ANTX-000349125,AN-C001349,100001349,1,3,8,1,2023-03-14 10:16:29.000,Bono|Sunyani,DEV-001179,1058.89
ANTX-000349126,AN-C001349,100001349,1,1,7,1,2023-03-13 15:49:21.000,Bono|Sunyani,DEV-001179,3192.56
ANTX-000351609,AN-C001358,100001358,1,1,3,1,2023-02-21 22:35:18.000,Greater Accra|Tema,DEV-000202,916.47
ANTX-000351610,AN-C001358,100001358,1,3,7,1,2023-02-20 21:37:06.000,Greater Accra|Tema,DEV-000202,1128.58
ANTX-000351611,AN-C001358,100001358,1,2,7,1,2023-02-16 19:38:45.000,Greater Accra|Tema,DEV-000202,34.75
ANTX-000351612,AN-C001358,100001358,1,4,7,1,2023-02-26 18:08:30.000,Greater Accra|Tema,DEV-000202,7240.18
ANTX-000351613,AN-C001358,100001358,1,4,1,1,2023-02-20 18:38:59.000,Greater Accra|Tema,DEV-000202,5735.08
ANTX-000351614,AN-C001358,100001358,1,2,2,1,2023-02-14 15:26:40.000,Greater Accra|Tema,DEV-000202,1143.89
ANTX-000351615,AN-C001358,100001358,1,4,2,1,2023-02-27 17:34:56.000,Greater Accra|Tema,DEV-000202,2586.19
ANTX-000351616,AN-C001358,100001358,3,3,3,1,2023-02-22 04:28:46.000,Greater Accra|Tema,DEV-000202,509.73
ANTX-000351617,AN-C001358,100001358,1,1,7,1,2023-02-15 23:11:27.000,Greater Accra|Tema,DEV-000202,2280.36
ANTX-000351618,AN-C001358,100001358,1,4,8,1,2023-02-27 17:49:15.000,Greater Accra|Tema,DEV-000202,141.15
ANTX-000351619,AN-C001358,100001358,1,3,6,1,2023-02-23 13:56:00.000,Greater Accra|Tema,DEV-000202,1584.41
ANTX-000351620,AN-C001358,100001358,1,3,6,1,2023-03-26 11:27:45.000,Greater Accra|Tema,DEV-000202,1818.47
ANTX-000351621,AN-C001358,100001358,1,3,5,1,2023-03-02 10:02:11.000,Greater Accra|Tema,DEV-000202,2208.87
ANTX-000351622,AN-C001358,100001358,1,4,3,1,2023-03-10 16:28:11.000,Ashanti|Ejisu,DEV-000202,8103.13
ANTX-000351623,AN-C001358,100001358,1,1,6,1,2023-03-21 00:32:16.000,Greater Accra|Tema,DEV-000202,375.41
ANTX-000351624,AN-C001358,100001358,1,2,6,1,2023-03-31 16:33:01.000,Greater Accra|Tema,DEV-000202,2812.0
ANTX-000351625,AN-C001358,100001358,1,1,2,1,2023-03-17 18:59:57.000,Ahafo|Duayaw Nkwanta,DEV-000202,517.88
ANTX-000356887,AN-C001370,100001370,1,3,7,1,2023-03-23 20:27:32.000,Northern|Yendi,DEV-001055,1097.12
ANTX-000356888,AN-C001370,100001370,1,4,8,1,2023-03-18 10:20:46.000,Ahafo|Duayaw Nkwanta,DEV-001055,1814.0
ANTX-000360365,AN-C001387,100001387,1,1,3,1,2023-03-30 18:02:36.000,Ashanti|Ejisu,DEV-003757,1808.22
ANTX-000360366,AN-C001387,100001387,1,3,7,1,2023-03-31 07:04:12.000,Ashanti|Ejisu,DEV-003757,1007.18
ANTX-000360452,AN-C001388,100001388,1,2,2,1,2023-01-15 10:56:05.000,Greater Accra|Kasoa,DEV-001300,34.65
ANTX-000360453,AN-C001388,100001388,1,2,1,1,2023-01-28 16:40:36.000,Greater Accra|Kasoa,DEV-001300,1369.14
ANTX-000360454,AN-C001388,100001388,1,4,5,1,2023-02-11 16:11:57.000,Northern|Savelugu,DEV-001300,2646.72
ANTX-000360455,AN-C001388,100001388,1,3,4,1,2023-02-25 18:22:48.000,Greater Accra|Kasoa,DEV-001300,101.62
ANTX-000360456,AN-C001388,100001388,1,4,5,1,2023-02-07 21:25:41.000,Greater Accra|Kasoa,DEV-001300,2332.13
ANTX-000360457,AN-C001388,100001388,1,3,2,1,2023-03-31 18:48:26.000,Greater Accra|Kasoa,DEV-001300,473.67
ANTX-000360458,AN-C001388,100001388,1,2,8,1,2023-03-06 15:51:51.000,Greater Accra|Kasoa,DEV-001300,742.84
ANTX-000360459,AN-C001388,100001388,1,1,6,1,2023-03-18 23:22:08.000,Greater Accra|Kasoa,DEV-001300,1794.7
ANTX-000368982,AN-C001418,100001418,1,3,3,1,2023-02-26 15:47:52.000,Central|Elmina,DEV-003467,547.0
ANTX-000368983,AN-C001418,100001418,1,4,3,1,2023-03-14 07:47:54.000,Central|Elmina,DEV-003467,1040.23
ANTX-000368984,AN-C001418,100001418,1,1,5,1,2023-03-29 08:12:38.000,Central|Elmina,DEV-003467,1094.4
ANTX-000368985,AN-C001418,100001418,1,1,7,1,2023-03-02 17:19:07.000,Central|Elmina,DEV-003467,2816.01
ANTX-000368986,AN-C001418,100001418,1,2,3,1,2023-03-01 17:58:14.000,Central|Elmina,DEV-003467,1153.51
ANTX-000368987,AN-C001418,100001418,1,2,2,1,2023-03-25 20:06:37.000,Central|Elmina,DEV-003467,1697.18
ANTX-000369741,AN-C001420,100001420,1,1,4,1,2023-03-27 14:18:40.000,Upper East|Navrongo,DEV-003471,131.68
ANTX-000369742,AN-C001420,100001420,1,1,3,1,2023-03-21 16:16:29.000,Upper East|Navrongo,DEV-003471,470.4
ANTX-000369743,AN-C001420,100001420,1,1,2,1,2023-03-30 17:15:18.000,Upper East|Navrongo,DEV-003471,996.97
ANTX-000371896,AN-C001429,100001429,1,1,5,1,2023-03-28 15:45:17.000,Greater Accra|Madina,DEV-001346,1030.18
ANTX-000372332,AN-C001431,100001431,1,2,3,1,2023-03-29 14:26:23.000,Greater Accra|Kasoa,DEV-000582,936.75
ANTX-000381861,AN-C001467,100001467,1,4,3,1,2023-01-21 13:50:48.000,Ashanti|Obuasi,DEV-002367,2207.61
ANTX-000381862,AN-C001467,100001467,1,2,6,1,2023-02-24 11:49:49.000,Ashanti|Obuasi,DEV-002367,4320.4
ANTX-000381863,AN-C001467,100001467,1,2,1,1,2023-02-09 11:34:02.000,Ashanti|Obuasi,DEV-002367,962.02
ANTX-000381864,AN-C001467,100001467,1,4,7,1,2023-02-16 11:33:34.000,Ashanti|Obuasi,DEV-002367,7319.17
ANTX-000381865,AN-C001467,100001467,1,4,7,1,2023-02-01 14:25:08.000,Ashanti|Obuasi,DEV-002367,5966.02
ANTX-000381866,AN-C001467,100001467,1,4,2,1,2023-03-30 09:55:01.000,Ashanti|Obuasi,DEV-002367,1626.47
ANTX-000381867,AN-C001467,100001467,1,2,2,1,2023-03-17 14:51:21.000,Ashanti|Obuasi,DEV-002367,2546.38
ANTX-000381868,AN-C001467,100001467,1,4,3,1,2023-03-02 13:58:25.000,Ashanti|Obuasi,DEV-002367,1927.2
ANTX-000381869,AN-C001467,100001467,1,2,2,1,2023-03-17 23:47:24.000,Ashanti|Obuasi,DEV-002367,1716.53
ANTX-000381870,AN-C001467,100001467,1,1,2,1,2023-03-29 05:30:57.000,Ashanti|Obuasi,DEV-002367,2186.65
ANTX-000381871,AN-C001467,100001467,1,1,6,1,2023-03-26 19:20:30.000,Ashanti|Obuasi,DEV-002367,1464.22
ANTX-000382362,AN-C001469,100001469,1,3,6,1,2023-01-26 15:47:01.000,Ashanti|Obuasi,DEV-000520,570.25
ANTX-000382363,AN-C001469,100001469,1,1,3,1,2023-02-16 09:08:13.000,Ashanti|Obuasi,DEV-000520,1514.45
ANTX-000384093,AN-C001480,100001480,1,1,7,1,2023-02-28 14:58:03.000,Ashanti|Obuasi,DEV-002798,1461.76
ANTX-000384094,AN-C001480,100001480,1,3,4,1,2023-02-27 15:51:49.000,Ashanti|Obuasi,DEV-002798,285.22
ANTX-000384095,AN-C001480,100001480,1,4,1,1,2023-03-10 09:44:05.000,Ashanti|Obuasi,DEV-002798,6600.59
ANTX-000384096,AN-C001480,100001480,1,4,1,1,2023-03-15 18:06:33.000,Ashanti|Obuasi,DEV-002798,892.39
ANTX-000384097,AN-C001480,100001480,1,1,2,1,2023-03-02 01:13:39.000,Central|Elmina,DEV-002798,1554.27
ANTX-000384098,AN-C001480,100001480,1,1,3,1,2023-03-24 16:29:52.000,Ashanti|Obuasi,DEV-002798,1313.92
ANTX-000384099,AN-C001480,100001480,3,4,8,1,2023-03-07 10:57:16.000,Ashanti|Obuasi,DEV-002798,736.03
ANTX-000384100,AN-C001480,100001480,1,1,3,1,2023-03-20 17:41:25.000,Ashanti|Obuasi,DEV-002798,23.25
ANTX-000384101,AN-C001480,100001480,1,2,6,1,2023-03-23 16:11:04.000,Ashanti|Obuasi,DEV-002798,974.03
ANTX-000384860,AN-C001481,100001481,1,4,5,1,2023-03-28 09:36:28.000,Greater Accra|Accra,DEV-004075,1210.91
ANTX-000384861,AN-C001481,100001481,1,1,6,1,2023-03-29 10:52:15.000,Greater Accra|Accra,DEV-004075,20.11
ANTX-000384862,AN-C001481,100001481,1,2,6,1,2023-03-25 14:36:39.000,Greater Accra|Accra,DEV-004075,21.56
ANTX-000387628,AN-C001495,100001495,1,2,6,1,2023-03-18 11:00:11.000,Central|Cape Coast,DEV-002679,3507.81
ANTX-000391996,AN-C001513,100001513,1,1,3,1,2023-02-21 03:21:09.000,Greater Accra|Tema,DEV-000581,804.61
ANTX-000391997,AN-C001513,100001513,1,4,5,1,2023-03-01 09:44:06.000,Greater Accra|Tema,DEV-000581,1047.55
ANTX-000391998,AN-C001513,100001513,1,2,2,1,2023-03-01 15:26:40.000,Greater Accra|Tema,DEV-000581,89.47
ANTX-000391999,AN-C001513,100001513,1,4,8,1,2023-03-09 11:17:57.000,Greater Accra|Tema,DEV-000581,2857.49
ANTX-000392000,AN-C001513,100001513,1,3,2,1,2023-03-05 12:34:44.000,Greater Accra|Tema,DEV-000581,131.73
ANTX-000392001,AN-C001513,100001513,1,1,4,1,2023-03-10 11:35:57.000,Greater Accra|Tema,DEV-000581,2819.55
ANTX-000392002,AN-C001513,100001513,1,3,1,1,2023-03-09 16:18:32.000,Greater Accra|Tema,DEV-000581,164.45
ANTX-000393207,AN-C001514,100001514,1,3,1,1,2023-02-27 18:25:42.000,Ashanti|Kumasi,DEV-000932,703.03
ANTX-000393208,AN-C001514,100001514,1,3,8,1,2023-02-26 09:46:50.000,Ashanti|Kumasi,DEV-000932,844.41
ANTX-000393209,AN-C001514,100001514,1,1,1,1,2023-02-26 14:42:51.000,Ashanti|Kumasi,DEV-000932,1160.9
ANTX-000393210,AN-C001514,100001514,1,1,2,1,2023-02-27 20:05:06.000,Ashanti|Kumasi,DEV-000932,928.84
ANTX-000393211,AN-C001514,100001514,1,3,3,1,2023-02-27 13:07:11.000,Ashanti|Kumasi,DEV-000932,1171.08
ANTX-000393212,AN-C001514,100001514,1,2,7,1,2023-02-28 12:46:25.000,Ashanti|Kumasi,DEV-000932,1554.68
ANTX-000393213,AN-C001514,100001514,1,3,7,1,2023-02-28 11:27:07.000,Ashanti|Kumasi,DEV-000932,1428.8
ANTX-000393214,AN-C001514,100001514,1,1,7,1,2023-02-26 17:46:58.000,Ashanti|Kumasi,DEV-000932,445.24
ANTX-000393215,AN-C001514,100001514,1,2,2,1,2023-02-26 21:06:11.000,Ashanti|Kumasi,DEV-000932,1094.73
ANTX-000393216,AN-C001514,100001514,1,2,8,1,2023-02-27 11:15:12.000,Ashanti|Kumasi,DEV-000932,2840.45
ANTX-000393217,AN-C001514,100001514,1,1,5,1,2023-02-27 19:41:43.000,Ashanti|Kumasi,DEV-000932,883.07
ANTX-000393218,AN-C001514,100001514,1,1,2,1,2023-03-23 18:12:45.000,Ashanti|Kumasi,DEV-000932,182.31
ANTX-000393219,AN-C001514,100001514,1,1,2,1,2023-03-05 07:29:22.000,Ashanti|Kumasi,DEV-000932,2570.64
ANTX-000393220,AN-C001514,100001514,1,2,1,1,2023-03-21 11:44:05.000,Ashanti|Kumasi,DEV-000932,1368.71
ANTX-000393221,AN-C001514,100001514,1,3,1,1,2023-03-05 21:36:41.000,Ashanti|Kumasi,DEV-000932,377.1
ANTX-000393222,AN-C001514,100001514,1,3,5,1,2023-03-06 13:59:02.000,Ashanti|Kumasi,DEV-000932,471.99
ANTX-000393223,AN-C001514,100001514,1,1,5,1,2023-03-20 08:33:41.000,Ashanti|Kumasi,DEV-000932,2004.58
ANTX-000393224,AN-C001514,100001514,1,4,8,1,2023-03-12 14:22:37.000,Ashanti|Kumasi,DEV-000932,2688.95
ANTX-000393225,AN-C001514,100001514,1,3,7,1,2023-03-28 14:58:32.000,Ashanti|Kumasi,DEV-000932,2221.1
ANTX-000393226,AN-C001514,100001514,1,3,7,1,2023-03-31 23:48:26.000,Ashanti|Kumasi,DEV-000932,1220.31
ANTX-000393227,AN-C001514,100001514,1,4,3,1,2023-03-25 18:48:09.000,Ashanti|Kumasi,DEV-000932,5730.08
ANTX-000393228,AN-C001514,100001514,1,1,2,1,2023-03-13 10:51:28.000,Ashanti|Kumasi,DEV-000932,26.15
ANTX-000393229,AN-C001514,100001514,1,1,7,1,2023-03-15 17:23:22.000,Ashanti|Kumasi,DEV-000932,394.74
ANTX-000398213,AN-C001534,100001534,1,3,6,1,2023-02-27 18:04:46.000,Western|Takoradi,DEV-001586,1174.96
ANTX-000398214,AN-C001534,100001534,1,3,5,1,2023-02-26 22:32:39.000,Western|Takoradi,DEV-001586,1843.8
ANTX-000398215,AN-C001534,100001534,1,1,7,1,2023-02-27 09:35:11.000,Western|Takoradi,DEV-001586,738.24
ANTX-000398216,AN-C001534,100001534,1,1,8,1,2023-02-26 18:24:55.000,Western|Takoradi,DEV-001586,519.45
ANTX-000398217,AN-C001534,100001534,2,2,8,1,2023-03-10 19:23:15.000,Western|Takoradi,DEV-001586,56.44
ANTX-000398218,AN-C001534,100001534,1,3,1,1,2023-03-03 10:49:46.000,Western|Takoradi,DEV-001586,506.01
ANTX-000399730,AN-C001544,100001544,1,3,3,1,2023-02-10 09:52:54.000,Ahafo|Duayaw Nkwanta,DEV-002061,194.66
ANTX-000401399,AN-C001549,100001549,1,1,1,1,2023-02-24 09:31:35.000,Western|Axim,DEV-001948,545.97
ANTX-000401400,AN-C001549,100001549,1,1,5,1,2023-02-25 17:11:45.000,Western|Axim,DEV-001948,1259.97
ANTX-000401401,AN-C001549,100001549,1,1,7,1,2023-02-28 21:17:59.000,Western|Axim,DEV-001948,67.66
ANTX-000401402,AN-C001549,100001549,1,3,2,1,2023-03-23 16:55:13.000,Western|Axim,DEV-001948,53.27
ANTX-000401403,AN-C001549,100001549,1,4,8,1,2023-03-09 09:49:36.000,Western|Axim,DEV-001948,8930.82
ANTX-000401404,AN-C001549,100001549,1,2,4,1,2023-03-31 11:58:28.000,Western|Axim,DEV-001948,1300.82
ANTX-000401405,AN-C001549,100001549,1,2,7,1,2023-03-11 19:34:40.000,Western|Axim,DEV-001948,3341.41
ANTX-000401406,AN-C001549,100001549,1,2,8,1,2023-03-10 19:44:58.000,Western|Axim,DEV-001948,23.18
ANTX-000403779,AN-C001559,100001559,1,2,8,1,2023-02-27 19:29:28.000,Ashanti|Ejisu,DEV-002322,2679.84
ANTX-000403780,AN-C001559,100001559,1,4,8,1,2023-03-06 11:28:44.000,Ashanti|Ejisu,DEV-002322,3094.44
ANTX-000403781,AN-C001559,100001559,1,1,8,1,2023-03-31 08:09:54.000,Ashanti|Ejisu,DEV-002322,227.66
ANTX-000403782,AN-C001559,100001559,1,4,7,1,2023-03-03 21:54:21.000,Ashanti|Ejisu,DEV-002322,4442.21
ANTX-000403783,AN-C001559,100001559,1,1,7,1,2023-03-31 14:09:18.000,Ashanti|Ejisu,DEV-002322,635.57
ANTX-000403784,AN-C001559,100001559,1,1,2,1,2023-03-18 15:52:55.000,Ashanti|Ejisu,DEV-002322,1342.67
ANTX-000403785,AN-C001559,100001559,1,2,2,1,2023-03-30 10:02:58.000,Ashanti|Ejisu,DEV-002322,33.92
ANTX-000403786,AN-C001559,100001559,1,4,1,1,2023-03-14 09:34:20.000,Ashanti|Ejisu,DEV-002322,18.58
ANTX-000403787,AN-C001559,100001559,1,3,4,1,2023-03-26 20:36:32.000,Ashanti|Ejisu,DEV-002322,1423.46
ANTX-000407270,AN-C001571,100001571,1,4,7,1,2023-01-30 13:01:02.000,Greater Accra|Kasoa,DEV-000249,1654.79
ANTX-000407271,AN-C001571,100001571,2,3,5,1,2023-02-04 09:48:50.000,Greater Accra|Kasoa,DEV-000249,1424.86
ANTX-000407272,AN-C001571,100001571,1,1,7,1,2023-02-20 14:54:05.000,Greater Accra|Kasoa,DEV-000249,1119.99
ANTX-000407273,AN-C001571,100001571,1,1,6,1,2023-02-07 23:42:05.000,Greater Accra|Kasoa,DEV-000249,2842.08
ANTX-000407274,AN-C001571,100001571,1,3,3,1,2023-02-24 13:34:03.000,Greater Accra|Kasoa,DEV-000249,151.99
ANTX-000407275,AN-C001571,100001571,1,1,7,1,2023-02-14 13:43:34.000,Greater Accra|Kasoa,DEV-000249,1885.52
ANTX-000407276,AN-C001571,100001571,1,2,5,1,2023-02-25 14:11:39.000,Greater Accra|Kasoa,DEV-000249,2240.75
ANTX-000407277,AN-C001571,100001571,1,3,3,1,2023-03-10 14:38:23.000,Greater Accra|Kasoa,DEV-000249,696.29
ANTX-000407278,AN-C001571,100001571,2,4,5,1,2023-03-30 10:17:28.000,Greater Accra|Kasoa,DEV-000249,1459.65
ANTX-000407279,AN-C001571,100001571,1,2,5,1,2023-03-23 23:50:07.000,Greater Accra|Kasoa,DEV-000249,2923.52
ANTX-000417714,AN-C001618,100001618,1,3,6,1,2023-02-26 15:31:18.000,Greater Accra|Tema,DEV-000106,204.4
ANTX-000417715,AN-C001618,100001618,1,1,7,1,2023-02-26 13:42:09.000,Greater Accra|Tema,DEV-000106,1911.93
ANTX-000417716,AN-C001618,100001618,1,3,3,1,2023-02-26 10:48:20.000,Greater Accra|Tema,DEV-000106,1798.16
ANTX-000417717,AN-C001618,100001618,1,1,2,1,2023-02-26 15:50:27.000,Greater Accra|Tema,DEV-000106,1814.27
ANTX-000417718,AN-C001618,100001618,1,3,7,1,2023-02-26 20:28:24.000,Greater Accra|Tema,DEV-000106,130.71
ANTX-000417719,AN-C001618,100001618,1,2,3,1,2023-02-28 06:50:40.000,Northern|Savelugu,DEV-000106,3278.59
ANTX-000417720,AN-C001618,100001618,1,3,8,1,2023-02-26 15:23:00.000,Greater Accra|Tema,DEV-000106,1694.6
ANTX-000417721,AN-C001618,100001618,1,2,8,1,2023-02-28 22:10:37.000,Greater Accra|Tema,DEV-000106,3065.12
ANTX-000417722,AN-C001618,100001618,1,3,4,1,2023-03-02 07:33:57.000,Northern|Tamale,DEV-000106,743.77
ANTX-000417723,AN-C001618,100001618,1,2,3,1,2023-03-29 09:43:07.000,Greater Accra|Tema,DEV-000106,1854.84
ANTX-000417724,AN-C001618,100001618,1,3,8,1,2023-03-23 13:19:11.000,Greater Accra|Tema,DEV-000106,639.21
ANTX-000417725,AN-C001618,100001618,1,3,8,1,2023-03-05 14:16:32.000,Greater Accra|Tema,DEV-000106,1447.73
ANTX-000417726,AN-C001618,100001618,1,2,5,1,2023-03-08 11:18:42.000,Greater Accra|Tema,DEV-000106,2002.72
ANTX-000417727,AN-C001618,100001618,3,3,6,1,2023-03-06 21:15:03.000,Greater Accra|Tema,DEV-000106,1972.23
ANTX-000417728,AN-C001618,100001618,1,4,8,1,2023-03-05 08:01:20.000,Greater Accra|Tema,DEV-000106,5205.47
ANTX-000417729,AN-C001618,100001618,1,2,5,1,2023-03-06 16:15:36.000,Greater Accra|Tema,DEV-000106,956.49
ANTX-000419893,AN-C001628,100001628,1,3,1,1,2023-03-30 14:43:07.000,Bono|Sunyani,DEV-000629,70.52
ANTX-000419894,AN-C001628,100001628,1,1,3,1,2023-03-31 11:31:07.000,Bono|Sunyani,DEV-000629,1256.93
ANTX-000419895,AN-C001628,100001628,1,2,1,1,2023-03-29 19:25:10.000,Bono|Sunyani,DEV-000629,2754.89
ANTX-000419896,AN-C001628,100001628,1,2,1,1,2023-03-30 11:41:20.000,Bono|Sunyani,DEV-000629,3817.2
ANTX-000419897,AN-C001628,100001628,1,3,3,1,2023-03-30 10:10:23.000,Bono|Sunyani,DEV-000629,696.04
ANTX-000419898,AN-C001628,100001628,1,1,7,1,2023-03-29 19:40:03.000,Bono|Sunyani,DEV-000629,1101.44
ANTX-000419899,AN-C001628,100001628,1,4,3,1,2023-03-28 00:47:26.000,Bono|Sunyani,DEV-000629,9610.52
ANTX-000419900,AN-C001628,100001628,1,1,5,1,2023-03-28 22:33:12.000,Bono|Sunyani,DEV-000629,128.5
ANTX-000419901,AN-C001628,100001628,2,1,3,1,2023-03-30 13:07:25.000,Bono|Sunyani,DEV-000629,42.92
ANTX-000419902,AN-C001628,100001628,2,2,5,1,2023-03-27 12:23:59.000,Bono|Sunyani,DEV-000629,2010.37
ANTX-000419903,AN-C001628,100001628,1,3,8,1,2023-03-28 23:29:44.000,Bono|Sunyani,DEV-000629,2250.07
ANTX-000419904,AN-C001628,100001628,1,4,8,1,2023-03-27 12:33:10.000,Bono|Sunyani,DEV-000629,869.46
ANTX-000419905,AN-C001628,100001628,1,2,3,1,2023-03-28 22:16:33.000,Bono|Sunyani,DEV-000629,447.55
ANTX-000423661,AN-C001637,100001637,1,2,3,1,2023-02-11 06:53:09.000,Greater Accra|Kasoa,DEV-001425,23.22
ANTX-000423929,AN-C001639,100001639,1,2,1,1,2023-03-27 07:35:15.000,Central|Winneba,DEV-004146,4288.35
ANTX-000423930,AN-C001639,100001639,1,3,3,1,2023-03-29 01:31:15.000,Western|Tarkwa,DEV-004146,1828.11
ANTX-000423931,AN-C001639,100001639,1,4,8,1,2023-03-30 06:35:06.000,Western|Tarkwa,DEV-004146,319.04
ANTX-000423932,AN-C001639,100001639,1,2,6,1,2023-03-30 21:25:58.000,Western|Tarkwa,DEV-004146,1872.12
ANTX-000423933,AN-C001639,100001639,1,4,4,1,2023-03-29 22:59:45.000,Western|Tarkwa,DEV-004146,2798.1
ANTX-000426926,AN-C001648,100001648,1,2,3,1,2023-03-18 15:45:19.000,Upper West|Wa,DEV-003014,2605.11
ANTX-000429164,AN-C001656,100001656,1,1,1,1,2023-03-20 22:25:04.000,Greater Accra|Tema,DEV-001731,57.65
ANTX-000431386,AN-C001667,100001667,1,4,2,1,2023-01-31 16:30:59.000,Northern|Tamale,DEV-002770,1228.05
ANTX-000431387,AN-C001667,100001667,1,1,3,1,2023-01-29 10:49:08.000,Northern|Tamale,DEV-002770,2880.67
ANTX-000431388,AN-C001667,100001667,1,3,2,1,2023-01-29 22:29:41.000,Northern|Tamale,DEV-002770,1625.55
ANTX-000431389,AN-C001667,100001667,1,2,2,1,2023-01-30 12:01:08.000,Northern|Tamale,DEV-002770,288.37
ANTX-000431390,AN-C001667,100001667,1,3,1,1,2023-01-31 16:46:16.000,Northern|Tamale,DEV-002770,1559.76
ANTX-000431391,AN-C001667,100001667,1,3,1,1,2023-01-29 01:05:41.000,Northern|Tamale,DEV-002770,331.42
ANTX-000431392,AN-C001667,100001667,1,1,1,1,2023-02-05 01:38:55.000,Northern|Tamale,DEV-002770,566.66
ANTX-000431393,AN-C001667,100001667,1,1,5,1,2023-02-22 10:44:50.000,Northern|Tamale,DEV-002770,3242.8
ANTX-000431394,AN-C001667,100001667,1,3,4,1,2023-02-25 20:56:10.000,Northern|Tamale,DEV-002770,1280.21
ANTX-000431395,AN-C001667,100001667,2,2,6,1,2023-02-15 15:55:48.000,Northern|Tamale,DEV-002770,71.4
ANTX-000431396,AN-C001667,100001667,1,1,4,1,2023-02-14 16:55:30.000,Northern|Tamale,DEV-002770,1735.93
ANTX-000431397,AN-C001667,100001667,1,2,8,1,2023-02-02 10:30:23.000,Northern|Tamale,DEV-002770,965.02
ANTX-000431398,AN-C001667,100001667,1,3,4,1,2023-02-03 03:19:36.000,Northern|Tamale,DEV-002770,1592.55
ANTX-000431399,AN-C001667,100001667,1,2,4,1,2023-02-12 15:26:59.000,Northern|Tamale,DEV-002770,656.47
ANTX-000431400,AN-C001667,100001667,1,1,1,1,2023-03-19 11:50:36.000,Northern|Tamale,DEV-002770,258.53
ANTX-000431401,AN-C001667,100001667,1,1,4,1,2023-03-12 09:43:54.000,Northern|Tamale,DEV-002770,1766.75
ANTX-000431402,AN-C001667,100001667,1,1,3,1,2023-03-24 14:45:01.000,Northern|Tamale,DEV-002770,216.14
ANTX-000431403,AN-C001667,100001667,1,1,3,1,2023-03-03 16:38:44.000,Northern|Tamale,DEV-002770,41.32
ANTX-000431404,AN-C001667,100001667,1,4,6,1,2023-03-08 11:33:17.000,Northern|Tamale,DEV-002770,762.97
ANTX-000431405,AN-C001667,100001667,2,1,6,1,2023-03-09 17:07:39.000,Northern|Tamale,DEV-002770,184.39
ANTX-000431406,AN-C001667,100001667,1,1,8,1,2023-03-30 08:28:28.000,Northern|Tamale,DEV-002770,961.38
ANTX-000431407,AN-C001667,100001667,1,3,3,1,2023-03-21 13:44:09.000,Northern|Tamale,DEV-002770,31.3
ANTX-000431408,AN-C001667,100001667,1,2,4,1,2023-03-07 22:02:44.000,Northern|Tamale,DEV-002770,1535.36
ANTX-000431409,AN-C001667,100001667,1,2,2,1,2023-03-30 22:26:43.000,Northern|Tamale,DEV-002770,1973.15
ANTX-000431410,AN-C001667,100001667,1,4,7,1,2023-03-05 18:04:59.000,Northern|Tamale,DEV-002770,4054.27
ANTX-000431411,AN-C001667,100001667,1,4,4,1,2023-03-31 21:47:48.000,Northern|Tamale,DEV-002770,8670.54
ANTX-000431412,AN-C001667,100001667,3,3,8,1,2023-03-27 16:35:54.000,Northern|Tamale,DEV-002770,655.6
ANTX-000431413,AN-C001667,100001667,1,4,2,1,2023-03-28 22:37:49.000,Northern|Tamale,DEV-002770,2924.11
ANTX-000433783,AN-C001676,100001676,1,3,1,1,2023-02-28 16:35:15.000,Northern|Savelugu,DEV-000217,1477.12
ANTX-000433784,AN-C001676,100001676,1,1,7,1,2023-03-21 07:13:17.000,Western|Axim,DEV-000217,40.9
ANTX-000433785,AN-C001676,100001676,1,3,2,1,2023-03-30 16:44:34.000,Western|Axim,DEV-000217,773.73
ANTX-000433786,AN-C001676,100001676,1,4,3,1,2023-03-04 12:30:11.000,Western|Axim,DEV-000217,195.04
ANTX-000438476,AN-C001696,100001696,1,3,3,1,2023-01-26 23:06:07.000,Greater Accra|Tema,DEV-000350,1292.5
ANTX-000438477,AN-C001696,100001696,1,1,5,1,2023-01-30 23:27:47.000,Bono|Sunyani,DEV-000350,1076.34
ANTX-000438478,AN-C001696,100001696,1,1,2,1,2023-01-21 22:13:24.000,Greater Accra|Tema,DEV-000350,838.52
ANTX-000438479,AN-C001696,100001696,1,2,1,1,2023-01-30 18:27:54.000,Greater Accra|Tema,DEV-000350,1378.5
ANTX-000438480,AN-C001696,100001696,1,3,3,1,2023-02-12 14:35:52.000,Greater Accra|Tema,DEV-000350,1843.01
ANTX-000438481,AN-C001696,100001696,1,2,8,1,2023-02-25 22:12:58.000,Greater Accra|Tema,DEV-000350,3378.12
ANTX-000438482,AN-C001696,100001696,1,1,3,1,2023-02-15 17:33:07.000,Greater Accra|Tema,DEV-000350,1247.35
ANTX-000438483,AN-C001696,100001696,1,3,8,1,2023-03-01 17:00:53.000,Greater Accra|Tema,DEV-000350,1699.82
ANTX-000438484,AN-C001696,100001696,1,1,3,1,2023-03-07 17:21:21.000,Greater Accra|Tema,DEV-000350,454.54
ANTX-000438485,AN-C001696,100001696,1,3,3,1,2023-03-28 01:45:18.000,Greater Accra|Tema,DEV-000350,1060.69
ANTX-000438486,AN-C001696,100001696,1,3,1,1,2023-03-02 22:34:00.000,Greater Accra|Tema,DEV-000350,510.97
ANTX-000438487,AN-C001696,100001696,1,3,5,1,2023-03-15 11:03:43.000,Greater Accra|Tema,DEV-000350,1493.43
ANTX-000442192,AN-C001715,100001715,2,4,6,1,2023-03-28 12:45:43.000,Central|Winneba,DEV-001837,6394.62
ANTX-000442193,AN-C001715,100001715,1,2,3,1,2023-03-25 06:59:59.000,Central|Winneba,DEV-001837,3739.59
ANTX-000442194,AN-C001715,100001715,1,2,3,1,2023-03-28 09:22:18.000,Central|Winneba,DEV-001837,121.21
ANTX-000442195,AN-C001715,100001715,1,2,4,1,2023-03-26 12:56:29.000,Central|Winneba,DEV-001837,372.66
ANTX-000448001,AN-C001740,100001740,1,1,5,1,2023-01-22 20:22:45.000,Northern|Savelugu,DEV-001498,3671.32
ANTX-000448002,AN-C001740,100001740,1,2,5,1,2023-01-30 10:28:16.000,Northern|Savelugu,DEV-001498,1466.6
ANTX-000448003,AN-C001740,100001740,1,1,8,1,2023-01-16 15:12:25.000,Northern|Savelugu,DEV-001498,951.07
ANTX-000448004,AN-C001740,100001740,1,4,8,1,2023-01-23 16:11:03.000,Northern|Savelugu,DEV-001498,4919.58
ANTX-000448005,AN-C001740,100001740,1,3,8,1,2023-01-31 23:22:49.000,Northern|Savelugu,DEV-001498,56.41
ANTX-000448006,AN-C001740,100001740,1,3,8,1,2023-01-23 04:39:13.000,Northern|Savelugu,DEV-001498,656.6
ANTX-000448007,AN-C001740,100001740,1,3,2,1,2023-01-17 16:57:20.000,Northern|Savelugu,DEV-001498,236.17
ANTX-000448008,AN-C001740,100001740,1,2,3,1,2023-01-22 09:55:27.000,Northern|Savelugu,DEV-001498,534.44
ANTX-000448009,AN-C001740,100001740,1,2,5,1,2023-01-27 14:18:52.000,Northern|Savelugu,DEV-001498,4021.95
ANTX-000448010,AN-C001740,100001740,1,2,6,1,2023-01-23 10:31:24.000,Northern|Savelugu,DEV-001498,1096.97
ANTX-000448011,AN-C001740,100001740,1,1,3,1,2023-01-24 18:36:06.000,Northern|Savelugu,DEV-001498,1781.22
ANTX-000448012,AN-C001740,100001740,1,1,3,1,2023-01-30 18:39:07.000,Northern|Savelugu,DEV-001498,1394.18
ANTX-000448013,AN-C001740,100001740,1,1,1,1,2023-01-29 09:29:08.000,Northern|Savelugu,DEV-001498,1102.02
ANTX-000448014,AN-C001740,100001740,1,1,6,1,2023-01-27 06:03:14.000,Northern|Savelugu,DEV-001498,2647.13
ANTX-000448015,AN-C001740,100001740,1,2,6,1,2023-01-28 10:31:46.000,Bono East|Kintampo,DEV-001498,1832.56
ANTX-000448016,AN-C001740,100001740,1,4,3,1,2023-02-28 13:22:29.000,Northern|Savelugu,DEV-001498,2399.61
ANTX-000448017,AN-C001740,100001740,1,1,4,1,2023-02-28 09:31:49.000,Northern|Savelugu,DEV-001498,112.43
ANTX-000448018,AN-C001740,100001740,1,1,6,1,2023-02-02 23:40:12.000,Northern|Savelugu,DEV-001498,88.26
ANTX-000448019,AN-C001740,100001740,1,1,8,1,2023-02-04 22:46:00.000,Northern|Savelugu,DEV-001498,474.08
ANTX-000448020,AN-C001740,100001740,1,1,2,1,2023-02-28 14:16:33.000,Central|Cape Coast,DEV-001498,2193.23
ANTX-000448021,AN-C001740,100001740,1,4,3,1,2023-02-10 14:07:07.000,Northern|Savelugu,DEV-001498,197.32
ANTX-000448022,AN-C001740,100001740,2,4,8,1,2023-02-19 13:36:16.000,Northern|Savelugu,DEV-001498,55.44
ANTX-000448023,AN-C001740,100001740,1,1,3,1,2023-02-24 18:14:40.000,Bono|Sunyani,DEV-001498,3311.8
ANTX-000448024,AN-C001740,100001740,1,2,2,1,2023-02-17 23:14:10.000,Northern|Savelugu,DEV-001498,2060.7
ANTX-000448025,AN-C001740,100001740,1,3,5,1,2023-02-11 20:36:09.000,Greater Accra|Accra,DEV-001498,669.67
ANTX-000448026,AN-C001740,100001740,2,2,5,1,2023-02-13 17:33:00.000,Northern|Savelugu,DEV-001498,4027.71
ANTX-000448027,AN-C001740,100001740,1,1,2,1,2023-02-08 09:28:07.000,Northern|Savelugu,DEV-001498,3277.91
ANTX-000448028,AN-C001740,100001740,1,1,6,1,2023-02-15 16:47:40.000,Northern|Savelugu,DEV-001498,3234.26
ANTX-000448029,AN-C001740,100001740,1,4,6,1,2023-02-04 09:43:52.000,Northern|Savelugu,DEV-001498,3614.44
ANTX-000448030,AN-C001740,100001740,1,4,3,1,2023-02-09 13:27:54.000,Northern|Savelugu,DEV-001498,3333.24
ANTX-000448031,AN-C001740,100001740,1,3,5,1,2023-02-26 19:22:57.000,Northern|Savelugu,DEV-001498,551.52
ANTX-000448032,AN-C001740,100001740,1,2,3,1,2023-02-25 19:14:35.000,Northern|Savelugu,DEV-001498,4638.4
ANTX-000448033,AN-C001740,100001740,1,3,8,1,2023-02-24 09:57:09.000,Northern|Savelugu,DEV-001498,376.37
ANTX-000448034,AN-C001740,100001740,2,1,5,1,2023-02-25 14:52:04.000,Northern|Savelugu,DEV-001498,424.15
ANTX-000448035,AN-C001740,100001740,1,4,5,1,2023-02-07 23:47:03.000,Northern|Savelugu,DEV-001498,23.94
ANTX-000448036,AN-C001740,100001740,1,2,8,1,2023-02-21 14:10:04.000,Northern|Savelugu,DEV-001498,107.78
ANTX-000448037,AN-C001740,100001740,1,3,5,1,2023-02-06 08:04:39.000,Northern|Savelugu,DEV-001498,64.96
ANTX-000448038,AN-C001740,100001740,1,1,1,1,2023-02-12 09:53:55.000,Northern|Savelugu,DEV-001498,2795.96
ANTX-000448039,AN-C001740,100001740,1,1,7,1,2023-03-01 14:56:47.000,Northern|Savelugu,DEV-001498,2103.91
ANTX-000448040,AN-C001740,100001740,1,3,7,1,2023-03-17 14:31:51.000,Northern|Savelugu,DEV-001498,2123.67
ANTX-000448041,AN-C001740,100001740,1,1,1,1,2023-03-17 10:44:22.000,Northern|Savelugu,DEV-001498,661.56
ANTX-000448042,AN-C001740,100001740,1,1,1,1,2023-03-22 22:25:28.000,Northern|Savelugu,DEV-001498,1034.25
ANTX-000448043,AN-C001740,100001740,1,1,6,1,2023-03-24 22:55:57.000,Northern|Savelugu,DEV-001498,1073.33
ANTX-000448044,AN-C001740,100001740,1,2,8,1,2023-03-24 15:38:26.000,Northern|Savelugu,DEV-001498,1891.45
ANTX-000448045,AN-C001740,100001740,1,2,4,1,2023-03-25 09:01:19.000,Northern|Savelugu,DEV-001498,895.41
ANTX-000448046,AN-C001740,100001740,1,1,1,1,2023-03-08 22:19:33.000,Northern|Savelugu,DEV-001498,3501.04
ANTX-000448047,AN-C001740,100001740,1,2,7,1,2023-03-15 23:17:59.000,Northern|Savelugu,DEV-001498,336.22
ANTX-000448048,AN-C001740,100001740,1,2,3,1,2023-03-04 08:55:08.000,Northern|Savelugu,DEV-001498,96.16
ANTX-000448049,AN-C001740,100001740,1,3,6,1,2023-03-15 09:20:48.000,Northern|Savelugu,DEV-001498,12.69
ANTX-000448050,AN-C001740,100001740,1,4,2,1,2023-03-31 18:07:47.000,Northern|Savelugu,DEV-001498,2571.72
ANTX-000448051,AN-C001740,100001740,1,3,5,1,2023-03-25 09:12:44.000,Northern|Savelugu,DEV-001498,54.11
ANTX-000448052,AN-C001740,100001740,1,1,1,1,2023-03-27 14:31:36.000,Northern|Savelugu,DEV-001498,35.59
ANTX-000448053,AN-C001740,100001740,1,4,3,1,2023-03-30 15:50:34.000,Northern|Savelugu,DEV-001498,8116.56
ANTX-000448054,AN-C001740,100001740,1,4,6,1,2023-03-25 04:43:37.000,Northern|Savelugu,DEV-001498,4194.11
ANTX-000448055,AN-C001740,100001740,1,2,8,1,2023-03-20 21:14:27.000,Northern|Savelugu,DEV-001498,4875.51
ANTX-000448056,AN-C001740,100001740,1,2,6,1,2023-03-09 07:54:18.000,Northern|Savelugu,DEV-001498,108.09
ANTX-000448057,AN-C001740,100001740,1,1,8,1,2023-03-07 19:19:51.000,Northern|Savelugu,DEV-001498,2066.72
ANTX-000448058,AN-C001740,100001740,2,4,8,1,2023-03-23 14:34:45.000,Northern|Savelugu,DEV-001498,3122.16
ANTX-000448059,AN-C001740,100001740,1,2,4,1,2023-03-15 01:42:52.000,Northern|Savelugu,DEV-001498,2229.72
ANTX-000448060,AN-C001740,100001740,1,1,1,1,2023-03-22 17:06:42.000,Bono East|Kintampo,DEV-001498,104.3
ANTX-000448061,AN-C001740,100001740,1,3,8,1,2023-03-30 10:25:13.000,Northern|Savelugu,DEV-001498,1513.58
ANTX-000448062,AN-C001740,100001740,1,2,8,1,2023-03-17 04:14:48.000,Northern|Savelugu,DEV-001498,1718.4
ANTX-000448063,AN-C001740,100001740,1,2,4,1,2023-03-12 16:50:01.000,Northern|Savelugu,DEV-001498,3056.55
ANTX-000448064,AN-C001740,100001740,1,4,7,1,2023-03-14 09:15:57.000,Northern|Savelugu,DEV-001498,2362.06
ANTX-000448065,AN-C001740,100001740,1,2,8,1,2023-03-19 07:34:15.000,Northern|Savelugu,DEV-001498,378.49
ANTX-000448066,AN-C001740,100001740,1,4,4,1,2023-03-23 07:28:30.000,Northern|Savelugu,DEV-001498,6084.47
ANTX-000448067,AN-C001740,100001740,1,3,6,1,2023-03-19 20:39:10.000,Northern|Savelugu,DEV-001498,1131.79
ANTX-000448068,AN-C001740,100001740,1,2,8,1,2023-03-11 03:05:07.000,Northern|Savelugu,DEV-001498,89.83
ANTX-000448069,AN-C001740,100001740,3,3,7,1,2023-03-29 04:12:26.000,Northern|Savelugu,DEV-001498,92.03
ANTX-000448070,AN-C001740,100001740,1,1,4,1,2023-03-20 17:18:19.000,Northern|Savelugu,DEV-001498,2373.17
ANTX-000448071,AN-C001740,100001740,1,1,4,1,2023-03-09 19:16:52.000,Northern|Savelugu,DEV-001498,121.91
ANTX-000448072,AN-C001740,100001740,1,1,8,1,2023-03-23 12:15:14.000,Northern|Savelugu,DEV-001498,1487.07
ANTX-000448073,AN-C001740,100001740,1,2,6,1,2023-03-15 17:03:10.000,Northern|Savelugu,DEV-001498,224.85
ANTX-000448074,AN-C001740,100001740,1,2,8,1,2023-03-31 17:51:11.000,Northern|Savelugu,DEV-001498,321.14
ANTX-000448075,AN-C001740,100001740,1,2,7,1,2023-03-31 16:10:16.000,Northern|Savelugu,DEV-001498,1990.78
ANTX-000449747,AN-C001744,100001744,1,2,1,1,2023-02-27 14:19:17.000,Western|Axim,DEV-000615,1394.2
ANTX-000449748,AN-C001744,100001744,2,3,1,1,2023-03-31 14:17:22.000,Western|Axim,DEV-000615,40.24
ANTX-000455490,AN-C001767,100001767,1,2,2,1,2023-01-13 11:44:36.000,Oti|Jasikan,DEV-003254,567.69
ANTX-000455491,AN-C001767,100001767,1,1,6,1,2023-01-16 15:28:59.000,Oti|Jasikan,DEV-003254,740.72
ANTX-000455492,AN-C001767,100001767,1,4,7,1,2023-02-21 11:24:20.000,Greater Accra|Madina,DEV-003254,7657.4
ANTX-000455493,AN-C001767,100001767,1,3,2,1,2023-02-15 20:15:42.000,Oti|Jasikan,DEV-003254,374.12
ANTX-000455494,AN-C001767,100001767,1,1,7,1,2023-02-20 11:36:09.000,Oti|Jasikan,DEV-003254,1099.96
ANTX-000455495,AN-C001767,100001767,1,2,8,1,2023-02-10 11:28:19.000,Oti|Jasikan,DEV-003254,2816.96
ANTX-000455496,AN-C001767,100001767,1,4,8,1,2023-02-25 16:21:32.000,Oti|Jasikan,DEV-003254,153.99
ANTX-000455497,AN-C001767,100001767,1,1,2,1,2023-02-24 06:23:24.000,Oti|Jasikan,DEV-003254,416.39
ANTX-000455498,AN-C001767,100001767,1,3,8,1,2023-02-10 21:33:46.000,Oti|Jasikan,DEV-003254,520.55
ANTX-000455499,AN-C001767,100001767,1,2,1,1,2023-02-11 20:13:52.000,Oti|Jasikan,DEV-003254,239.35
ANTX-000455500,AN-C001767,100001767,1,1,4,1,2023-02-13 17:16:41.000,Oti|Jasikan,DEV-003254,316.63
ANTX-000455501,AN-C001767,100001767,1,4,6,1,2023-02-23 06:01:03.000,Oti|Jasikan,DEV-003254,5571.59
ANTX-000455502,AN-C001767,100001767,1,2,8,1,2023-02-27 16:44:07.000,Oti|Jasikan,DEV-003254,222.72
ANTX-000455503,AN-C001767,100001767,1,4,7,1,2023-02-27 10:15:50.000,Oti|Jasikan,DEV-003254,5067.85
ANTX-000455504,AN-C001767,100001767,1,1,8,1,2023-02-10 23:29:23.000,Oti|Jasikan,DEV-003254,1605.07
ANTX-000455505,AN-C001767,100001767,3,1,1,1,2023-02-28 16:04:17.000,Oti|Jasikan,DEV-003254,227.62
ANTX-000455506,AN-C001767,100001767,1,1,3,1,2023-02-23 11:07:47.000,Oti|Jasikan,DEV-003254,331.62
ANTX-000455507,AN-C001767,100001767,3,3,4,1,2023-03-29 20:30:16.000,Oti|Jasikan,DEV-003254,465.29
ANTX-000455508,AN-C001767,100001767,1,2,6,1,2023-03-28 14:47:16.000,Oti|Jasikan,DEV-003254,647.38
ANTX-000455509,AN-C001767,100001767,1,4,7,1,2023-03-27 13:58:34.000,Oti|Jasikan,DEV-003254,646.11
ANTX-000455510,AN-C001767,100001767,1,3,5,1,2023-03-29 11:02:45.000,Oti|Jasikan,DEV-003254,1369.37
ANTX-000455511,AN-C001767,100001767,1,2,2,1,2023-03-28 09:55:45.000,Oti|Jasikan,DEV-003254,1632.15
ANTX-000455512,AN-C001767,100001767,1,2,8,1,2023-03-07 10:45:20.000,Oti|Jasikan,DEV-003254,1314.72
ANTX-000455513,AN-C001767,100001767,1,2,8,1,2023-03-16 19:58:33.000,Oti|Jasikan,DEV-003254,390.06
ANTX-000455514,AN-C001767,100001767,1,4,4,1,2023-03-23 20:58:42.000,Oti|Jasikan,DEV-003254,153.94
ANTX-000455515,AN-C001767,100001767,1,3,1,1,2023-03-25 23:51:33.000,Oti|Jasikan,DEV-003254,279.12
ANTX-000455516,AN-C001767,100001767,1,3,8,1,2023-03-01 23:46:47.000,Oti|Jasikan,DEV-003254,2335.81
ANTX-000455517,AN-C001767,100001767,1,1,8,1,2023-03-30 02:23:52.000,Oti|Jasikan,DEV-003254,2350.78
ANTX-000455518,AN-C001767,100001767,1,4,4,1,2023-03-09 20:16:28.000,Oti|Jasikan,DEV-003254,3404.82
ANTX-000455519,AN-C001767,100001767,2,3,2,1,2023-03-30 20:50:32.000,Oti|Jasikan,DEV-003254,258.65
ANTX-000455520,AN-C001767,100001767,1,1,5,1,2023-03-23 12:34:00.000,Oti|Jasikan,DEV-003254,3345.14
ANTX-000455521,AN-C001767,100001767,1,1,1,1,2023-03-08 11:12:56.000,Oti|Jasikan,DEV-003254,2121.65
ANTX-000455522,AN-C001767,100001767,1,2,2,1,2023-03-16 09:48:07.000,Oti|Jasikan,DEV-003254,1209.4
ANTX-000455523,AN-C001767,100001767,1,1,6,1,2023-03-23 19:21:45.000,Oti|Jasikan,DEV-003254,3496.42
ANTX-000455524,AN-C001767,100001767,1,2,6,1,2023-03-02 21:15:19.000,Oti|Jasikan,DEV-003254,60.84
ANTX-000455525,AN-C001767,100001767,1,1,4,1,2023-03-11 12:46:48.000,Oti|Jasikan,DEV-003254,3223.68
ANTX-000455526,AN-C001767,100001767,1,2,4,1,2023-03-04 17:40:57.000,Oti|Jasikan,DEV-003254,112.92
ANTX-000455527,AN-C001767,100001767,1,3,4,1,2023-03-19 23:22:49.000,Oti|Jasikan,DEV-003254,1467.12
ANTX-000455528,AN-C001767,100001767,1,4,4,1,2023-03-28 14:13:55.000,Oti|Jasikan,DEV-003254,754.8
ANTX-000455529,AN-C001767,100001767,1,2,4,1,2023-03-24 20:38:12.000,Oti|Jasikan,DEV-003254,336.69
ANTX-000455530,AN-C001767,100001767,1,1,4,1,2023-03-01 23:16:29.000,Upper West|Wa,DEV-003254,2726.31
ANTX-000455531,AN-C001767,100001767,1,3,3,1,2023-03-29 23:14:40.000,Oti|Jasikan,DEV-003254,337.23
ANTX-000455532,AN-C001767,100001767,1,1,5,1,2023-03-05 07:52:55.000,Oti|Jasikan,DEV-003254,1966.05
ANTX-000455533,AN-C001767,100001767,1,1,6,1,2023-03-31 09:11:40.000,Oti|Jasikan,DEV-003254,2572.62
ANTX-000455534,AN-C001767,100001767,1,3,2,1,2023-03-19 18:01:47.000,Oti|Jasikan,DEV-003254,1106.22
ANTX-000455535,AN-C001767,100001767,1,3,3,1,2023-03-01 22:08:24.000,Eastern|Koforidua,DEV-003254,606.4
ANTX-000455536,AN-C001767,100001767,1,1,2,1,2023-03-22 12:00:23.000,Oti|Jasikan,DEV-003254,596.0
ANTX-000459485,AN-C001779,100001779,1,3,8,1,2023-03-08 15:22:33.000,Ashanti|Obuasi,DEV-001003,34.91
ANTX-000465556,AN-C001798,100001798,1,1,2,1,2023-01-31 21:44:58.000,Northern|Savelugu,DEV-003727,2397.02
ANTX-000465557,AN-C001798,100001798,1,3,8,1,2023-02-25 18:43:31.000,Ahafo|Duayaw Nkwanta,DEV-003727,257.8
ANTX-000465558,AN-C001798,100001798,1,1,6,1,2023-02-07 19:26:17.000,Northern|Savelugu,DEV-003727,370.43
ANTX-000465559,AN-C001798,100001798,1,2,3,1,2023-02-14 12:38:29.000,Northern|Savelugu,DEV-003727,1075.11
ANTX-000465560,AN-C001798,100001798,1,3,7,1,2023-02-08 14:02:48.000,Greater Accra|Accra,DEV-003727,1204.02
ANTX-000465561,AN-C001798,100001798,2,2,6,1,2023-02-11 13:27:19.000,Northern|Savelugu,DEV-003727,1583.3
ANTX-000465562,AN-C001798,100001798,1,3,8,1,2023-02-15 10:08:31.000,Northern|Savelugu,DEV-003727,864.72
ANTX-000465563,AN-C001798,100001798,1,4,1,1,2023-02-11 13:40:59.000,Northern|Savelugu,DEV-003727,74.09
ANTX-000465564,AN-C001798,100001798,1,4,2,1,2023-02-17 14:29:55.000,Northern|Savelugu,DEV-003727,1112.45
ANTX-000465565,AN-C001798,100001798,1,3,5,1,2023-02-21 21:35:23.000,Northern|Savelugu,DEV-003727,207.09
ANTX-000465566,AN-C001798,100001798,1,3,4,1,2023-02-14 19:07:45.000,Northern|Savelugu,DEV-003727,524.96
ANTX-000465567,AN-C001798,100001798,1,2,4,1,2023-02-22 14:03:20.000,Northern|Savelugu,DEV-003727,56.68
ANTX-000465568,AN-C001798,100001798,1,1,1,1,2023-03-02 07:31:59.000,Northern|Savelugu,DEV-003727,3033.52
ANTX-000465569,AN-C001798,100001798,1,2,7,1,2023-03-08 15:25:14.000,Northern|Savelugu,DEV-003727,192.12
ANTX-000465570,AN-C001798,100001798,1,3,5,1,2023-03-02 07:19:53.000,Northern|Savelugu,DEV-003727,247.96
ANTX-000465571,AN-C001798,100001798,1,2,4,1,2023-03-06 21:23:51.000,Northern|Savelugu,DEV-003727,1993.63
ANTX-000465572,AN-C001798,100001798,1,1,1,1,2023-03-26 17:13:40.000,Northern|Savelugu,DEV-003727,1294.37
ANTX-000465573,AN-C001798,100001798,2,3,1,1,2023-03-26 19:18:39.000,Northern|Savelugu,DEV-003727,41.01
ANTX-000465574,AN-C001798,100001798,1,3,4,1,2023-03-25 06:27:15.000,Northern|Savelugu,DEV-003727,203.37
ANTX-000465575,AN-C001798,100001798,1,2,8,1,2023-03-11 19:08:19.000,Northern|Savelugu,DEV-003727,22.59
ANTX-000465576,AN-C001798,100001798,1,1,8,1,2023-03-25 22:21:12.000,Northern|Savelugu,DEV-003727,1842.21
ANTX-000465577,AN-C001798,100001798,1,3,4,1,2023-03-09 23:53:54.000,Northern|Savelugu,DEV-003727,22.99
ANTX-000472162,AN-C001820,100001820,1,2,5,1,2023-02-21 17:12:34.000,Volta|Keta,DEV-002026,50.28
ANTX-000472163,AN-C001820,100001820,1,1,4,1,2023-02-27 18:31:31.000,Volta|Keta,DEV-002026,1283.28
ANTX-000472164,AN-C001820,100001820,1,2,3,1,2023-02-27 19:50:54.000,Volta|Keta,DEV-002026,5395.39
ANTX-000472165,AN-C001820,100001820,1,4,2,1,2023-02-24 10:23:27.000,Volta|Keta,DEV-002026,1483.64
ANTX-000472166,AN-C001820,100001820,1,3,7,1,2023-02-18 12:49:03.000,Volta|Keta,DEV-002026,1088.07
ANTX-000472167,AN-C001820,100001820,1,3,1,1,2023-02-28 22:07:48.000,Volta|Keta,DEV-002026,1400.97
ANTX-000472168,AN-C001820,100001820,1,2,5,1,2023-02-27 15:21:15.000,Volta|Keta,DEV-002026,4884.44
ANTX-000472169,AN-C001820,100001820,1,3,5,1,2023-02-24 12:47:40.000,Volta|Keta,DEV-002026,570.69
ANTX-000472170,AN-C001820,100001820,1,2,2,1,2023-02-24 14:01:29.000,Volta|Keta,DEV-002026,1163.36
ANTX-000472171,AN-C001820,100001820,1,1,6,1,2023-02-22 16:00:52.000,Volta|Keta,DEV-002026,2658.89
ANTX-000472172,AN-C001820,100001820,3,1,7,1,2023-02-27 11:31:05.000,Volta|Keta,DEV-002026,63.22
ANTX-000472173,AN-C001820,100001820,1,2,6,1,2023-02-19 14:28:42.000,Volta|Keta,DEV-002026,638.55
ANTX-000472174,AN-C001820,100001820,1,1,6,1,2023-02-19 14:51:08.000,Volta|Keta,DEV-002026,26.37
ANTX-000472175,AN-C001820,100001820,1,1,7,1,2023-02-27 22:57:45.000,Volta|Keta,DEV-002026,1759.75
ANTX-000472176,AN-C001820,100001820,1,1,5,1,2023-02-21 10:02:31.000,Volta|Keta,DEV-002026,2805.92
ANTX-000472177,AN-C001820,100001820,1,3,7,1,2023-02-24 14:55:12.000,Volta|Keta,DEV-002026,741.45
ANTX-000472178,AN-C001820,100001820,1,2,4,1,2023-02-26 11:59:17.000,Volta|Keta,DEV-002026,49.0
ANTX-000472179,AN-C001820,100001820,1,1,8,1,2023-03-14 15:00:19.000,Volta|Keta,DEV-002026,446.59
ANTX-000472180,AN-C001820,100001820,1,3,7,1,2023-03-26 17:57:34.000,Volta|Keta,DEV-002026,788.53
ANTX-000472181,AN-C001820,100001820,1,2,5,1,2023-03-25 18:37:23.000,Volta|Keta,DEV-002026,2778.79
ANTX-000472182,AN-C001820,100001820,1,2,4,1,2023-03-26 14:46:28.000,Volta|Keta,DEV-002026,108.76
ANTX-000472183,AN-C001820,100001820,1,1,8,1,2023-03-22 13:12:46.000,Volta|Keta,DEV-002026,2478.35
ANTX-000472184,AN-C001820,100001820,1,1,7,1,2023-03-06 09:17:44.000,Volta|Keta,DEV-002026,2126.87
ANTX-000472185,AN-C001820,100001820,1,1,5,1,2023-03-20 22:13:15.000,Volta|Keta,DEV-002026,1324.97
ANTX-000472186,AN-C001820,100001820,1,4,5,1,2023-03-11 16:53:10.000,Ashanti|Ejisu,DEV-002026,1228.28
ANTX-000472187,AN-C001820,100001820,1,2,3,1,2023-03-06 11:06:39.000,Volta|Keta,DEV-002026,700.55
ANTX-000472188,AN-C001820,100001820,1,3,2,1,2023-03-23 09:06:00.000,Volta|Keta,DEV-002026,13.6
ANTX-000472189,AN-C001820,100001820,1,1,7,1,2023-03-25 18:35:53.000,Volta|Keta,DEV-002026,2949.13
ANTX-000472190,AN-C001820,100001820,1,3,7,1,2023-03-20 14:45:15.000,Volta|Keta,DEV-002026,130.19
ANTX-000472191,AN-C001820,100001820,1,2,5,1,2023-03-01 14:05:42.000,Volta|Keta,DEV-002026,453.58
ANTX-000472192,AN-C001820,100001820,1,1,8,1,2023-03-03 14:47:05.000,Western|Axim,DEV-002026,3393.17
ANTX-000472193,AN-C001820,100001820,1,3,7,1,2023-03-03 19:05:20.000,Volta|Keta,DEV-002026,692.99
ANTX-000472194,AN-C001820,100001820,1,2,3,1,2023-03-18 16:27:10.000,Volta|Keta,DEV-002026,2017.34
ANTX-000476153,AN-C001837,100001837,1,1,3,1,2023-02-25 13:26:56.000,Eastern|Akropong,DEV-003312,1811.15
ANTX-000476154,AN-C001837,100001837,1,1,3,1,2023-03-12 21:26:12.000,Eastern|Akropong,DEV-003312,168.73
ANTX-000479497,AN-C001850,100001850,2,1,5,1,2023-02-17 09:00:59.000,Eastern|Koforidua,DEV-001445,2404.75
ANTX-000479498,AN-C001850,100001850,1,3,2,1,2023-02-16 13:25:09.000,Eastern|Koforidua,DEV-001445,1215.98
ANTX-000479499,AN-C001850,100001850,1,1,5,1,2023-02-22 13:17:24.000,Eastern|Koforidua,DEV-001445,223.03
ANTX-000479500,AN-C001850,100001850,1,1,2,1,2023-02-25 20:55:43.000,Eastern|Koforidua,DEV-001445,1093.38
ANTX-000479501,AN-C001850,100001850,1,3,7,1,2023-02-28 07:03:55.000,Eastern|Koforidua,DEV-001445,1173.48
ANTX-000479502,AN-C001850,100001850,3,4,8,1,2023-02-20 14:33:56.000,Eastern|Koforidua,DEV-001445,9823.28
ANTX-000479503,AN-C001850,100001850,1,1,3,1,2023-02-14 16:17:07.000,Eastern|Koforidua,DEV-001445,282.11
ANTX-000479504,AN-C001850,100001850,1,1,1,1,2023-02-15 11:02:00.000,Eastern|Koforidua,DEV-001445,2648.45
ANTX-000479505,AN-C001850,100001850,1,2,6,1,2023-02-16 21:26:53.000,Eastern|Koforidua,DEV-001445,1277.54
ANTX-000479506,AN-C001850,100001850,1,1,2,1,2023-02-23 06:34:56.000,Eastern|Koforidua,DEV-001445,756.82
ANTX-000479507,AN-C001850,100001850,1,1,8,1,2023-02-22 15:05:25.000,Eastern|Koforidua,DEV-001445,1670.6
ANTX-000479508,AN-C001850,100001850,1,2,8,1,2023-03-02 19:23:05.000,Eastern|Koforidua,DEV-001445,4890.24
ANTX-000479509,AN-C001850,100001850,1,2,8,1,2023-03-02 23:00:27.000,Eastern|Koforidua,DEV-001445,1878.13
ANTX-000479510,AN-C001850,100001850,1,1,3,1,2023-03-07 16:40:38.000,Eastern|Koforidua,DEV-001445,30.12
ANTX-000479511,AN-C001850,100001850,1,1,4,1,2023-03-16 16:49:21.000,Eastern|Koforidua,DEV-001445,446.81
ANTX-000479512,AN-C001850,100001850,1,1,3,1,2023-03-25 11:34:24.000,Volta|Hohoe,DEV-001445,303.36
ANTX-000479513,AN-C001850,100001850,1,3,7,1,2023-03-22 19:38:19.000,Eastern|Koforidua,DEV-001445,1006.52
ANTX-000479514,AN-C001850,100001850,1,3,4,1,2023-03-10 11:23:17.000,Eastern|Koforidua,DEV-001445,194.27
ANTX-000479515,AN-C001850,100001850,1,3,7,1,2023-03-27 17:01:23.000,Eastern|Koforidua,DEV-001445,314.51
ANTX-000479516,AN-C001850,100001850,1,1,2,1,2023-03-24 11:55:31.000,Eastern|Koforidua,DEV-001445,1949.84
ANTX-000479517,AN-C001850,100001850,1,4,5,1,2023-03-18 10:14:21.000,Eastern|Koforidua,DEV-001445,9567.24
ANTX-000479518,AN-C001850,100001850,1,1,2,1,2023-03-13 10:55:09.000,Eastern|Koforidua,DEV-001445,35.42
ANTX-000479519,AN-C001850,100001850,1,2,3,1,2023-03-29 12:58:23.000,Eastern|Koforidua,DEV-001445,3754.16
ANTX-000479520,AN-C001850,100001850,1,3,4,1,2023-03-08 18:34:10.000,Western|Takoradi,DEV-001445,2417.6
ANTX-000479521,AN-C001850,100001850,1,2,6,1,2023-03-09 12:22:31.000,Eastern|Koforidua,DEV-001445,754.33
ANTX-000479522,AN-C001850,100001850,1,2,5,1,2023-03-15 21:27:10.000,Eastern|Koforidua,DEV-001445,112.39
ANTX-000479523,AN-C001850,100001850,1,2,7,1,2023-03-31 19:49:42.000,Eastern|Koforidua,DEV-001445,5416.72
ANTX-000480890,AN-C001854,100001854,1,2,8,1,2023-02-25 13:54:41.000,Central|Elmina,DEV-001000,3577.15
ANTX-000480891,AN-C001854,100001854,1,4,1,1,2023-02-09 19:05:24.000,Central|Elmina,DEV-001000,875.99
ANTX-000480892,AN-C001854,100001854,1,2,6,1,2023-02-17 08:27:35.000,Central|Elmina,DEV-001000,4894.14
ANTX-000480893,AN-C001854,100001854,1,2,4,1,2023-02-27 18:15:43.000,Central|Elmina,DEV-001000,172.56
ANTX-000480894,AN-C001854,100001854,1,2,1,1,2023-02-14 21:28:21.000,Central|Elmina,DEV-001000,183.17
ANTX-000480895,AN-C001854,100001854,1,2,1,1,2023-02-20 08:20:45.000,Central|Elmina,DEV-001000,143.95
ANTX-000480896,AN-C001854,100001854,1,3,6,1,2023-02-08 17:00:10.000,Central|Elmina,DEV-001000,441.48
ANTX-000480897,AN-C001854,100001854,1,2,6,1,2023-02-18 19:57:54.000,Central|Elmina,DEV-001000,1230.87
ANTX-000480898,AN-C001854,100001854,1,4,3,1,2023-02-23 20:17:13.000,Central|Elmina,DEV-001000,1279.95
ANTX-000480899,AN-C001854,100001854,1,3,5,1,2023-02-26 03:26:20.000,Central|Elmina,DEV-001000,26.11
ANTX-000480900,AN-C001854,100001854,2,1,7,1,2023-02-15 20:08:42.000,Eastern|Akropong,DEV-001000,335.67
ANTX-000480901,AN-C001854,100001854,1,4,6,1,2023-02-25 09:59:15.000,Central|Elmina,DEV-001000,2090.4
ANTX-000480902,AN-C001854,100001854,1,3,6,1,2023-02-24 23:28:07.000,Central|Elmina,DEV-001000,95.82
ANTX-000480903,AN-C001854,100001854,2,3,1,1,2023-02-26 18:53:06.000,Central|Elmina,DEV-001000,1575.64
ANTX-000480904,AN-C001854,100001854,1,1,5,1,2023-03-12 20:58:05.000,Central|Elmina,DEV-001000,1747.68
ANTX-000480905,AN-C001854,100001854,1,3,7,1,2023-03-06 20:19:44.000,Central|Elmina,DEV-001000,594.75
ANTX-000480906,AN-C001854,100001854,1,1,7,1,2023-03-14 04:20:57.000,Central|Elmina,DEV-001000,386.49
ANTX-000480907,AN-C001854,100001854,1,1,4,1,2023-03-02 18:18:38.000,Central|Elmina,DEV-001000,2217.12
ANTX-000480908,AN-C001854,100001854,1,2,2,1,2023-03-18 16:49:34.000,Central|Elmina,DEV-001000,4318.43
ANTX-000480909,AN-C001854,100001854,3,2,1,1,2023-03-30 18:30:28.000,Central|Elmina,DEV-001000,265.85
ANTX-000480910,AN-C001854,100001854,1,1,4,1,2023-03-27 04:13:26.000,Central|Elmina,DEV-001000,151.65
ANTX-000480911,AN-C001854,100001854,1,2,3,1,2023-03-07 12:38:18.000,Central|Elmina,DEV-001000,1596.54
ANTX-000480912,AN-C001854,100001854,1,4,4,1,2023-03-27 23:57:22.000,Central|Elmina,DEV-001000,7248.35
ANTX-000480913,AN-C001854,100001854,1,3,8,1,2023-03-12 21:07:18.000,Central|Elmina,DEV-001000,1971.23
ANTX-000480914,AN-C001854,100001854,1,3,8,1,2023-03-16 18:17:50.000,Central|Elmina,DEV-001000,347.21
ANTX-000480915,AN-C001854,100001854,1,2,5,1,2023-03-18 21:30:29.000,Central|Elmina,DEV-001000,3222.02
ANTX-000482817,AN-C001858,100001858,1,3,5,1,2023-02-24 07:42:50.000,Ashanti|Obuasi,DEV-001970,1075.75
ANTX-000482818,AN-C001858,100001858,1,1,4,1,2023-03-21 14:16:15.000,Ashanti|Obuasi,DEV-001970,712.83
ANTX-000483473,AN-C001859,100001859,1,1,4,1,2023-03-08 13:00:42.000,Eastern|Koforidua,DEV-000227,471.42
ANTX-000483474,AN-C001859,100001859,1,2,7,1,2023-03-30 09:45:36.000,Eastern|Koforidua,DEV-000227,983.73
ANTX-000483475,AN-C001859,100001859,1,4,5,1,2023-03-11 09:05:22.000,Eastern|Koforidua,DEV-000227,7857.1
ANTX-000483476,AN-C001859,100001859,1,4,3,1,2023-03-29 13:46:52.000,Eastern|Koforidua,DEV-000227,2155.34
ANTX-000483477,AN-C001859,100001859,1,1,6,1,2023-03-03 13:43:43.000,Eastern|Koforidua,DEV-000227,3563.9
ANTX-000483478,AN-C001859,100001859,1,2,6,1,2023-03-31 11:27:48.000,Eastern|Koforidua,DEV-000227,3582.2
ANTX-000492020,AN-C001894,100001894,1,3,3,1,2023-02-18 23:11:48.000,Greater Accra|Accra,DEV-001216,1243.46
ANTX-000492237,AN-C001895,100001895,1,2,4,1,2023-01-20 20:45:40.000,Ahafo|Duayaw Nkwanta,DEV-003996,1856.05
ANTX-000492238,AN-C001895,100001895,1,4,5,1,2023-01-18 10:59:44.000,Ahafo|Duayaw Nkwanta,DEV-003996,25.54
ANTX-000492239,AN-C001895,100001895,1,1,1,1,2023-01-06 13:24:23.000,Western|Axim,DEV-003996,458.02
ANTX-000492240,AN-C001895,100001895,1,1,7,1,2023-01-07 17:00:06.000,Ahafo|Duayaw Nkwanta,DEV-003996,1744.86
ANTX-000492241,AN-C001895,100001895,1,2,5,1,2023-02-23 09:28:19.000,Ahafo|Duayaw Nkwanta,DEV-003996,2042.65
ANTX-000492242,AN-C001895,100001895,1,1,5,1,2023-03-30 12:02:02.000,Ahafo|Duayaw Nkwanta,DEV-003996,1234.86
ANTX-000492243,AN-C001895,100001895,3,3,8,1,2023-03-29 23:21:00.000,Ahafo|Duayaw Nkwanta,DEV-003996,573.67
ANTX-000492244,AN-C001895,100001895,1,2,6,1,2023-03-11 12:33:21.000,Ahafo|Duayaw Nkwanta,DEV-003996,1386.46
ANTX-000492245,AN-C001895,100001895,1,3,2,1,2023-03-11 11:47:03.000,Ahafo|Duayaw Nkwanta,DEV-003996,443.63
ANTX-000492661,AN-C001896,100001896,1,4,7,1,2023-02-25 17:17:04.000,Greater Accra|Tema,DEV-002262,1142.36
ANTX-000492662,AN-C001896,100001896,1,2,7,1,2023-02-26 17:08:24.000,Greater Accra|Tema,DEV-002262,1237.1
ANTX-000492663,AN-C001896,100001896,1,1,6,1,2023-03-13 21:36:59.000,Greater Accra|Tema,DEV-002262,1314.09
ANTX-000492664,AN-C001896,100001896,1,1,5,1,2023-03-13 10:32:25.000,Greater Accra|Tema,DEV-002262,1888.65
ANTX-000493890,AN-C001900,100001900,2,2,8,1,2023-01-30 06:32:29.000,Eastern|Nkawkaw,DEV-002767,3395.84
ANTX-000493891,AN-C001900,100001900,1,3,1,1,2023-01-30 13:49:01.000,Eastern|Nkawkaw,DEV-002767,1601.2
ANTX-000493892,AN-C001900,100001900,1,2,5,1,2023-01-31 11:32:08.000,Eastern|Nkawkaw,DEV-002767,1020.59
ANTX-000493893,AN-C001900,100001900,1,3,5,1,2023-01-26 15:24:39.000,Greater Accra|Kasoa,DEV-002767,1670.92
ANTX-000493894,AN-C001900,100001900,1,2,5,1,2023-02-18 14:19:19.000,Eastern|Nkawkaw,DEV-002767,201.31
ANTX-000493895,AN-C001900,100001900,1,4,3,1,2023-02-26 09:32:02.000,Eastern|Nkawkaw,DEV-002767,4601.8
ANTX-000493896,AN-C001900,100001900,1,2,5,1,2023-02-27 11:43:44.000,Eastern|Nkawkaw,DEV-002767,3117.29
ANTX-000493897,AN-C001900,100001900,1,1,6,1,2023-02-16 11:34:30.000,Eastern|Nkawkaw,DEV-002767,2259.93
ANTX-000493898,AN-C001900,100001900,1,1,6,1,2023-02-25 10:00:03.000,Eastern|Nkawkaw,DEV-002767,2112.73
ANTX-000493899,AN-C001900,100001900,1,3,2,1,2023-02-04 14:13:02.000,Eastern|Nkawkaw,DEV-002767,505.63
ANTX-000493900,AN-C001900,100001900,1,2,8,1,2023-02-25 18:54:28.000,Eastern|Nkawkaw,DEV-002767,1635.91
ANTX-000493901,AN-C001900,100001900,1,3,7,1,2023-02-05 15:36:31.000,Eastern|Nkawkaw,DEV-002767,29.16
ANTX-000493902,AN-C001900,100001900,1,2,4,1,2023-03-27 09:57:49.000,Eastern|Nkawkaw,DEV-002767,131.12
ANTX-000493903,AN-C001900,100001900,1,1,4,1,2023-03-24 23:12:10.000,Eastern|Nkawkaw,DEV-002767,2255.41
ANTX-000493904,AN-C001900,100001900,1,3,8,1,2023-03-17 18:42:17.000,Eastern|Nkawkaw,DEV-002767,839.4
ANTX-000493905,AN-C001900,100001900,1,3,5,1,2023-03-29 19:09:12.000,Greater Accra|Kasoa,DEV-002767,1162.81
ANTX-000493906,AN-C001900,100001900,1,1,7,1,2023-03-31 13:48:54.000,Eastern|Nkawkaw,DEV-002767,193.36
ANTX-000493907,AN-C001900,100001900,1,1,3,1,2023-03-21 10:41:22.000,Eastern|Nkawkaw,DEV-002767,1604.94
ANTX-000493908,AN-C001900,100001900,1,4,7,1,2023-03-13 14:39:12.000,Eastern|Nkawkaw,DEV-002767,5725.3
ANTX-000493909,AN-C001900,100001900,1,1,7,1,2023-03-08 19:38:39.000,Greater Accra|Kasoa,DEV-002767,1268.15
ANTX-000493910,AN-C001900,100001900,1,4,4,1,2023-03-21 16:23:24.000,Eastern|Nkawkaw,DEV-002767,3727.91
ANTX-000493911,AN-C001900,100001900,1,3,7,1,2023-03-10 12:33:24.000,Eastern|Nkawkaw,DEV-002767,124.88
ANTX-000493912,AN-C001900,100001900,1,4,3,1,2023-03-03 23:12:55.000,Eastern|Nkawkaw,DEV-002767,14.69
ANTX-000493913,AN-C001900,100001900,1,4,7,1,2023-03-21 18:49:04.000,Eastern|Nkawkaw,DEV-002767,487.89
ANTX-000498482,AN-C001915,100001915,1,2,4,1,2023-03-30 08:48:10.000,Volta|Ho,DEV-001011,2558.55
ANTX-000498483,AN-C001915,100001915,1,2,4,1,2023-03-31 22:01:45.000,Volta|Ho,DEV-001011,1242.74
ANTX-000498484,AN-C001915,100001915,1,2,3,1,2023-03-30 09:14:19.000,Volta|Ho,DEV-001011,3760.6
ANTX-000498485,AN-C001915,100001915,1,1,2,1,2023-03-30 16:55:46.000,Volta|Ho,DEV-001011,2591.36
ANTX-000498486,AN-C001915,100001915,1,2,1,1,2023-03-30 10:20:17.000,Volta|Ho,DEV-001011,1497.7
ANTX-000498487,AN-C001915,100001915,1,4,6,1,2023-03-29 21:49:38.000,Volta|Ho,DEV-001011,198.19
ANTX-000498488,AN-C001915,100001915,1,1,6,1,2023-03-30 13:02:02.000,Volta|Ho,DEV-001011,69.36
ANTX-000499696,AN-C001920,100001920,1,1,6,1,2023-01-29 09:46:27.000,Greater Accra|Madina,DEV-001219,128.62
ANTX-000499697,AN-C001920,100001920,1,4,2,1,2023-01-17 10:07:49.000,Greater Accra|Madina,DEV-001219,1825.34
ANTX-000499698,AN-C001920,100001920,1,3,3,1,2023-01-24 13:11:41.000,Greater Accra|Madina,DEV-001219,1458.39
ANTX-000499699,AN-C001920,100001920,1,1,4,1,2023-02-06 17:59:34.000,Greater Accra|Madina,DEV-001219,1761.85
ANTX-000499700,AN-C001920,100001920,1,2,7,1,2023-03-10 12:44:36.000,Greater Accra|Madina,DEV-001219,371.74
ANTX-000499849,AN-C001921,100001921,1,4,2,1,2023-03-13 23:55:28.000,Northern|Tamale,DEV-002657,670.75
ANTX-000499850,AN-C001921,100001921,1,2,4,1,2023-03-10 13:19:18.000,Northern|Tamale,DEV-002657,571.7
ANTX-000500353,AN-C001924,100001924,1,1,3,1,2023-01-25 06:04:34.000,Oti|Dambai,DEV-000503,241.87
ANTX-000500354,AN-C001924,100001924,1,1,3,1,2023-02-01 12:50:38.000,Oti|Dambai,DEV-000503,1586.85
ANTX-000500355,AN-C001924,100001924,1,4,5,1,2023-03-21 17:08:27.000,Oti|Dambai,DEV-000503,1610.5
ANTX-000500356,AN-C001924,100001924,1,1,6,1,2023-03-19 18:10:43.000,Oti|Dambai,DEV-000503,673.18
ANTX-000500357,AN-C001924,100001924,1,3,5,1,2023-03-03 11:18:31.000,Oti|Dambai,DEV-000503,33.04
ANTX-000500358,AN-C001924,100001924,1,2,5,1,2023-03-27 20:10:51.000,Oti|Dambai,DEV-000503,2740.67
ANTX-000500359,AN-C001924,100001924,1,1,6,1,2023-03-22 18:09:13.000,Oti|Dambai,DEV-000503,1205.97
ANTX-000512021,AN-C001970,100001970,1,1,6,1,2023-02-25 14:43:13.000,Greater Accra|Kasoa,DEV-001530,635.66
ANTX-000512022,AN-C001970,100001970,1,3,7,1,2023-03-10 14:00:23.000,Greater Accra|Kasoa,DEV-001530,940.9
ANTX-000512023,AN-C001970,100001970,1,3,2,1,2023-03-07 09:27:06.000,Greater Accra|Kasoa,DEV-001530,49.97
ANTX-000512024,AN-C001970,100001970,1,1,5,1,2023-03-29 12:24:23.000,Greater Accra|Kasoa,DEV-001530,968.69
ANTX-000518809,AN-C002006,100002006,1,4,6,1,2023-02-05 10:02:53.000,Upper East|Bolgatanga,DEV-002606,5016.01
ANTX-000521426,AN-C002017,100002017,1,2,5,1,2023-01-31 19:29:50.000,Bono|Sunyani,DEV-001669,2091.86
ANTX-000521427,AN-C002017,100002017,1,3,8,1,2023-01-29 16:49:11.000,Bono|Sunyani,DEV-001669,664.17
ANTX-000521428,AN-C002017,100002017,3,4,7,1,2023-01-30 14:21:12.000,Bono|Sunyani,DEV-001669,5234.93
ANTX-000521429,AN-C002017,100002017,1,1,3,1,2023-01-31 22:02:49.000,Bono|Sunyani,DEV-001669,44.81
ANTX-000521430,AN-C002017,100002017,1,2,6,1,2023-01-30 12:43:09.000,Bono|Sunyani,DEV-001669,42.33
ANTX-000521431,AN-C002017,100002017,1,3,6,1,2023-01-30 18:38:05.000,Bono|Sunyani,DEV-001669,974.0
ANTX-000521432,AN-C002017,100002017,1,1,5,1,2023-02-19 17:10:21.000,Ashanti|Obuasi,DEV-001669,2673.06
ANTX-000521433,AN-C002017,100002017,1,1,4,1,2023-02-15 14:03:03.000,Bono|Sunyani,DEV-001669,444.68
ANTX-000521434,AN-C002017,100002017,1,1,6,1,2023-02-11 16:35:31.000,Bono|Sunyani,DEV-001669,2442.47
ANTX-000521435,AN-C002017,100002017,1,1,6,1,2023-02-13 12:01:15.000,Bono|Sunyani,DEV-001669,1778.2
ANTX-000521436,AN-C002017,100002017,1,1,2,1,2023-03-27 14:57:14.000,Bono|Sunyani,DEV-001669,775.58
ANTX-000521437,AN-C002017,100002017,1,2,4,1,2023-03-10 20:03:29.000,Eastern|Koforidua,DEV-001669,52.66
ANTX-000521438,AN-C002017,100002017,1,2,2,1,2023-03-19 14:59:07.000,Bono|Sunyani,DEV-001669,114.96
ANTX-000522607,AN-C002019,100002019,1,1,3,1,2023-03-29 20:06:24.000,Volta|Keta,DEV-002860,182.31
ANTX-000522608,AN-C002019,100002019,1,4,7,1,2023-03-25 19:43:14.000,Volta|Keta,DEV-002860,8013.47
ANTX-000522609,AN-C002019,100002019,1,4,6,1,2023-03-28 20:11:03.000,Volta|Keta,DEV-002860,1534.4
ANTX-000522610,AN-C002019,100002019,1,1,8,1,2023-03-29 16:12:55.000,Volta|Keta,DEV-002860,545.51
ANTX-000522611,AN-C002019,100002019,1,1,2,1,2023-03-21 16:33:34.000,Volta|Keta,DEV-002860,610.72
ANTX-000522612,AN-C002019,100002019,1,2,4,1,2023-03-29 20:47:22.000,Volta|Keta,DEV-002860,4194.33
ANTX-000522613,AN-C002019,100002019,1,2,8,1,2023-03-28 21:25:32.000,Volta|Keta,DEV-002860,1246.06
ANTX-000522614,AN-C002019,100002019,1,1,3,1,2023-03-29 12:24:20.000,Volta|Keta,DEV-002860,46.9
ANTX-000522615,AN-C002019,100002019,1,2,2,1,2023-03-31 18:51:34.000,Volta|Keta,DEV-002860,1272.83
ANTX-000522616,AN-C002019,100002019,1,3,3,1,2023-03-28 14:40:26.000,Volta|Keta,DEV-002860,18.77
ANTX-000522617,AN-C002019,100002019,1,4,5,1,2023-03-24 07:18:38.000,Volta|Keta,DEV-002860,5894.54
ANTX-000522618,AN-C002019,100002019,1,1,1,1,2023-03-31 17:06:10.000,Volta|Keta,DEV-002860,95.26
ANTX-000522619,AN-C002019,100002019,1,2,2,1,2023-03-24 12:32:09.000,Volta|Keta,DEV-002860,2139.33
ANTX-000522620,AN-C002019,100002019,1,4,8,1,2023-03-24 18:18:08.000,Volta|Keta,DEV-002860,7021.52
ANTX-000522621,AN-C002019,100002019,1,3,1,1,2023-03-30 19:25:45.000,Volta|Keta,DEV-002860,1237.52
ANTX-000522622,AN-C002019,100002019,2,4,7,1,2023-03-24 09:14:51.000,Volta|Keta,DEV-002860,5348.43
ANTX-000522623,AN-C002019,100002019,1,1,6,1,2023-03-28 11:19:28.000,Volta|Keta,DEV-002860,525.85
ANTX-000522624,AN-C002019,100002019,1,1,5,1,2023-03-28 16:40:37.000,Volta|Keta,DEV-002860,46.23
ANTX-000522625,AN-C002019,100002019,1,2,5,1,2023-03-24 15:12:07.000,Volta|Keta,DEV-002860,491.49
ANTX-000522626,AN-C002019,100002019,1,3,8,1,2023-03-22 01:07:40.000,Volta|Keta,DEV-002860,16.55
ANTX-000522627,AN-C002019,100002019,1,3,2,1,2023-03-29 13:47:30.000,Volta|Keta,DEV-002860,1235.49
ANTX-000522628,AN-C002019,100002019,1,1,4,1,2023-03-24 07:31:59.000,Volta|Keta,DEV-002860,541.03
ANTX-000522629,AN-C002019,100002019,1,1,5,1,2023-03-24 20:59:44.000,Volta|Keta,DEV-002860,2512.98
ANTX-000522630,AN-C002019,100002019,1,2,3,1,2023-03-24 18:39:43.000,Volta|Keta,DEV-002860,4742.63
ANTX-000522631,AN-C002019,100002019,1,1,3,1,2023-03-22 19:42:57.000,Volta|Keta,DEV-002860,1371.95
ANTX-000522632,AN-C002019,100002019,1,1,7,1,2023-03-22 09:17:50.000,Volta|Keta,DEV-002860,1226.9
ANTX-000522633,AN-C002019,100002019,1,1,1,1,2023-03-30 11:20:49.000,Volta|Keta,DEV-002860,1347.65
ANTX-000528216,AN-C002037,100002037,1,2,7,1,2023-02-27 16:58:10.000,Volta|Keta,DEV-002903,319.42
ANTX-000528217,AN-C002037,100002037,1,2,5,1,2023-02-22 22:22:59.000,Volta|Keta,DEV-002903,2481.41
ANTX-000528218,AN-C002037,100002037,1,1,7,1,2023-03-23 12:18:59.000,Volta|Keta,DEV-002903,2088.15
ANTX-000528219,AN-C002037,100002037,1,2,7,1,2023-03-24 10:33:46.000,Volta|Keta,DEV-002903,1833.56
ANTX-000529417,AN-C002047,100002047,1,2,8,1,2023-02-19 14:50:16.000,Western|Tarkwa,DEV-003377,366.39
ANTX-000529418,AN-C002047,100002047,1,1,3,1,2023-03-30 10:13:26.000,Western|Tarkwa,DEV-003377,1747.03
ANTX-000529419,AN-C002047,100002047,1,2,6,1,2023-03-05 18:38:18.000,Western|Tarkwa,DEV-003377,194.52
ANTX-000530387,AN-C002050,100002050,1,3,1,1,2023-03-31 15:26:17.000,Ashanti|Kumasi,DEV-000708,1033.69
ANTX-000530388,AN-C002050,100002050,1,3,1,1,2023-03-17 10:53:01.000,Ashanti|Kumasi,DEV-000708,91.27
ANTX-000530389,AN-C002050,100002050,1,2,2,1,2023-03-25 10:28:49.000,Ashanti|Kumasi,DEV-000708,2109.08
ANTX-000532613,AN-C002062,100002062,1,1,5,1,2023-01-18 09:26:55.000,Bono|Berekum,DEV-000537,2668.85
ANTX-000532614,AN-C002062,100002062,3,1,4,1,2023-01-24 12:15:12.000,Bono|Berekum,DEV-000537,121.92
ANTX-000532615,AN-C002062,100002062,1,2,5,1,2023-01-14 18:49:54.000,Bono|Berekum,DEV-000537,1145.27
ANTX-000532616,AN-C002062,100002062,1,2,7,1,2023-01-24 07:08:59.000,Bono|Berekum,DEV-000537,1125.97
ANTX-000532617,AN-C002062,100002062,1,4,2,1,2023-01-25 12:04:03.000,Bono|Berekum,DEV-000537,7995.27
ANTX-000532618,AN-C002062,100002062,1,2,4,1,2023-02-18 12:08:30.000,Bono|Berekum,DEV-000537,518.03
ANTX-000532619,AN-C002062,100002062,1,3,1,1,2023-02-17 13:18:06.000,Bono|Berekum,DEV-000537,124.9
ANTX-000532620,AN-C002062,100002062,1,1,8,1,2023-02-14 18:47:55.000,Bono|Berekum,DEV-000537,769.89
ANTX-000532621,AN-C002062,100002062,1,1,4,1,2023-02-02 23:21:41.000,Bono|Berekum,DEV-000537,643.97
ANTX-000532622,AN-C002062,100002062,1,2,7,1,2023-02-14 11:38:17.000,Bono|Berekum,DEV-000537,4149.63
ANTX-000532623,AN-C002062,100002062,1,4,7,1,2023-02-21 19:13:34.000,Bono|Berekum,DEV-000537,948.81
ANTX-000532624,AN-C002062,100002062,1,3,1,1,2023-02-24 20:43:29.000,Bono|Berekum,DEV-000537,228.4
ANTX-000532625,AN-C002062,100002062,1,3,2,1,2023-02-19 13:51:07.000,Bono|Berekum,DEV-000537,1487.72
ANTX-000532626,AN-C002062,100002062,1,3,4,1,2023-02-13 09:32:06.000,Bono|Berekum,DEV-000537,901.5
ANTX-000532627,AN-C002062,100002062,1,1,5,1,2023-03-12 07:51:46.000,Bono|Berekum,DEV-000537,1124.94
ANTX-000532628,AN-C002062,100002062,1,4,4,1,2023-03-25 07:57:48.000,Bono|Berekum,DEV-000537,7465.78
ANTX-000532629,AN-C002062,100002062,1,1,1,1,2023-03-11 19:47:28.000,Bono|Berekum,DEV-000537,82.31
ANTX-000532630,AN-C002062,100002062,1,1,1,1,2023-03-17 11:23:46.000,Bono|Berekum,DEV-000537,157.71
ANTX-000532631,AN-C002062,100002062,3,3,2,1,2023-03-31 15:19:31.000,Bono|Berekum,DEV-000537,360.7
ANTX-000532632,AN-C002062,100002062,1,4,7,1,2023-03-28 09:29:44.000,Bono|Berekum,DEV-000537,947.72
ANTX-000532633,AN-C002062,100002062,1,1,2,1,2023-03-28 14:40:49.000,Bono|Berekum,DEV-000537,83.26
ANTX-000532634,AN-C002062,100002062,1,1,2,1,2023-03-29 07:44:07.000,Bono|Berekum,DEV-000537,211.47
ANTX-000532635,AN-C002062,100002062,1,2,3,1,2023-03-03 19:04:16.000,Bono|Berekum,DEV-000537,180.49
ANTX-000532636,AN-C002062,100002062,2,3,7,1,2023-03-23 17:26:06.000,Bono|Berekum,DEV-000537,391.68
ANTX-000532637,AN-C002062,100002062,1,1,2,1,2023-03-03 14:50:23.000,Bono|Berekum,DEV-000537,2648.72
ANTX-000532638,AN-C002062,100002062,1,2,3,1,2023-03-19 00:38:28.000,Bono|Berekum,DEV-000537,3578.64
ANTX-000532639,AN-C002062,100002062,1,1,5,1,2023-03-31 16:04:26.000,Bono|Berekum,DEV-000537,367.93
ANTX-000536701,AN-C002080,100002080,1,1,6,1,2023-03-31 11:11:08.000,Central|Elmina,DEV-002077,338.32
ANTX-000536702,AN-C002080,100002080,1,1,6,1,2023-03-30 18:56:17.000,Central|Elmina,DEV-002077,232.24
ANTX-000540812,AN-C002091,100002091,1,4,8,1,2023-02-23 11:29:17.000,Greater Accra|Madina,DEV-004028,4027.8
ANTX-000541157,AN-C002092,100002092,1,1,3,1,2023-01-19 08:31:00.000,Eastern|Nkawkaw,DEV-001387,756.27
ANTX-000541158,AN-C002092,100002092,1,3,8,1,2023-01-30 23:42:44.000,Eastern|Nkawkaw,DEV-001387,43.43
ANTX-000541159,AN-C002092,100002092,1,1,3,1,2023-02-23 13:23:07.000,Eastern|Nkawkaw,DEV-001387,1218.5
ANTX-000541160,AN-C002092,100002092,3,4,3,1,2023-03-26 16:03:24.000,Eastern|Nkawkaw,DEV-001387,2032.84
ANTX-000541161,AN-C002092,100002092,1,4,5,1,2023-03-01 12:53:44.000,Eastern|Nkawkaw,DEV-001387,3942.7
ANTX-000548950,AN-C002125,100002125,1,1,6,1,2023-01-28 19:36:08.000,Northern|Yendi,DEV-003439,399.68
ANTX-000548951,AN-C002125,100002125,1,1,6,1,2023-03-04 18:28:44.000,Northern|Yendi,DEV-003439,1004.12
ANTX-000548952,AN-C002125,100002125,1,1,8,1,2023-03-12 00:36:18.000,Northern|Yendi,DEV-003439,2055.32
ANTX-000550062,AN-C002129,100002129,1,2,6,1,2023-02-28 17:02:59.000,Eastern|Akropong,DEV-000389,885.35
ANTX-000550063,AN-C002129,100002129,1,3,2,1,2023-02-28 11:34:04.000,Eastern|Akropong,DEV-000389,440.59
ANTX-000550064,AN-C002129,100002129,1,4,1,1,2023-02-28 15:35:56.000,Eastern|Akropong,DEV-000389,4906.9
ANTX-000550065,AN-C002129,100002129,1,2,7,1,2023-02-28 16:44:22.000,Eastern|Akropong,DEV-000389,929.46
ANTX-000550066,AN-C002129,100002129,1,3,4,1,2023-02-28 18:14:38.000,Eastern|Akropong,DEV-000389,980.32
ANTX-000550067,AN-C002129,100002129,1,3,4,1,2023-02-28 12:34:30.000,Eastern|Akropong,DEV-000389,1061.84
ANTX-000550068,AN-C002129,100002129,1,3,6,1,2023-02-28 08:10:18.000,Eastern|Akropong,DEV-000389,335.9
ANTX-000550069,AN-C002129,100002129,1,2,5,1,2023-02-28 10:03:13.000,Eastern|Akropong,DEV-000389,1248.5
ANTX-000550070,AN-C002129,100002129,1,2,6,1,2023-02-28 12:39:28.000,Eastern|Akropong,DEV-000389,557.71
ANTX-000550071,AN-C002129,100002129,2,1,1,1,2023-02-28 20:23:09.000,Eastern|Akropong,DEV-000389,2204.34
ANTX-000550072,AN-C002129,100002129,1,1,1,1,2023-02-28 20:47:17.000,Eastern|Akropong,DEV-000389,1228.25
ANTX-000550073,AN-C002129,100002129,1,4,3,1,2023-02-28 12:45:40.000,Eastern|Akropong,DEV-000389,12.51
ANTX-000550074,AN-C002129,100002129,1,3,3,1,2023-02-28 17:00:14.000,Eastern|Akropong,DEV-000389,1731.82
ANTX-000550075,AN-C002129,100002129,1,1,7,1,2023-02-28 20:54:56.000,Eastern|Akropong,DEV-000389,289.27
ANTX-000550076,AN-C002129,100002129,1,3,6,1,2023-02-28 23:21:34.000,Eastern|Akropong,DEV-000389,1023.93
ANTX-000550077,AN-C002129,100002129,1,1,7,1,2023-02-28 02:53:56.000,Eastern|Akropong,DEV-000389,3595.29
ANTX-000550078,AN-C002129,100002129,1,2,7,1,2023-02-28 10:43:48.000,Eastern|Akropong,DEV-000389,2255.22
ANTX-000550079,AN-C002129,100002129,1,1,7,1,2023-02-28 15:26:12.000,Eastern|Akropong,DEV-000389,210.62
ANTX-000550080,AN-C002129,100002129,1,1,6,1,2023-02-28 09:47:28.000,Eastern|Akropong,DEV-000389,747.62
ANTX-000550081,AN-C002129,100002129,1,1,1,1,2023-02-28 18:17:50.000,Eastern|Akropong,DEV-000389,2164.34
ANTX-000550082,AN-C002129,100002129,1,4,2,1,2023-02-28 13:12:06.000,Eastern|Akropong,DEV-000389,932.0
ANTX-000550083,AN-C002129,100002129,1,3,7,1,2023-02-28 15:39:54.000,Eastern|Akropong,DEV-000389,985.48
ANTX-000550084,AN-C002129,100002129,1,1,3,1,2023-02-28 18:37:05.000,Eastern|Akropong,DEV-000389,54.67
ANTX-000550085,AN-C002129,100002129,1,4,5,1,2023-03-09 06:45:11.000,Eastern|Akropong,DEV-000389,6118.54
ANTX-000550086,AN-C002129,100002129,1,3,5,1,2023-03-14 14:06:33.000,Eastern|Koforidua,DEV-000389,1772.04
ANTX-000550087,AN-C002129,100002129,1,2,4,1,2023-03-17 18:36:02.000,Eastern|Akropong,DEV-000389,1126.1
ANTX-000550088,AN-C002129,100002129,3,1,4,1,2023-03-19 04:58:12.000,Eastern|Akropong,DEV-000389,784.82
ANTX-000550089,AN-C002129,100002129,1,1,8,1,2023-03-04 13:09:49.000,Eastern|Akropong,DEV-000389,1315.13
ANTX-000550090,AN-C002129,100002129,1,1,5,1,2023-03-01 02:55:42.000,Eastern|Akropong,DEV-000389,1323.47
ANTX-000550091,AN-C002129,100002129,1,3,8,1,2023-03-02 19:57:17.000,Eastern|Akropong,DEV-000389,426.77
ANTX-000550092,AN-C002129,100002129,1,4,1,1,2023-03-14 09:17:50.000,Eastern|Akropong,DEV-000389,9310.36
ANTX-000550093,AN-C002129,100002129,1,4,2,1,2023-03-04 23:39:13.000,Eastern|Akropong,DEV-000389,6005.79
ANTX-000550094,AN-C002129,100002129,1,3,6,1,2023-03-16 04:41:11.000,Eastern|Akropong,DEV-000389,12.5
ANTX-000550095,AN-C002129,100002129,1,2,3,1,2023-03-28 19:05:44.000,Eastern|Akropong,DEV-000389,2596.25
ANTX-000550096,AN-C002129,100002129,1,3,3,1,2023-03-01 23:25:31.000,Eastern|Akropong,DEV-000389,1293.57
ANTX-000550097,AN-C002129,100002129,1,1,5,1,2023-03-07 09:49:15.000,Eastern|Akropong,DEV-000389,1069.15
ANTX-000550098,AN-C002129,100002129,2,2,4,1,2023-03-25 20:12:58.000,Eastern|Akropong,DEV-000389,4069.96
ANTX-000550099,AN-C002129,100002129,1,2,5,1,2023-03-20 11:32:42.000,Ashanti|Kumasi,DEV-000389,478.0
ANTX-000550548,AN-C002130,100002130,1,1,6,1,2023-02-19 09:03:18.000,Greater Accra|Madina,DEV-001393,829.08
ANTX-000550549,AN-C002130,100002130,1,3,2,1,2023-02-24 15:06:59.000,Greater Accra|Madina,DEV-001393,46.45
ANTX-000550550,AN-C002130,100002130,1,2,5,1,2023-03-26 20:26:27.000,Greater Accra|Madina,DEV-001393,850.96
ANTX-000550551,AN-C002130,100002130,1,1,6,1,2023-03-21 17:35:33.000,Greater Accra|Madina,DEV-001393,51.28
ANTX-000558389,AN-C002154,100002154,1,2,4,1,2023-03-30 13:40:18.000,Western|Tarkwa,DEV-002264,956.99
ANTX-000558390,AN-C002154,100002154,1,1,5,1,2023-03-30 17:04:25.000,Western|Tarkwa,DEV-002264,858.23
ANTX-000558391,AN-C002154,100002154,1,1,1,1,2023-03-27 15:18:12.000,Western|Tarkwa,DEV-002264,243.75
ANTX-000558392,AN-C002154,100002154,1,1,3,1,2023-03-18 23:00:28.000,Western|Tarkwa,DEV-002264,49.13
ANTX-000558393,AN-C002154,100002154,1,3,5,1,2023-03-11 21:40:29.000,Western|Tarkwa,DEV-002264,30.65
ANTX-000559389,AN-C002158,100002158,1,1,5,1,2023-03-03 05:32:01.000,Greater Accra|Madina,DEV-002351,1224.06
ANTX-000559390,AN-C002158,100002158,1,1,3,1,2023-03-29 14:56:31.000,Greater Accra|Madina,DEV-002351,206.2
ANTX-000563212,AN-C002179,100002179,1,1,1,1,2023-03-14 17:47:57.000,Greater Accra|Kasoa,DEV-003708,704.82
ANTX-000563213,AN-C002179,100002179,1,1,5,1,2023-03-25 14:38:04.000,Greater Accra|Kasoa,DEV-003708,331.65
ANTX-000563214,AN-C002179,100002179,1,4,8,1,2023-03-24 10:19:07.000,Greater Accra|Kasoa,DEV-003708,32.32
ANTX-000563287,AN-C002180,100002180,2,1,8,1,2023-01-27 18:13:16.000,Ahafo|Duayaw Nkwanta,DEV-001080,1274.11
ANTX-000563288,AN-C002180,100002180,1,2,6,1,2023-02-17 15:39:01.000,Ahafo|Duayaw Nkwanta,DEV-001080,3255.34
ANTX-000563289,AN-C002180,100002180,1,3,5,1,2023-03-25 19:44:00.000,Ahafo|Duayaw Nkwanta,DEV-001080,649.27
ANTX-000570686,AN-C002208,100002208,1,3,1,1,2023-01-31 08:30:10.000,Greater Accra|Kasoa,DEV-003128,605.92
ANTX-000570687,AN-C002208,100002208,1,1,4,1,2023-01-31 20:46:22.000,Greater Accra|Kasoa,DEV-003128,1317.54
ANTX-000570688,AN-C002208,100002208,1,3,1,1,2023-02-12 08:07:43.000,Greater Accra|Kasoa,DEV-003128,391.51
ANTX-000570689,AN-C002208,100002208,1,2,3,1,2023-03-04 22:46:36.000,Greater Accra|Kasoa,DEV-003128,975.45
ANTX-000570690,AN-C002208,100002208,1,1,4,1,2023-03-03 06:29:51.000,Greater Accra|Kasoa,DEV-003128,1254.27
ANTX-000570691,AN-C002208,100002208,2,2,7,1,2023-03-22 18:11:55.000,Greater Accra|Kasoa,DEV-003128,54.41
ANTX-000570692,AN-C002208,100002208,1,1,5,1,2023-03-12 10:43:46.000,Greater Accra|Kasoa,DEV-003128,776.47
ANTX-000570693,AN-C002208,100002208,1,1,1,1,2023-03-23 23:04:42.000,Greater Accra|Kasoa,DEV-003128,2975.86
ANTX-000584573,AN-C002258,100002258,1,1,6,1,2023-03-30 21:36:11.000,Ashanti|Kumasi,DEV-000505,722.15
ANTX-000585227,AN-C002262,100002262,1,1,7,1,2023-01-16 23:59:02.000,Greater Accra|Madina,DEV-001499,2421.9
ANTX-000585228,AN-C002262,100002262,2,1,3,1,2023-01-12 10:09:01.000,Greater Accra|Madina,DEV-001499,201.22
ANTX-000585229,AN-C002262,100002262,1,3,5,1,2023-01-16 09:25:44.000,Greater Accra|Madina,DEV-001499,324.15
ANTX-000585230,AN-C002262,100002262,1,2,6,1,2023-01-16 17:30:38.000,Greater Accra|Madina,DEV-001499,856.82
ANTX-000585231,AN-C002262,100002262,1,1,6,1,2023-02-06 13:17:31.000,Greater Accra|Madina,DEV-001499,2075.43
ANTX-000585232,AN-C002262,100002262,1,1,7,1,2023-02-22 15:07:54.000,Greater Accra|Madina,DEV-001499,26.73
ANTX-000585233,AN-C002262,100002262,1,4,4,1,2023-02-18 10:02:58.000,Greater Accra|Madina,DEV-001499,3653.57
ANTX-000585234,AN-C002262,100002262,1,1,2,1,2023-02-15 13:06:21.000,Greater Accra|Madina,DEV-001499,619.28
ANTX-000585235,AN-C002262,100002262,1,2,2,1,2023-03-14 15:22:32.000,Greater Accra|Madina,DEV-001499,2240.94
ANTX-000585236,AN-C002262,100002262,1,1,7,1,2023-03-03 15:24:25.000,Greater Accra|Madina,DEV-001499,759.4
ANTX-000585237,AN-C002262,100002262,1,2,5,1,2023-03-25 20:58:43.000,Greater Accra|Madina,DEV-001499,33.0
ANTX-000585238,AN-C002262,100002262,1,3,4,1,2023-03-14 05:25:46.000,Greater Accra|Madina,DEV-001499,191.34
ANTX-000585239,AN-C002262,100002262,1,2,4,1,2023-03-14 03:53:46.000,Greater Accra|Madina,DEV-001499,2800.47
ANTX-000585240,AN-C002262,100002262,1,3,8,1,2023-03-04 11:05:40.000,Greater Accra|Madina,DEV-001499,204.37
ANTX-000585241,AN-C002262,100002262,1,4,1,1,2023-03-07 14:47:50.000,Ashanti|Ejisu,DEV-001499,414.97
ANTX-000585242,AN-C002262,100002262,1,3,3,1,2023-03-11 10:11:45.000,Greater Accra|Madina,DEV-001499,1416.53
ANTX-000585243,AN-C002262,100002262,1,4,3,1,2023-03-28 09:56:53.000,Greater Accra|Madina,DEV-001499,968.92
ANTX-000586926,AN-C002266,100002266,1,4,4,1,2023-03-22 10:58:54.000,Volta|Ho,DEV-003403,4851.73
ANTX-000586927,AN-C002266,100002266,1,1,1,1,2023-03-14 22:19:24.000,Volta|Ho,DEV-003403,284.26
ANTX-000586928,AN-C002266,100002266,1,3,3,1,2023-03-28 21:57:58.000,Volta|Ho,DEV-003403,865.23
ANTX-000586929,AN-C002266,100002266,1,4,2,1,2023-03-27 13:50:35.000,Volta|Ho,DEV-003403,6593.52
ANTX-000587608,AN-C002268,100002268,1,3,7,1,2023-03-24 15:12:39.000,Greater Accra|Accra,DEV-001309,1318.56
ANTX-000587609,AN-C002268,100002268,1,2,5,1,2023-03-29 13:10:50.000,Greater Accra|Accra,DEV-001309,3573.04
ANTX-000587610,AN-C002268,100002268,1,3,7,1,2023-03-21 06:26:12.000,Greater Accra|Accra,DEV-001309,18.29
ANTX-000587611,AN-C002268,100002268,1,3,8,1,2023-03-29 10:55:33.000,Greater Accra|Accra,DEV-001309,912.89
ANTX-000587612,AN-C002268,100002268,3,2,4,1,2023-03-25 12:43:06.000,Greater Accra|Accra,DEV-001309,105.87
ANTX-000587613,AN-C002268,100002268,2,1,2,1,2023-03-26 17:29:08.000,Greater Accra|Accra,DEV-001309,1581.09
ANTX-000587614,AN-C002268,100002268,1,3,4,1,2023-03-28 09:02:33.000,Greater Accra|Accra,DEV-001309,1347.54
ANTX-000587615,AN-C002268,100002268,1,4,2,1,2023-03-24 16:41:31.000,Greater Accra|Accra,DEV-001309,2837.91
ANTX-000587616,AN-C002268,100002268,1,3,1,1,2023-03-26 18:51:55.000,Greater Accra|Accra,DEV-001309,749.32
ANTX-000587617,AN-C002268,100002268,1,1,5,1,2023-03-29 08:25:45.000,Greater Accra|Accra,DEV-001309,2217.29
ANTX-000587618,AN-C002268,100002268,1,3,4,1,2023-03-28 09:08:26.000,Greater Accra|Accra,DEV-001309,53.01
ANTX-000588192,AN-C002269,100002269,1,1,1,1,2023-01-28 13:42:43.000,Upper West|Wa,DEV-000125,1527.46
ANTX-000593934,AN-C002284,100002284,1,2,8,1,2023-01-27 14:58:35.000,Greater Accra|Tema,DEV-000729,442.33
ANTX-000593935,AN-C002284,100002284,1,3,5,1,2023-01-29 16:34:42.000,Greater Accra|Tema,DEV-000729,1697.2
ANTX-000593936,AN-C002284,100002284,1,4,5,1,2023-01-29 17:43:03.000,Greater Accra|Tema,DEV-000729,2204.84
ANTX-000593937,AN-C002284,100002284,1,2,4,1,2023-01-27 12:58:36.000,Greater Accra|Tema,DEV-000729,34.02
ANTX-000593938,AN-C002284,100002284,1,2,8,1,2023-02-13 19:15:57.000,Greater Accra|Tema,DEV-000729,1141.41
ANTX-000593939,AN-C002284,100002284,1,2,1,1,2023-02-05 20:04:27.000,Eastern|Nkawkaw,DEV-000729,487.58
ANTX-000593940,AN-C002284,100002284,1,3,4,1,2023-03-18 14:24:22.000,Greater Accra|Tema,DEV-000729,150.03
ANTX-000593941,AN-C002284,100002284,1,1,5,1,2023-03-16 09:46:29.000,Greater Accra|Tema,DEV-000729,2202.3
ANTX-000593942,AN-C002284,100002284,1,4,3,1,2023-03-31 17:11:18.000,Greater Accra|Tema,DEV-000729,6395.33
ANTX-000593943,AN-C002284,100002284,1,2,1,1,2023-03-09 14:14:33.000,Greater Accra|Tema,DEV-000729,1014.88
ANTX-000593944,AN-C002284,100002284,1,2,1,1,2023-03-21 10:35:30.000,Greater Accra|Tema,DEV-000729,1843.39
ANTX-000593945,AN-C002284,100002284,1,2,2,1,2023-03-11 13:27:18.000,Greater Accra|Tema,DEV-000729,137.75
ANTX-000593946,AN-C002284,100002284,1,4,2,1,2023-03-11 18:44:03.000,Greater Accra|Tema,DEV-000729,657.83
ANTX-000596625,AN-C002292,100002292,3,3,1,1,2023-03-05 15:29:21.000,Ashanti|Kumasi,DEV-000947,1461.23
ANTX-000596626,AN-C002292,100002292,1,2,1,1,2023-03-27 10:32:08.000,Ashanti|Kumasi,DEV-000947,4172.67
ANTX-000596627,AN-C002292,100002292,1,4,4,1,2023-03-17 13:11:48.000,Ashanti|Kumasi,DEV-000947,3037.22
ANTX-000596628,AN-C002292,100002292,1,3,6,1,2023-03-12 16:28:12.000,Ashanti|Kumasi,DEV-000947,28.86
ANTX-000600409,AN-C002305,100002305,1,3,2,1,2023-02-14 21:01:19.000,Greater Accra|Accra,DEV-000792,719.88
ANTX-000600410,AN-C002305,100002305,1,1,6,1,2023-02-16 09:30:39.000,Greater Accra|Accra,DEV-000792,2146.01
ANTX-000600411,AN-C002305,100002305,1,3,6,1,2023-02-26 06:44:47.000,Greater Accra|Accra,DEV-000792,807.81
ANTX-000600412,AN-C002305,100002305,1,4,4,1,2023-03-01 09:31:51.000,Greater Accra|Accra,DEV-000792,98.01
ANTX-000600413,AN-C002305,100002305,1,3,6,1,2023-03-16 23:08:14.000,Greater Accra|Accra,DEV-000792,1729.0
ANTX-000602340,AN-C002313,100002313,1,3,6,1,2023-02-19 19:07:22.000,Northern|Savelugu,DEV-003605,628.86
ANTX-000602821,AN-C002315,100002315,1,4,8,1,2023-02-26 15:15:24.000,Greater Accra|Tema,DEV-000920,3539.65
ANTX-000607154,AN-C002335,100002335,1,3,4,1,2023-01-13 08:26:29.000,Greater Accra|Tema,DEV-000932,10.06
ANTX-000607155,AN-C002335,100002335,1,3,5,1,2023-02-17 08:45:18.000,Greater Accra|Tema,DEV-000932,48.66
ANTX-000607156,AN-C002335,100002335,1,1,3,1,2023-03-30 16:53:27.000,Greater Accra|Tema,DEV-000932,95.2
ANTX-000607157,AN-C002335,100002335,1,1,4,1,2023-03-14 17:10:00.000,Greater Accra|Tema,DEV-000932,268.83
ANTX-000612079,AN-C002350,100002350,1,2,7,1,2023-03-26 14:06:50.000,Bono|Berekum,DEV-002048,598.29
ANTX-000612080,AN-C002350,100002350,1,4,7,1,2023-03-04 10:55:30.000,Bono|Berekum,DEV-002048,48.93
ANTX-000612081,AN-C002350,100002350,1,1,7,1,2023-03-30 12:43:20.000,Bono|Berekum,DEV-002048,2075.46
ANTX-000612082,AN-C002350,100002350,1,1,5,1,2023-03-25 17:07:34.000,Bono|Berekum,DEV-002048,22.71
ANTX-000612083,AN-C002350,100002350,1,4,6,1,2023-03-15 04:07:32.000,Bono|Berekum,DEV-002048,7231.52
ANTX-000612084,AN-C002350,100002350,1,4,6,1,2023-03-25 04:57:01.000,Bono|Berekum,DEV-002048,4646.26
ANTX-000612085,AN-C002350,100002350,1,3,7,1,2023-03-30 23:23:58.000,Bono|Berekum,DEV-002048,45.53
ANTX-000612086,AN-C002350,100002350,1,1,3,1,2023-03-04 09:03:46.000,Bono|Berekum,DEV-002048,1352.81
ANTX-000612087,AN-C002350,100002350,1,4,6,1,2023-03-17 09:04:34.000,Bono|Berekum,DEV-002048,2119.21
ANTX-000612088,AN-C002350,100002350,1,2,1,1,2023-03-31 15:49:02.000,Bono|Berekum,DEV-002048,3535.36
ANTX-000612089,AN-C002350,100002350,1,2,8,1,2023-03-25 01:32:11.000,Bono|Berekum,DEV-002048,647.76
ANTX-000612090,AN-C002350,100002350,1,3,8,1,2023-03-24 16:55:45.000,Bono|Berekum,DEV-002048,1919.47
ANTX-000612091,AN-C002350,100002350,1,1,1,1,2023-03-29 11:40:50.000,Greater Accra|Kasoa,DEV-002048,175.84
ANTX-000612092,AN-C002350,100002350,1,3,8,1,2023-03-25 18:23:18.000,Bono|Berekum,DEV-002048,19.61
ANTX-000612093,AN-C002350,100002350,1,1,4,1,2023-03-13 22:34:37.000,Bono|Berekum,DEV-002048,3350.33
ANTX-000613656,AN-C002356,100002356,1,2,8,1,2023-01-20 12:04:53.000,Bono|Berekum,DEV-002466,781.93
ANTX-000613657,AN-C002356,100002356,1,4,7,1,2023-01-31 15:08:59.000,Bono|Berekum,DEV-002466,346.76
ANTX-000613658,AN-C002356,100002356,1,3,7,1,2023-01-31 19:34:30.000,Bono|Berekum,DEV-002466,22.79
ANTX-000613659,AN-C002356,100002356,1,4,7,1,2023-01-20 10:11:34.000,Bono|Berekum,DEV-002466,4888.89
ANTX-000613660,AN-C002356,100002356,3,4,7,1,2023-01-25 20:19:27.000,Bono|Berekum,DEV-002466,4531.23
ANTX-000613661,AN-C002356,100002356,1,3,7,1,2023-02-16 17:46:22.000,Bono|Berekum,DEV-002466,369.56
ANTX-000613662,AN-C002356,100002356,1,1,7,1,2023-02-04 03:53:06.000,Bono|Berekum,DEV-002466,2878.24
ANTX-000613663,AN-C002356,100002356,1,1,4,1,2023-02-20 12:27:31.000,Bono|Berekum,DEV-002466,71.97
ANTX-000613664,AN-C002356,100002356,1,2,7,1,2023-02-12 11:11:31.000,Bono|Berekum,DEV-002466,3877.03
ANTX-000613665,AN-C002356,100002356,1,2,4,1,2023-02-11 10:49:48.000,Bono|Berekum,DEV-002466,3259.74
ANTX-000613666,AN-C002356,100002356,1,1,8,1,2023-03-08 15:28:11.000,Bono|Berekum,DEV-002466,331.05
ANTX-000613667,AN-C002356,100002356,1,2,7,1,2023-03-06 18:26:33.000,Bono|Berekum,DEV-002466,2175.27
ANTX-000613668,AN-C002356,100002356,1,1,8,1,2023-03-05 17:36:57.000,Bono|Berekum,DEV-002466,63.77
ANTX-000613669,AN-C002356,100002356,1,1,2,1,2023-03-16 03:11:54.000,Bono|Berekum,DEV-002466,468.75
ANTX-000613670,AN-C002356,100002356,1,2,3,1,2023-03-17 14:09:18.000,Bono|Berekum,DEV-002466,20.05
ANTX-000613671,AN-C002356,100002356,1,4,3,1,2023-03-20 22:58:52.000,Bono|Berekum,DEV-002466,3956.57
ANTX-000615115,AN-C002365,100002365,1,3,4,1,2023-03-28 09:01:50.000,Eastern|Akropong,DEV-001519,1065.8
ANTX-000615116,AN-C002365,100002365,1,1,1,1,2023-03-30 16:45:39.000,Eastern|Akropong,DEV-001519,61.92
ANTX-000627991,AN-C002411,100002411,1,1,4,1,2023-02-25 19:55:56.000,Bono|Berekum,DEV-000280,2007.77
ANTX-000627992,AN-C002411,100002411,1,1,8,1,2023-03-07 15:27:49.000,Greater Accra|Kasoa,DEV-000280,678.35
ANTX-000627993,AN-C002411,100002411,1,2,8,1,2023-03-20 10:50:31.000,Greater Accra|Kasoa,DEV-000280,2567.71
ANTX-000629263,AN-C002418,100002418,1,4,7,1,2023-03-25 23:19:42.000,Northern|Savelugu,DEV-001242,563.07
ANTX-000630235,AN-C002427,100002427,1,2,8,1,2023-03-18 21:09:46.000,Western|Tarkwa,DEV-002562,4795.54
ANTX-000630236,AN-C002427,100002427,1,1,6,1,2023-03-20 17:35:11.000,Western|Tarkwa,DEV-002562,218.76
ANTX-000630237,AN-C002427,100002427,1,1,6,1,2023-03-28 20:00:40.000,Western|Tarkwa,DEV-002562,3673.82
ANTX-000630238,AN-C002427,100002427,1,4,7,1,2023-03-29 17:56:55.000,Western|Tarkwa,DEV-002562,70.87
ANTX-000630239,AN-C002427,100002427,1,2,6,1,2023-03-29 13:24:57.000,Western|Tarkwa,DEV-002562,3493.93
ANTX-000630240,AN-C002427,100002427,1,4,4,1,2023-03-29 20:44:11.000,Western|Tarkwa,DEV-002562,65.0
ANTX-000630241,AN-C002427,100002427,1,3,3,1,2023-03-17 11:29:35.000,Western|Tarkwa,DEV-002562,554.99
ANTX-000630242,AN-C002427,100002427,2,2,8,1,2023-03-19 14:20:08.000,Western|Tarkwa,DEV-002562,2512.22
ANTX-000630243,AN-C002427,100002427,1,4,3,1,2023-03-20 19:20:58.000,Eastern|Koforidua,DEV-002562,4744.22
ANTX-000630244,AN-C002427,100002427,1,1,4,1,2023-03-20 16:48:46.000,Western|Tarkwa,DEV-002562,2976.71
ANTX-000630245,AN-C002427,100002427,1,3,7,1,2023-03-31 18:09:48.000,Western|Tarkwa,DEV-002562,785.41
ANTX-000630246,AN-C002427,100002427,1,2,7,1,2023-03-29 23:07:08.000,Western|Tarkwa,DEV-002562,5593.65
ANTX-000631141,AN-C002428,100002428,1,1,5,1,2023-01-27 11:19:25.000,Upper West|Lawra,DEV-000401,2300.12
ANTX-000631142,AN-C002428,100002428,1,3,2,1,2023-01-20 12:11:33.000,Upper West|Lawra,DEV-000401,309.59
ANTX-000631143,AN-C002428,100002428,1,2,1,1,2023-03-27 19:05:33.000,Upper West|Lawra,DEV-000401,1488.36
ANTX-000631144,AN-C002428,100002428,1,3,6,1,2023-03-24 20:47:56.000,Upper West|Lawra,DEV-000401,104.2
ANTX-000631145,AN-C002428,100002428,1,3,6,1,2023-03-14 17:28:11.000,Upper West|Lawra,DEV-000401,1706.86
ANTX-000631146,AN-C002428,100002428,1,1,3,1,2023-03-29 02:23:22.000,Upper West|Lawra,DEV-000401,656.72
ANTX-000631147,AN-C002428,100002428,1,1,3,1,2023-03-13 13:42:42.000,Upper West|Lawra,DEV-000401,1996.33
ANTX-000636655,AN-C002454,100002454,1,1,4,1,2023-02-12 10:43:55.000,Greater Accra|Tema,DEV-004163,2590.45
ANTX-000636656,AN-C002454,100002454,1,1,6,1,2023-02-28 10:27:32.000,Greater Accra|Tema,DEV-004163,2901.14
ANTX-000636657,AN-C002454,100002454,1,3,5,1,2023-02-23 16:15:23.000,Greater Accra|Tema,DEV-004163,1409.98
ANTX-000636658,AN-C002454,100002454,1,2,5,1,2023-02-13 11:40:26.000,Greater Accra|Tema,DEV-004163,1229.44
ANTX-000636659,AN-C002454,100002454,1,3,2,1,2023-03-09 17:12:08.000,Greater Accra|Tema,DEV-004163,240.44
ANTX-000637501,AN-C002459,100002459,1,3,6,1,2023-02-28 17:47:28.000,Greater Accra|Tema,DEV-001978,10
ANTX-000637502,AN-C002459,100002459,1,1,8,1,2023-03-18 21:19:21.000,Greater Accra|Tema,DEV-001978,55.54
ANTX-000637503,AN-C002459,100002459,1,4,1,1,2023-03-30 03:23:15.000,Greater Accra|Tema,DEV-001978,434.22
ANTX-000641759,AN-C002476,100002476,1,4,7,1,2023-01-29 13:35:44.000,Volta|Keta,DEV-003674,4011.04
ANTX-000641760,AN-C002476,100002476,1,3,2,1,2023-02-25 21:29:32.000,Volta|Keta,DEV-003674,857.22
ANTX-000641761,AN-C002476,100002476,1,1,2,1,2023-02-14 23:15:14.000,Volta|Keta,DEV-003674,131.06
ANTX-000641762,AN-C002476,100002476,1,4,2,1,2023-02-27 18:58:29.000,Volta|Keta,DEV-003674,4419.22
ANTX-000641763,AN-C002476,100002476,1,3,5,1,2023-03-01 14:14:31.000,Volta|Keta,DEV-003674,1171.46
ANTX-000641764,AN-C002476,100002476,1,3,5,1,2023-03-22 14:58:50.000,Volta|Keta,DEV-003674,90.13
ANTX-000641765,AN-C002476,100002476,1,1,2,1,2023-03-23 14:31:56.000,Volta|Keta,DEV-003674,1034.82
ANTX-000641766,AN-C002476,100002476,1,1,7,1,2023-03-21 16:57:22.000,Volta|Keta,DEV-003674,2697.2
ANTX-000641767,AN-C002476,100002476,1,1,8,1,2023-03-28 10:22:34.000,Volta|Keta,DEV-003674,731.33
ANTX-000642593,AN-C002482,100002482,1,1,4,1,2023-03-25 23:34:01.000,Oti|Dambai,DEV-002521,662.3
ANTX-000642594,AN-C002482,100002482,2,2,8,1,2023-03-29 21:53:34.000,Oti|Dambai,DEV-002521,3156.2
ANTX-000645777,AN-C002492,100002492,1,3,5,1,2023-01-19 14:17:47.000,Western|Axim,DEV-001136,1295.73
ANTX-000645778,AN-C002492,100002492,1,2,6,1,2023-01-05 12:03:17.000,Western|Axim,DEV-001136,3244.19
ANTX-000645779,AN-C002492,100002492,1,1,1,1,2023-03-11 11:47:38.000,Western|Axim,DEV-001136,1234.79
ANTX-000645780,AN-C002492,100002492,1,4,6,1,2023-03-20 14:39:56.000,Western|Axim,DEV-001136,3222.22
ANTX-000645781,AN-C002492,100002492,1,4,4,1,2023-03-16 11:56:05.000,Western|Axim,DEV-001136,4986.08
ANTX-000645782,AN-C002492,100002492,1,3,8,1,2023-03-31 21:05:54.000,Western|Axim,DEV-001136,15.79
ANTX-000647537,AN-C002498,100002498,1,1,6,1,2023-01-12 16:32:39.000,Central|Elmina,DEV-001978,1741.84
ANTX-000647538,AN-C002498,100002498,1,3,2,1,2023-03-26 10:48:29.000,Central|Elmina,DEV-001978,13.6
ANTX-000658894,AN-C002548,100002548,1,2,7,1,2023-03-15 17:51:34.000,Western|Tarkwa,DEV-003635,3311.11
ANTX-000658895,AN-C002548,100002548,1,1,1,1,2023-03-23 14:09:15.000,Western|Tarkwa,DEV-003635,117.43
ANTX-000658896,AN-C002548,100002548,1,2,5,1,2023-03-29 08:56:10.000,Western|Tarkwa,DEV-003635,46.98
ANTX-000658897,AN-C002548,100002548,1,1,1,1,2023-03-22 07:55:18.000,Western|Tarkwa,DEV-003635,1054.23
ANTX-000658898,AN-C002548,100002548,1,2,6,1,2023-03-30 22:47:17.000,Western|Tarkwa,DEV-003635,187.99
ANTX-000658899,AN-C002548,100002548,1,2,5,1,2023-03-16 01:10:33.000,Western|Tarkwa,DEV-003635,4859.91
ANTX-000658900,AN-C002548,100002548,1,1,7,1,2023-03-30 21:07:58.000,Western|Tarkwa,DEV-003635,1520.33
ANTX-000658901,AN-C002548,100002548,1,2,8,1,2023-03-13 12:02:28.000,Western|Tarkwa,DEV-003635,2722.72
ANTX-000658902,AN-C002548,100002548,1,3,5,1,2023-03-25 16:01:58.000,Western|Tarkwa,DEV-003635,2232.87
ANTX-000658903,AN-C002548,100002548,1,3,6,1,2023-03-21 16:14:18.000,Western|Tarkwa,DEV-003635,1253.08
ANTX-000658904,AN-C002548,100002548,1,1,4,1,2023-03-14 18:35:54.000,Western|Tarkwa,DEV-003635,907.98
ANTX-000658905,AN-C002548,100002548,1,3,4,1,2023-03-18 17:25:25.000,Western|Tarkwa,DEV-003635,1203.16
ANTX-000658906,AN-C002548,100002548,2,2,8,1,2023-03-12 10:24:27.000,Western|Tarkwa,DEV-003635,194.55
ANTX-000658907,AN-C002548,100002548,1,1,3,1,2023-03-21 15:46:30.000,Western|Tarkwa,DEV-003635,2246.05
ANTX-000658908,AN-C002548,100002548,1,1,8,1,2023-03-13 23:00:22.000,Western|Tarkwa,DEV-003635,450.66
ANTX-000658909,AN-C002548,100002548,1,4,2,1,2023-03-15 15:02:44.000,Western|Tarkwa,DEV-003635,3946.47
ANTX-000658910,AN-C002548,100002548,1,4,6,1,2023-03-16 15:11:09.000,Western|Tarkwa,DEV-003635,88.04
ANTX-000658911,AN-C002548,100002548,1,1,3,1,2023-03-25 19:29:48.000,Western|Tarkwa,DEV-003635,551.63
ANTX-000660291,AN-C002551,100002551,1,2,4,1,2023-02-28 22:50:35.000,Central|Cape Coast,DEV-003528,3025.73
ANTX-000660292,AN-C002551,100002551,1,2,8,1,2023-03-07 06:41:15.000,Central|Cape Coast,DEV-003528,3591.82
ANTX-000661815,AN-C002557,100002557,1,3,3,1,2023-02-22 12:25:03.000,Western|Tarkwa,DEV-002489,359.8
ANTX-000661816,AN-C002557,100002557,1,3,4,1,2023-02-18 13:33:27.000,Western|Tarkwa,DEV-002489,221.78
ANTX-000661817,AN-C002557,100002557,1,4,3,1,2023-03-30 19:02:30.000,Western|Tarkwa,DEV-002489,17.49
ANTX-000668308,AN-C002582,100002582,2,1,6,1,2023-03-27 21:28:42.000,Northern|Yendi,DEV-000886,443.29
ANTX-000668309,AN-C002582,100002582,1,1,5,1,2023-03-30 11:06:17.000,Northern|Yendi,DEV-000886,372.57
ANTX-000668640,AN-C002583,100002583,1,4,5,1,2023-02-14 13:46:37.000,Greater Accra|Kasoa,DEV-000937,448.31
ANTX-000668641,AN-C002583,100002583,1,1,8,1,2023-03-16 14:05:22.000,Greater Accra|Kasoa,DEV-000937,211.97
ANTX-000669601,AN-C002592,100002592,1,3,4,1,2023-03-15 14:33:11.000,Volta|Keta,DEV-001918,686.99
ANTX-000671277,AN-C002601,100002601,1,4,7,1,2023-02-25 17:45:06.000,Western|Axim,DEV-001878,89.98
ANTX-000671278,AN-C002601,100002601,1,2,2,1,2023-03-10 16:13:31.000,Western|Axim,DEV-001878,1984.79
ANTX-000671279,AN-C002601,100002601,1,1,4,1,2023-03-09 13:03:20.000,Western|Axim,DEV-001878,1228.78
ANTX-000672978,AN-C002611,100002611,1,1,1,1,2023-03-24 07:36:55.000,Central|Winneba,DEV-001992,194.48
ANTX-000673651,AN-C002614,100002614,1,3,5,1,2023-01-18 17:25:10.000,Bono|Sunyani,DEV-002082,1581.4
ANTX-000673652,AN-C002614,100002614,1,1,3,1,2023-01-16 11:03:23.000,Bono|Sunyani,DEV-002082,21.09
ANTX-000673653,AN-C002614,100002614,1,3,3,1,2023-02-05 08:45:19.000,Bono|Sunyani,DEV-002082,1610.68
ANTX-000673654,AN-C002614,100002614,1,2,4,1,2023-02-14 19:59:54.000,Bono|Sunyani,DEV-002082,3155.9
ANTX-000673655,AN-C002614,100002614,1,1,6,1,2023-02-10 01:46:34.000,Bono|Sunyani,DEV-002082,472.57
ANTX-000673656,AN-C002614,100002614,1,3,7,1,2023-03-14 21:44:56.000,Bono|Sunyani,DEV-002082,1276.45
ANTX-000673657,AN-C002614,100002614,1,4,2,1,2023-03-06 17:12:42.000,Bono|Sunyani,DEV-002082,572.53
ANTX-000673658,AN-C002614,100002614,1,2,6,1,2023-03-10 20:12:21.000,Bono|Sunyani,DEV-002082,1766.81
ANTX-000673659,AN-C002614,100002614,1,1,2,1,2023-03-01 17:27:04.000,Bono|Sunyani,DEV-002082,1164.69
ANTX-000674173,AN-C002616,100002616,1,2,1,1,2023-03-29 22:08:07.000,Greater Accra|Accra,DEV-003226,3685.91
ANTX-000674174,AN-C002616,100002616,1,3,5,1,2023-03-26 16:02:34.000,Greater Accra|Accra,DEV-003226,42.34
ANTX-000674175,AN-C002616,100002616,1,2,1,1,2023-03-22 20:03:29.000,Greater Accra|Accra,DEV-003226,2821.06
ANTX-000674176,AN-C002616,100002616,1,2,3,1,2023-03-24 14:59:50.000,Greater Accra|Accra,DEV-003226,4384.77
ANTX-000674177,AN-C002616,100002616,1,1,4,1,2023-03-23 18:21:06.000,Greater Accra|Accra,DEV-003226,1748.96
ANTX-000674178,AN-C002616,100002616,1,2,3,1,2023-03-20 22:47:03.000,Greater Accra|Accra,DEV-003226,5590.8
ANTX-000674179,AN-C002616,100002616,1,2,3,1,2023-03-30 11:57:18.000,Greater Accra|Accra,DEV-003226,1198.21
ANTX-000674180,AN-C002616,100002616,2,2,2,1,2023-03-25 23:45:37.000,Greater Accra|Accra,DEV-003226,1731.21
ANTX-000674181,AN-C002616,100002616,1,3,2,1,2023-03-20 17:02:08.000,Greater Accra|Accra,DEV-003226,105.85
ANTX-000674182,AN-C002616,100002616,3,1,8,1,2023-03-27 23:29:45.000,Greater Accra|Accra,DEV-003226,2127.87
ANTX-000674183,AN-C002616,100002616,1,3,8,1,2023-03-24 16:13:22.000,Greater Accra|Accra,DEV-003226,366.37
ANTX-000674184,AN-C002616,100002616,1,1,1,1,2023-03-29 06:48:08.000,Greater Accra|Accra,DEV-003226,1196.76
ANTX-000674185,AN-C002616,100002616,1,3,8,1,2023-03-21 12:45:03.000,Greater Accra|Accra,DEV-003226,941.08
ANTX-000674186,AN-C002616,100002616,1,4,4,1,2023-03-29 23:32:58.000,Greater Accra|Accra,DEV-003226,5601.71
ANTX-000674187,AN-C002616,100002616,1,1,2,1,2023-03-25 15:19:58.000,Greater Accra|Accra,DEV-003226,472.05
ANTX-000674188,AN-C002616,100002616,1,1,5,1,2023-03-20 22:29:53.000,Greater Accra|Accra,DEV-003226,3347.37
ANTX-000674189,AN-C002616,100002616,1,3,6,1,2023-03-20 12:36:59.000,Greater Accra|Tema,DEV-003226,18.35
ANTX-000678947,AN-C002628,100002628,1,4,7,1,2023-02-18 19:23:55.000,Ashanti|Obuasi,DEV-003468,23.09
ANTX-000678948,AN-C002628,100002628,1,4,1,1,2023-02-20 17:39:04.000,Ashanti|Obuasi,DEV-003468,729.42
ANTX-000678949,AN-C002628,100002628,1,2,4,1,2023-02-20 03:46:06.000,Ashanti|Obuasi,DEV-003468,2042.48
ANTX-000678950,AN-C002628,100002628,1,2,1,1,2023-03-06 09:58:15.000,Ashanti|Obuasi,DEV-003468,3331.9
ANTX-000678951,AN-C002628,100002628,1,3,5,1,2023-03-07 21:51:52.000,Ashanti|Obuasi,DEV-003468,1507.62
ANTX-000678952,AN-C002628,100002628,1,2,6,1,2023-03-30 22:54:12.000,Ashanti|Obuasi,DEV-003468,275.06
ANTX-000680713,AN-C002636,100002636,1,3,6,1,2023-03-16 06:08:00.000,Central|Elmina,DEV-003904,10
ANTX-000685100,AN-C002649,100002649,1,2,7,1,2023-01-24 15:35:58.000,Central|Winneba,DEV-000186,155.11
ANTX-000685101,AN-C002649,100002649,1,2,3,1,2023-01-06 17:48:11.000,Central|Winneba,DEV-000186,1712.93
ANTX-000685102,AN-C002649,100002649,1,2,8,1,2023-01-26 10:38:07.000,Central|Winneba,DEV-000186,257.16
ANTX-000685103,AN-C002649,100002649,1,2,4,1,2023-01-04 14:43:51.000,Central|Winneba,DEV-000186,2730.37
ANTX-000685104,AN-C002649,100002649,1,3,6,1,2023-01-14 21:42:34.000,Central|Winneba,DEV-000186,194.54
ANTX-000685105,AN-C002649,100002649,1,1,1,1,2023-02-17 10:29:33.000,Central|Winneba,DEV-000186,292.17
ANTX-000685106,AN-C002649,100002649,1,3,7,1,2023-02-06 23:56:53.000,Central|Winneba,DEV-000186,1276.52
ANTX-000685107,AN-C002649,100002649,1,1,6,1,2023-02-03 10:31:57.000,Central|Winneba,DEV-000186,2748.43
ANTX-000685108,AN-C002649,100002649,1,2,1,1,2023-02-15 15:43:09.000,Central|Winneba,DEV-000186,126.69
ANTX-000685109,AN-C002649,100002649,1,1,8,1,2023-02-01 21:24:46.000,Central|Winneba,DEV-000186,59.25
ANTX-000685110,AN-C002649,100002649,2,3,2,1,2023-02-03 18:13:42.000,Central|Winneba,DEV-000186,2195.66
ANTX-000685111,AN-C002649,100002649,1,3,7,1,2023-02-12 10:23:55.000,Central|Winneba,DEV-000186,32.64
ANTX-000685112,AN-C002649,100002649,1,4,4,1,2023-02-16 19:06:33.000,Central|Winneba,DEV-000186,2049.36
ANTX-000685113,AN-C002649,100002649,1,4,5,1,2023-02-14 07:36:51.000,Central|Winneba,DEV-000186,235.06
ANTX-000685114,AN-C002649,100002649,3,3,4,1,2023-02-18 19:27:28.000,Central|Winneba,DEV-000186,1001.56
ANTX-000685115,AN-C002649,100002649,1,2,3,1,2023-02-02 22:28:02.000,Central|Winneba,DEV-000186,881.58
ANTX-000685116,AN-C002649,100002649,2,2,6,1,2023-02-16 10:29:40.000,Central|Winneba,DEV-000186,3120.86
ANTX-000685117,AN-C002649,100002649,1,1,6,1,2023-03-11 23:49:21.000,Central|Winneba,DEV-000186,643.23
ANTX-000685118,AN-C002649,100002649,1,4,6,1,2023-03-06 10:02:05.000,Central|Winneba,DEV-000186,3997.18
ANTX-000685119,AN-C002649,100002649,1,2,2,1,2023-03-20 11:23:12.000,Central|Winneba,DEV-000186,3263.19
ANTX-000685120,AN-C002649,100002649,1,1,3,1,2023-03-03 14:25:41.000,Central|Winneba,DEV-000186,104.45
ANTX-000685121,AN-C002649,100002649,1,1,6,1,2023-03-22 12:34:16.000,Central|Winneba,DEV-000186,950.5
ANTX-000685122,AN-C002649,100002649,2,1,4,1,2023-03-16 13:46:40.000,Central|Winneba,DEV-000186,908.27
ANTX-000685123,AN-C002649,100002649,1,3,2,1,2023-03-29 14:08:06.000,Central|Winneba,DEV-000186,27.12
ANTX-000685124,AN-C002649,100002649,1,2,6,1,2023-03-06 09:53:00.000,Central|Winneba,DEV-000186,1877.98
ANTX-000685125,AN-C002649,100002649,1,3,8,1,2023-03-04 17:04:26.000,Central|Winneba,DEV-000186,2164.15
ANTX-000685126,AN-C002649,100002649,1,1,2,1,2023-03-02 12:00:30.000,Central|Winneba,DEV-000186,119.16
ANTX-000685127,AN-C002649,100002649,1,4,8,1,2023-03-12 15:27:43.000,Central|Winneba,DEV-000186,6222.92
ANTX-000685128,AN-C002649,100002649,1,1,5,1,2023-03-14 07:47:31.000,Central|Winneba,DEV-000186,25.65
ANTX-000685129,AN-C002649,100002649,1,2,6,1,2023-03-16 23:22:18.000,Central|Winneba,DEV-000186,2503.41
ANTX-000686745,AN-C002654,100002654,1,3,3,1,2023-01-11 09:33:23.000,Northern|Tamale,DEV-002083,615.07
ANTX-000686746,AN-C002654,100002654,1,4,1,1,2023-02-16 14:15:23.000,Northern|Tamale,DEV-002083,408.48
ANTX-000686747,AN-C002654,100002654,1,4,6,1,2023-02-05 12:54:59.000,Northern|Tamale,DEV-002083,5295.97
ANTX-000686748,AN-C002654,100002654,1,2,3,1,2023-03-02 09:32:17.000,Northern|Tamale,DEV-002083,20
ANTX-000689881,AN-C002671,100002671,1,2,7,1,2023-01-18 22:04:38.000,Greater Accra|Madina,DEV-000310,4269.4
ANTX-000689882,AN-C002671,100002671,1,2,3,1,2023-01-23 23:25:55.000,Greater Accra|Madina,DEV-000310,4002.52
ANTX-000689883,AN-C002671,100002671,1,4,1,1,2023-02-19 15:35:33.000,Greater Accra|Madina,DEV-000310,1289.92
ANTX-000689884,AN-C002671,100002671,1,2,3,1,2023-02-21 12:13:49.000,Greater Accra|Madina,DEV-000310,2675.6
ANTX-000689885,AN-C002671,100002671,1,3,8,1,2023-02-17 19:34:46.000,Greater Accra|Madina,DEV-000310,842.81
ANTX-000689886,AN-C002671,100002671,1,2,2,1,2023-02-07 18:05:25.000,Greater Accra|Madina,DEV-000310,206.16
ANTX-000689887,AN-C002671,100002671,1,3,4,1,2023-02-10 15:57:55.000,Greater Accra|Madina,DEV-000310,2223.8
ANTX-000689888,AN-C002671,100002671,1,4,7,1,2023-03-14 23:03:27.000,Greater Accra|Madina,DEV-000310,302.3
ANTX-000689889,AN-C002671,100002671,1,4,5,1,2023-03-24 20:41:57.000,Greater Accra|Madina,DEV-000310,4490.63
ANTX-000689890,AN-C002671,100002671,1,1,1,1,2023-03-08 15:17:18.000,Greater Accra|Madina,DEV-000310,1347.84
ANTX-000689891,AN-C002671,100002671,1,4,7,1,2023-03-09 20:38:49.000,Greater Accra|Madina,DEV-000310,3604.5
ANTX-000691245,AN-C002680,100002680,1,1,7,1,2023-01-30 19:36:45.000,Volta|Keta,DEV-001472,3236.56
ANTX-000691246,AN-C002680,100002680,1,2,5,1,2023-01-15 17:18:28.000,Volta|Keta,DEV-001472,227.67
ANTX-000691247,AN-C002680,100002680,1,2,3,1,2023-01-22 16:02:52.000,Volta|Keta,DEV-001472,3382.75
ANTX-000691248,AN-C002680,100002680,1,2,6,1,2023-01-16 20:15:10.000,Greater Accra|Accra,DEV-001472,3749.16
ANTX-000691249,AN-C002680,100002680,1,4,8,1,2023-02-24 09:19:41.000,Volta|Keta,DEV-001472,5642.23
ANTX-000691250,AN-C002680,100002680,1,3,3,1,2023-02-25 21:13:03.000,Volta|Keta,DEV-001472,1194.33
ANTX-000691251,AN-C002680,100002680,1,1,6,1,2023-02-18 17:56:39.000,Volta|Keta,DEV-001472,37.23
ANTX-000691252,AN-C002680,100002680,1,1,7,1,2023-02-21 22:14:46.000,Volta|Keta,DEV-001472,173.22
ANTX-000691253,AN-C002680,100002680,1,1,3,1,2023-02-15 14:00:59.000,Volta|Keta,DEV-001472,478.11
ANTX-000691254,AN-C002680,100002680,1,2,3,1,2023-02-01 14:07:07.000,Volta|Keta,DEV-001472,3958.04
ANTX-000691255,AN-C002680,100002680,1,1,8,1,2023-02-04 10:24:27.000,Volta|Keta,DEV-001472,71.91
ANTX-000691256,AN-C002680,100002680,1,1,4,1,2023-02-04 09:04:22.000,Volta|Keta,DEV-001472,236.2
ANTX-000691257,AN-C002680,100002680,1,3,1,1,2023-02-03 12:10:10.000,Volta|Keta,DEV-001472,1921.58
ANTX-000691258,AN-C002680,100002680,1,2,4,1,2023-02-08 19:57:09.000,Volta|Keta,DEV-001472,1292.57
ANTX-000691259,AN-C002680,100002680,1,3,6,1,2023-02-28 10:56:33.000,Volta|Keta,DEV-001472,68.03
ANTX-000691260,AN-C002680,100002680,1,4,3,1,2023-02-18 11:03:04.000,Volta|Keta,DEV-001472,1490.0
ANTX-000691261,AN-C002680,100002680,1,1,3,1,2023-03-04 21:22:58.000,Volta|Keta,DEV-001472,1028.43
ANTX-000691262,AN-C002680,100002680,1,2,1,1,2023-03-05 09:12:50.000,Volta|Keta,DEV-001472,2983.52
ANTX-000691263,AN-C002680,100002680,1,1,8,1,2023-03-06 20:13:11.000,Volta|Keta,DEV-001472,684.01
ANTX-000691264,AN-C002680,100002680,1,2,5,1,2023-03-31 11:09:34.000,Volta|Keta,DEV-001472,2095.72
ANTX-000691265,AN-C002680,100002680,1,2,4,1,2023-03-07 08:10:32.000,Volta|Keta,DEV-001472,259.28
ANTX-000691266,AN-C002680,100002680,1,4,5,1,2023-03-01 12:23:09.000,Volta|Keta,DEV-001472,3931.09
ANTX-000691267,AN-C002680,100002680,1,1,2,1,2023-03-17 11:55:44.000,Volta|Keta,DEV-001472,3177.68
ANTX-000691268,AN-C002680,100002680,1,4,7,1,2023-03-29 15:32:31.000,Volta|Keta,DEV-001472,9195.83
ANTX-000691269,AN-C002680,100002680,1,1,5,1,2023-03-26 16:43:46.000,Volta|Keta,DEV-001472,3279.89
ANTX-000691270,AN-C002680,100002680,3,3,8,1,2023-03-14 09:55:17.000,Volta|Keta,DEV-001472,238.46
ANTX-000691271,AN-C002680,100002680,1,1,5,1,2023-03-01 20:34:46.000,Volta|Keta,DEV-001472,2070.67
ANTX-000691272,AN-C002680,100002680,1,1,3,1,2023-03-25 22:50:21.000,Volta|Keta,DEV-001472,592.35
ANTX-000691273,AN-C002680,100002680,1,3,5,1,2023-03-04 14:03:00.000,Volta|Keta,DEV-001472,26.21
ANTX-000691274,AN-C002680,100002680,1,1,6,1,2023-03-19 16:09:03.000,Volta|Keta,DEV-001472,1461.94
ANTX-000691275,AN-C002680,100002680,1,1,3,1,2023-03-10 11:43:58.000,Volta|Keta,DEV-001472,372.82
ANTX-000691276,AN-C002680,100002680,1,1,7,1,2023-03-24 11:02:08.000,Volta|Keta,DEV-001472,881.29
ANTX-000691277,AN-C002680,100002680,1,4,2,1,2023-03-27 15:41:09.000,Volta|Keta,DEV-001472,897.37
ANTX-000691278,AN-C002680,100002680,1,2,5,1,2023-03-31 23:14:45.000,Volta|Keta,DEV-001472,4028.78
ANTX-000691279,AN-C002680,100002680,1,2,6,1,2023-03-19 11:45:36.000,Volta|Keta,DEV-001472,1890.39
ANTX-000691280,AN-C002680,100002680,1,2,2,1,2023-03-02 20:25:54.000,Volta|Keta,DEV-001472,64.89
ANTX-000691281,AN-C002680,100002680,1,2,2,1,2023-03-14 19:27:28.000,Volta|Keta,DEV-001472,711.61
ANTX-000691282,AN-C002680,100002680,1,1,4,1,2023-03-10 21:20:47.000,Volta|Keta,DEV-001472,518.8
ANTX-000691283,AN-C002680,100002680,1,4,4,1,2023-03-14 15:10:18.000,Volta|Keta,DEV-001472,1552.65
ANTX-000691284,AN-C002680,100002680,1,3,4,1,2023-03-02 19:20:19.000,Volta|Keta,DEV-001472,462.46
ANTX-000691285,AN-C002680,100002680,1,2,5,1,2023-03-30 21:21:18.000,Volta|Keta,DEV-001472,4907.29
ANTX-000691286,AN-C002680,100002680,1,2,3,1,2023-03-23 16:05:09.000,Volta|Keta,DEV-001472,2251.99
ANTX-000691287,AN-C002680,100002680,1,3,1,1,2023-03-10 16:50:44.000,Volta|Keta,DEV-001472,2280.59
ANTX-000691288,AN-C002680,100002680,1,1,2,1,2023-03-27 12:05:39.000,Volta|Keta,DEV-001472,3016.7
ANTX-000691289,AN-C002680,100002680,1,1,5,1,2023-03-08 20:18:17.000,Volta|Keta,DEV-001472,1322.03
ANTX-000693228,AN-C002687,100002687,1,1,6,1,2023-02-28 20:19:31.000,Volta|Ho,DEV-000716,330.09
ANTX-000693229,AN-C002687,100002687,1,3,2,1,2023-02-27 12:16:49.000,Volta|Ho,DEV-000716,489.29
ANTX-000693230,AN-C002687,100002687,1,2,4,1,2023-02-28 01:14:43.000,Volta|Ho,DEV-000716,4737.91
ANTX-000693231,AN-C002687,100002687,3,2,8,1,2023-02-27 20:28:42.000,Ahafo|Duayaw Nkwanta,DEV-000716,3738.83
ANTX-000693232,AN-C002687,100002687,1,1,7,1,2023-02-28 18:21:04.000,Volta|Ho,DEV-000716,38.13
ANTX-000693233,AN-C002687,100002687,1,3,4,1,2023-02-28 12:39:15.000,Volta|Ho,DEV-000716,1034.68
ANTX-000693234,AN-C002687,100002687,1,1,7,1,2023-02-28 05:11:31.000,Volta|Ho,DEV-000716,54.85
ANTX-000693235,AN-C002687,100002687,1,3,7,1,2023-02-27 10:22:14.000,Volta|Ho,DEV-000716,224.77
ANTX-000693236,AN-C002687,100002687,1,1,5,1,2023-02-27 15:24:28.000,Volta|Ho,DEV-000716,292.62
ANTX-000693237,AN-C002687,100002687,1,2,2,1,2023-02-27 21:16:42.000,Volta|Keta,DEV-000716,242.81
ANTX-000693238,AN-C002687,100002687,1,2,4,1,2023-02-27 15:15:58.000,Volta|Ho,DEV-000716,29.74
ANTX-000693239,AN-C002687,100002687,1,4,7,1,2023-02-28 17:46:01.000,Volta|Ho,DEV-000716,4624.99
ANTX-000693240,AN-C002687,100002687,1,2,1,1,2023-02-27 09:50:03.000,Volta|Ho,DEV-000716,1644.34
ANTX-000693241,AN-C002687,100002687,3,3,4,1,2023-02-27 18:23:01.000,Volta|Ho,DEV-000716,471.51
ANTX-000693242,AN-C002687,100002687,1,1,1,1,2023-02-28 19:59:41.000,Volta|Ho,DEV-000716,3275.36
ANTX-000693243,AN-C002687,100002687,1,1,5,1,2023-02-28 17:36:05.000,Volta|Ho,DEV-000716,2147.86
ANTX-000693244,AN-C002687,100002687,1,1,6,1,2023-02-27 18:22:44.000,Volta|Ho,DEV-000716,748.16
ANTX-000693245,AN-C002687,100002687,1,2,4,1,2023-02-28 12:59:01.000,Volta|Ho,DEV-000716,3439.88
ANTX-000693246,AN-C002687,100002687,1,2,8,1,2023-02-27 19:12:04.000,Volta|Ho,DEV-000716,3881.02
ANTX-000693247,AN-C002687,100002687,1,3,1,1,2023-02-28 12:48:10.000,Volta|Ho,DEV-000716,24.3
ANTX-000693248,AN-C002687,100002687,1,3,5,1,2023-02-28 20:46:20.000,Volta|Ho,DEV-000716,1184.07
ANTX-000693249,AN-C002687,100002687,1,2,6,1,2023-02-28 09:51:29.000,Volta|Ho,DEV-000716,1126.4
ANTX-000693250,AN-C002687,100002687,1,3,4,1,2023-02-27 12:40:57.000,Volta|Ho,DEV-000716,684.71
ANTX-000693251,AN-C002687,100002687,1,4,6,1,2023-03-19 23:11:32.000,Volta|Ho,DEV-000716,248.36
ANTX-000693252,AN-C002687,100002687,1,1,3,1,2023-03-14 17:14:53.000,Volta|Ho,DEV-000716,1705.48
ANTX-000693253,AN-C002687,100002687,1,1,8,1,2023-03-18 09:20:25.000,Volta|Ho,DEV-000716,34.44
ANTX-000693254,AN-C002687,100002687,1,2,7,1,2023-03-30 20:45:16.000,Volta|Ho,DEV-000716,27.85
ANTX-000693255,AN-C002687,100002687,1,3,2,1,2023-03-31 11:35:32.000,Volta|Ho,DEV-000716,176.37
ANTX-000693256,AN-C002687,100002687,1,3,8,1,2023-03-24 12:16:05.000,Volta|Ho,DEV-000716,66.38
ANTX-000693257,AN-C002687,100002687,1,3,6,1,2023-03-25 07:42:49.000,Central|Elmina,DEV-000716,2393.46
ANTX-000693258,AN-C002687,100002687,1,2,2,1,2023-03-17 13:55:36.000,Volta|Ho,DEV-000716,1192.98
ANTX-000693259,AN-C002687,100002687,1,3,5,1,2023-03-01 10:10:25.000,Volta|Ho,DEV-000716,933.57
ANTX-000693260,AN-C002687,100002687,1,3,2,1,2023-03-27 06:08:50.000,Upper East|Bolgatanga,DEV-000716,379.25
ANTX-000693261,AN-C002687,100002687,1,1,1,1,2023-03-30 11:47:50.000,Volta|Ho,DEV-000716,1570.63
ANTX-000693262,AN-C002687,100002687,1,2,2,1,2023-03-24 16:28:28.000,Volta|Ho,DEV-000716,5239.35
ANTX-000693263,AN-C002687,100002687,1,2,4,1,2023-03-02 21:41:58.000,Volta|Ho,DEV-000716,4860.0
ANTX-000693264,AN-C002687,100002687,1,4,3,1,2023-03-12 10:41:23.000,Volta|Ho,DEV-000716,3965.91
ANTX-000693265,AN-C002687,100002687,1,4,3,1,2023-03-13 10:31:57.000,Volta|Ho,DEV-000716,2370.45
ANTX-000693266,AN-C002687,100002687,1,2,8,1,2023-03-08 13:43:21.000,Volta|Ho,DEV-000716,2595.16
ANTX-000693267,AN-C002687,100002687,1,3,5,1,2023-03-24 07:13:24.000,Volta|Ho,DEV-000716,2216.54
ANTX-000693268,AN-C002687,100002687,1,3,4,1,2023-03-16 20:01:53.000,Volta|Ho,DEV-000716,20.01
ANTX-000693269,AN-C002687,100002687,1,3,2,1,2023-03-09 11:01:26.000,Volta|Ho,DEV-000716,2281.09
ANTX-000693270,AN-C002687,100002687,1,3,7,1,2023-03-03 11:33:24.000,Volta|Ho,DEV-000716,410.6
ANTX-000693271,AN-C002687,100002687,1,2,1,1,2023-03-28 02:08:17.000,Northern|Tamale,DEV-000716,499.08
ANTX-000693272,AN-C002687,100002687,1,2,7,1,2023-03-04 12:16:57.000,Volta|Ho,DEV-000716,2072.84
ANTX-000693273,AN-C002687,100002687,1,2,6,1,2023-03-02 10:56:51.000,Volta|Ho,DEV-000716,423.93
ANTX-000693274,AN-C002687,100002687,1,1,3,1,2023-03-07 09:24:22.000,Volta|Ho,DEV-000716,996.02
ANTX-000693275,AN-C002687,100002687,1,2,2,1,2023-03-11 20:57:12.000,Volta|Ho,DEV-000716,44.05
ANTX-000693276,AN-C002687,100002687,1,2,5,1,2023-03-08 09:31:19.000,Volta|Ho,DEV-000716,4966.31
ANTX-000693277,AN-C002687,100002687,1,1,6,1,2023-03-15 15:35:48.000,Volta|Ho,DEV-000716,334.59
ANTX-000693278,AN-C002687,100002687,1,3,5,1,2023-03-13 19:47:44.000,Volta|Ho,DEV-000716,150.3
ANTX-000693279,AN-C002687,100002687,1,4,8,1,2023-03-18 10:14:44.000,Volta|Ho,DEV-000716,4804.19
ANTX-000693280,AN-C002687,100002687,1,3,5,1,2023-03-05 23:51:07.000,Volta|Ho,DEV-000716,2099.68
ANTX-000693281,AN-C002687,100002687,1,1,2,1,2023-03-29 15:37:41.000,Volta|Ho,DEV-000716,211.5
ANTX-000693282,AN-C002687,100002687,1,2,4,1,2023-03-07 09:50:12.000,Volta|Ho,DEV-000716,534.36
ANTX-000693283,AN-C002687,100002687,1,2,1,1,2023-03-04 09:39:58.000,Volta|Ho,DEV-000716,1692.11
ANTX-000693284,AN-C002687,100002687,1,2,3,1,2023-03-06 16:10:12.000,Volta|Ho,DEV-000716,527.32
ANTX-000693285,AN-C002687,100002687,1,1,7,1,2023-03-20 19:02:40.000,Volta|Ho,DEV-000716,1418.41
ANTX-000693286,AN-C002687,100002687,1,3,2,1,2023-03-30 17:47:36.000,Volta|Ho,DEV-000716,2238.03
ANTX-000693287,AN-C002687,100002687,1,1,7,1,2023-03-12 13:33:48.000,Volta|Ho,DEV-000716,1959.22
ANTX-000693288,AN-C002687,100002687,3,2,4,1,2023-03-15 14:17:44.000,Volta|Ho,DEV-000716,535.73
ANTX-000693289,AN-C002687,100002687,1,2,3,1,2023-03-25 19:19:32.000,Volta|Ho,DEV-000716,2732.22
ANTX-000696354,AN-C002694,100002694,1,1,7,1,2023-02-26 17:10:43.000,Central|Winneba,DEV-002730,253.38
ANTX-000696355,AN-C002694,100002694,1,1,6,1,2023-02-24 07:09:19.000,Ashanti|Kumasi,DEV-002730,540.88
ANTX-000696356,AN-C002694,100002694,1,4,2,1,2023-02-17 23:06:28.000,Ashanti|Kumasi,DEV-002730,3040.49
ANTX-000696357,AN-C002694,100002694,1,2,4,1,2023-02-23 17:02:01.000,Ashanti|Kumasi,DEV-002730,1073.04
ANTX-000696358,AN-C002694,100002694,1,3,5,1,2023-02-22 11:38:35.000,Ashanti|Kumasi,DEV-002730,1301.81
ANTX-000696359,AN-C002694,100002694,1,2,4,1,2023-02-26 10:18:05.000,Ashanti|Kumasi,DEV-002730,1519.06
ANTX-000696360,AN-C002694,100002694,1,2,7,1,2023-03-18 15:55:01.000,Ashanti|Kumasi,DEV-002730,1867.45
ANTX-000696361,AN-C002694,100002694,1,2,2,1,2023-03-14 13:47:40.000,Ashanti|Kumasi,DEV-002730,191.97
ANTX-000696362,AN-C002694,100002694,1,2,3,1,2023-03-10 18:10:24.000,Ashanti|Kumasi,DEV-002730,2387.56
ANTX-000697286,AN-C002698,100002698,1,2,2,1,2023-03-21 09:58:36.000,Central|Winneba,DEV-002119,3095.52
ANTX-000697287,AN-C002698,100002698,1,3,4,1,2023-03-19 11:44:46.000,Central|Winneba,DEV-002119,145.84
ANTX-000697288,AN-C002698,100002698,1,2,5,1,2023-03-16 11:12:11.000,Central|Winneba,DEV-002119,732.4
ANTX-000697289,AN-C002698,100002698,1,2,5,1,2023-03-06 21:15:24.000,Central|Winneba,DEV-002119,26.0
ANTX-000697290,AN-C002698,100002698,1,1,1,1,2023-03-16 21:51:19.000,Central|Winneba,DEV-002119,26.04
ANTX-000697291,AN-C002698,100002698,1,2,8,1,2023-03-06 11:20:19.000,Central|Winneba,DEV-002119,351.41
ANTX-000697292,AN-C002698,100002698,1,3,7,1,2023-03-08 10:25:30.000,Central|Winneba,DEV-002119,2035.98
ANTX-000697293,AN-C002698,100002698,1,1,8,1,2023-03-19 21:56:25.000,Central|Winneba,DEV-002119,2102.52
ANTX-000697294,AN-C002698,100002698,1,4,3,1,2023-03-12 21:39:06.000,Central|Winneba,DEV-002119,5851.4
ANTX-000697295,AN-C002698,100002698,1,3,8,1,2023-03-10 15:22:29.000,Northern|Tamale,DEV-002119,2447.18
ANTX-000697296,AN-C002698,100002698,2,2,3,1,2023-03-07 22:11:40.000,Central|Winneba,DEV-002119,2118.51
ANTX-000697297,AN-C002698,100002698,1,4,2,1,2023-03-10 09:50:01.000,Central|Winneba,DEV-002119,3888.65
ANTX-000697298,AN-C002698,100002698,1,4,1,1,2023-03-19 13:59:38.000,Central|Winneba,DEV-002119,2276.34
ANTX-000697299,AN-C002698,100002698,1,1,5,1,2023-03-10 13:28:30.000,Central|Winneba,DEV-002119,2074.33
ANTX-000697300,AN-C002698,100002698,1,1,6,1,2023-03-19 15:32:08.000,Central|Winneba,DEV-002119,651.81
ANTX-000697301,AN-C002698,100002698,1,3,8,1,2023-03-16 17:47:40.000,Central|Winneba,DEV-002119,1321.22
ANTX-000697302,AN-C002698,100002698,1,4,8,1,2023-03-28 17:13:44.000,Central|Winneba,DEV-002119,9378.51
ANTX-000697303,AN-C002698,100002698,1,3,6,1,2023-03-30 13:47:50.000,Central|Winneba,DEV-002119,22.14
ANTX-000697304,AN-C002698,100002698,1,1,1,1,2023-03-31 10:53:14.000,Central|Winneba,DEV-002119,913.41
ANTX-000697305,AN-C002698,100002698,1,1,1,1,2023-03-25 12:28:08.000,Central|Winneba,DEV-002119,1315.94
ANTX-000697306,AN-C002698,100002698,1,1,4,1,2023-03-31 13:25:20.000,Central|Winneba,DEV-002119,609.57
ANTX-000697307,AN-C002698,100002698,1,2,1,1,2023-03-14 13:57:55.000,Central|Winneba,DEV-002119,691.89
ANTX-000697308,AN-C002698,100002698,1,2,7,1,2023-03-24 15:38:41.000,Central|Winneba,DEV-002119,107.75
ANTX-000697309,AN-C002698,100002698,1,1,1,1,2023-03-12 22:58:38.000,Central|Winneba,DEV-002119,3599.56
ANTX-000697310,AN-C002698,100002698,1,2,6,1,2023-03-17 09:12:24.000,Central|Winneba,DEV-002119,5354.31
ANTX-000698851,AN-C002703,100002703,1,1,8,1,2023-03-29 06:52:44.000,Greater Accra|Accra,DEV-002868,265.33
ANTX-000698852,AN-C002703,100002703,1,3,1,1,2023-03-30 17:04:34.000,Greater Accra|Accra,DEV-002868,122.19
ANTX-000698853,AN-C002703,100002703,1,4,1,1,2023-03-18 21:49:17.000,Greater Accra|Accra,DEV-002868,4237.09
ANTX-000698854,AN-C002703,100002703,1,2,3,1,2023-03-12 15:31:41.000,Greater Accra|Accra,DEV-002868,65.14
ANTX-000698855,AN-C002703,100002703,1,1,7,1,2023-03-30 16:28:28.000,Greater Accra|Accra,DEV-002868,41.84
ANTX-000700235,AN-C002705,100002705,1,3,8,1,2023-03-29 17:57:33.000,Volta|Hohoe,DEV-000647,360.1
ANTX-000700236,AN-C002705,100002705,1,3,5,1,2023-03-28 22:05:22.000,Volta|Hohoe,DEV-000647,103.77
ANTX-000700237,AN-C002705,100002705,1,1,7,1,2023-03-31 16:49:33.000,Volta|Hohoe,DEV-000647,199.19
ANTX-000700238,AN-C002705,100002705,1,1,7,1,2023-03-28 11:17:02.000,Volta|Hohoe,DEV-000647,1465.07
ANTX-000700239,AN-C002705,100002705,1,1,4,1,2023-03-27 09:29:15.000,Volta|Hohoe,DEV-000647,2564.08
ANTX-000700240,AN-C002705,100002705,3,4,3,1,2023-03-28 17:00:18.000,Volta|Hohoe,DEV-000647,101.37
ANTX-000710605,AN-C002732,100002732,1,2,8,1,2023-03-08 23:45:34.000,Greater Accra|Kasoa,DEV-001201,493.46
ANTX-000710606,AN-C002732,100002732,1,3,8,1,2023-03-25 22:22:47.000,Greater Accra|Kasoa,DEV-001201,97.22
ANTX-000710975,AN-C002734,100002734,1,1,1,1,2023-01-11 19:50:28.000,Greater Accra|Kasoa,DEV-001101,936.07
ANTX-000710976,AN-C002734,100002734,1,3,5,1,2023-01-14 14:55:11.000,Greater Accra|Kasoa,DEV-001101,1811.06
ANTX-000718231,AN-C002766,100002766,1,2,2,1,2023-02-02 23:54:18.000,Western|Takoradi,DEV-003402,476.93
ANTX-000718232,AN-C002766,100002766,1,3,2,1,2023-03-14 21:44:23.000,Western|Takoradi,DEV-003402,963.7
ANTX-000718233,AN-C002766,100002766,1,1,7,1,2023-03-29 20:49:16.000,Western|Takoradi,DEV-003402,91.46
ANTX-000718234,AN-C002766,100002766,1,2,3,1,2023-03-28 23:45:17.000,Western|Takoradi,DEV-003402,1140.86
ANTX-000723695,AN-C002791,100002791,1,3,7,1,2023-03-29 00:26:01.000,Ashanti|Kumasi,DEV-002696,569.39
ANTX-000724616,AN-C002794,100002794,2,1,6,1,2023-02-28 11:59:55.000,Volta|Ho,DEV-004065,50.17
ANTX-000724617,AN-C002794,100002794,1,3,7,1,2023-02-28 08:32:03.000,Volta|Ho,DEV-004065,1318.95
ANTX-000724618,AN-C002794,100002794,1,3,4,1,2023-03-12 22:51:23.000,Volta|Ho,DEV-004065,116.89
ANTX-000724619,AN-C002794,100002794,1,2,6,1,2023-03-07 21:21:43.000,Volta|Ho,DEV-004065,283.02
ANTX-000724620,AN-C002794,100002794,1,2,8,1,2023-03-19 00:46:21.000,Volta|Ho,DEV-004065,1746.33
ANTX-000726683,AN-C002802,100002802,1,4,2,1,2023-03-12 09:43:02.000,Greater Accra|Accra,DEV-002686,1897.97
ANTX-000726684,AN-C002802,100002802,1,4,4,1,2023-03-30 14:26:43.000,Greater Accra|Accra,DEV-002686,241.92
ANTX-000726685,AN-C002802,100002802,1,4,8,1,2023-03-22 19:01:38.000,Greater Accra|Accra,DEV-002686,462.79
ANTX-000726686,AN-C002802,100002802,1,1,5,1,2023-03-24 21:50:13.000,Greater Accra|Accra,DEV-002686,799.84
ANTX-000726687,AN-C002802,100002802,1,2,2,1,2023-03-12 21:51:13.000,Greater Accra|Accra,DEV-002686,463.84
ANTX-000726688,AN-C002802,100002802,1,4,3,1,2023-03-25 21:58:52.000,Greater Accra|Accra,DEV-002686,7455.91
ANTX-000726689,AN-C002802,100002802,1,2,1,1,2023-03-13 20:49:28.000,Greater Accra|Accra,DEV-002686,3928.83
ANTX-000726690,AN-C002802,100002802,1,1,4,1,2023-03-12 12:40:20.000,Greater Accra|Accra,DEV-002686,1807.76
ANTX-000726691,AN-C002802,100002802,1,3,5,1,2023-03-30 12:23:51.000,Greater Accra|Accra,DEV-002686,417.73
ANTX-000726692,AN-C002802,100002802,1,4,1,1,2023-03-29 15:58:58.000,Greater Accra|Accra,DEV-002686,2594.1
ANTX-000726693,AN-C002802,100002802,1,3,5,1,2023-03-25 13:26:19.000,Greater Accra|Accra,DEV-002686,2486.16
ANTX-000729324,AN-C002811,100002811,1,1,2,1,2023-01-16 12:38:35.000,Greater Accra|Kasoa,DEV-001824,448.2
ANTX-000729325,AN-C002811,100002811,1,3,3,1,2023-02-11 13:13:25.000,Greater Accra|Kasoa,DEV-001824,270.89
ANTX-000729326,AN-C002811,100002811,1,1,8,1,2023-02-07 19:56:10.000,Greater Accra|Kasoa,DEV-001824,2939.04
ANTX-000729327,AN-C002811,100002811,1,2,3,1,2023-03-04 13:31:38.000,Greater Accra|Kasoa,DEV-001824,2832.03
ANTX-000729328,AN-C002811,100002811,1,2,6,1,2023-03-15 18:44:06.000,Greater Accra|Kasoa,DEV-001824,2740.48
ANTX-000729329,AN-C002811,100002811,1,3,1,1,2023-03-14 19:08:23.000,Greater Accra|Kasoa,DEV-001824,953.16
ANTX-000730493,AN-C002819,100002819,1,3,5,1,2023-01-30 06:04:46.000,Greater Accra|Tema,DEV-001715,751.33
ANTX-000730494,AN-C002819,100002819,1,2,4,1,2023-01-27 09:11:21.000,Greater Accra|Tema,DEV-001715,1835.22
ANTX-000730495,AN-C002819,100002819,1,2,2,1,2023-02-08 19:41:39.000,Greater Accra|Tema,DEV-001715,1342.65
ANTX-000730496,AN-C002819,100002819,1,2,4,1,2023-02-22 08:31:06.000,Greater Accra|Tema,DEV-001715,140.86
ANTX-000730497,AN-C002819,100002819,1,1,4,1,2023-02-12 08:02:02.000,Greater Accra|Tema,DEV-001715,794.23
ANTX-000730498,AN-C002819,100002819,1,3,6,1,2023-02-17 20:10:23.000,Greater Accra|Tema,DEV-001715,72.01
ANTX-000730499,AN-C002819,100002819,1,3,1,1,2023-02-18 22:59:38.000,Greater Accra|Tema,DEV-001715,39.91
ANTX-000730500,AN-C002819,100002819,1,1,3,1,2023-03-21 14:21:08.000,Greater Accra|Tema,DEV-001715,575.74
ANTX-000730501,AN-C002819,100002819,1,2,1,1,2023-03-15 22:42:42.000,Greater Accra|Tema,DEV-001715,1908.17
ANTX-000730502,AN-C002819,100002819,1,4,7,1,2023-03-06 12:58:16.000,Greater Accra|Tema,DEV-001715,321.08
ANTX-000730503,AN-C002819,100002819,1,1,2,1,2023-03-11 15:37:24.000,Greater Accra|Tema,DEV-001715,1051.89
ANTX-000730504,AN-C002819,100002819,1,1,5,1,2023-03-09 16:04:12.000,Greater Accra|Tema,DEV-001715,1366.75
ANTX-000731886,AN-C002824,100002824,1,1,5,1,2023-03-25 12:51:17.000,Eastern|Koforidua,DEV-003109,1525.64
ANTX-000733641,AN-C002832,100002832,1,1,3,1,2023-03-28 20:04:56.000,Greater Accra|Madina,DEV-003328,233.17
ANTX-000733642,AN-C002832,100002832,1,1,8,1,2023-03-11 20:43:34.000,Greater Accra|Madina,DEV-003328,1284.95
ANTX-000734464,AN-C002836,100002836,1,3,5,1,2023-03-10 10:43:45.000,Eastern|Akropong,DEV-002357,1316.49
ANTX-000737200,AN-C002852,100002852,1,4,3,1,2023-02-13 19:02:23.000,Greater Accra|Accra,DEV-003407,234.33
ANTX-000738501,AN-C002860,100002860,1,1,1,1,2023-03-26 20:11:58.000,Ashanti|Obuasi,DEV-002496,1536.06
ANTX-000738502,AN-C002860,100002860,1,4,6,1,2023-03-26 19:44:30.000,Ashanti|Obuasi,DEV-002496,7810.59
ANTX-000738503,AN-C002860,100002860,1,4,2,1,2023-03-25 21:35:14.000,Ashanti|Obuasi,DEV-002496,945.15
ANTX-000741544,AN-C002873,100002873,1,2,1,1,2023-03-28 21:51:17.000,Greater Accra|Madina,DEV-003393,1632.22
ANTX-000741545,AN-C002873,100002873,1,1,4,1,2023-03-28 23:54:42.000,Greater Accra|Madina,DEV-003393,424.17
ANTX-000742347,AN-C002875,100002875,1,3,1,1,2023-02-22 19:19:47.000,Greater Accra|Kasoa,DEV-001224,842.76
ANTX-000742348,AN-C002875,100002875,1,1,7,1,2023-02-24 18:17:08.000,Greater Accra|Kasoa,DEV-001224,73.5
ANTX-000742349,AN-C002875,100002875,1,4,6,1,2023-02-27 18:22:51.000,Greater Accra|Kasoa,DEV-001224,2893.69
ANTX-000742350,AN-C002875,100002875,3,4,2,1,2023-02-27 06:09:53.000,Greater Accra|Kasoa,DEV-001224,1146.6
ANTX-000742351,AN-C002875,100002875,1,3,3,1,2023-02-18 19:09:48.000,Greater Accra|Kasoa,DEV-001224,221.08
ANTX-000742352,AN-C002875,100002875,1,3,4,1,2023-03-10 21:06:59.000,Greater Accra|Kasoa,DEV-001224,450.02
ANTX-000742353,AN-C002875,100002875,1,3,1,1,2023-03-31 22:05:00.000,Greater Accra|Kasoa,DEV-001224,1664.58
ANTX-000742354,AN-C002875,100002875,1,1,6,1,2023-03-05 15:43:57.000,Greater Accra|Kasoa,DEV-001224,794.57
ANTX-000742355,AN-C002875,100002875,1,4,7,1,2023-03-01 21:26:38.000,Greater Accra|Kasoa,DEV-001224,6180.46
ANTX-000742356,AN-C002875,100002875,1,2,1,1,2023-03-05 10:51:57.000,Greater Accra|Accra,DEV-001224,2284.25
ANTX-000742357,AN-C002875,100002875,1,2,7,1,2023-03-13 03:52:43.000,Greater Accra|Kasoa,DEV-001224,1967.61
ANTX-000747575,AN-C002889,100002889,1,4,6,1,2023-03-26 06:30:22.000,Greater Accra|Accra,DEV-002073,268.83
ANTX-000747576,AN-C002889,100002889,1,2,1,1,2023-03-30 20:04:03.000,Greater Accra|Accra,DEV-002073,4000.51
ANTX-000747577,AN-C002889,100002889,1,4,7,1,2023-03-29 14:07:37.000,Greater Accra|Accra,DEV-002073,3151.87
ANTX-000752822,AN-C002910,100002910,1,1,5,1,2023-03-31 17:35:37.000,Greater Accra|Madina,DEV-002672,843.14
ANTX-000752823,AN-C002910,100002910,1,1,1,1,2023-03-21 12:00:44.000,Greater Accra|Madina,DEV-002672,3356.62
ANTX-000752824,AN-C002910,100002910,1,1,1,1,2023-03-30 19:09:03.000,Greater Accra|Madina,DEV-002672,222.07
ANTX-000752825,AN-C002910,100002910,1,2,6,1,2023-03-27 11:50:46.000,Greater Accra|Madina,DEV-002672,1263.43
ANTX-000752826,AN-C002910,100002910,1,2,4,1,2023-03-29 14:04:23.000,Greater Accra|Madina,DEV-002672,4208.63
ANTX-000752827,AN-C002910,100002910,1,3,1,1,2023-03-27 12:04:41.000,Greater Accra|Madina,DEV-002672,95.53
ANTX-000752828,AN-C002910,100002910,1,2,6,1,2023-03-30 15:15:59.000,Greater Accra|Madina,DEV-002672,2653.97
ANTX-000752829,AN-C002910,100002910,1,1,6,1,2023-03-30 12:26:57.000,Greater Accra|Madina,DEV-002672,2063.87
ANTX-000752830,AN-C002910,100002910,1,1,8,1,2023-03-29 23:51:49.000,Greater Accra|Madina,DEV-002672,3384.01
ANTX-000752831,AN-C002910,100002910,1,1,1,1,2023-03-26 13:04:30.000,Greater Accra|Madina,DEV-002672,427.27
ANTX-000752832,AN-C002910,100002910,1,1,3,1,2023-03-27 10:30:08.000,Greater Accra|Madina,DEV-002672,1773.39
ANTX-000752833,AN-C002910,100002910,1,1,1,1,2023-03-30 16:39:53.000,Greater Accra|Madina,DEV-002672,290.28
ANTX-000755485,AN-C002923,100002923,1,3,2,1,2023-03-05 18:04:23.000,Upper West|Wa,DEV-004117,76.81
ANTX-000755486,AN-C002923,100002923,1,2,3,1,2023-03-18 21:07:29.000,Upper West|Wa,DEV-004117,439.52
ANTX-000760329,AN-C002950,100002950,1,1,7,1,2023-01-16 14:54:24.000,Oti|Jasikan,DEV-001800,133.03
ANTX-000760330,AN-C002950,100002950,1,4,6,1,2023-01-24 15:39:42.000,Oti|Jasikan,DEV-001800,732.29
ANTX-000760331,AN-C002950,100002950,1,1,5,1,2023-01-29 01:58:01.000,Oti|Jasikan,DEV-001800,313.59
ANTX-000760332,AN-C002950,100002950,1,2,7,1,2023-01-19 19:39:30.000,Greater Accra|Madina,DEV-001800,134.2
ANTX-000760333,AN-C002950,100002950,1,1,4,1,2023-01-12 19:34:38.000,Oti|Jasikan,DEV-001800,154.48
ANTX-000760334,AN-C002950,100002950,1,1,2,1,2023-01-26 17:21:46.000,Oti|Jasikan,DEV-001800,108.69
ANTX-000760335,AN-C002950,100002950,1,1,6,1,2023-01-30 23:20:46.000,Oti|Jasikan,DEV-001800,2920.83
ANTX-000760336,AN-C002950,100002950,1,3,6,1,2023-01-12 14:52:45.000,Oti|Jasikan,DEV-001800,814.89
ANTX-000760337,AN-C002950,100002950,1,1,4,1,2023-01-21 17:19:01.000,Northern|Yendi,DEV-001800,639.84
ANTX-000760338,AN-C002950,100002950,1,1,1,1,2023-02-20 14:18:37.000,Oti|Jasikan,DEV-001800,399.61
ANTX-000760339,AN-C002950,100002950,1,2,3,1,2023-02-10 16:50:14.000,Volta|Ho,DEV-001800,2849.81
ANTX-000760340,AN-C002950,100002950,1,4,6,1,2023-02-08 17:40:19.000,Oti|Jasikan,DEV-001800,260.63
ANTX-000760341,AN-C002950,100002950,1,3,5,1,2023-02-13 21:28:23.000,Oti|Jasikan,DEV-001800,1365.86
ANTX-000760342,AN-C002950,100002950,1,2,2,1,2023-02-27 10:28:19.000,Oti|Jasikan,DEV-001800,2082.88
ANTX-000760343,AN-C002950,100002950,1,2,7,1,2023-02-03 00:26:15.000,Oti|Jasikan,DEV-001800,2779.32
ANTX-000760344,AN-C002950,100002950,1,2,2,1,2023-02-02 06:47:46.000,Oti|Jasikan,DEV-001800,23.25
ANTX-000760345,AN-C002950,100002950,1,1,4,1,2023-02-04 09:37:51.000,Upper East|Navrongo,DEV-001800,3323.72
ANTX-000760346,AN-C002950,100002950,1,2,1,1,2023-03-20 20:29:12.000,Oti|Jasikan,DEV-001800,1829.56
ANTX-000760347,AN-C002950,100002950,1,2,5,1,2023-03-29 11:41:39.000,Oti|Jasikan,DEV-001800,621.2
ANTX-000760348,AN-C002950,100002950,1,4,6,1,2023-03-04 20:23:00.000,Oti|Jasikan,DEV-001800,8540.83
ANTX-000760349,AN-C002950,100002950,1,4,8,1,2023-03-06 13:46:07.000,Oti|Jasikan,DEV-001800,5566.34
ANTX-000760350,AN-C002950,100002950,1,1,4,1,2023-03-12 19:12:10.000,Oti|Jasikan,DEV-001800,3023.96
ANTX-000762005,AN-C002955,100002955,1,1,5,1,2023-02-19 10:48:52.000,Upper East|Navrongo,DEV-001308,183.65
ANTX-000762006,AN-C002955,100002955,1,2,6,1,2023-03-22 12:11:16.000,Upper East|Navrongo,DEV-001308,2111.23
ANTX-000763199,AN-C002959,100002959,1,2,7,1,2023-03-27 15:54:07.000,Ashanti|Obuasi,DEV-000175,682.54
ANTX-000764795,AN-C002967,100002967,1,2,6,1,2023-02-05 14:31:46.000,Central|Elmina,DEV-003193,904.12
ANTX-000764796,AN-C002967,100002967,1,2,3,1,2023-02-13 19:28:08.000,Central|Elmina,DEV-003193,180.21
ANTX-000764797,AN-C002967,100002967,1,3,7,1,2023-03-30 18:06:05.000,Central|Elmina,DEV-003193,353.5
ANTX-000767689,AN-C002978,100002978,1,1,2,1,2023-02-20 09:59:46.000,Ashanti|Kumasi,DEV-000990,277.4
ANTX-000767690,AN-C002978,100002978,1,1,6,1,2023-02-16 14:59:27.000,Ashanti|Kumasi,DEV-000990,313.17
ANTX-000767691,AN-C002978,100002978,1,1,1,1,2023-02-07 12:09:32.000,Ashanti|Kumasi,DEV-000990,2140.96
ANTX-000767692,AN-C002978,100002978,1,3,8,1,2023-02-12 20:41:29.000,Ashanti|Kumasi,DEV-000990,718.39
ANTX-000767693,AN-C002978,100002978,1,2,8,1,2023-02-04 12:48:17.000,Ashanti|Kumasi,DEV-000990,4567.5
ANTX-000767694,AN-C002978,100002978,1,2,2,1,2023-03-10 11:39:03.000,Ashanti|Kumasi,DEV-000990,1034.22
ANTX-000767695,AN-C002978,100002978,1,3,6,1,2023-03-19 19:55:15.000,Ashanti|Kumasi,DEV-000990,1436.49
ANTX-000767696,AN-C002978,100002978,1,2,8,1,2023-03-10 13:28:31.000,Ashanti|Kumasi,DEV-000990,1870.82
ANTX-000767697,AN-C002978,100002978,1,1,7,1,2023-03-01 10:36:45.000,Ashanti|Kumasi,DEV-000990,2141.22
ANTX-000767698,AN-C002978,100002978,1,1,7,1,2023-03-31 06:31:20.000,Ashanti|Kumasi,DEV-000990,33.51
ANTX-000767699,AN-C002978,100002978,1,1,5,1,2023-03-09 09:30:16.000,Greater Accra|Kasoa,DEV-000990,1485.03
ANTX-000767700,AN-C002978,100002978,1,1,7,1,2023-03-22 09:11:17.000,Ashanti|Kumasi,DEV-000990,2241.68
ANTX-000767701,AN-C002978,100002978,1,1,5,1,2023-03-24 06:22:15.000,Ashanti|Kumasi,DEV-000990,217.75
ANTX-000767702,AN-C002978,100002978,3,2,4,1,2023-03-12 13:16:24.000,Ashanti|Kumasi,DEV-000990,2103.74
ANTX-000767703,AN-C002978,100002978,1,3,8,1,2023-03-04 23:52:23.000,Ashanti|Kumasi,DEV-000990,2161.7
ANTX-000767704,AN-C002978,100002978,1,3,2,1,2023-03-04 06:08:24.000,Ashanti|Kumasi,DEV-000990,1588.93
ANTX-000767705,AN-C002978,100002978,1,2,1,1,2023-03-11 20:35:23.000,Ashanti|Kumasi,DEV-000990,1362.95
ANTX-000767706,AN-C002978,100002978,1,1,5,1,2023-03-03 10:50:32.000,Ashanti|Kumasi,DEV-000990,1834.27
ANTX-000767707,AN-C002978,100002978,1,4,2,1,2023-03-09 15:42:17.000,Ashanti|Kumasi,DEV-000990,76.02
ANTX-000767708,AN-C002978,100002978,1,1,6,1,2023-03-20 19:57:52.000,Ashanti|Kumasi,DEV-000990,1937.62
ANTX-000767709,AN-C002978,100002978,2,2,3,1,2023-03-02 18:22:52.000,Ashanti|Kumasi,DEV-000990,4011.88
ANTX-000767710,AN-C002978,100002978,1,3,8,1,2023-03-30 23:28:46.000,Ashanti|Kumasi,DEV-000990,296.48
ANTX-000767711,AN-C002978,100002978,1,1,2,1,2023-03-20 19:11:02.000,Ashanti|Kumasi,DEV-000990,3021.35
ANTX-000771614,AN-C002999,100002999,1,3,6,1,2023-03-28 17:59:00.000,Central|Elmina,DEV-002414,753.52
ANTX-000771615,AN-C002999,100002999,1,1,5,1,2023-03-28 15:38:15.000,Central|Elmina,DEV-002414,1046.91
ANTX-000771616,AN-C002999,100002999,3,4,6,1,2023-03-30 16:25:31.000,Central|Elmina,DEV-002414,983.25
ANTX-000771617,AN-C002999,100002999,1,4,5,1,2023-03-29 12:24:01.000,Central|Elmina,DEV-002414,652.19
ANTX-000771618,AN-C002999,100002999,1,4,4,1,2023-03-31 19:43:22.000,Central|Elmina,DEV-002414,3907.39
